file,text,topic_cluster_id,topic_label,era,era_label,topic_category,topic_category_label
2 Skulls in China_ Early Humans Outside Africa_.txt,"ï»¿
Anatomically modern human beings, believed by many scientists to have first evolved in Africa, may have independently evolved in China and other parts of the world, a joint American-Chinese anthropological team has concluded.
That finding, being reported today in the British journal Nature, is based on the sizes and features of two very old skulls excavated from a site in China's Hubei Province.
The scientists, led by Dr. Li Tianyuan of the Hubei Institute of Archeology and Dennis A. Etler, a post-graduate student in anthropology from the University of California at Berkeley, believe the skulls are at least 350,000 years old and may represent a transition between Homo erectus and Homo sapiens. 
They describe the crania, or brain cases, of the two skulls as the most complete ever found in Asia for fossils of such great age.
Other scientists say the age of the skulls has not been determined precisely enough to support the conclusion that their owners actually lived at about the same time Homo sapiens appeared in Africa. 
But one matter on which paleoanthropologists appear to agree is that if the great age of the Chinese skulls can be confirmed, those specimens will be extremely valuable in helping to decipher the history of human evolution.
Â 
More Modern Features
The two skulls and other contemporary fossils were excavated by Dr. Li and a Chinese team in 1989-90. 
Although Chinese authorities have not allowed either the skulls or plaster casts made from them to leave China on loan, Mr. Etler, who speaks Mandarin, was permitted to work with Dr. Li in a collaborative study.
From the structure of rock sediments in which the skulls were embedded and from the remains of other animals in the same sediments, the scientists inferred that the human skulls date from the middle Pleistocene epoch some 350,000 or more years ago. 
More precise dating by measurement of ratios of radioactive isotopes has not been completed, Mr. Etler said in an interview.
Dr. Li and Mr. Etler evaluated 28 characteristics of the skulls, comparing them with comparable characteristics of other fossil human skulls. 
The best preserved of the two Chinese fossils has a long, low cranial vault, parietal bones that converge in a characteristic way, and other features that mark it as belonging to the species Homo erectus, the precursor of Homo sapiens. 
Homo erectus appeared in the fossil record some two million years ago and survived until less than 500,000 years ago.
But Dr. Li and Mr. Etler found other characteristics in the Chinese fossils not typical of Homo erectus but more similar to those of Homo sapiens -- the immediate ancestors of modern man (which is designated Homo sapiens sapiens). 
The more modern features include a rather flat face and sharply angled cheek bones. 
The Chinese skulls thus appear to the two scientists to represent a transitional blend of Homo erectus with Homo sapiens.
Paleoanthropologists are in broad agreement that Homo erectus originated in Africa and later migrated to other parts of the world. 
Among the first fossils scientists discovered of that species (formerly called Pithecanthropus erectus) were those unearthed before World War II in Java and China, and Homo erectus has also been found in Greece and elsewhere in Europe.
But there is little agreement among anthropologists as to where Homo sapiens started out.
""Dr. Li and I believe that alternatives to the idea that Homo sapiens originated in Africa are possible,"" Mr. Etler said. 
""We believe that modern man may have developed independently in various parts of the world from Homo erectus ancestors, migrating, intermingling, and finally fusing together as a kind of amalgam that we call Homo sapiens. 
Another possibility is that Homo sapiens actually began in China and radiated from there.""
Dr. Philip Rightmire of the State University of New York at Binghamton is one of the scientists who sharply disagree.
""This is a controversial subject,"" he said, ""but I do not believe in a multiregional origin for Homo sapiens.""
The history of the human genus is one of movement, which for Homo erectus, began from Africa about one million years ago, he said. 
The hypothesis that modern man might have evolved first in Asia is not supported by any evidence, including the fossils studied by Dr. Li and Mr. Etler, he said.
Dr. Rightmire, who has examined photographs of the fossils, believes they are those of early Homo sapiens, not Homo erectus, and that their estimated age of more than 350,000 has yet to be proved. 
The features that Dr. Li and Mr. Etler believe mark the fossils as those of Homo erectus are so badly distorted, Dr. Rightmire said, that no conclusions can be drawn from them.
""Paleoanthropology is always controversial, even when specimens are well preserved, which these skulls are not,"" he said. 
""Neither the dates of the fossils nor their original shapes, which are squashed and crusted with some of the rock in which they were embedded, are yet known with any accuracy.""
Mr. Etler acknowledged that the bones are too distorted to make definitive measurements, but said their general forms are suggestive.
Â 
Role of Ethnic Pride
""Others may disagree with our interpretation, and that's fine,"" he said. 
""But we felt it was important to bring this great Chinese material to the attention of scholars in the West.""
Some scientists, including Dr. Rightmire, suggest that Chinese ethnic pride might color contentions by Chinese scientists that modern human beings might have evolved in China rather than Africa. 
Dr. Etler counters that a similar but opposite bias may color the theorizing of British and American paleoanthropologists who work exclusively with African fossils.
The recent discovery of a 1.6-million-year-old Homo erectus jawbone in the former Soviet republic of Georgia suggests that that species migrated from Africa much earlier than was formerly believed, and that modern man therefore had plenty of time to develop from his primitive ancestors in many parts of the world besides Africa, Mr. Etler said.",5,art,HWBUSH,HW Bush (1989-1992),CATEGORY_8,"dr, museum, art"
"A History of Asian Ceramics, All in One Place.txt","ï»¿
IN the pottery and porcelain of most of the world, there are few developments that do not have some relation to Chinese ceramics. 
An exhibition that gives some sense of the evolution and highlights of Chinese ceramics, as well as a shorter history of Japanese ceramics, can be seen at the Asia Society in Manhattan through Sept. 
3.
The show covers five major periods of Chinese ceramics: the Tang dynasty (618 to 907), notable for glazed earthenware; the Song dynasty (960 to 1279), known for its stoneware and the green glaze known as celadon; the Yuan dynasty (1279 to 1368), when porcelain began to appear; the Ming dynasty (1368 to 1644), associated with blue and white wares, and the Qing dynasty (1644 to 1912), notable for rich floral porcelains.
The first object the viewer sees is a striking glazed earthenware horse about 30 inches long. 
The realistically modeled cream and tan animal is a tomb figure from the Tang dynasty, dated around the eighth century, as is a glazed sculpture of a court lady playing cymbals. 
She was probably one figure in a funerary set that would have constituted a whole burial orchestra.
Celadon ware from northern China in the Song dynasty is not as familiar as the pale, rich jadelike celadon of southern China. 
The olive-hued glaze on several small northern pieces in the show is incised with stylized leaves and flowers.
Chinese ceramics were traded over much of the world. 
A 17th-century platter showing a gazelle in a garden belonged to Shah Jahan, who built the Taj Mahal.
The exhibition, in which all the work is from the Asia Society's permanent collection, includes a number of Ming pieces in blue and white porcelain. 
On many dragons cavort among waves or clouds. 
The Chinese section ends with a few examples of fruit and flower paintings on porcelain, a technique perfected under the Manchus in the Qing dynasty.
The Japanese work that makes up the rest of the ceramics exhibition covers a shorter but important stretch of time: the 17th and 18th centuries. 
This era saw the development of porcelain in Japan, the expansion of the Japanese export market, the emergence of legendary potters like Ninsei and Kakiemon and the continued creation of pieces for the traditional tea ceremony.
Among the stoneware tea-ceremony objects on display is a modern-looking square dish with a broad ceramic handle used as a food tray. 
There is also a tea storage jar boldly painted with black birds on a cream glaze by Ninsei, a mid-17th-century potter known for his masterful painting on earthenware.
Among the porcelain pieces are several figures. 
Two guardian lions, about 10 inches high, are elaborately patterned and colored in the style of Kakiemon. 
The first potter named Kakiemon, or his son, is credited with establishing overglaze painting on porcelain in the last third of the 17th century.
Also on view at the Asia Society, 725 Park Avenue (70th Street), is a continuing exhibition of Korean porcelain of the Yi dynasty (1392 to 1910). 
Since both Korean and Chinese ceramics influenced Japanese work, it is interesting to compare all three.",5,art,HWBUSH,HW Bush (1989-1992),CATEGORY_8,"dr, museum, art"
ANTIQUES_Ancient Chinese Alchemy_ Turning Bronze Into Art.txt,"ï»¿
Ancient Chinese bronzes, aglow with brilliant green patinas or polished to mirror brightness, are combined with less pristine vessels encrusted with mud or corrosion in a new exhibition at the China House Gallery, 125 East 65th Street. 
The unorthodox mix of the glorious and the gross can be seen in ""Ancient Chinese Bronze Art: Casting the Precious Sacral Vessel,"" through June 15. 
The exhibition documents how bronzes were made between 2205 and 256 B.C. and how they are restored.
The show's emphasis on metal technology determined the selection of the 41 period bronzes lent by 21 collections in the United States. 
The surface decorations of the vessels range from minimal cord markings to bold mythological images, calligraphic symbols, malachite chips or inlays of copper wire.
To illustrate the casting processes developed in China 4,000 years ago, the Shanghai Museum sent facsimile molds, photographs showing metalworking techniques and reproductions of ancient bronzes. 
From other sources came fragments of original molds, several elaborately restored vessels and two forgeries.
""If you want to understand the evolution of these vessels and why they look the way they do, you have to understand how they are made,"" said the show's guest curator, W. Thomas Chase, who is head conservator of the Freer Gallery of Art and the Arthur M. Sackler Gallery of the Smithsonian Institution in Washington. 
An owl-shaped wine jug, described until 1982 as a work of the Song Dynasty (A.D. 960 to 1279) in the Shang style, was re-identified when the bronze it is made of was tested and found to be from the Shang Dynasty, which is 2,000 years earlier.
The chronological organization of the show reveals much about the evolution of bronzes. 
The first object, one of the earliest known such vessels, is a roughly crafted, three-legged pitcher, made between the 19th and 16th centuries B.C. The raised lines belting the waist were carved into a ceramic mold before it was filled with molten bronze. 
From the 13th century B.C. came a more gracefully shaped pitcher, its surface enhanced by masks and scrolls, its handsomely curved spout flanked by knobs and its tall tapered legs engagingly raked.
Knowing which comes first -- the vessel or its surface decoration -- may pique the curiosity of some people, but it is not necessary to enjoy these bronzes. 
A case in point is a remarkable narrow-necked flask with copper fretwork on the front and back. 
According to Mr. Chase, tests revealed that the fretwork was placed in the mold first and the vessel was then affixed by casting it to the wafer-thin sheets. 
""If you want to do things just by casting,"" Mr. Chase said, ""this is amazingly elegant solution.""
Several objects show varying degrees of corrosion. 
Mr. Chase suggests that the red splotches in the bright green patina of a large jar from the sixth or fifth century B.C. may have developed when acid was used to remove corrosion from the lacelike ribbons banding the surface. 
Whatever the cause, the color from the copper oxide heightens the delicacy of the decoration.
When deterioration is far advanced, it can be less pleasing, as is seen in a wide-mouthed Shang pot made between the 13th and 11th centuries B.C. This vessel is dull gray, and its surface, eaten away by time and the elements, is full of holes. 
In sharp contrast to the elaborate restorations probably made in China before World War II by a skillful artisan, the images on the unrestored half of the pot are fuzzy or totally erased. 
The piece was lent by the Art Museum at Princeton University, a gift from a collector who discovered the modern repairs only after he bought the vessel and had it X-rayed.
An even more audacious fabrication -- at least to Western eyes -- is a trumpet-shaped beaker, 85 percent of which is new. 
The forgery includes only five original fragments that form the base. 
The rest of the beaker, made of brass and lead, may date from the early 20th century.
""The reconstruction, most certainly done in China, shows the extent to which the Chinese will go to restore an ancient bronze,"" Mr. Chase said.
According to J. May Lee, director of the China House Gallery, the concept of museums is very new in China. 
""Displays are educational, and the Chinese want to show as many types of objects as possible,"" Ms. Lee said. 
""They use reconstructions and facsimiles side by side with unrestored works in their museums.""
The gallery's exhibition was financed by the New York State Council on the Arts, the Asian Cultural Council, the Corning Foundation, Grumman International, the Henry Luce Foundation and the Starr Foundation. 
The paperback catalogue ($28) was written by Mr. Chase with Ms. Lee.
A vessel inlaid with malachite from the fourth century B.C. is among the ancient bronzes on display at the China House Gallery. 
(The University Museum, University of Pennsylvania/China Institute); a wine jug shaped like an owl, made between the 13th and 12th centuries B.C., in which the head serves as a removable lid. 
(Yale University Art Gallery/China Institute)",5,art,HWBUSH,HW Bush (1989-1992),CATEGORY_8,"dr, museum, art"
ANTIQUES_Basins and Bowls From the Palaces Of Imperial China.txt,"ï»¿
Sir Percival David's 40-year pursuit of ceramics made from the Tang through Ching dynasties took him to Beijing several times in the 1920's and 30's. 
There he acquired extraordinary 10th- to 18th-century treasures installed for centuries in the palaces of China, some of which are on view in ''Imperial Taste: Chinese Ceramics From the Percival David Collection'' at the Virginia Museum of Fine Arts. 
The show of 56 items remains here through Dec. 
10 and will then travel to the Kimbell Art Museum in Fort Worth and the Museum of Fine Arts in Boston.
Sir Percival, an heir to the Sassoon textile and banking fortune, was born in 1892 in Bombay, where his family's mills were located. 
He studied at Bombay University and London University and settled in England, where he became totally immersed in studying and collecting Chinese art. 
In 1924 he traveled to Beijing to view the Imperial collection, much of which he found stored in boxes. 
At his suggestion, these works were uncrated and exhibited in a building he paid to have restored.
The show was a great success, and on Sir Percival's next visit, in 1927, he was named an adviser to the National Palace Museums. 
He also learned that art from the Imperial collection was up for sale. 
After complex negotiations, he acquired about 40 pieces, and he added to his holdings during several more trips in the 1930's. 
In 1952 he donated his collection, and its home, a 19th-century house on Gordon Square in Bloomsbury, to London University.
The exhibition here was organized by the Los Angeles County Museum of Art, where it opened last July, in collaboration with the Percival David Foundation. 
Money came from the National Endowment for the Arts and the Federal Council on the Arts and Humanities. 
Rosemary Scott, the curator of the Percival David Foundation, assembled the show and produced its splendid catalogue ($22.95). 
From the 1,500 objects in the collection she chose 56 ceramics, 31 of which were potted and painted for, or owned by, the princes of the realm.
''It is a very restricted but representative selection,'' said Elizabeth Jackson, the secretary-librarian of the foundation, in a telephone interview from her London office. 
''The exhibition spans the period of the collection and contains some of its finest pieces.''
Thinly potted Tang and Sung vessels are among the show's more exceptional works, in terms of both their form and their subtle decoration. 
A pale gray vase from the ninth century, incised from top to base with the mouths, scales, gills, fins and flipped tails of two fish that seem locked together like Siamese twins, is a marvel of understatement. 
The stark simplicity of a 10th-century spittoon, its flared cone top set on a ball base, is relieved by its silken gray-green glaze.
Several basins and bowls of the 12th and 13th centuries are surfaced with lacy white-on-white tracings of leaves, flowers and calligraphic images. 
One of the most exquisite objects in the show is a 13th-century narrow-necked pear-shape vase glazed icy blue., The crackles on its surface are evenly spaced like stripes. 
This was Sir Percival's favorite vessel and one of the most admired ceramics in the 1935 exhibition of Chinese art treasures he helped to organize. 
That show, sponsored by London's Royal Academy at Burlington House, included loans from China's Imperial collection.
Notable among the later works now on display are several boldly decorated outsize vessels. 
A 25-inch-tall temple vase of the Yuan Dynasty, dated 1351, is described in the catalogue as one of the most important blue and white porcelains in existence. 
From chrysanthemum scrolls at the top to peonies at the base, the vessel is lavishly decorated. 
Its handles are blue elephant heads, and its body is covered with soaring phoenixes and a dragon that sweeps around the vase enveloped in clouds.
A wilder white dragon decorates a robust blue Ming flask, one of very few vessels ornamented with this reverse decoration. 
A Ming turquoise wine jar the size of a soccer ball is decorated with a gilded copper collar and calligraphy aligned like a zipper below the neck. 
The 18th-century porcelain teapots, jars and dishes are more delicately decorated with birds and blossoms.
''Imperial provenance and Imperial association have become essential parts of the price structure in the market,'' said James J. Lally, a New York dealer in Oriental art. 
''It always was there, but now it has a renewed importance with the advent of Taiwanese and some Hong Kong collectors who share this taste. 
Any porcelain in the market today is worth significantly more if it has an Imperial reign mark.''
Imperial reign marks, designating ceramics made for the sovereigns of China, are scarce, but vessels known to have been in a palace collection and others of comparable refinement are commanding extraordinary prices at auction - especially in Sotheby's sales held over the last year in Hong Kong. 
On May 16, a Sung bowl with Imperial association once used by scholars to wash brushes was sold for $2.82 million, a record at auction for Chinese ceramics. 
The buyer was identified as a Chinese man living in Los Angeles.
Two 18th-century porcelain bowls, decorated with enamels by artisans at the Beijing palace workshops, brought $1 million each in different sales. 
One, a Kang-hsi vessel formerly in Sir Percival's collection that was sold in May, is glazed a bright pink and decorated with a sinuous branch. 
The other, a Chien-lung vessel auctioned a year ago, is painted with pink flowers and landscapes on a yellow ground.
Among the more robust items in the David collection, a turquoise wine jar the size of a soccer ball, from the Ming dynasty, 15th century",5,art,HWBUSH,HW Bush (1989-1992),CATEGORY_8,"dr, museum, art"
ANTIQUES_Decoration in a Lavish Style.txt,"ï»¿
Landscapes, Greek gods or exotic Indian flowers - penned in black on white, white on black or brown on gold - cover virtually every inch of the surfaces of 87 chests, tables, game trays and boxes exhibited at Hyde Park Antiques, 836 Broadway (at 13th Street).
These delightful if excessively decorated objects are exhibited in ''Penwork: the Triumph of Line,'' a show on view through Nov. 
10 that is believed to be the first in New York on this esoteric subject. 
Most of the furnishings date from 1790 to 1830 and were made in England, Scotland, India or China. 
All but two - a Regency daybed in the Greek style with scrolled frame and downswept fluted legs, and a box delicately decorated with charioteers - are for sale.
The most lavishly decorated object in the show is a two-part Regency cabinet, a tour de force of the craft decorated with black ink on a white ground from its cornice to its striped ball feet. 
Dramatizing the doors of the upper cabinet are equestrian studies of Constantine and Charlemagne on rearing horses, heroic figures inspired by the marble statues of Bernini and Cornacchini in St. Peter's Basilica in Rome. 
The inside surfaces - doors, drawer fronts and pigeonholes - come alive with scenes from Homer's ''Iliad,'' inspired by John Flaxman's early-19th-century book illustrations. 
These and other mythological tales are elaborately framed with scrolling leaves and flowers.
''We bought that cabinet in England about a year and a half ago,'' said Bernard Karr, president of Hyde Park. 
''Then we went out looking.''
The search produced 11 more cabinets, 20 tables, 42 boxes, caddies and miniature chests, and 6 handscreens, gaming accessories and the daybed. 
The remainder of the show includes related works embellished with similar images or showing such other craft techniques as transfer printing on plates; an ivory-inlay on an Anglo-Indian table; lacquered decoration on a Chinese tea caddy and an ivory veneer on a miniature Indian bureau bookcase, its surface engravings filled with black lac (shellac).
Penwork - which imitates inlay and veneer in furnishings - proliferated in Britain from the late 18th century through the mid-19th century. 
It was a time when the middle classes developed a taste for the type of picturesque aristocratic furnishings that were fashionable in the great country houses of the period. 
Fanciful furniture covered with meticulously detailed images - especially of the ancient world - was executed in wood veneers, or inlays of marble, wood or metal. 
The subjects depicted were borrowed from every source imaginable - engravings, book illustrations, block-printed textiles and transfer-printed pottery.
The exact roots of the craft are unknown, said Patrick Broome, Hyde Park's director, who organized the exhibition and did the research for its catalogue ($10). 
Proceeds from the sale of the catalogue go to the Historic House Trust, a New York organization that maintains 15 historic houses in the Metropolitan area.
Helping further to document the sources of penwork is the example Mr. Broome found of a richly detailed neoclassical black-and-white 1730's panel, the top of a George II table. 
This panel, an 18th-century example of the ancient Roman technique called scagliola, was created with powdered and colored selenite, a gypsumlike material, applied to a gesso backing. 
The image was dried in high heat and polished.
Penwork, a craft that is far less costly and intricate, became popular 70 years later because it produced similar images if less impressive effects. 
The furniture and box surfaces were first covered with a coat of white lacquer or paint, on which black ink decoration was applied by quill pen. 
Sometimes the technique was reversed, using white ink on a black ground, or it was varied, using brown ink on unpainted wood surfaces that turned golden when shellac was applied. 
Shellac was also used as a finish on black-on-white pieces, darkening some white surfaces to pale yellow.
The most memorable examples are less fussy and more adventurous, using simpler and less predictable images. 
A rare set of trays and cups for the game of Loo, made about 1820, are enlivened with images of playing cards. 
A tea caddy in the shape of a sarcophagus is an amusing study that uses near-caricatures of neoclassical figures. 
Another excellent example is a low two-door Regency cabinet from about 1815, boldly decorated with stylized Indian flowers in white on a black ground that were probably borrowed from a textile. 
Oriental themes show up on other pieces of furniture, including a dome-topped table cabinet from about 1815, its top, doors, and sides decorated in chinoiserie - French-style Chinese figures.
Tables, the least interesting form, dominate as a category in this show, an indication of their popularity 175 years ago. 
Most were made to serve as work tables by day - there are drawers in most of them to store sewing supplies - and gaming tables at night. 
One depicts Saracens and Knights on the squares of its checkerboard-patterned top.
The items in the show range from $480 for a small box to $250,000 for the Regency two-part cabinet. 
The two-door cabinet is $40,000. 
While the finest examples of offbeat penwork furnishings have increased dramatically in price, more modest ones are still occasionally available at prices in the low four figures.
This was seen last weekend in Christie's auction of English furniture in which there were two pieces of penwork furniture. 
A fine Regency sideboard splashed with grotesques, Indian flowers and exotic beasts estimated to bring $30,000 to $40,000, was sold for $121,000 to an American dealer who was not identified. 
A Regency table on paw feet in the neoclassical taste - decorated with gods, goddesses, fruits and leafage, which was expected to sell for $5,000 to $7,000, was bought by Hyde Park for $4,400.
The design of this two-door Regency cabinet (c. 
1815) was probably inspired by an Indian textile.",5,art,HWBUSH,HW Bush (1989-1992),CATEGORY_8,"dr, museum, art"
Beijing Journal_China Is Fighting for Its Soul_ Its Looted Antiques.txt,"ï»¿
It was not drugs the peasant was selling under the cover of darkness, but something just as restricted, and he was very careful as he displayed his wares on a quiet street before dawn.
""Ming Dynasty,"" the peasant, a thin man in his 40's, nervously told a dealer, who was crouched down, scrutinizing the blue-and-white porcelain vases. 
If they really did date from the Ming Dynasty, which collapsed in 1644, then they were probably dug from a tomb and are barred from leaving the country.
Smuggling of antiques can be punishable by death in China, but such transactions are nonetheless very common. 
The Government estimates that 40,000 tombs were robbed in 1989 and 1990 alone, and gangs manage to smuggle out huge statues 1,000 years old or more.
Some smugglers show Western collectors photos -- even faxes -- of important pieces in Chinese museums, which often have poor security. 
If they receive an order, the smugglers steal them from the museum and whisk them secretly to a boat waiting somewhere along China's 11,000-mile coastline.
Â 
Joy and Heartache
Encouraged by China's push toward a market economy and by the piles of money they believe Chinese art fetches, smugglers have refined a business that is causing a mixture of joy and heartache on both sides of the Chinese border. 
Art-starved Western collectors -- even some large museums -- have been able to fill their yearning for a neolithic pot or a Song Dynasty ceramic, as Chinese smugglers fill their pockets with money.
But the Government is horrified that national treasures are being stolen. 
Archeologists and historians are also distraught that troves of information are being erased by rampant, careless excavation of tombs.
""A nation's antiquities are a nation's soul,"" said Kwang-Chih Chang, a professor of Chinese archeology at Harvard University. 
""Antiquities are destroyed every day all over the world by natural disasters, by floods, by construction. 
But when we can control the destruction, it behooves us to do so.""
These days, the Government is fighting back harder than ever. 
In the last couple of years it nearly tripled the amount of money spent on protecting its relics. 
This year it coordinated a nationwide crackdown, bringing together museum officials, customs agents, police chiefs and even two Politburo members to publicize the crackdown.
A result is that the smuggling of antiques, especially first-rate ones, seems to have declined. 
In previous years, antiques shops in Hong Kong displayed shelves of glazed pottery, jades, bronzes, clay horse heads and silver objects. 
But now the shops look depleted.
Still, grave robbers and smugglers are clinging to work. 
Late in October in Shaanxi Province in northern China, where Chinese archeologists have discovered the tombs of 72 emperors and 1,240 royal families, a gang of robbers used explosives, searchlights and guns in digging up a tomb from the Tang Dynasty, which reigned from the seventh to 10th centuries.
This year thousands of villagers openly plundered a group of tombs in Shaanxi, Chinese press reports say. 
Tomb robbery has been especially severe in the provinces of Shaanxi, Henan, Gansu and Jiangsu, as well as in the city of Shanghai.
Museum robberies are also a problem, in part because the museums cannot afford adequate security systems. 
About four years ago, when Sotheby's was planning to auction an ancient bronze vessel, perhaps 3,000 years old, an art expert who had read the catalogue wrote to the Chinese authorities asking them to check whether the piece had been smuggled from China.
Â 
Beauty Comes First
The authorities discovered that the vessel had been stolen from a small county museum in Hubei Province and they had the photographs and documents to prove it. 
The owner returned the vessel to China, and the Chinese thief was caught and sentenced to death.
Local Chinese authorities are often much less concerned with preserving their culture than the central Government. 
Some prefer to have money instead of what they regard as old pieces of pottery that only clutter up warehouses.
James J. Lally, a Chinese art dealer based in New York, explained how a businessman was able to take six 16th-century Ming Dynasty stone sculptures out of China. 
What was remarkable was that these sculptures -- horses, rams and tigers -- were all life size.
Local officials evidently let him take the carvings across the border because they regarded them as little more than a pile of stones that farmers kept bumping into when they planted.
But the appetite for rare antiques means that the vigorous debate about how they reach the West is likely to persist among lovers of art. 
Archeologists are often outraged by the smuggling while dealers and collectors say that bronzes and statues that get out of China are often better preserved than those that remain, and that such pieces help arouse public awareness of Asian art.
""The way the art market regards works of art is first and foremost for their beauty,"" Mr. Lally said. 
""The hierarchy of what's important to know is sometimes the reverse for an art lover than it is for an archeologist.""",5,art,HWBUSH,HW Bush (1989-1992),CATEGORY_8,"dr, museum, art"
CAMPUS LIFE_ Berkeley_Scholars in China Discover a Meal By Early Man.txt,"ï»¿
Finding human teeth marks on a million-year-old elephant ankle made waiting a lifetime to dig in China worthwhile for an anthropology professor at the University of California at Berkeley.
A team of American and Chinese anthropologists led by Emeritus Prof. Desmond Clark -- who in 1981 in Ethopia was a co-discoverer of some of the oldest human remains found to date -- recently received the first grant for non-Chinese to conduct excavations in China since before World War II.
Professor Clark said team members in China are examining a pile of old broken bones and stones that were discovered this summer in the Nihewan Basin, northwest of Beijing, hoping to find clues of how early hominids lived.
""It was difficult during the Cultural Revolution for foreigners to research in China,"" Professor Clark said. 
""We could look at the site with our Chinese colleagues but could not participate in excavations. 
This is truly exciting and has finally happened.""
Â 
A Find After Days of Sifting
The Chinese-American team began excavations and surveys in July, a month after its permit was issued.
After four days of sifting through fine-grained sands, a team member uncovered an ankle bone belonging to an elephant dating from more than a million years ago, said Dennis Etler, a Berkeley anthropology graduate student from Lakewood, N.J.
Human teeth and cut marks on the bone indicated that humans, not large mammals like as hyenas, had been gnawing on the bones, Professor Clark said.
The cut marks could have been caused by sharp-edged rocks or flakes, many of which were found alongside the bones, Mr. Etler said. 
""These flakes were possibly used as tools to scrape loose the meat,"" he said.
But finding beautifully fashioned tools or the remains of early humans -- million-year-old hominid fossils have already been discovered -- is not what the team is after. 
""We not only want to establish early presence of homo erectus, but we want to figure out how they behaved,"" said Kathy Schick, an archeology professor at the University of Indiana at Bloomington who is on the China team.
Â 
Techniques New to Chinese
In addition to the excavations, Frank Brown, a team member and geology professor at the University of Utah, taught seminars for Chinese scientists.
Modern excavation and survey techniques introduced by the American scientists were new to the Chinese scientists, Professor Clark said. 
""Because the Chinese Government forbade foreigners from excavating, the Chinese were not exposed to these modern techniques now used internationally by archeologists.""
Professor Clark's Chinese counterpart on the team, Jui Lanpo, pressured the Government to ease its restrictions, Mr. Etler said. 
(Mr. Lanpo was working on the excavation site when the 450,000-year-old remains of Peking Man, the first hominid remains found in China, were unearthed in the 1920's.)
Lifting the ban, however, has reciprocal advantages, Professor Clark said in a recent interview. 
Until now, foreigners have not had the opportunity to dig in undisturbed sites like the Nihewan Basin.
Â 
Educating Chinese Scientists
As part of the effort to educate the younger Chinese scientists in the group, Professor Schick arranged for two of them to work this semester at the University of Indiana as research scholars. 
In June 1992 Professor Clark is scheduled to teach for a semester at Beijing University.
The $60,000-a-year a year project, financed by the Henry Luce Foundation in New York, will resume in April and continue over the next three summers.
The 15 team members include scientists from the Chinese Academy's Institute of Vertebrate Paleontology and Paleoanthropology in Beijing and Nicholas Toth, an anthropology professor at the University of Indiana at Bloomington.",5,art,HWBUSH,HW Bush (1989-1992),CATEGORY_8,"dr, museum, art"
CONNECTICUT GUIDE.txt,"ï»¿
SEAL CARVINGS
The small square markings, or seals, that one sees in the corners of Chinese works of art are the subject of an exhibition at the Yale Art Gallery. 
Conceived by Qianshen Bai, a graduate student in the history of art and a practitioner of the art of seal carving, the exhibition highlights an obscure but important element of Chinese culture.
""The World Within a Square Inch,"" which will remain on view through July 31, consists of 50 handscrolls, hanging scrolls, album leaves, tile rubbings, bronze and porcelain objects, a set of seal carver's tools and magnified impressions of seals that permit the viewer to appreciate their intricacy.
The seals are carved on stones selected for their color, texture and markings in a tradition of inscription that dates to 1400 B.C. The examples on view, mostly from the 19th and 20th centuries, were donated by seal carvers from China andby private collectors.
Widely regarded as antique stamps of ownership and links to China's long history, seals are gaining acceptance as a contemporary art form by young carvers who are developing innovative techniques. 
A lecture, ""Seals and Seal Carving in Chinese Culture: From Symbol of Office to Scholarly Art Form,"" will be delivered by Colin C. Mackenzie, associate curator of Asian art, on Tuesday at 2 P.M. and again on Thursday at 1 P.M. Admission is free.
The gallery, at Chapel and York Streets in New Haven, is open free of charge Tuesday through Saturday from 10 A.M. to 5 P.M., and on Sunday from 2 to 5 P.M. For information, 432-0600.
Â 
ROCKY HORROR SHOW
The ""Rocky Horror Show,"" an audience participation show that was first presented at the Royal Court Theater in London in 1973, continues to be performed in London as well as in the United States. 
Its latest venue is the Downtown Cabaret Theater in Bridgeport, where it may be seen live through Aug. 
8; the show should not be confused with ""The Rocky Horror Picture Show,"" a cinematic version usually shown at midnight, in deference to the Frankenstein legend on which the scenario is based.
The cabaret has suspended its bring-your-own-refreshments policy for the duration of the run, and advises patrons that children should be left at home. 
For that matter so should adults who might be offended by some of the scenes and language, which might be described as lunatic or raunchy. 
But for most audiences ""Rocky Horror"" is just good fun.
Performance times this week are Friday at 7:30 and 10 P.M. and Saturday at 7 and 10 P.M. Starting June 5, performances are scheduled on Thursday, Friday and Saturday at 10 P.M. only. 
Tickets are $16.50 to $20. 
For reservations, 576-1636.
Â 
QUILTS FROM 1840
More than 30 quilts dating to 1840 will be on display at the East Haddam Historical Museum on the Moodus Green beginning tomorrow from 9 A.M. to 1 P.M. and continuing through June 21 on Wednesdays through Sundays from 1 to 5 P.M.
Fifteen quilts have been hung, the rest are folded on tables, too fragile to hang. 
The patterns include Irish Chain, Flower Basket, Feathered Star, Double Wedding Ring, Victorian Crazy Quilt, Flower Garden, Log Cabin, Mosaic and Shoo-Fly. 
All were created by women who lived in the area up to about 1910; the quilts have been kept in excellent condition, and lent to the museum for this exhibition.
Admission will be $2; more information may be obtained by calling the museum, 873-8144.
Â 
KALEIDOSCOPE IMAGES
""Kaleido Sight"" is the first of several permanent exhibitions to be completed before the opening of a 130,000-square-foot Science Museum of Connecticut in 1995. 
The exhibits will be shown to the public in the existing building at 950 Trout Brook Drive in West Hartford, then moved to the new complex in East Hartford.
The Kaleido Sight is a 30-foot computerized kaleidoscope that delivers some startling images. 
The viewer stands at the front, where the eye would be on a hand-held kaleidoscope, then picks up a wand and waves it. 
The wand, hand, face, and movements are picked up by a camera that sends the pictures to the computer, which in turn adds color and motion. 
Dual mirrors then create symmetrical hexagonal images, increasing dramatically in size as the viewer walks toward the center of the tunnel.
In 1985 the museum changed its name from the Children's Museum of Hartford, and began to expand into a complex that would be of interest to adults as well as children. 
The museum, which received part of a $13 million grant to Connecticut by the National Science Foundation, has embarked on the building program at a two-acre site on the Connecticut River, at the end of East River Drive. 
An additional seven acres of adjacent wetlands will be at the disposal of the museum for environmental programs.
A committee of advisors from Yale and Wesleyan Universities, United Technologies and other science-oriented companies are working on ideas for exhibition themes based on robotics, biotechnology, computer applications, energy systems, the Connecticut River environment and other elements important to the state's future.
The museum is open Tuesday through Saturday from 10 A.M. to 5 P.M., Sunday from noon to 5 P.M., and admission is $5, $4 for children and the elderly, free to children under five. 
More information: 236-2961.
Â 
POSTER ART
Posters are a relatively new form of expression, beginning in the 19th century and elevated to high art by Toulouse-Lautrec and other painters of the period. 
Political posters were introduced later, in the early part of this century, generated by World War I and the Russian Revolution.
An exhibition of more than 500 German and Russian posters from around 1915 to 1925, priced from $40 to $3,000 depending on their rarity, is on display in Ridgefield through June 13 at the Antique Poster Collection, 17 Danbury Road.
Perceived as early examples of the use of art as propaganda, political posters have become collector's items. 
Executed as caricature, realistically or heroically, they were calculated to command attention. 
The artists who created them considered the task to be a duty to the state, whether to garner support for a political party, increase productivity, or crush the enemy.
The gallery is open Tuesday through Saturday from 10 A.M. to 4 P.M. More information: 438-1836.",5,art,HWBUSH,HW Bush (1989-1992),CATEGORY_8,"dr, museum, art"
CRAFTS_Sumptuous Silk Robes From China.txt,"ï»¿
EMBROIDERED serpents with long fangs prance and grimace on 19th-century silk robes from China in a dazzling exhibition, ""Dragon Threads,"" at the Newark Museum.
The five-clawed dragon was designated as the official emblem of the emperor in 206 B.C. Through the centuries, this sign has been emblazoned on everything that belonged to the emperor and his immediate family. 
The Chinese regime became known as the Dragon Throne.
Although dragon robes were de rigueur for all court functions, only the imperial family could wear clothing with five-clawed dragons. 
During the last era of empire, the Ching Dynasty (1644-1912), the colors of the royal family's silks also signified their high rank: lemon yellow was reserved for the emperor, apricot yellow for the first-born prince and and golden yellow for the other sons.
One princely robe, in an apricot hue, is stitched with eight golden dragons, which twist and snarl across the front, back and sleeves. 
Other ""auspicious symbols"" include billowing waves and rocks along the lower border, to signify the earth and seas, while wispy blue and green clouds, bright blossoms and flames float across the heavens.
Iris Barrel Apfel, who collected the textiles in this exhibition, said that ""this symbolism is only complete when the coat is worn"" and that ""the human body becomes the world axis and the neck opening, the gate of heaven.""
At the time of marriage, even a village bride could become an ""empress for a day"" by wearing clothing emblazoned with a four-clawed imperial dragon. 
Brides represented yin, the female force that must combine with the masculine yang to insure human survival.
In this show, a wedding jacket is decorated with butterflies, the Chinese equivalent of Cupid. 
And these brides wore red, the color of virtue, joy and festivities.
During her engagement, a young women was secluded in her family home. 
What did she do?
Embroider, of course. 
A trousseau usually consisted of elaborate collars, 12 to 100 pairs of decorated shoes, and the cover and canopy for the bridal bed. 
Guests at the wedding felt free to critique a display of the bride's skill with needle and thread, Mrs. Apfel said.
After marriage, the embroidery tasks continued. 
Wives were expected to decorate their own wardrobes, wall hangings, tablecloths, canopies and covers for beds, the altar and mirrors.
If sons were born, their garments were usually bright and trimmed with grimacing creatures. 
The two tiger-head hats with fangs and flowery ears would entice even today's Ninja Turtle devotees. 
But a young girl's robe, trimmed with bunches of grapes and butterflies, is more refined. 
Her playtime activities must have been restricted, since this embroidered and appliqued silk dress is in perfect condition.
Antique textiles are fragile, so these sumptuous robes are rarely exhibited. 
""They need time to rest,"" Mrs. Apfel said.
Approximately one-third of the more than 100 robes and accessories on display have been donated to the Newark Museum's Asian Collections by Mrs. Apfel and her Attata Foundation (an acronym created from the words ""antique textiles"" in English, French and Italian).
Mrs. Apfel's search for these fabric treasures, which began in 1953, led her ""into noisy street markets, dank cellars, dusty attics and into expensive auction rooms and elegant antique shops,"" she said.
A stylized version of a crimson Chinese garden pavilion with a royal yellow roof and short picket fence dominates the gallery. 
The atmosphere is of another place, another time, without the artifice of a re-created period room. 
Flat, headless figures display the robes with outstretched arms so that details are not hidden among the folds.
And these details are intriguing. 
The side closing, which always buttons under the right arm, is usually edged with a decorative border or two, replete with flowers or animals. 
Cuffs echo the symbolic motifs and colors of a robe. 
One processional robe is dotted with the ""shou"" character, meaning long life.
A patient and careful inspection can enrich the viewer's enjoyment of this exhibition. 
One woman's jacket features miniature scenes, no more than an inch and a half in any direction. 
Each one depicts a garden with one or two women holding a lute or potted plant. 
Others show courtiers crossing arched bridges. 
The perfection and charm of this minute workmanship is spellbinding.
Mrs. Apfel said that ancient Ching archives estimated the time required to complete a single robe. 
Drawing the designs took two weeks; 13 months were spent stitching the gold threads; another year passed before the embroidery was finished.
The legendary long fingernails of Chinese women did not interfere with their fine needlework. 
""They only had one or two long nails, and those were not on both hands,"" she said.
But another legendary account is true: about the age of 6, little girls did have their foot bones broken and bandaged. 
This torturous process produced grown women with ""lotus bud"" feet, which gave them social status. 
Although the practice was outlawed, it continued until the end of the Ching Dynasty. 
Some of the decorated shoes on display are barely four and a half inches long.
A group of jewelry, hair ornaments and a headdress all gleam in a heavenly shade of iridescent blue. 
The source of this exotic hue: feathers of the tiny kingfisher bird, which were cut to shape and set in gold and silver with semiprecious jewels. 
As with the egret, the popularity of the plumage of this bird nearly caused its extinction.
Displays of hand and stick puppets portray the nobility in their full regalia, plus some sweet-faced or evil-looking characters who must have added drama to the plots. 
Mrs. Apfel said that Ching puppeteers carved, painted and embroidered the clothing of their puppets and then performed all the parts. 
These artistic traditions and puppets were passed down from father to son.
A small side exhibition explains sericulture, the silk industry. 
Millions of Chinese were once employed in the raising and feeding of silkworms and the reeling and weaving of their precious filaments. 
There are cocoons, wound with the long delicate threads, and a skein of white silk strands.
There will be a Chinese Festival in the Junior Museum on Dec. 
30 from 1 to 4 P.M. ""Claws and Panther Paws,"" for ages 3 to 15, will include hands-on workshops, noodle-pulling demonstrations and performances by the Asian American Dance Theater.
""Dragon Threads"" will continue through Jan. 
3. The Newark Museum, at 49 Washington Street, is open from noon to 5 P.M. Wednesday through Sunday, but closed on Christmas and New Year's Day. 
Admission is free.",5,art,HWBUSH,HW Bush (1989-1992),CATEGORY_8,"dr, museum, art"
Field Biologist With Daunting Mission_ Saving a Corner of the World.txt,"ï»¿
EARLY in the movie ''Gorillas in the Mist,'' Sigourney Weaver, as the naturalist Dian Fossey, flees headlong down a mountain slope, pursued by a roaring male gorilla. 
''What does Schaller's book say when a gorilla charges?'' her tracker asks moments later as she recovers in safety.
''It says, 'Never run,' '' replies Ms. Fossey, who studied and fiercely protected Africa's mountain gorillas before she was murdered in 1985.
The offscreen, real-life author of the book is George B. Schaller, the science director of Wildlife Conservation International, the global conservation arm of the New York Zoological Society. 
He is perhaps the most famous field biologist in the world today, and over the last three decades he has stood up to more than his share of challenges in the wild.
In the interest of science and conservation, he has confronted lions in the Serengeti Plain in Africa, tigers in India and snow leopards in China. 
He has studied the giant panda up close and worked hard to prevent its disappearance. 
His pioneering study of the mountain gorilla was the first to discover that the species was in danger of extinction, thereby setting the stage for Ms. Fossey's long crusade to save it.
Â 
'Century of Destruction'
But most of all, he has struggled to help reverse the course of what he calls a global ''century of destruction'' in which he believes that humans are destroying natural resources, particularly plants and animals, at such a rate that humans' existence will ultimately be threatened. 
He says he has devoted much of his life to trying to hold the line so that the next century might be one of rehabilitation.
Now, at 56 years old, he is grappling with the biggest single conservation challenge of his life: the effort to understand and preserve what he calls ''the last really large, unspoiled ecosystem'' on earth aside from parts of the polar ice caps and some mountaintops.
It is the Qian Tang region of northwest Tibet, a vast, bleak territory of sparsely grassed plains broken by hills, valleys, lakes and snowy peaks, populated by wild yaks and asses, lyre-horned Tibetan antelopes, gazelles, blue sheep and, in the higher elevations, snow leopards. 
Some of the animals are found nowhere else on earth.
Dr. Schaller, who is the only Western biologist working in the region, disclosed last week in New York that he and Chinese officials had agreed to create in the Qian Tang what they say will be the world's largest wildlife reserve. 
It would be about the size of Colorado and cover about one-fifth of Tibet's area. 
Qian Tang (pronounced chahng tahng), meaning ''northern plain,'' is largely unexplored, mostly undisturbed and all but uninhabited. 
Only a few herdsmen enter it at certain seasons to hunt for meat and hides. 
The herdsmen will still be allowed to do so under the letter of intent signed by Dr. Schaller and Chinese officials last Nov. 
29 in Lhasa, the Tibetan capital. 
But all other hunting will be prohibited, and the Chinese Government will manage the reserve as a protected area, with both expert help and material aid from Wildlife Conservation International.
Â 
Fear of Lost Opportunity
As with the American Plains a century or two ago, development is already lapping at the edges of the planned reserve. 
If the worldwide urge ''to develop the last bit of land for human use'' is given free play there, Dr. Schaller said, hunting, mining and other commercial activities will despoil the region and a ''unique opportunity'' will slip away.
In pursuit of that opportunity, he has made four expeditions to the Qian Tang along with Chinese and Tibetan colleagues over the last decade. 
He is planning to make a fifth this summer in a massive effort to delineate and define the ecosystem and its inhabitants, an essential first step in any conservation program. 
The Chinese Government appears serious about preserving the Qian Tang and if the effort succeeds, he said, it will demonstrate a commitment by China to ''the rational use of its resources.''
It would also be a dramatic demonstration of Dr. Schaller's belief that governments around the globe are at last starting to recognize seriously that the destruction of ecosystems, with all the resources they contain, cannot go on. 
''The world as a whole is beginning to wake up to the realities,'' he said.
Dr. Schaller comes honestly to a global perspective. 
Born in 1933, the son of a German diplomat in Berlin, he lived in a number of European capitals as a child. 
He came to the United States with his mother in 1947.
''My mother did not want to remain in Europe after the war, so she brought my brother and myself,'' he said. 
''My father stayed in Germany.''
Â 
Earning a Living From Hobby
''I've never been interested in anything but the outdoors,'' he said, ''but it wasn't until I got to the university that I discovered you could make a living out of your hobby.''
That was the University of Alaska, where he enrolled after a youthful trip down the Yukon with his cousin. 
He holds two bachelor's degrees from there and a Ph.D. from the University of Wisconsin.
''Alaska remains my spiritual home,'' he said. 
In one of his first major field activities, he took part in the biological survey that preceded the establishment of the vast Arctic National Wildlife Refuge. 
In succeeding years, Dr. Schaller did his work on the ecology and behavior of the mountain gorilla of Africa, the tiger and deer of central India, the lion, wild dog, cheetah and leopard of the Serengeti, the wild sheep and goats of the Himalayas, the jaguar, caiman and marsh deer of Brazil, and the panda and snow leopard of China. 
Along the way, drawing directly on his first-hand research, he has written 11 books and scores of articles.
The Qian Tang, he says, ''has world importance'' and helping to preserve it would be extremely satisfying. 
''You spend years in alien cultures,'' he said, ''often away from from family, from friends, often among people who don't understand you, either your language or what you're really after.''
Traveling by car, carrying their own gasoline, or by horseback or camel or yak or on foot, Dr. Schaller and his Chinese and Tibetan colleagues have so far been able to make spot checks of the Qian Tang's animal populations. 
Now, he said, they are about to engage in hard, detailed surveys of those populations and of the animals' migration ranges.
This sort of detailed work is necessary, he said, if one is to avoid the mistake that has been made at other large preserves like the Serengeti National Park in Tanzania. 
Migratory animals define the limits of such large ecosystems, he explained. 
In the Serengeti, that defining animal is the wildebeest, but the Serengeti park's boundaries were established before it was clear where the wildebeest moved. 
As a result, he said, the wildebeest ranges beyond the park, into agricultural areas hostile to it.
The Qian Tang offers a matchless opportunity to bring a huge, intact ecosystem under protection, he said. 
The vastness of the reserve should encompass its animals' migrations, he said. 
High Point of Career?
Is the Qian Tang venture the capstone of a career?
''The future tends to be hard to predict,'' Dr. Schaller said. 
''If the Chinese are interested and continue their cooperation, I'm certainly most happy to work with the Lhasa and Beijing governments to continue the work.''
While the political upheavals in China and Tibet have made it more difficult to operate there, he said, such difficulties are ''par for any field biologist.''
''When any country has internal problems, you wait it out and then continue, because your concern is long-term conservation,'' he said. 
''Short-term upheavals are really irrelevant to your goals. 
''Conservation transcends politics completely.''",5,art,HWBUSH,HW Bush (1989-1992),CATEGORY_8,"dr, museum, art"
"GALLERY VIEW_A Painting Prodigy, but Still a Child.txt","ï»¿
Wang Yani is a prodigy. 
She is largely self-taught. 
She paints rapidly in brush and ink. 
The earliest of the 69 paintings in ''Yani: The Brush of Innocence,'' at the Arthur M. Sackler Gallery, were made when she was 3 and 4 years old. 
She has spent her 14 years in the village of Gongcheng in Guangxi province in southern China, 50 miles from Guilin, which the catalogue says has been renowned since Ming times for ''the most beautiful mountains and waters under heaven.''
There is plenty of exuberance and delight in this problematical and even troubling show. 
The monkeys with which Yani was preoccupied between the ages of 3 and 6 are tireless in their willingness to perform for one another and for her. 
Her large, irked lion - painted when she was 8 - with monkeys pulling his tail and climbing over him like a party of kids on a sleeping father's back, opens one beady eye, turns down his red mouth, and bears them.
Almost everything in these episodic paintings is in a state of expectancy or resolution. 
A monkey with a fishing line has just hooked a fish. 
Trees not only flower but actually offer fruit. 
Wide-eyed birds seem to be waiting for orders to fly. 
Almost every animal is self-confident and proud. 
Only in the children - there are no explicit images of adults, although they are omnipresent in the mountains and trees - is there doubt that happiness is near.
Yani seems to have Chinese painting in her blood. 
Her feeling for every single thing she paints reflects the pantheism that runs like a river through Chinese art. 
Mountains and monkeys, as well as cranes and lotuses, are staples of Chinese painting. 
From the age of 3, Yani has had an awareness of solid and void and of the expressive possibilities of brush and ink. 
She is completely at home on paper.
The exhibition provides a great deal of information. 
According to Jan Stuart, the specialist in Chinese art at the Sackler, who installed the show, there is now in China a particular interest in prodigies. 
Artistic prodigies who are girls are no longer that surprising. 
Nor is the enthusiasm with which Yani has been greeted by a Chinese art establishment largely run by men.
What arouses that enthusiasm is the freshness and youthfulness of her paintings. 
After a period of artistic dogma and oppression, they seem to offer an assurance that new beginnings are possible and that childhood can have the irresistible force of a condition.
In her catalogue essay on ''Wang Yani and Contemporary Chinese Painting,'' the art historian Julia Andrews points out that Mao Zedong died in 1976, when Yani was 1, and suggests that Yani has given the Chinese an image of themselves they need. 
''Her emergence coincided with the severe disillusionment of many older artists in socialist realist art and with a desire to promote experimentation and exploration of other forms. 
The paintings of a child who knew nothing of politics offered a fresh vision that many artists sought in their own work.''
One of the pressures Yani has to live with, however, is that there is now an investment in her ''innocence.''
She is already something of a sideshow. 
''She is a national treasure, and people come from great distances to watch her at work,'' write Lynn T. Goldsmith and David Henry Feldman, developmental psychologists, in the catalogue. 
When the exhibition opened, Yani was in Washington to answer questions and demonstrate her freewheeling techniques.
Wang Shiqiang, Yani's father, formerly a narrative oil painter working in Western styles, wants to protect her from self-consciousness. 
Her feeling for painting has a great deal to do with him. 
When she was tiny, they roamed rivers and fields and visited the zoo where she first encountered the monkeys that made her howl and jump with glee. 
He bought her a pet monkey when she was 3. 
Ms. Stuart said that Yani considers her monkey her best friend.
It was on a trip with her father when she was 2 1/2 that Yani first painted. 
From the beginning, her images and methods were purely Chinese. 
In 1983, when Yani was 8, her father gave up painting. 
He works as a cultural-affairs officer. 
When Yani travels, he accompanies her. 
He keeps a diary of their travels. 
He will decide when she is ready for art books. 
He has kept almost all her paintings, which now number around 10,000. 
None has been sold.
All the family references in the catalogue are to Yani and Shiqiang. 
There is only passing mention of her mother, Tang Fongjiao, even though her presence can be felt throughout Yani's stories. 
She works in a department store. 
It is said that the money she earns buys Yani's art supplies.
There is no indication in the catalogue that Yani even has a brother. 
She does: Wang Qiangyu is 9 years old, and he, too, is exceptionally gifted as a painter. 
The family is considering discouraging him from painting. 
The fear is that his artistic development may inhibit Yani's spontaneity.
In short, this show of paintings made between the ages of 3 and 12 by a wonderfully gifted child needs to be approached with caution. 
There are many possible agendas in it. 
For example, the exhibition was organized by the Nelson-Atkins Museum of Art in Kansas City, Mo., with the sponsorship of the Ministry of Culture of the People's Republic of China. 
This museum has been a force in Chinese art, and an exhibition on a contemporary Chinese artist unknown in the United States will help it remain one.
It is significant that a prodigy in a distant, semi-autonomous region of China can be seen in Japan, Europe and the United States when still a prodigy. 
This exhibition is a statement of the will that existed in China to make the world aware of at least some of its cultural energy. 
And it is a statement of the will of the international art world to penetrate every corner of the globe and show art when it is still fresh and hot.
Should this exhibition be taking place?
A number of Yani's paintings are astonishingly finished for a child, but they are not the paintings of an accomplished artist. 
In addition, they are weighed down by the museum setting and by their black frames. 
The best way to see the paintings is in the catalogue, where the rapid succession of images reflects the quickness and concentration with which they were made. 
What this show is, above all, is a fabulous children's book - imagined and painted by a child.
Yani is not ready for the art-historical treatment. 
When Ms. Goldsmith and Mr. Feldman write of the ''significant shift when she is about 6 or 7,'' a ''period'' that can be ''characterized by explorations of a broader range of technical and thematic issues,'' it is absurd.
So is the mythology of production. 
In a generally sensitive catalogue essay, Dr. Wai-ching Ho, a developmental psychologist and the project director for the show, writes that ''by the age of 6 Yani had produced 4,000 paintings'' - a statement proudly repeated in the press release. 
All this does is put pressure on Yani to produce, and turn her into a production machine.
Why is Yani a prodigy?
For one thing, she seems to have been born with an understanding of space and form. 
For another, she not only has the ability to fantasize, but her fantasies are totally accessible to her, and she has absolute faith in their goodness and worth.
The paintings in this show are functional. 
That is to say, what Yani painted was real to her, with real effects. 
In his essay, Dr. Ho relates, ''One day her father bought her a lovely red umbrella. 
Too impatient to wait for the rain to come, she painted a monkey holding a little red umbrella and playing happily in the rain.''
Ms. Goldsmith and Mr. Feldman write that in her paintings Yani ''fed'' her ink monkeys. 
''Sometimes her father would even hear her chiding the painted images to behave, because she was about to share (that is, paint) their fruit.''
These are the works of someone with supreme confidence in herself, in her subject matter and in painting, and who has the ability to make others believe in her magical powers. 
When a painting works, everything in it is personified. 
The smudges and blots of her cliffs and peaks loom like people and animals amid strange and not always friendly activities and games.
From the beginning, Yani has had a remarkable ability to digest psychologically loaded information. 
For example, when she was 4, she painted three images of intoxication. 
In ''Drunk,'' two furry monkeys with red faces are sprawled out on the floor alongside a phallic- and dragon-shaped wine pot made by her father. 
In ''Sniffing the Wine,'' a solitary monkey and the pot seem almost to be kissing each other while loquat fruit shaped like disembodied breast-eyes lie on the floor to one side. 
These images are already sexual and self-conscious. 
They are not innocent. 
Yani is clearly extremely observant, so it is not surprising that the strength of her paintings depends so much upon eyes. 
The most conspicuous aspect of her children are their big eyes. 
The eyes anchor her horses and egrets in space and make them human. 
Even the lotuses she loves so much look as if they can see. 
It is only the larger and more threatening forces, like mountains, that are deprived of sight.
What will happen to Yani?
Certainly she has tremendous resources. 
. Such an artistic prodigy may be conceivable now only far from a big city, in a secure world rooted in tradition. 
Yani still lives in Gongcheng, near mountains and rivers she continues to wander, and to which she feels she belongs. 
She clearly has remarkable intelligence, shrewdness and wit. 
She will need them. 
(After closing at the Arthur M. Sackler Gallery on Oct. 
22, the exhibition will travel to the Nelson-Atkins Museum of Art in Kansas City [Dec. 
16 to Jan. 
28] and then to the Asian Art Museum in San Francisco [March 7 to April 29]. 
Financing was provided by United Technologies Corporation.)",5,art,HWBUSH,HW Bush (1989-1992),CATEGORY_8,"dr, museum, art"
Getty Trust And Chinese.txt,"ï»¿
China and the Getty Conservation Institute today announced a joint effort to preserve two of China's largest and most significant cultural sites, where statues and paintings dating from the fourth century are decaying from harsh weather, pollution and damage by earthquakes.
The sites are the Mogao Grottoes on the edge of the Gobi in northwestern China and the Yungang Grottoes, 200 miles west of Beijing. 
Together, the sites contain 545 cave-like temples carved into cliffs. 
The temples contain more than 53,000 clay figures of Buddha, ranging from miniature bas-reliefs to a statue 108 feet high. 
The temples, popular among both Chinese and foreign tourists, also have 484,200 square feet of wall paintings.
The cost of the project has not been determined, but it will be shared by China, the Getty Conservation Institute and Unesco. 
The work is to involve at least 25 preservation specialists from the United States. 
The focus will be on arresting decay, not restoring art already damaged, said Luis Monreal, the director of the Getty Conservation Institute, a private foundation. 
He said the first step would be ''diagnosis'' of the sites and would take 18 months.
Â 
How It Happened
The announcement of the conservation project was made in Los Angeles by Ma Yuzhen, China's Consul General, and Harold M. Williams, the president of the J. Paul Getty Trust, a private foundation. 
The Getty Conservation Institute, a subsidiary of the trust, was created in 1982 and has collaborated with Egypt to preserve the tomb of Queen Nefertari and the royal mummies in the Egyptian Museum in Cairo.
The possibility of cooperation between China and the Getty was first raised in 1986 by China's National Administrative Bureau for Museums and Archeological Data. 
Last May, Getty representatives visited the sites.
Mr. Yuzhen said the sites contain ''evidence of the astonishing creativity of the ancient Chinese people.''
''The Mogao and Yungang Grottoes are the most magnificent storehouses of Buddhist art in the world,'' he said. 
''Both are national treasures of China.''
''We can provide resources of rescue technology not available now in China,'' Mr. Monreal said. 
''At the same time, field projects of this magnitude provide the international conservation community with valuable information on the application of new materials and technologies.''
Â 
What the Sites Contain
The Mogao Grottoes are near the town of Dunhuang on the edge of the Gobi, 1,100 miles west of Beijing. 
The site includes 492 rock temples with thousands of square feet of wall paintings and 2,000 painted clay figures of Buddha.
Hot summers and frigid winters and sand blown by fierce winds have eroded many of the statues and paintings, peeled off paint and washed out colors. 
Algae and fungus are also problems. 
The area also has frequent earthquakes of medium intensity.
Because of the damage and fears for safety, some of the temple caves are closed to the public, Chinese officials said. 
Although remote, the Mogao Grottoes are accessible by a new airport.
The Yungang Grottoes, near Datong, a coal mining city in northern China, face decay from pollution, salt deposits and the weather. 
There, 53 rock temples are carved into the face of a 1,000-yard-long sandstone cliff.
The Yungang temples contain 51,000 representations of Buddha, ranging from miniature bas-reliefs to statues 60-feet high, all carved directly in the rock. 
Most of the carvings, which date to the year 460, were restored in the Ming Dynasty from 1368-1644. 
The eroded carvings were covered with plaster, which was then redecorated.",5,art,HWBUSH,HW Bush (1989-1992),CATEGORY_8,"dr, museum, art"
Noted With Pleasure.txt,"ï»¿
Poet in Full Rig
While Jean Cocteau thought of himself as a writer, his real talent was social gesture, in which he successfully combined outrageousness and a passion for French pop. 
Here is his induction into the French Academy, from ''Confessions of a Literary Archaeologist'' by Carlton Lake (New Directions).
At that moment a drummer began a deafening roll, the guards drew their sabres, and through the rear entrance filed the not-quite-forty immortals. 
Most of them were wearing dark business suits, but when Cocteau passed by, I saw that he was resplendent in his full Academy regalia: the embroidered green uniform (not actually green but midnight blue, with green facing), cape, cocked hat (all by Lanvin), and sword. 
Cocteau's sword was not the usual academician's sword. 
Executed by Cartier, its hilt bore various symbols relating to Cocteau's life and work. 
I was unable to make out all of them as he passed, but I could see the hand guard, at least - a profile of Oedipus - and, at the top, the ivory lyre, symbol of the poet.
His Bed Too Was a Canvas
Vincent van Gogh could find homely appeal in almost anything - in this case a streetwalker. 
He's quoted in ''Van Gogh: His Life and His Art'' by David Sweetman (Crown).
I hadn't far to look. 
I found a woman, not young, not beautiful, nothing remarkable, if you like, but perhaps you are somewhat curious. 
She was rather tall and strongly built; she did not have a lady's hands like Kee, but the hands of one who works much; but she was not coarse or common, and had nothing very womanly about her. 
She reminded me of some figure by Chardin or Frere, or perhaps Jan Steen. 
Well, what the French call une ouvriere. 
She had had many cares, one could see that, and life had been hard for her, oh, she was not distinguished, nothing extraordinary, nothing unusual. 
. . . Did we spend much money together?
No, for I did not have much, and I said to her, Listen you and I don't need to make ourselves drunk to feel something for each other; just put what I can spare in your pocket.
Â 
Table Manners of the Avant-Garde
W. H. Auden and Christopher Isherwood went to China during the Sino-Japanese War in 1938. 
This is a not untypical dispatch from them in ''Journey to a War'' (Paragon House).
We kept swapping specially dainty morsels with our neighbours. 
Auden and I developed a private game: it was a point of honour to praise most warmly the dishes you liked least. 
''Delicious,'' Auden murmured, as he munched what was, apparently, a small sponge soaked in glue. 
I replied by devouring, with smiles of exquisite pleasure, an orange which tasted of bitter aloes and contained, in its centre, a large weevil. 
On the whole the food was very nice, but our hosts disparaged it out of courtesy - and of course we had to protest: ''Horrible stuff, this. 
We must apologize. 
. . .''
''No, no!
Not horrible. 
Wonderful!''
''Very poor after your English cookery.''
''English cookery disgusting!
Chinese cookery marvellous!''
Â 
The Poem as a Put-Up Job
Students have every right to distrust a teacher who reads them his own poems. 
This is from ''Memories and Hallucinations: A Memoir'' by D. M. Thomas (Penguin).
I am frightened by the coincidences that seem to cluster around art - even bad art or non-art. 
Once, I was reading to a class of students a poem I'd written about a nestling. 
Our cat, grey Lucina, had mauled the baby bird before we could interfere. 
The poem was new, I thought it better than it was; it would later go into the wastepaper basket. 
As I was reading the weak verses to my class, my voice full of compassion and vanity, there was a knock on the classroom door. 
One of my colleagues entered, his hands cupped around something tiny. 
''I found this outside,'' he explained, in a troubled voice; ''can anyone suggest what I can do with it?''
My students gasped; he was showing us an injured nestling.
The students thought it was a put-up job. 
As though we'd have conspired to maim a nestling in order to amaze them.
Â 
Heaven Hangs On
Though contemporary life lends itself more easily to ideas of hell, a surprising number of Americans still believe in heaven. 
This is from ''Heaven: A History'' by Colleen McDannell and Bernhard Lang (Vintage).
In a Gallup Poll published in 1982, 71 per cent of the American public answered ''yes'' to the question: Do you think there is a heaven where people who have led good lives are eternally rewarded?
This figure was only one per cent less than in 1952, and showed a small increase since 1965. 
Those who believed in heaven outnumbered those who believed in reincarnation by more than three to one. 
When the pollsters, however, tried to ascertain what one actually does in heaven, the polls revealed that the images of the modern heaven, in existence since the eighteenth century, had greatly faded. 
While 54 per cent of those polled assumed that they would be in the presence of God or Jesus Christ in heaven or an afterlife, only 19 per cent believed that people would have responsibilities there. 
Less than half assumed that they would see their friends, relatives, or spouses. 
Although one third believed they would grow spiritually, only 18 per cent thought that they would grow intellectually. 
. . . Only 5 per cent of those polled thought that eternity would be boring.",5,art,HWBUSH,HW Bush (1989-1992),CATEGORY_8,"dr, museum, art"
On Language_Chinese Relations.txt,"ï»¿
ARABIC IS A RICH language. 
There are words for losing one's children, for a carriage taking a virgin into battle, for a disease striking camels in the head. 
But when I was sweltering in Cairo in the early 1980's, while studying Arabic, what struck me most was that there was only one word, talg, that refers, if somewhat hazily, to either ice or snow.
At the time I was yearning for a good talg-fall in Cairo, I learned that the Eskimo language has several dozen words for ""snow.""
Which makes perfect sense: the diversity in a language reflects the interests and obsessions of the society speaking it. 
As a continuing student of the Chinese language, I find that Chinese is especially rich in the specific areas one would expect, given the culture.
There are at least 19 words for silk, for example, and 8 for rice. 
Why?
Well, gao refers to a tough, white silk; qi is a patterned silk; qian is a blue-red silk fabric; kuang is uncombed silk thread; si is regular silk thread; chou is another term for silk fabrics, and so on. 
As for rice, fan refers to the cooked product; dao to the rice when it is still in the paddy; xian to long-grained rice; mi to the husked kernels, and, in some dialects, gu means unhusked kernels.
Since the Chinese care even more for their families than they do for their rice or silk, there is a profusion of words for relations. 
For instance, Chinese has five words for ""uncle.""
It depends on whether he is your father's older or younger brother, or your mother's brother, or your father's sister's husband, or your mother's sister's husband. 
In English, the word ""cousin"" is applied to males as well as females, older people as well as younger people, maternal as well as paternal relations. 
Not so in Chinese; the rules that apply to ""uncle"" also apply to ""cousin.""
When Americans hurl abuse at each other, they sometimes question each other's paternity or bring in each other's mothers. 
But the Chinese denounce uncles and grandfathers as well as parents, and one common insult calumniates the preceding 18 generations of the accursed one's family.
Chinese has about two dozen expressions for ""wife,"" but in this case the richness of the language doesn't indicate any special esteem. 
On the contrary, most of the terms are unflattering: ""the inside person,"" ""the old woman,"" ""the one on the bed,"" ""the children's mother,"" ""the cook.""
One reason for the many expressions may be that until early this century it wasn't unusual for peasant women not to have given names. 
As they grew up, they were identified by numbers: second sister, fourth sister and so on.
""My mother didn't have a name, as far as I know,"" says an octogenarian friend who grew up in the countryside. 
I asked him what his father called his mother, and his brow furrowed. 
Then his face lighted up. 
"" 'Hey,' "" he said triumphantly. 
""He called her 'Hey.'
""
Where English is particularly rich, and Chinese poor, is in the areas of science and democracy -- the two slogans that since 1919 have been a rallying cry for change. 
Indeed, ""science"" and ""democracy"" are sometimes known as S Xiansheng (Mr. S) and D Xiansheng (Mr. D), to signify that they are foreign guests who still have not taken up Chinese residency.
Although law, fa, is an ancient concept in China, it historically wasn't a champion of individual rights but a means of punishment. 
Indeed, the only area of the law in which the Chinese language distinguishes itself is in the designation of punishments. 
Gua refers to execution by slicing (a convict literally cut into pieces); yi refers to the cutting off of a felon's nose. 
(Both are mercifully no longer judicial sentences.)
Most of China's political vocabulary is relatively recent. 
Chinese expressions for ""freedom,"" ""politics,"" ""democracy"" and ""economy"" are all only about a century old. 
And words like ""individualism"" or ""privacy"" still have a negative connotation in Chinese, reflecting the traditional lack of concern for individual rights.
""This is a factional language, based on groups rather than individuals, and an inclusive language,"" says Geremie Barme, an Australian scholar whose mastery of the Chinese language gives other foreigners the ""red eye disease"" (one of the many expressions for ""jealousy"").
What's an inclusive language?
In English, we tend to hold each other verbally at arm's length; it's the opposite in Chinese. 
Friends address each other as ""Big Brother"" or ""Big Sister,"" as a sign of respect, and children are required to address adults who are friends or acquaintances of the family as ""Auntie"" or ""Uncle.""
This has to be done carefully, however. 
I once disconcerted a Chinese friend by calling her ""Little Sister"" -- often a prelude to a pickup.
The two ways of saying ""we"" in Chinese help explain the usefulness of an inclusive expression. 
The first kind, women (pronounced waugh-mun), refers to the speaker and one or more other people but doesn't include the person being addressed. 
The second kind, zamen, includes the person being addressed. 
Thus, a young woman going out with her boyfriend might tell her parents that ""women are leaving,"" but a group of boys flirting with some girls will suggest that ""zamen go to a movie.""
By comparison, English looks rather aloof and threadbare for lacking an inclusive ""we.""
But never mind. 
Za men have another area, besides science and democracy, where English triumphs: sex.
English seems to have far more words that are sex-related than contemporary Chinese. 
(Ancient Chinese pornography is another matter, but that rich vocabulary has been largely forgotten.) No one knows if this is because Americans are obsessed with sex or because the Chinese take lots of cold showers -- hot-water heaters still being a rarity in China. 
A researcher of sexuality in Shanghai is stumped by the linguistic challenge of polling Chinese about their sexual practices. 
There are no common expressions for ""foreplay"" or ""orgasm,"" and so surveys must resort to vaguer terms that people will at least understand. 
Instead of inquiring about the frequency of ""a sexual high tide"" -- the technical term for ""climax"" -- the surveys simply ask women how often they enjoy ""a pleasant feeling.""
It would be rash to draw conclusions on what this says about the Chinese, especially when there are more than 1.1 billion of them. 
Still, it's nice to know that English has the edge in a few areas. 
Science. Democracy. 
Sex. A language could do worse.",5,art,HWBUSH,HW Bush (1989-1992),CATEGORY_8,"dr, museum, art"
"On the Trail Of a _Wildman,_ And Creatures Nearly as Elusive.txt","ï»¿
IN the wilderness of Shennonjia Forest in central China investigators are seeking an elusive creature that might be an unknown hominid or the product of farmers' imaginations. 
Whatever it is, the ''wildman'' of China has given members of the International Society of Cryptozoology new food for thought.
Since ancient times, legends have proliferated about unicorns, mermaids, dragons and countless other imaginary creatures, and the search for the Loch Ness monster and the yeti in the Himalayas will probably go on forever. 
The International Society of Cryptozoology does not dismiss the existence of such creatures out of hand, but the group is led by scientists who demand hard evidence supporting any claimed discovery of an unknown beast.
While the chances of finding any of the outlandish monsters that figure in popular myth are remote, members say, there are almost certainly some unknown animals left to discover, perhaps including the wildman.
Over the years, there have been hundreds of reports from farmers about a manlike primate that supposedly stands six feet tall, has human features and knows how to weave bamboo. 
In Hubei and nearby provinces, the ''ye ren'' - Chinese for ''wildman'' - has inspired a legend as pervasive as that of the yeti in the Himalayas and the sasquatch of North America.
Two Americans, Dr. Frank E. Poirier, a professor of anthropology at Ohio State University, and J. Richard Greenwell, secretary of the International Society of Cryptozoology, recently returned from China, where they were shown some hints that the wildman might be real. 
Not entirely persuaded, they did say the evidence was provocative.
The main evidence, Dr. Poirier said in an interview, is a series of analyses conducted by Chinese laboratories of a dozen hairs purportedly left by wildmen in bushes, trees and on the ground. 
Chinese biologists at Huadong University in Shanghai told Dr. Poirier and Mr. Greenwell that a scanning electron microscope had revealed the hairs' microstructure, the interior fibers and surface scales, to be characteristic of primates in general, but not of any known primate species.
A chemical analysis of the hairs was conducted by Dr. Zeng Xianzhaw using a particle accelerator at Fudan University in Shanghai, Dr. Poirier said. 
The analysis, using the photon-induced X-ray emission method, found a ratio of iron to zinc in the hairs characteristic of primates but higher than that of all known primates, including human beings. 
''The Chinese scientists told us that zinc-iron ratios in the hair of primates are highly indicative of species,'' Dr. Poirier said.
Most biologists reject the possibility that ape-men or hominids other than human beings still exist, and Mr. Greenwell acknowledges that the Chinese hairs are unlikely to persuade many doubters.
In 1984, two years after the International Society of Cryptozoology was founded by the French zoologist Bernard Heuvelmans, George Gaylord Simpson denounced cryptozoologists in general and searchers after yetis in particular. 
Dr. Simpson, now deceased, who led many expeditions himself and was regarded as the dean of American paleontologists, wrote that ''humans are the most inventive, deceptive and gullible of all animals. 
Only those characteristics can explain the belief of some humans in creationism, in the arrival of U.F.O.'s or in some aspects of cryptozoology,'' which is ''not a science in the acceptable usage of the term.''
Dr. Poirier himself dismisses most of the previous evidence brought forward by the Chinese authorities to support claims that wildmen exist. 
''Casts of footprints are often produced, but they are worthless for a variety of reasons,'' he said. 
''Feces purporting to come from wildmen have been collected, but they could have come from many common animals.''
Â 
'Exciting and Unexpected News'
But sightings of wildmen in China have been recorded for some 2,500 years, he said, and images of the ye ren appear on many paintings and even ancient currency. 
''This doesn't mean that wildmen exist, but I must say, I am somewhat less skeptical than I was before going to China,'' Dr. Poirier said. 
''I still doubt the existence of those other famous creatures, the yeti, sasquatch and bigfoot.''
The new hair analyses, he said, were the main factor in his change of opinion. 
''This is most exciting and unexpected news,'' he said. 
''For the very first time there is scientific evidence for the possible existence of an unknown primate.''
An analysis of the DNA in the hairs might be helpful, Dr. Poirier said, and Chinese scientists have said one is planned. 
But nothing short of an actual body or a live specimen of the creature would persuade most biologists, he said.
Mr. Greenwell of the cryptozoology society agreed and said that even the hair analysis may be of dubious value. 
''We have to remember that analyses of samples have often turned out to be erroneous, and one shouldn't attach too much significance to them,'' he said.
Â 
Species Thought to Be Extinct
Chances are much better for finding animals already known to science that are generally believed to have become extinct or to have disappeared from certain habitats, Mr. Greenwell said.
The Tucson-based International Society of Cryptozoology is particularly interested at present in reported sightings of thylacines, or ''Tasmanian tigers,'' in western and southeastern Australia. 
The thylacine, a marsupial carnivore, is believed to have died out in mainland Australia several thousand years ago, but thylacines survived until modern times in nearby Tasmania. 
The species is believed to have become extinct with the death of the last thylacine at the zoo in Hobart, Tasmania, in 1936.
''Mainstream biologists deny the possibility that thylacines might have survived in mainland Australia,'' Mr. Greenwell said, ''but they've been proved wrong on other suppositions.''
Among the many zoological surprises of the past century was the discovery of living coelacanths off the coast of Africa in 1938. 
The coelacanth, a large, primitive fish, had previously been believed to have been extinct for many millions of years. 
The logotype symbol of the Society of Cryptozoology, Mr. Greenwell said, is the okapi, a giraffe-like animal previously known only from fossils that was discovered living in the Congo jungle in 1901.
Â 
Looking for the Less Spectacular
The society welcomes the exchange of information on elusive species and is reachable by writing P.O. 
Box 43070, Tucson, Ariz., 85733.
Cryptozoologists are better known, however, for their interest in such elusive or fanciful creatures as the Loch Ness monster and the ''mokele-mbembe,'' a dinosaur supposed by some to be living in remote swampland in central Africa.
''The news media focus on our investigations of reputed monsters,'' Mr. Greenwell said, ''but we're also interested in the scientific search for less spectacular animals. 
The kouprey, a large wild ox, was originally discovered in Cambodia in 1937, and it was rediscovered in 1981 after many experts considered it extinct. 
That was exciting for us. 
We do what we can to help scientists look for such rarities and, if possible, keep them from dying out altogether.''",5,art,HWBUSH,HW Bush (1989-1992),CATEGORY_8,"dr, museum, art"
"SHOPPER_S WORLD_In Hong Kong, Antique Silks Evoke a Patrician Past.txt","ï»¿
ANTIQUE Chinese textiles are enjoying a great new popularity. 
One reason is that even casual shoppers quickly become intrigued with these highly personal bits of history -- imagining the aristocratic Chinese woman who slipped her bound foot into a tiny pair of four-inch silk shoes, or picturing the pampered Chinese boy who wore embroidered silk earmuffs, each one sliding over an ear like a glove on a hand.
In Hong Kong, shoppers can choose from a fascinating array of antique textiles, from a pair of child's earmuffs for $30 (prices are in United States currency at 7.8 Hong Kong dollars to one United States dollar) to an embroidered rank badge worn by a Mandarin official that sells for $150 to a magnificent dragon robe costing $12,000.
""I think in the United States you are more likely to see either very costly robes, or little bits of embroidery that are pretty and inexpensive but have no historical importance,"" said an art expert in Hong Kong who does not sell textiles but follows the market. 
""Here, dealers have a wider range of items for sale, and they pay more attention to the history of the pieces.""
Valery M. Garrett, a Hong Kong collector and a lecturer and writer on Chinese textiles, said that while they are sold in New York, London, Taiwan and occasionally Singapore, Hong Kong has the greatest concentration of these pieces.
Generally, items will be less expensive in Hong Kong because there is no sales tax and, because they are antiques, no duty is charged when the textiles are brought back to the United States. 
Most of the pieces for sale date from the Ming (1368-1644) or Ching dynasties (1644-1912), although some earlier pieces are available.
These textiles are interesting works of art that are highly decorative. 
The colorful Chinese robes look striking when mounted inside a large plexiglass frame. 
The antique earmuffs, collars, sleeve bands and other pieces also make handsome decorations, matted in silk and framed, or framed in plexiglass.
Dealers say the rank badges, one of the newly popular collector's items, are sought after because they have an interesting history, are relatively inexpensive (prices begin under $200) and look very handsome when framed. 
""These badges were worn by imperial officials and by the military during earlier dynasties, but the wearing of the badges was really formalized during the Ching dynasty,"" said Ms. Garrett, who has written a book on the badges, ""Mandarin Squares: Mandarins and Their Regalia,"" published by Oxford University Press.
The nine civil service rank badges for officials used different birds to symbolize ranks, while the military badges featured beasts such as dragons or lions. 
Ms. Garrett said that by the mid-19th century, wealthy merchants began to buy ranks, the way some Westerners purchased European titles.
""You could also buy a rank for an ancestor, so a merchant might buy a high civil service rank for his grandfather, who was really an illiterate farmer,"" Ms. Garrett said. 
""Then he would commission a portrait that would show the relative in fine robes decorated with his important rank badge.""
Though Hong Kong borders on China and the mainland is easily accessible, buyers here say few antique fabric pieces are coming out of China now. 
The damp climate and even the politics of the mainland -- all kinds of antiquities were destroyed during the Cultural Revolution there in the late 1960's -- work against their preservation.
In fact, Ms. Garrett said, ""Generally, it has been the Westerners, the foreigners in China, who revered these pieces and collected them.""
Today, there are many sources outside the mainland, from sons and daughters of Chinese families who left China to the relatives of missionaries, merchants and other colonial officials who once lived and worked there.
While a number of stores now carry some kind of antique textiles, three highly regarded shops here are particularly worth visiting because their salespeople are adept at explaining the history of the pieces they offer and the symbolism of the designs.
Taken together, the shops offer a good indication of what Hong Kong has to offer. 
At Teresa Coleman Fine Arts, a small, bright gallery on hilly Wyndham Street in central Hong Kong, the long, narrow wooden drawers hold all kinds of treasures: embroidered fan cases (long, thin triangles of silk), delicate women's shoes and small purses, sleeve bands that once encircled the wide sleeves of Chinese robes, rank badges, earmuffs, robes and shawls. 
This shop offers the greatest array of antique textiles in Hong Kong and is a perfect place to visit for an introduction to the market.
A tiny pair of deep pink silk shoes here, dating from about 1870 and made for a woman with bound feet, is barely four inches long. 
Foot binding began as a court custom and as tiny feet became the vogue and were deemed beautiful and erotic, the painful practice eventually spread to all but the poorest classes in China, becoming popular toward the end of the 11th century and continuing into the 1930's. 
Little girls would have their toes broken, bent back and tightly bound between the ages of three and five, so that the foot developed as a small stump.
Belinda Winard, a salesperson at Teresea Coleman, said three and a half inches was considered the ideal length of a bound foot, though that was not always achieved. 
These pink shoes, which sell for $282, are embroidered with blue lotus flowers with a ribbon border of red and gold.
A lovely cream-colored silk collar from the 19th century with a black ribbon border, made to wear with a woman's robe, has four distinct gourd-shaped sections, each embroidered with a garden scene depicting one of the four seasons. 
The collar is priced at $256.
A pair of military rank badges worn by a fifth-rank officer, worked in petit point, with the beast, a bear, appliqued on top, sells for $614. 
The badges, which are the usual size of 12 by 12 inches, have a sky blue background; the bear is done in yellows, greens and reds, his eyes facing a bold red sun. 
The bear stands on the waters and waves pattern, surround by swastikas, ancient symbols for infinite good luck.
The large, airy Plum Blossoms gallery in central Hong Kong's glittering Exchange Square carries a smaller, more expensive collection of Chinese textiles. 
Stephen McGuinness, the managing director, has sold to private collectors and to museums around the world, including the Metropolitan Museum of Art in New York. 
Currently, one of his prized pieces is a 10th-century tapestry fragment priced at $120,000. 
The tapestry features prancing lions woven in greens, purples, reds and blues on a black background. 
The rectangular piece of cloth is thought to have come from a robe, he said. 
This piece came from a monastery in Tibet, a country that has recently become an important source of rare old textiles.
""THE monasteries in Tibet were virtual treasure troves, and they are the source for most of the pieces coming from China today,"" Mr. McGuinness said. 
""Tibet is high and dry and its climate helped preserve textile pieces. 
Its monasteries, which had Chinese wall hangings, silk curtains and robes, had thick stone walls that kept the articles at constant, cool temperatures.""
Moreover, he said, the monasteries were repositories for Chinese clothing, because the style-conscious aristocracy donated what were considered unstylish clothes.
A later, less expensive piece is a curtain panel that dates from about 1760. 
It is 10 feet of midnight blue silk and gold brocade, the gold design featuring pairs of dragons chasing a pearl, which was the wish-granting gem of the Chinese. 
That piece is priced at $7,000.
A late-19th-century Chinese tablecloth studded with little round mirrors is embroidered with the Hundred Antiques motif, which includes bronze vases and platters. 
It sells for $800.
""This altar cloth was the kind of thing usually presented to wealthy Chinese at their 60th or 70th birthday party,"" Mr. McGuinness said. 
""It symbolizes their wealth, their importance.""
At Charlotte Horstmann & Gerald Godfrey, one of Asia's most respected antique galleries, there are baskets full of small Chinese purses, earmuffs and sleeve bands in the shop at Ocean Terminal Center on the Kowloon side of the harbor. 
A six-inch royal blue silk purse from the 19th century, with a lovely garden scene, sells for only $19. 
The tiny stitches, each as small as a pinpoint, are known as blind stitches because the close work involved was said to inevitably lead to blindness in the seamstress. 
Hiroko Wilde, a salesperson, explained that for this reason, very young people sewed this stitch because by middle age their eyes failed. 
The work was also known as forbidden stitches because until the late 19th century they were reserved for members of the court.
A pair of cream-colored sleeve bands are decorated with geese, butterflies and peonies in beige, browns and blues, all embroidered in the blind stitch. 
They are mounted in plexiglass frames and priced at $1,126. 
Horstmann's also has what it calls a warehouse of antiques downstairs from the shop, where serious collectors can look at more robes and tapestries.
""Chinese gowns were once regarded as decorative objects to be worn, cut up or remade in another style, but today people have a new respect, a new awareness of their beauty and worth,"" said Gerald Godfrey.
In a recent visit, the warehouse had a beautiful 19th-century gown in a rich yellow-gold silk. 
Made in China for a Tibetan monk, it was lined in soft sea otter fur. 
The silk woven covered in small stylized bats, which symbolize happiness to the Chinese. 
The robe sells for $7,400.
Â 
BUYING SILKS
All three shops are closed on Sunday.
Teresa Coleman Fine Arts, 37 Wyndham Street, Ground Floor, Central, Hong Kong; telephone 526 2450. 
Open 9:30 A.M. to 6 P.M.
Plum Blossoms, Room 305-307 in Tower One, Exchange Square, 8 Connaught Place, Hong Kong; 521 2189. 
Open 10 A.M. to 6:30 P.M.
Charlotte Horstmann & Gerald Godfrey, 104 Ocean Terminal, Harbour City, Canton Road, Tsim Sha Tsui, Kowloon, Hong Kong; 735 7167. 
Open 9:30 A.M. to 6 P.M. B. B.",5,art,HWBUSH,HW Bush (1989-1992),CATEGORY_8,"dr, museum, art"
Spectacular Fossils Record Early Riot of Creation.txt,"ï»¿
NEW fossil discoveries in China, hailed as among the most spectacular in this century, show that the dramatic transformation of life from primeval single-cell organisms to the complex multicellular precursors of modern fauna was more sudden, swift and widespread than scientists had thought.
From cream-colored sediments of what was a sea floor 570 million years ago, paleontologists have extracted specimens of 70 species of trilobites, worms, sponges and various ancestors of crustaceans, spiders and insects. 
They are not only the oldest such fossils ever found but, more remarkably, their soft-body parts as well as skeletal and shell remains are unusually well-preserved.
The fossils give scientists their first glimpse of the strange creatures that populated the seas in the early stage of what is known as the Cambrian explosion. 
The Cambrian geological period, from 570 million to 500 million years ago, saw the appearance of increasingly complex marine animals in a riot of shapes and anatomical designs anticipating much of life as it is today.
Scientists are not sure what touched off this riotous proliferation of more advanced life forms after three billion years in which life never rose above the rudimentary level of bacteria, algae and some primitive worms. 
Life did not begin appearing on land until after the Cambrian period.
Dr. Jan Bergstrom, a paleontologist at the Swedish Museum of Natural History in Stockholm who analyzed the Chinese fossils, said they suggested that the Cambrian transition was ""a revolution perhaps more than evolution.""
Most of the Chinese fossils, Dr. Bergstrom said, resemble species identified in the Burgess Shale, the 530-million-year-old fossil beds in the Canadian Rockies that have been the main source of knowledge of that crucial period.
The similarities are the basis for the conclusion that the diversification and proliferation of new life forms must have occurred rapidly at the outset of the Cambrian period.
""Evolution of these creatures seems to have been a sudden and widespread phenomenon,"" Dr. Bergstrom and colleagues wrote in the current issue of Research and Exploration, a scholarly journal of the National Geographic Society.
The Chinese fossils were discovered in 1984 at Chengjiang, in the southern province of Yunnan, by Dr. Hou Xianguang of the Nanjing Institute of Geology and Paleontology. 
Dr. Chen Junyuan, also of the institute, is continuing excavations at the site.
But the first descriptions of the fossils were largely confined to Chinese publications and received little attention from scientists elsewhere. 
This is changing, though, with the new analysis led by Dr. Bergstrom, an authority on trilobites, ubiquitous creatures of that period that have long been extinct. 
His collaborators include Maurits Lindstrom, a geologist at Stockholm University, and Dr. Chen and Dr. Hou.
As the full import of the discovery is recognized, scientists are describing the fossils as ""genesis material"" and one of the most exciting finds since the ancient marine life in the Burgess Shale was first explored in 1909. 
""All eyes are on Stockholm,"" said Gregory D. Edgecombe, a paleontologist at the American Museum of Natural History in New York. 
He said the preservation of the Chinese fossils was even better than in the Burgess material.
Dr. Andrew Knoll, a Harvard University expert on early life, said: ""We knew from the Burgess that there was a tremendous diversity of life in the Cambrian. 
Most of everything that was going to happen, all the ways of making invertebrate animals, had already happened by the mid-Cambrian. 
Now, it seems the new life forms were invented within the first few million years of the Cambrian.""
A few million years is but a blink of the eye in the geological and evolutionary time scale. 
And Dr. Bergstrom said it was quite possible that at this time ""you could have the formation of an entirely new type of animal within thousands of years.""
Calling the Chinese fossils ""fascinating and important,"" Dr. Steven M. Stanley, a paleontologist at Case Western Reserve University in Cleveland and author of ""The New Evolutionary Timetable,"" said he was not surprised that they resembled the Burgess specimens. 
""We've known there had to be rapid diversification of life at that time,"" he said.
Â 
Unusually Well Preserved
The Chengjiang fauna lived on the sea bottom or just below or above it, along a broad continental shelf beneath fairly shallow waters. 
Even some of the animals without hard skeletons or shells were preserved intact, which is extremely rare. 
Skeletonized animals make up more than 99 percent of the fossil record.
Dr. Bergstrom could only speculate on the conditions leading to such deposits of ancient invertebrate life.
""A violent storm probably stirred up the sea bottom and the mud settled over a large area, cutting off the animals' oxygen and preserving them,"" he said. 
""You can go 30 miles in one direction and 12 in another and still come up with fossils.""
Despite their great age, a majority of the fossil species at Chengjiang belong to animal groups that still exist, including sponges, certain worms, bivalves of the brachiopod group and arthropods. 
Indeed, arthropods dominate the fossil bed with at least 30 species. 
These include three species of trilobites and several creatures with long tails that looked like shrimp. 
The arthropods' descendants are crustaceans, insects and spiders, and the family resemblances can be seen that far back.
For example, the Alalcomenaeus, also found in the Burgess Shale, has distinctive large appendages on its head. 
Similarly, Jianfengia looks like a small shrimp, and though it lacks typical antennas, it does have ""great appendages"" on the head.
The second most common group consists of sponges, most of which bear a striking similarity to the Burgess Shale sponge fauna. 
Other creatures were distantly related to the jellyfish, some flat and others shaped like a corkscrew or spindle. 
The tallest stood almost two feet above the sea floor. 
One carried a large disk with concentric air chambers divided into numerous partitions.
Dr. Bergstrom's team is not sure what to make of some of the specimens. 
The largest animal found, a two-foot-long predator, had stout, segmented arms and a round mouth encircled with cutting ""knives.""
One puzzle is whether this is a type of worm or an arthropod.
Other fascinating specimens include worms with a proboscis armed with spines and a long creature that looks like a worm with a shelly hat.
Â 
Worm With 'Kneecaps'
""The real shocker for me is the worm that looks like it has kneecaps,"" said Dr. Ellis L. Yochelson, a paleontologist at the Smithsonian Institution. 
He was referring to an animal known as Microdictyon.
In earlier discoveries, scientists had noticed the tiny shell-like plates that Dr. Yochelson likened to kneecaps. 
But they had no way of knowing or suspecting that the plates would sit on a wormlike animal.
In their report, Dr. Bergstrom and his colleagues said these plates were situated in 10 pairs along the body of the Microdictyon. 
From the area of each pair of plates extended a pair of very long legs or tentacles. 
""The body design,"" they said, ""seems completely unlikely, but it must once have been functional.""
Dr. Yochelson said: ""The record of extremely complicated organisms has been pushed back significantly by this find. 
And it says there was a much shorter interval than expected for the evolution of multicellular animals with hard parts.""",5,art,HWBUSH,HW Bush (1989-1992),CATEGORY_8,"dr, museum, art"
Tourists Threaten Buddhist Murals in Ancient Chinese Caves.txt,"ï»¿
Miles and miles from nowhere, carved into a cliff here in the arid desolation of northwestern China, are 492 caves lined with some of the finest Buddhist art in the world.
For up to 1,600 years, the dry desert air has preserved the vivid painted murals that fill the cave interiors, along with hundreds of painted statues ranging from life-size to 108 feet tall.
These days, however, the caves face a new threat: enthusiastic visitors. 
Some 150,000 people visited the grottoes in 1988 - nearly as many as in the entire four decades since the Communist revolution. 
The overwhelming majority of visitors are from other parts of China, but the number of foreigners is also soaring: from just 462 in 1979, when the Government opened the area to foreigners, to 30,000 in 1988.
''It's a wonderful thing and it's a terrible thing,'' said Duan Wenjie, the 72-year-old director of the Dunhuang Research Institute, who has lived here 44 years. 
''If people come in large numbers, then they risk hurting the treasures they have come to see.''
So Mr. Duan and his colleagues have agreed to a painful solution: they will build eight cave replicas and sharply curtail access to the originals. 
As it is now, only 30 of the caves are open to the public; after the mock-ups are completed by 1993, only a few of the originals will remain open. 
All the others will be padlocked to protect them.
Â 
A Familiar Dilemma
The same dilemma is faced by curators all over the world: how to allow people to enjoy artistic treasures without harming them. 
The compromises vary: putting glass over fine Rembrandts; installing a plexiglass shield in front of Michelangelo's ''Pieta'' and roping off the area in front of outstanding works.
The paleolithic caves at Lascaux, France, were closed after deterioration to the outstanding paintings there. 
And admittance to the paleolithic paintings in the Altamira Caves in Spain is restricted, although a simulation of the caves has been opened to the public in Madrid.
''Our method solves the dilemma of protecting the caves, while still allowing people to appreciate them,'' asserted Fan Jinshi, the deputy director of the Dunhuang institute. 
''The eight copies are representatives of the very best caves. 
You can't say that visitors will see less.''
The Dunhuang caves, also known as the Mogaoku Grottoes, were painstakingly carved into a cliff a mile long. 
The first caves were dug in A.D. 366, and the finest examples probably date from the Tang Dynasty, a golden age in China lasting from 618 to 907. 
In most cases the entire interior is brightly painted: portraits, geometric designs and murals depicting famous Buddhist scenes. 
The murals cover an area equivalent to more than one and a half football fields, and the caves also house some 2,000 painted sculptures.
Â 
'Discovered' in 1900
The artwork was paid for by wealthy Buddhists and by the imperial court, for in those days Dunhuang was a stopping point along the silk route, and a far more important city than it is today. 
But as the silk route faded, so did Dunhuang. 
The last caves here were carved during the Ming Dynasty, which lasted from 1368 to 1644.
Local monks guarded the caves continually, but the treasury was only ''discovered'' by the world in 1900, after a Taoist monk accidentally found a sealed-off cave containing 40,000 to 50,000 documents from eight dynasties. 
Foreigners made their way to the area and carried away not only the priceless manuscripts but also some outstanding examples of sculptures and murals that are now in Britain, France, India and the Soviet Union.
After the Communists took over in 1949, Prime Minister Zhou Enlai became a great patron of Dunhuang. 
He authorized money to buttress the cliff face with cement and install locked doors on all the caves, changing the site's appearance but also protecting it from erosion and earthquakes.
The opening to foreign tourists led to the construction of a small airport nearby and to growing numbers of visitors, both domestic and foreign. 
The overseas tourists, 60 percent of whom are Japanese, are particularly valued because of the money they spend. 
They have been a tremendous boon to the local economy - per capita income is about $100 a year -but unfortunately, the tourists breathe. 
The moist carbon dioxide they exhale is thought to be unsettling to murals that for centuries have been accustomed to desert air.
Â 
Long Trip for the Reward
A crucial question, of course, is whether foreigners will be willing to travel so far - 1,150 miles west of Beijing, approximately as far from the capital as Omaha is from New York - to see mostly reproductions, and a small but so far undetermined number of real caves. 
Local officials, who have relatively little experience with overseas tourists, are optimistic; indeed, they seem surprised even at the question.
They emphasize that conditions in the copied caves will be much better than in the real ones: not only will these be among the best examples of the artistic treasures at Dunhuang, but lighting will be better and there will be special audio-visual presentations to explain the history of the caves. 
The mock-up caves will be in an exhibition hall facing the cliff.
''There won't be much impact on tourism,'' said Ying Guangling, an official of the local tourism bureau in the modern town of Dunhuang, whose 10,000 residents live 25 miles across the desert from the caves. 
''Visitors will still see some of the real caves, so they'll be satisfied.''",5,art,HWBUSH,HW Bush (1989-1992),CATEGORY_8,"dr, museum, art"
What Lies Behind The Strange Smile On the _Mona Lisa_.txt,"ï»¿
As his two children run about his small apartment, dodging his easel and smearing their fingers across his palette, Song Bin paints ''Mona Lisas'' - more than 100 of them so far.
Nearby, in a studio about as big as a queen-size bed, two Chinese artists have been painting European masterpieces by the hundreds. 
Like many other artists who fled from China to Hong Kong, they have given up hope of painting masterpieces of their own and earn money by reproducing the works of others. 
It has become a local cottage industry - copying the tranquil countrysides of Winslow Homer, the Tahitian beauties of Paul Gauguin and the famous works of other well-known painters, to the dot, stroke and hue.
Each year this city, tapping a cheap army of talented artists from the territory of Hong Kong or the neighboring Chinese province of Guangdong, exports thousands of copies of European masterpieces to Europeans and Americans, who choose what they want in mail-order catalogues. 
Patterns and samples are toted across the border to Shenzhen or Canton, and the painted replicas are carried back.
Usually, the artistic result is an adequate replica. 
Buyers know they are not getting the real thing, and the paintings would not fool experts, but the replicas cost a tiny fraction of what the original would bring. 
And if an exact copy seems too kitschy, the buyer can ask the artist to add a tree or a road to tailor the scene to the local environment or even the living-room furniture.
''Americans like the Renoirs, van Goghs and Manets, and they like big paintings,'' said Daniel Chui, the owner of Ultra Art, a Hong Kong company that deals in commercial art. 
''In England, they like Constables or Turners. 
In Germany, they like small portraits and dark paintings of animals and still lifes of flowers.''
A few years ago ''Mona Lisas'' were extremely popular, but the demand seems to have subsided. 
Since last year demand for the great masters has been declining, restricted mainly to buyers in Europe. 
Meanwhile, interest in commercial art - anything from a picture of a puppy to a swirl of lines and dots - has risen, particularly among Americans.
This trend can prove disappointing for the young Chinese artists who may want to paint ''Mona Lisas''; if the buyers want California landscapes, the copyists' study of the old masters suffers. 
Xu Zhicheng, a 28-year-old artist who escaped from China to Hong Kong a decade ago, has been painting more replicas of American landscapes and seascapes than of Turner seascapes.
Copying masterpieces over and over may seem less peculiar to a Chinese artist than to a Westerner. 
It is what Chinese painters have historically done, painting tree after tree and waterfall after waterfall to develop an artistic style. 
On the other hand, artists trained solely in traditional Chinese methods and esthetics might find it difficult not only to adapt to oil paints and Western brushes, but also to understand the enthusiasm of European artists for biblical scenes, fruit, Gothic churches and even nudes. 
Still, they tend to adapt quickly.
''When you look at a masterpiece for the first time, you won't know how to paint it,'' said You Zhong-Ping, who shares the cramped workshop with Mr. Xu. But painting a piece the second time around is much easier, Mr. Xu chimed in, adding that he often retouches the first copy: ''I don't completely understand their way of thinking or their ideology. 
I just paint until it looks right.''
Song Bin believes that an artist must understand the subject he or she is painting. 
Life in Wenzhou, the eastern Chinese city where he was born, differed fundamentally, of course, from the Western life style. 
He studied traditional Chinese painting and woodcut engraving at the Zhejiang Arts School in eastern China and graduated in 1966, on the eve of the Cultural Revolution, an upheaval that eviscerated the country's artistic expression for a decade. 
He came to Hong Kong in 1978.
Now 45, he still tries to bone up on the mores of the European upper classes and the history of the Renaissance and reads library books on art. 
He asks for the best possible pictures of the paintings he is to produce and scours the galleries of Hong Kong for original oil paintings in order to pick up tips on brush strokes, texture and blends of paint. 
''My training in watercolors didn't help much,'' he said.
Having painted the ''Mona Lisa'' so often, Mr. Song said he has learned how to apply the subtle touches of color for her face: a light layer of red, then a bit of yellow highlight and then a thin layer of white, which brings out a slight glow in her cheeks.
The corners of her mouth, he said, are still the hardest to portray because her smile has a feminine and maternal quality that is hard to capture. 
''You can't paint her smile too broadly,'' he said. 
''It's got to be delicate and subtle. 
You must understand her status in society, her personality.''
Copy artists are paid by the piece, according to the type of painting and the quality produced. 
Mr. You explained that a medium-size painting might take three to five days and bring about $200. 
Prices also vary according to genre. 
''French Impressionist paintings are cheaper than the Michelangelos,'' said Song Bin, ''even though the Impressionist works are harder to paint.''
Mr. Song, who calls himself a modern realist painter and relies on copying to support his family, earns about $960 a month, producing about 10 copies a week. 
But it takes him at least a week to paint a ''Mona Lisa,'' he said, and longer if the customer wants a good replica. 
He earns about $250 for a ''Mona Lisa,'' which is sold in Europe or America for much more.
The Hong Kong artists have faced stiff competition recently, as companies have gone directly into China to recruit artists for less money. 
An artist there can earn the equivalent of a month's salary in a week by copying.
Moreover, those artists, too, are eager to learn the Western style of painting. 
Only at China's best academies are artists encouraged to express their emotions and feelings, and to develop a personal style in their art. 
Any training in oil painting is generally scanty.
''They learn about light, color and shading as a set of rules,'' said Wang Yang, the director of the Institute of Chinese Painting and Calligraphy at Shenzhen University, ''but actually it should not be thought of in those terms.''
By copying masterpieces, he said, his students are forced to try to understand the thinking and the spirit of the original artist. 
''The original artist interpreted nature in a certain way. 
By copying, the Chinese artist must also delve into his mind and his own personality to re-create the work.''
Mr. Wang said he also tells his students that although they must absorb Western methods, they must be prepared to discard them in order to create a style of their own. 
Nevertheless, many artists who have been copying for a while acknowledge that though they tire of masterpieces they have painted dozens of times, they are drawn to the European tradition. 
After months or years of immersion in bright yellows and oranges, cathedrals and ballet dancers, copy artists turning to their own work find it hard to revive the simple line and form of the Chinese style and to tone down the brilliant colors favored by Western schools.
For Mr. Song, the daily mimesis of a masterpiece reminds him constantly that his work is not an art but a trade. 
Yet he said the Western style is already so much a part of him that he couldn't abandon it and return to traditional Chinese styles. 
Thedeep colors and splashes of light of Western art challenge him more than does Chinese painting, with its reverence for the line.
''Someday,'' he added, ''I'd like to be able to bring together the drawing of the line with the technique of light and shade.''",5,art,HWBUSH,HW Bush (1989-1992),CATEGORY_8,"dr, museum, art"
