file,text,topic_cluster_id,topic_label,era,era_label,topic_category,topic_category_label
A Storied City Recaptures Its Former Glory.txt,"ï»¿
WHY GO NOW
With Chinese from all over the country flocking to this city to fuel its booming economy, Guangzhou is pushing to reclaim its roots as the major trade and manufacturing center of China. 
It has countless new housing developments and the spectacular $2.4 billion Baiyun International Airport, which opened in August with a glass-walled swish of a main terminal and which will be large enough when completed to handle 80 million passengers a year, which would make it the world's busiest.
For centuries China's most important seaport and the starting point of the maritime Silk Road, Guangzhou (formerly Canton and now a modern city of 10 million just 75 miles up the Pearl River from Hong Kong) played host to merchants from Rome and India as early as the second century A.D. and has long been intertwined with Western powers. 
In 1514, the Portuguese arrived and Guangzhou became the first city in China to receive European visitors.
The British followed in the 17th century to establish trade; in the late 1850's, during the second Opium War, British and French forces finally established colonial rule over the city. 
After the Qing dynasty fell in 1911, Sun Yat-sen, a native son, made Guangzhou the headquarters of the Nationalist Party, then briefly, the nation's capital.
Everything glittery and shimmery there has its roots in this storied past. 
Since China reopened its doors over a quarter-century ago, Guangzhou has become one of China's richest cities, and the third largest, after Beijing and Shanghai. 
It is in the Pearl River Delta, southern China's most important trade zone and the producer of about a third of the country's entire economic output.
The Canton Fair, the country's largest trade event, brings such an influx of executives each fall and spring that those are the busiest seasons for international visitors. 
During the next one, starting April 15, traffic will come to a halt amid the skyscrapers downtown as taxis jockey for foreign guests, and at hotels and restaurants, signs will proclaim ''A Very Warm Welcome to Guests of the Chinese Export Commodities Fair.''
WHERE TO STAY
The 30-story Garden Hotel, 368 Huanshi Dong Road, Guangzhou; (86-20) 8333-8989, fax (86-20) 8335-0467, and at www.thegardenhotel.com.cn, is an 895-room hotel with a vast marble lobby, spiraling staircases and landscaped central gardens lined with orchids, koi ponds and three-story waterfalls. 
It has renovated its executive floors and several excellent restaurants. 
Doubles start at about $100, at 8.5 yuan to the dollar (the Web site offers specials.)
The Hotel Landmark Canton, Qiao Guang Road, Haizhu Square, Guangzhou; (86-20) 8335-5988, fax (86-20) 8333-6197, www.hotel-landmark.com.cn, is ideal for those who want to be close to the Haizhu Wholesale Market and the surrounding shopping plazas. 
The 672-room hotel has an indoor swimming pool, a business center, four restaurants and easy access to the subway; it's also just a short stroll from Shamian Island. 
Doubles start at $50.
In the suburb of Panyu, the Chime Long Hotel, Yingbin Road, Guangzhou, (800) 858-8471 in the United States, (86-20) 8478-6838, fax (86-20) 8479-1666, and www.chimelonghotel.com.cn, is popular with visitors who don't want to stay downtown (taxi service makes it an easy trip). 
It's a safari-style resort where crocodiles are mounted in the hallways and stuffed giraffes tower in the lobby -- there is even a pair of 4-year-old white tigers residing, somewhat languorously, in the hotel's central courtyard. 
All 333 modern guest rooms have balconies, satellite TV and broadband Internet. 
Doubles start at about $140.
WHERE TO EAT
Guangzhou is the birthplace of one of the most popular Chinese exports ever: Cantonese cooking. 
In the eyes of its residents, Guangzhou's dominance in Chinese cuisine has never been in doubt. 
The subtropical climate produces such exotic edibles as dragonfruit, a bright pink and green melon with white flesh the consistency of lemon sorbet. 
This is the home of dim sum, and locals will snort if you mention Hong Kong dim sum. 
They line up at 7 a.m. for a table at their favorite restaurant to get the first shrimp dumplings and barbecued pork buns fresh from the kitchen.
In typical Cantonese style, food comes first, not decor. 
In an unassuming cafe on one side of Haizhu Square called Yum Soon (Kind Trust) Seurng Pay Lai, (86-20) 8318-6113, customers savor steaming bowls of noodles and the house specialty: seurng pay lai, or double-skinned milk, a sweet, delicate custard. 
It's the best place in the city to indulge in this southern Chinese dessert, and while the menu is entirely in Chinese, it is a must-visit for foodies wanting to taste the real Guangzhou. 
Also worth trying are geurng jong lai (literally, ''ginger collides with milk,'' a ginger milk custard) and sweet red bean ice, each about 75 cents.
That's not to say that elegant dining establishments don't exist in Guangzhou. 
At the Peach Blossom, (86-20) 8387-7789, in the Garden Hotel, natural light streams through floor-to-ceiling windows into the main dining room, where hanging lanterns, tiled murals and polished hardwoods create a tasteful backdrop for excellent food and courteous service. 
The restaurant serves dim sum all day: top picks include savory crispy-skin chicken, plump shrimp dumplings and small glutinous rice balls steamed in bamboo leaves and served with sugar. 
Dim sum for two, including steamed barbecued pork buns, fried turnip cakes, shrimp dumplings, taro puffs, vegetable rice dumplings and jasmine tea, cost about $40.
WHAT TO DO DURING THE DAY
It's in the narrow, crowded streets of the historic Qing Ping marketplace that you can get a true sense of the city's commercial rhythm -- it's all about haggling, cajoling, buying and selling. 
Rows of stalls hawk everything from medicinal herbs and black pearls to ducks and miniature baby turtles. 
You can also eyeball tanks of tropical fish and baskets of snakes. 
It's a fascinating place, where locals bargain expertly and few foreigners venture.
Foreign visitors are less of a novelty at Shamian Island, just across a footbridge from the markets. 
Nineteenth-century European architecture, lush palms, landscaped parks and stone-lined pedestrian walkways characterize this picturesque neighborhood, once the site of the French and British concessions.
Out in Panyu is Xiang Jiang Safari Park, (86-20) 8478-3333, a popular Vegas-like animal safari show next to the Chime Long Hotel; admission is $14.50. 
At nightfall, visit the resort's Chime Long Night Zoo, (86-20) 8479-6600, open daily 4:30 to 11:30 p.m.; admission is $17.
WHAT TO DO AT NIGHT
For night-life reviews and the latest selection of bars and discos -- they open and close frequently -- pick up a copy of That's Guangzhou, a monthly English publication, free at hotels around the city (many popular lounges are in these hotels).
The Sun Yat-sen Memorial Hall, (86-20) 8355 2430, on Dong Feng Zhong Road, puts on a changing schedule of performances, including ballet and opera. 
Tickets can vary from $1.25 to $15.
On Shamian Island, the White Swan Hotel's River Room, (86-20) 8188-6968, has live music (mostly Western bands) and excellent river views. 
There is no cover and drinks go for around $6. 
Open 8 p.m. to 1 a.m.
WHERE TO SHOP
The Haizhu Wholesale Market, a mazelike main attraction for tourists just off Haizhu Square near Yanjiang Xilu on the river, is a heady mix of everything made in China today: Japanese-style tea and sake sets, Swatch watches, antique Chinese furniture, embroidered silk pillows, lamps, toys. 
The prices are low, so you don't have to bargain (but if you buy more than a handful of an item, chances are you can score an even more ridiculous discount).
Farther east along the Pearl, near Hai Yin Bridge, is the Hai Yin Fabric Market, four levels of multicolored silks and other high-quality fabrics. 
Even intricately embroidered patterns are affordable here, and tailors are available for custom-fitting. 
It's a popular stop for brides-to-be looking for traditional Chinese dresses, or qi pao.
HOW TO STAY WIRED
On Shamian Island, you'll find an outpost of the Canada-based Blenz Coffee, 46 Shamian Avenue, (86-20) 8121-5052; www.blenz.com. 
Complete with wireless Internet access and a computer station, it resides somewhat incongruously in one of the area's ornate historic buildings. 
Grab a table outside for the best people-watching.
YOUR FIRST TIME OR YOUR 10TH
In leafy Panyu, you'll find dirt-tracked roads, farmers and Yuyin Mansion, one of the four major Qing period gardens in Guangdong Province. 
A splendid gem of ancient Chinese garden history, it's quiet and untouristed, with immaculately tended koi ponds, clucking peacocks, bamboo and pagodas suspended over water. 
Entry is about $1.20. 
For 3 yuan (about 36 cents), visitors can feed handfuls of pellets to the golden, footlong fish and watch them rush up to the surface, open mouths snapping for food.
GETTING THERE
Visas are required for United States citizens to enter China; you must apply in person (or have someone go for you) at the embassy or the consulate general in the consular jurisdiction where you live. 
For more information, visit www.china-embassy.org.
Several airlines fly from New York to Guangzhou. 
Northwest Airlines, (800) 447-4747, www.nwa.com, goes daily through Tokyo; round trips in early April start around $960.
Trains run daily between Hong Kong and Guangzhou, as do various buses and ferries. 
The Guangzhou-Kowloon Through Train (GZTT), from Guangzhou East Station to Hung Hom Station in Hong Kong takes about one and a half hours (fares start at about $25 each way).
For a useful map of the city, including the markets, ask for the Ossimap-Guangzhou, put out by the Guangzhou Tourism Bureau and the Tourist Information Center (86-20) 8335-2856. 
It is available free at hotels around the city.",6,train,GWBUSH,GW Bush (2001-2008),CATEGORY_15,"train, wheels, miles"
"Before the Olympics, A Parade of Companies.txt","ï»¿
THE Olympic torch set off last week from Athens for Beijing. 
By the time it arrives in August for the start of the Olympic Games, Beijing will have largely completed a transformation from a staid seat of government to a modern metropolis.
Even as its economy surged in recent years, Beijing, China's capital, still lagged behind business centers like Shanghai and Guangzhou in commercial development. 
Roads and public transit were outmoded, developers said, and companies that wanted to expand there had limited options for office or retail space.
But with the Olympic Games as a catalyst, government authorities undertook a vast makeover of the city. 
Since its selection in 2001 as the host city, it has poured $40 billion into infrastructure projects and Olympics venues while encouraging the development of glittering office, hotel and retail centers. 
Entire neighborhoods are being renovated.
In 2007, four new shopping centers added nearly 1.2 million square feet of retail space, office space expanded by more than 14 million square feet, and 2,500 new hotel rooms came onto the market, according to Jones Lang LaSalle, a real estate services and money management company.
And that was just last year. 
In 2008, an additional 11 shopping centers totaling more than 11 million square feet are scheduled to open, along with 15 million square feet of office space and more than 11,000 hotel rooms, Jones Lang LaSalle said.
With the new supply of high-quality real estate, more American companies have been heading into Beijing, seeking to expand their presence in one of the world's fastest-growing markets. 
A less-stringent regulatory environment for business is also helping to clear the path; there are fewer ownership restrictions, for example, for foreign businesses in certain industries. 
''The city is expanding at such a pace, it's creating new opportunities every day,'' said Edwin Fuller, the president and managing director of international lodging for Marriott International, whose hotel brands include JW Marriott Hotels & Resorts, Ritz-Carlton and Renaissance Hotels.
In the two years leading up to the start of the Games, Marriott International will have opened eight new hotels, totaling 3,000 rooms, including a JW Marriott and Beijing's second Ritz-Carlton. 
Both the JW Marriott and the Ritz opened late last year in China Central Place, a new mixed-use development in the Central Business District. 
Companies already established in China are expanding in Beijing, including McDonald's, Staples, Starbucks and Nike, while others are entering for the first time, or venturing into more direct investments.
Apple plans to open its first Chinese store in Beijing this summer. 
The store, with 30,000 square feet of space, will be on Qianmen Street, a historic but neglected commercial district at the south end of Tiananmen Square that is being remade into a pedestrian shopping and dining corridor.
Last August, Nike, which is sponsoring several Olympic teams, opened a flagship store on the busy Wangfujing Street in the city's center. 
At 12,000 square feet, the store is the company's largest in China, and the first in the country that Nike directly owns and operates. 
The company says sales have been brisk. 
(There are some 3,500 Nike stores throughout China, though they are owned and operated by franchisees or other partners.)
The Fatburger restaurant chain, owned by the Fog Cutter Capital Group, also plans to open an outlet in Beijing before the Olympics, after the opening last fall of its first Chinese venture in Macao. 
And Auntie Anne's Pretzels plans to open three outlets in Beijing in the coming months, in its first foray into China.
''We're using the Olympics as a catalyst to expose people to our brand,'' said Mike McCoy, the director of franchise development and international operations at Auntie Anne's. 
He said the company had long considered expanding into China but only recently found the right licensee with whom to form a partnership. 
''With the Olympics, the timing couldn't be better,'' he said.
Even celebrity chefs are getting in on the action. 
Daniel Boulud, who owns high-profile restaurants in New York and Las Vegas, plans to have a restaurant in Legation Quarter, a luxury development that will open this spring in the former American Embassy near Tiananmen Square, next to the mausoleum of Mao Zedong.
The appeal, of course, is easy to see: China's economy has been growing by double-digits annually, and its 1.3 billion or so citizens are becoming more affluent. 
Yet few Chinese brands compete in the luxury categories. 
''The consumer market is a blank canvas in China, to a certain degree,'' said Benjamin Christensen, the research manager of Jones Lang LaSalle Beijing. 
It was only in 2001 that the first modern shopping mall opened in Beijing. 
But the concept has caught on with consumers and retailers alike.
The advent of a global event like the Olympics, expected to draw some two million foreign and domestic visitors, has been a strong springboard.
Still, some people wonder what will happen when the athletes and the spectators go home, and Beijing is left to absorb an enormous increase in hotel rooms, shops and office space, some in unproven neighborhoods. 
Many Olympic host cities, like Montreal in 1976 and Sydney, Australia, in 2000, experienced economic slumps after the Games as they struggled to recoup their costly investments.
In recent months, some new retail centers have had trouble lining up tenants, according to leasing agents. 
Similarly, hotel occupancy rates in Beijing are likely to drop, at least temporarily, after the Games, said Andreas Flaig, an executive vice president at Jones Lang LaSalle Hotels in China. 
But hotels may partially offset that with higher prices, he said, noting that average room rates for luxury hotels in Beijing nearly doubled from 1999 to 2007, to roughly $200.
These hotels ''are built for the long term, not for a 16-day event in August,'' Mr. Flaig said. 
''They want to participate in the long-term growth of Beijing.''
Indeed, few companies coming into Beijing seem worried. 
For one thing, hotels groups like Marriott International tend to operate hotels for local business people who develop the properties, so they are more insulated from real estate costs and risks. 
Similarly, most retail outlets have a local partner or franchisee, although direct investment has been growing.
MOREOVER, China's long-term growth prospects and Beijing's healthy mix of tourists and business travelers bode well for the long term. 
Past Olympic host cities have largely been in developed countries. 
Beijing, by contrast, is experiencing breathtaking growth, and the investments made for the Olympics, largely centered on improving transportation and infrastructure, will only help its future growth, according to Michael Thompson, the president of Cushman & Wakefield's Asia unit.
Mr. Fuller of Marriott agreed. 
''You've watched every city that has ever hosted the Olympics go into oversupply mode,'' he said. 
In Beijing, he said, ''I suspect it will be relatively short-lived.''",6,train,GWBUSH,GW Bush (2001-2008),CATEGORY_15,"train, wheels, miles"
China Suspends High-Speed Train Project.txt,"ï»¿
China has suspended a planned magnetic levitation rail route linking Shanghai and Hangzhou, partly because of residents' concerns that the trains would emit radiation, state media reported Saturday.
Shanghai's talks with German suppliers, including Siemens, to extend the high-speed line to neighboring Hangzhou were already complicated by recent accidents involving maglev trains and by cost concerns.
The Xinhua news agency said thousands of residents living on the proposed route had been petitioning for a suspension of the $4.5 billion project, fearing the high-speed trains would produce radiation.
Xinhua quoted an unidentified Shanghai government official as saying that the project had been ''suspended in line with the arrangements of the municipal government.''
The project was designed to span 100 miles, and trains on the track would run at a maximum speed of about 280 miles per hour.",6,train,GWBUSH,GW Bush (2001-2008),CATEGORY_15,"train, wheels, miles"
China Tests German-Made Fast Train_ Deal Awarded.txt,"ï»¿
China has awarded Germany a potentially lucrative contract to lengthen the world's first commercial magnetic-levitation rail system to cities surrounding Shanghai, Chancellor Gerhard Schroder of Germany said today.
The announcement came after Mr. Schroder and Prime Minister Zhu Rongji of China took a test ride on the new high-speed train, which, rather than ride on a wheel bed, is propelled by magnets. 
The train reached its designated maximum speed of 266 miles an hour over the 19 miles between Shanghai's financial district and its main international airport, Chinese officials said.
While magnetic-levitation technology was pioneered by Germany, the Shanghai deal represents the first major public use of the train system, which is also under consideration for high-speed travel over relatively short distances in the United States.
Siemens and ThyssenKrupp are the main German companies behind the Shanghai project.
Today, a beaming Mr. Schroder, speaking to reporters after the trial run, said: ""Three years ago the Shanghai track was only a dream. 
Today it is a reality.""
Although the Chinese paid $1.3 billion to install the train on the run between the city's business district, Pudong, and the new Pudong airport, this left open the question of whether China considers magnetic levitation a viable technology for long-distance train travel. 
Some analysts have argued that Shanghai, seeking to showcase its rapid development, spent heavily for a prestige project that does not provide superior service or levels of safety.
German officials said they hoped to pave the way for an extension of the Shanghai system while Prime Minister Zhu, a strong supporter of the technology, remains in office. 
He is expected to retire after the Chinese Parliament meets in March.
German and Chinese planners have discussed extending the train line south to Hangzhou and north to Nanjing. 
If completed on that scale, the elevated magnetic train lines would cover more than 180 miles and could be expected to cost more than $5 billion, though officials provided no specific estimates.
Today's trial run was considered a crucial test for the train. 
Mr. Zhu rode on an early version of it two years ago and complained of feeling dizzy. 
This time, he stepped off the gleaming white-and-orange train and pronounced himself satisfied.
He joked that he had not bought insurance for himself before boarding. 
""How do I know it's safe?""Mr. 
Zhu said. 
""Because it has no wheels and never touches the track. 
It will never derail.""
He added that he expected magnetic-levitation technology would be used in other parts of China, but offered no details.
The fiercest competition is for a 775-mile line linking Shanghai and Beijing, which China estimates will cost $22 billion. 
The German consortium that built the train is one contender, as are Japanese companies offering a more conventional high-speed rail system.",6,train,GWBUSH,GW Bush (2001-2008),CATEGORY_15,"train, wheels, miles"
China_s Holiday Homecoming Creates Travel Nightmare.txt,"ï»¿
At 10 p.m., when the hulking Beijing West Railway Station is usually emptying of passengers, Xie Wenzhong has arrived eight hours early for his morning train in hopes of beating the crowds. 
He can barely find a place to sit.
Soldiers with bullhorns are shouting ''Move inside!
Move inside!'' as passengers spill from stuffed waiting halls into the main concourse. 
The line for Shenyang in the northeast is five or six wide and nearly 100 yards long -- and that is for just one of 107 trains on the schedule.
''I was afraid that if I came later, there would be no space to even stand,'' said Mr. Xie, 42, who, despite the inconvenience, seemed to enjoy the spectacle. 
''It will be like this until morning.''
Mr. Xie, an air-conditioning repairman, is one of a few hundred million Chinese trying to go home for the holidays. 
For the 40 days and 40 nights bracketing the Lunar New Year on Feb. 
9, Chinese officials estimate that passengers will make nearly two billion total trips by car, bus, train, boat or airplane.
It is probably the world's worst holiday traffic nightmare. 
For perspective, consider that the Department of Transportation estimates that the combined number of ''person trips'' Americans take for Thanksgiving, Christmas and New Year's Eve is 202 million.
The strain is so great on China's transportation system that top leaders are rethinking what is still a relatively new phenomenon -- the vacation. 
The weeklong Lunar New Year holiday is one of three ''golden weeks'' of vacation introduced in 1999 by the State Council, or China's cabinet, to stimulate domestic spending in the Asian financial crisis.
But last November, state media reported that a State Council study group was examining whether the weeklong holidays in May and October should be replaced by a more flexible system of paid vacation that would place less burden on the infrastructure. 
A decision could be made in March at the annual meeting of the National People's Congress.
Notably, the proposals being floated appear unlikely to change the break for the Lunar New Year, also known as Spring Festival. 
It is the most traditional and revered Chinese holiday, when the tens of millions of people who have left villages for cities go home for family reunions and celebrations.
It is also a human stampede from which few cities in this country of 1.3 billion people are spared.
In Beijing, the daily number of passengers is expected to reach 280,000 on peak days. 
In Shenzhen, a southern manufacturing hub, officials last month converted a sports stadium into a temporary ticket office to handle tens of thousands of migrant workers. 
Railway officials predict that the daily passenger load will exceed the system's capacity by up to 60 percent.
''It's like that American expression,'' said Huang Zhi, 22, a university student, describing a past Spring Festival train trip. 
''We were packed in there like sardines.''
This year, Mr. Huang's journey is fairly typical. 
He left his school in Harbin, the northeastern provincial capital, at 7 p.m. on a Thursday and made the nearly 600-mile trip to Beijing in 11 hours. 
He secured a seat on that leg of the journey. 
But in Beijing he could only buy a boarding ticket for the remaining leg to Guilin, his hometown, in the south.
That meant he would have to stand or squat in the aisle with hundreds of other travelers for a trip that would take 24 hours. 
''There are people everywhere in the hallways, and people even standing in the connecting spaces between cars,'' he said. 
Others sleep in washrooms, he added.
Liu Taiguo, 52, is one of the country's 120 million migrant workers, for whom Spring Festival is often the only visit of the year with his family. 
Last weekend, he clutched his ticket as he stood in a cranny of the Beijing West station that would be his home for the next two days.
''I'm staying here until my train leaves,'' he said on a Friday of his train, which was to leave Sunday. 
It meant he would spend 48 hours pulling his bag through the concourse before squeezing onto a packed train that would take 42 hours to reach his home in Sichuan Province.
''The train is so crowded,'' he said. 
''There is nowhere to stretch your legs. 
But Spring Festival is the Chinese custom. 
For the family reunion, no matter how far away you are, you have to go home.''
The glut of passengers seems to overwhelm whatever steps the government takes. 
The Ministry of Railways has increased the number of trains nationwide by a third, and Chinese airlines have added 1,000 extra flights. 
In Guangzhou in the southeast, officials opened an online train ticketing system that eased sales. 
Still, the state media reported that the demand for tickets outstripped supply by a ratio of four to one.
The Ministry of Railways, sensing a public relations opportunity, has called for more money to update the system. 
It has also increased ticket prices for the holiday period by up to 20 percent, ostensibly to cut demand but driving up profits in the process.
For most of the passengers pouring through the Beijing West station, the only thing that mattered was getting home. 
The sound of hundreds of pieces of luggage rolling over the marble floors of the main concourse created a steady hum as migrant workers pushed through carrying their clothes in plastic buckets. 
The buckets would double as seats for those relegated to the aisles.
Tao Shiwu, 38, stood in Waiting Hall No.7 with his 3-year-old son, Weixin. 
The crowd was so thick that guards shouted at groups squatting on the floor to clear enough room for people to walk. 
Young Weixin wailed.
Mr. Tao said he had no seat and was faced with holding the boy for more than 30 hours. 
He said he did not mind. 
He smiled, even when the boy burst into tears and screams.
''I can only stand in the aisle,'' Mr. Tao said, wincing. 
''With my son, I'll play it by ear. 
This is his first trip.''",6,train,GWBUSH,GW Bush (2001-2008),CATEGORY_15,"train, wheels, miles"
Cities Near Beijing Close Factories to Improve Air for Olympics.txt,"ï»¿
With Beijing struggling to clear polluted skies before the Olympics in August, the nearby industrial port of Tianjin has ordered 40 factories to suspend some operations for two months as part of a broader effort to improve air quality during the Games, state news media reported.
The planned shutdowns in Tianjin, about 70 miles east of Beijing, are one piece of a regional plan that is expected to result in temporary factory closings or slowdowns across a large swath of northern China during the Games. 
Few details are known about which factories might close or when, so the announcement in Tianjin offers a window into one piece of the plan.
Beijing's air quality remains a major concern for the Games as the city continues to struggle with pollution, despite a $20 billion government cleanup campaign. 
Beijing is also a victim of its neighborhood: pollution blows in from surrounding regions that are dotted with coal mines, coal-fired power plants, steel mills, cement factories and other clusters of heavy industry.
The Olympics' opening ceremony is Aug. 
8, and meteorologists have said officials must begin closing factories a few weeks beforehand to make a difference.
The shutdowns in Tianjin will be from July 25 to Sept. 
30, concluding after the end of the Paralympics in Beijing, according to Xinhua, the state-run news agency. 
Tianjin is a host city for the Olympic soccer competition, and work at 26 construction sites near the city's Olympic stadium will be suspended.
In addition, the city of Tangshan, one of China's busiest steel centers, about 90 miles from Beijing, is ordering 267 businesses to suspend operations by Tuesday, according to Reuters. 
Of those, 66 small steel mills, coking operations, cement factories and small power generators will be closed, Reuters reported. 
The companies will be able to reopen at an unspecified date after undergoing an environmental review.
In recent days, rainfall in Beijing has been unusually high. 
When it has not rained, the skies have been clotted with haze. 
The city will begin alternate-day driving restrictions on July 20 to ease traffic and reduce pollution. 
By then, experts say, announcements of more temporary factory shutdowns are expected elsewhere in the region.
Sunday also brought good news: the first truly blue skies in Beijing in many days.",6,train,GWBUSH,GW Bush (2001-2008),CATEGORY_15,"train, wheels, miles"
"Factories Shut, China Workers Are Suffering.txt","ï»¿
Wang Denggui, father of three, arrived more than a year ago in the palm-lined streets of this southern town with a single goal: toil in a factory to save for his children's school tuition.
But the plans of Mr. Wang and thousands of co-workers unraveled at noon on Nov. 
1, when the Taiwanese chairman of their ailing shoe factory climbed over a factory wall to flee the country and his debts. 
That left several American shoe companies with unfilled orders and 2,000 workers without jobs.
''He just ran without telling anyone,'' Mr. Wang said.
For decades, the steamy Pearl River Delta area of southern Guangdong Province served as a primary engine for China's astounding economic growth. 
But an export slowdown that began earlier this year and that has been magnified by the global financial crisis of recent months is contributing to the shutdown of tens of thousands of small and mid-size factories here and in other coastal regions, forcing laborers to scramble for other jobs or return home to the countryside.
Furthermore, the slowdown inhibits China's ability to work with other nations in alleviating the worldwide crisis.
The Pearl River Delta, known as the world's factory, powered an export industry that pushed China's annual growth rate into the double digits and provided work for migrants from interior provinces with poor farmland. 
But circumstances have changed quickly. 
The slowdown in exports contributed to the closing of at least 67,000 factories across China in the first half of the year, according to government statistics. 
Labor disputes and protests over lost back wages have surged, igniting fear in local officials.
After the shutdown of their shoe factory, called Weixu in Chinese and China Top Industries in English, Mr. Wang and some co-workers took to the streets in protest, demanding two months of back pay, or $440 on average. 
The government called in the riot police. 
Seven workers were thrown in jail and six were beaten, including Mr. Wang, he said.
''I plan to return home once I get my money,'' Mr. Wang said as he stood outside the factory on Tuesday, showing the bloody shin wound that he said resulted from a blow from a metal baton. 
(The police declined to comment.) ''I'm over 50 years old, and I won't be able to find work. 
I'll just retire.''
Under pressure from Beijing to maintain social stabilityII, local officials are also trying to tamp down unrest by doling out back wages. 
Here in Chang'an, after the worker protest, the government shelled out more than $1 million to pay back wages to most of the workers at the shoe factory. 
(Mr. Wang and some other laborers say they are still without back pay.)
The slowdown in exports has accelerated a major shift in the nature of Chinese manufacturing: small factories that were already being pinched by rising costs of labor, transportation and raw materials, as well as by the appreciating yuan, are closing en masse. 
That is especially the case in these towns scattered around the city of Dongguan, known for churning out low-end products. 
Soon the labor-intensive factories that rely solely on migrant work could disappear from southern China, and foreign companies could contract with similar factories in Vietnam and other countries where costs are lower.
''There's very serious damage being done down there, I don't deny it, and I think it'll get worse because we haven't seen the full impact of the economic downturn in Europe,'' said Arthur Kroeber, managing director of Dragonomics, an economic research and advisory firm based in Beijing. 
''I think next year we might see export growth in the country as a whole go down to 0 percent.''
The export sector is still growing but has slowed considerably; year-on-year growth was at 9 percent in October compared with 26 percent in September 2007, Mr. Kroeber said.
The social problems arising from the slowdown have stirred anxiety in the top leadership of the Communist Party, whose legitimacy is based on maintaining economic growth. 
Prime Minister Wen Jiabao is pushing for policies that will increase domestic consumer consumption to wean China off its reliance on exports. 
Last Sunday, the government unveiled a stimulus package worth $586 billion over the next two years -- the largest ever announced in China -- to help create jobs, mostly by building new transportation infrastructure.
Foreign governments expecting China to take the lead in addressing the global crisis will be disappointed, say analysts and scholars. 
Chinese officials say they are focused on trying to ease domestic problems and keeping the country's annual growth rate above 8 percent, which they see as vital to generating enough new jobs. 
Some analysts say economic expansion could drop to as little as 5.8 percent in the fourth quarter this year, down from about 11 percent in 2007.
''I think China foresees that it'll need to spend a lot of money to get itself out of the current domestic situation,'' said Victor Shih, an assistant professor of political science at Northwestern University who studies the political economy of China. 
''On the global financial crisis, China will not take a leading role.''
The mass layoffs have led to a profound change in the movements this year of migrant workers like Mr. Wang who spend virtually the entire year away from home. 
Many are heading home early for the Chinese New Year, in late January, and say they might not return to work in the coastal regions. 
A worker in the railway station in Guangzhou said that from Oct. 
11 to Oct. 
27, there were 1.17 million passengers on trains leaving the station, an increase of 129,000 over the same period last year. 
There have been reports of a similar jump in other regions.
Once in the interior, the workers will have less incentive than in the past to return to the coastal provinces. 
Rising grain prices have made farming more profitable. 
The Chinese government announced a rural land reform policy last month that could spur some farmers to stay on their land and make better use of it.
A growing number of factories have opened in the interior provinces as well. 
Wages are still lower than on the coast, but have risen quickly in recent years.
In Zhangmutou, a town here in the Dongguan area, many of the 7,000 workers who lost their jobs when a Hong Kong-owned toy factory called Smart Union shut down last month have returned home. 
Li Dongmei, a former human resources employee, said her two older brothers who worked in the factory had taken the 20-hour bus ride home to Hunan Province. 
Ms. Li, though, still lives across from the abandoned factory building because she is eight months pregnant.
''This place isn't too stable economically,'' Ms. Li, 25, said as she sat on a terrace outside her cramped apartment. 
''Guangdong isn't so good anymore.''
As was the case with the Weixu shoe factory, Smart Union closed without any notice, and hundreds of angry workers poured into the streets to demand that the local government pay them back wages. 
Many such factories were run by Taiwanese or Hong Kong managers who fled the mainland. 
Chinese police and courts have limited reach in Hong Kong, which has a separate legal system, and they have almost no ability to prosecute people in Taiwan, which is treated as a renegade province and does not have formal political or diplomatic relations with the mainland.
The wave of factory shutdowns is taking place at a time when migrant workers are more aware than ever of their legal rights and know how to put pressure on local governments. 
Two national labor laws were enacted in January that, among other things, require companies to pay severance and give out more long-term labor contracts. 
The laws could lead to more labor disputes and protests, said Mary Gallagher, director of the Center for Chinese Studies at the University of Michigan.
''Increasingly, the migrant workers know their rights,'' she said.
Here in Chang'an, nearly 200 workers showed up outside the south gate of the four-story Weixu factory on Tuesday to demand from the government severance payments that generally ranged from $1,500 to $3,700 each. 
They signed their names on a list and put a red fingerprint stamp next to each signature.
''No one's gotten this subsidy yet,'' said a woman from Qinghai Province who spoke on condition of anonymity because local officials had scolded her for talking to a local newspaper. 
''The government has been helpful in giving us our back pay, but it hasn't been helpful in paying the subsidy.''
The Taiwanese chairman of the shoe factory, Zhuang Jiaying, did not return calls seeking comment. 
The collapse of the factory started a domino effect: Related businesses, like a smaller factory that put labels on Weixu's shoe boxes, have also failed. 
Hundreds of additional laborers have lost their jobs, and more than 200 creditors have yet to collect millions of dollars, said Yang Qiusheng, the manager of the factory that handled the labels.
''I had to fire people who had worked for me for a long time,'' he said. 
''When I see this shoe factory, this enterprise, I feel very sad and sorry. 
I never thought it would end like this.''",6,train,GWBUSH,GW Bush (2001-2008),CATEGORY_15,"train, wheels, miles"
Faith Sprouts In Arid Soil Of China.txt,"ï»¿
They gathered under a blazing midday sun, raptly observing as four men in skullcaps held down the bull in preparation for its sacrifice. 
Little girls stood wide-eyed, while boys tried to appear unfazed, and the wizened grandmothers who, having seen such things countless times, were abuzz instead about the rare appearance of foreigners in their hamlet.
The guest of honor, the sheik, or spiritual leader for a large Muslim population concentrated here in the arid, landlocked region of Ningxia, glanced anxiously at his watch, hoping the butcher would arrive so that he could get on with his busy schedule.
The butcher arrived, and within minutes his deed was done, his red blade thrust into the soil as the bull's life drained into a shallow pit. 
The sacrifice of a sheep followed. 
Moments later, as all were seated for a feast in memory of an elder who had died, the sheik whispered to a visitor: ''Don't eat too much. 
There will be a feast in the next village, too.''
Asked as he piled into his chauffeur-driven, four-wheel-drive vehicle if he presided at ceremonies like this every weekend, the 39-year-old Muslim leader who bears the title sheik, but prefers to go by his name, Hong Yang, issued a world-weary sigh. 
''I do it every day,'' he said. 
Then he drove off.
As the leader of the Kufiya sect, more than a million strong, Mr. Hong is responsible for adjudicating local disputes, charity, patronage and, of course, matters of the faith. 
Communist ideology holds that religion would wither, but as a precaution, under Mao's rule it was actively suppressed.
These days, signs of religious revival abound in China, perhaps nowhere more than among the country's largest Muslim minority, the Hui, who are historically centered in this area of north-central China, where Persians and Arabs migrated in the seventh century, intermarrying with local populations. 
But the limits on Islam and other faiths enforced by the government remain strict and carefully observed.
Reliable religious data is hard to come by in China, but the country's estimated 20 million Muslims are often said to constitute the second-largest religious community, after Buddhists, who may number as many as 100 million. 
Christians of various denominations are also believed to number over 10 million, and adherents of all of these faiths are widely believed to be growing.
''It used to be that religious freedom only existed on paper, but now it is flowing into our daily lives,'' said Mr. Hong, who received a visitor a stone's throw from the towering main mosque in nearby Hong Gangzi. 
''We are allowed to say whatever we want to, as long as we respect the party.''
Mr. Hong's statement had the ring of a disclaimer, something prudent to say in a country where the government decides who is and who is not allowed to be a religious leader and even where people may gather to worship. 
Mr. Hong, a graduate of Beijing University who studied theology in Pakistan, is clearly on the approved list, unlike many ethnic Uighur Muslims in the country's far west, who are viewed as dangerous separatists. 
His particular sect of Sufi Islam, run by his father and grandfather before him, has a long history of ups and downs.
''In the 1950's, the Hui Muslim leaders were accused of landlordism, and persecuted,'' said Dru Gladney, a China specialist at the University of Hawaii who has written extensively on Islam. 
''In the capitalist era, they have been given freer rein, but lead a precarious existence because the state can go after them at any time. 
This actually makes them very useful to the government, because they are always anxious to prove their loyalty to Beijing.''
Even for someone like Mr. Hong who goes along with the system, however, faith very quickly bumps up against the limits of what the government will allow. 
Islam, for example, commands its followers to spread the religion, but China strictly prohibits proselytizing.
''We can teach children very basic things about the religion in terms of culture,'' he said. 
''From primary school to high school we are not allowed to teach religion. 
We feel helpless to change this because these are the nation's rules. 
But God grants spirituality, and for those who are fortunate enough it is felt in one's heart.
''Our faith may sometimes seem reduced to a matter of customs, but that is because we must survive in this system.''
Mr. Hong said the government's attitude toward religion had gradually become more tolerant in recent years. 
''Not long ago, when party leaders used to open meetings about religion, they would begin with slogans about religion being the opium of the masses, but they don't say that anymore,'' he said. 
''The trends of the times show that religion cannot be suppressed by power any longer.''
It is the ferment in spiritual matters among ordinary Chinese, and not official attitudes, that gives Mr. Hong the most hope, however. 
''I see hundreds of people coming to convert,'' he said. 
''People feel supported by their religious belief in a way that is totally spiritual. 
Those who don't have this have their money and nothing else.''",6,train,GWBUSH,GW Bush (2001-2008),CATEGORY_15,"train, wheels, miles"
Galloping in the Hoofprints of Genghis Khan.txt,"ï»¿
I BEGAN having second thoughts about riding a horse through northern Mongolia right around the moment I slammed into the tree trunk.
Without warning, my horse had bolted toward it and I had no idea how to regain control. 
The impact flung me through the air. 
I landed hard on the forest floor as my horse scampered into the bush.
Then a crashing sound came from behind -- Chuka, the Mongolian guide who had been bringing up the rear of our group of four travelers, had been thrown off his horse too. 
A short, round man, he picked himself up and shook his head to bring himself back to his senses, or maybe just to blow off the cobwebs of a bad hangover from a vodka binge the previous night.
So even Mongolians get tossed off horses, I thought, somewhat comforted.
Once we had rounded up the prickly horses with the help of two local guides, we figured out that our seemingly irrational mounts had stumbled into a beehive in the middle of the forest.
It was an inauspicious start to what was to be a three-day horse trek last September in a wilderness area around Khovsgol Lake, a 1,065-square-mile patch of pristine blue water that lies just south of the border with Russia in the Siberian plain. 
My Lonely Planet guidebook said it was the deepest lake in Central Asia and the world's 14th-largest source of fresh water. 
Surrounding the lake are pine forests, subalpine meadows and undulating mountain ranges, scenery with more than a passing resemblance to the Pacific Northwest. 
It had taken three days of hard driving across bone-jarring roads (and sometimes no roads at all) just to get here from Ulan Bator, the country's capital and only real urban center.
There are few countries in the world where it is as easy to get lost, to be completely drawn away from civilization, as Mongolia. 
I had planned to spend a month exploring the corners of the desolate land from which Genghis Khan and his kin once rode forth to conquer much of Asia, and which remains one of the world's least populated countries, with many of its people still leading nomadic lives. 
I was accompanied by my friend Tini and two backpackers we had met in Ulan Bator.
The most efficient way for travelers to go cross-country is by car, so we paid Khoyga, a laconic driver with a Russian van, and Chuka, a talkative cook, to take us from the capital into the wild.
The plan was to rent horses and hire local guides after reaching Khovsgol Lake and strike out toward the Darkhad Depression, a mysterious plain of 300 lakes settled by the Tsaatan people, reindeer herders who still practiced shamanism. 
What could be more evocative than riding across the steppes of Central Asia, following the ghosts of the great Khans and meeting reclusive tribes?
Horseback riding seemed to be the definitive way to see the countryside; even in the 21st century, this is the favored mode of transport in rural Mongolia, with nomads corralling sheep and other livestock while galloping beneath the endless blue sky.
Our original plan, though, was thrown off track as soon as we reached the lake. 
Chuka and a cheery campsite owner named Ganbaa said recent snowfall and resulting high waters in the rivers would make it impossible for inexperienced riders like us to traverse some of the mountains.
Ganbaa suggested taking the horses through a protected forest area called the Khoridol Saridag Nuruu, to the west of the lake. 
He arranged for horses and two guides to start with us the next morning. 
That night, after a day of hiking around the lake, we sat around a campfire and properly kicked off the journey in true Mongolian fashion, by feasting on mutton cooked using hot rocks, then downing shots of vodka. 
The Mongolians insisted that each of us sing a song before drinking. 
We all managed to belt out a tune, but none of us could compete with a Mongolian horseman who astounded us with traditional throat-singing.
That night, we unrolled our sleeping bags in one of Ganbaa's gers, the round felt tents that Mongolian nomads erect and disassemble as they move their animals from pasture to pasture as seasons change. 
Mongolia has some of the coldest winters on earth, but people stay warm in these gers, with the help of a central stove, thick blankets and the company of family and friends.
We drove up the lake shore the next morning to meet our horses and guides at a small settlement called Toilogt. 
Though nursing a painful hangover, Chuka managed to help the guides, Tsenggel and his 19-year-old son Boggi, pack the food into saddlebags and strap the tents and other camping gear to the horses. 
We were all relieved when we saw that the saddles on our horses were leather and not wooden, the kind usually used by the Mongolians.
The guides paired me with a light-brown stallion with a long, flowing mane. 
He seemed calm in temperament, exactly the kind of steed I wanted. 
It had been six years since I had last ridden, in a Tibetan region of China, and I did not want to deal with a hothead. 
Little did I know the abuse my body would endure just hours later.
We were surprised by just how short and stubby Mongolian horses were compared with those in the American West. 
Given the legends surrounding Mongolian cavalrymen, it seemed paradoxical that these horses should appear to be of inferior breeding. 
But I learned from history books that it was the relatively small size of these animals that had given the Mongols a tactical advantage in Genghis Khan's time: the warriors could quickly leap on and off the horses in the middle of battle.
We saddled up after lunch and began sauntering north. 
The autumnal winds had picked up, bringing a chill, and rain clouds began moving over the lake. 
We veered west to climb up into a valley that led toward the protected forest area. 
The leaves had begun changing, and patches of ground were colored red and gold.
Controlling a horse is not an instinctual matter, at least not for me. 
The guides had shown us some basic techniques -- for example, snap the loose end of the reins against the horse's rump to get it moving. 
Gently pull back on the reins to get it to stop. 
Kick your feet against its flanks if it refuses to go. 
The guides made it all look effortless, but when I tried spurring my horse, it continued plodding along about as quickly as a bicycle with two flats.
The horses simply fell in line with one another, not showing much imagination or initiative, and stubbornly refused to obey our efforts to direct them.
We were still trying to figure out the proper way to handle them when the first raindrops began to fall. 
It soon turned into a steady drizzle, and we had to dismount in a clearing to throw plastic covers over our bags. 
As our guides cinched the bags tight, I noticed a white tepee in a grove of trees.
A tepee in the middle of Mongolia?
Then we saw the two large animals tethered to ropes. 
One was white, the other half-gray and half-white, and both had enormous racks of horns that sprouted from their heads in fantastic shapes. 
It was the first time I had ever seen reindeer.
A woman in a thick black robe stood at the door of the tepee alongside her husband, who was dressed in a dirty smock. 
They were Tsaatan, also known as Dukha, the nomadic herders who used reindeer for every necessity in their lives, from milk to the leather that formed the walls of their tents. 
My guidebook said there were only 200 of them left in northern Mongolia, and only a handful wandered this close to Khovsgol Lake, away from the Darkhad Depression.
Their tepees and shamanistic practices suggested a connection with American Indians, whose ancestors had crossed over from Asia in prehistoric times. 
We edged closer to the couple standing by their tepee, but our horses kept their distance because of a snarling guard dog.
We decided to steer wide of the encampment and return to the trail leading up the valley. 
Two reindeer stared at us from the bushes, then dashed off.
The rain came and went throughout the afternoon. 
It was during a sunny patch that our horses ran into the beehive along the path. 
Chaos ensued for a few minutes, as Chuka and I both found ourselves knocked flat onto our backs. 
I stared up at the sky, shaken and disoriented.
We made camp farther up the valley, setting up tents in the cold rain. 
Chuka boiled soup for dinner. 
The next morning, we climbed over a low pass and descended through a windswept bog, a wall of mountains in the distance.
On our third and final day, we came across a small Mongolian camp in a green pasture. 
A smiling, fresh-faced couple invited us into their new ger. 
They had just married, and for the summer they lived alone in this ger, affording them some privacy, while other family members stayed in a log cabin next door. 
The wife, Ulaanaa, made fresh mutton dumplings for us, her belly swollen with their first child.
In the coming months, the entire family would move into the ger, finding warmth together. 
That was the key to survival here in Mongolia -- taking refuge in the goodwill of family, friends and even strangers.
As Ulaanaa ladled out steaming bowls of milk tea and dumplings for us, the wind began to howl outside. 
Winter was not far off.
JOURNEY TO A FAR CORNER OF THE EARTH
Travelers usually fly to Ulan Bator, Mongolia's capital, through Beijing or Moscow. 
The Trans-Mongolian train that runs between Beijing and Moscow also stops in Ulan Bator. 
I flew on Air China from Beijing to Ulan Bator one way for 2,280 Chinese yuan (about $292, at 7.8 yuan to $1) and took the train back. 
Because I bought my train ticket at the station in Ulan Bator, it cost about $80 (as is usually the case for travelers from the United States, I was charged in dollars, rather than in local currency, the tugrik) for a berth in a soft-sleeper compartment. 
In summer, tickets often sell out quickly.
Except for my air fare and my stay at the Puma hotel, I paid cash for everything. 
In Ulan Bator, we hired a driver and cook through a woman named Daka at Chez Bernard, a popular Belgian-owned travelers' cafe on Peace Avenue. 
Chez Bernard operates a travel agency, Happy Camel, www.happycamel.com. 
Daka's local cell phone is (976) 998-44844. 
For a 14-day road trip through northern and central Mongolia, we paid $33 each a day. 
The cost was for a group of four people and included the services of a driver and cook, food, gas, tent rental and accommodation, often in ger camps. 
Travelers often tip the driver and cook at the end of these trips.
At Khovsgol Lake, we hired our horses and guides for the three-day trek through Ganbaa, the owner of the Monkh Saridag ger camp (lake-hovsgol@yahoo.com or horseride-ms@yahoo.com, 976 998-12323) in a settlement called Khatgal on the southern shore. 
We paid $5 a horse a day, and $10 for each guide and his horse. 
For our group of four travelers and a cook, we hired five riding horses, two packhorses and two guides with their own horses. 
We paid for four days because of the guides' travel time from and to their home. 
Two nights in a ger, at the start and end of the trek, were included in the price. 
The total cost for our group was $220.
WHERE TO STAY
Ulan Bator has a range of accommodation. 
At the Zaya Backpacker Hostel, (www.magicnet.mn/backpackza, 976-316-696) off Peace Avenue, a double room costs 18,700 tugrik or about $17, at about 1,100 tugrik to $1, and a dormitory bed is 4,700 turgrik, or about $4. 
Another budget hostel with similar prices is the UB Guesthouse, www.ubguest.com.
A relatively new hotel popular with business travelers is the Puma Imperial, www.mongolianpumahotel.com, (976) 313- 043, to the east of Sukhbaatar Square. 
A double costs about $100, buffet breakfast included. 
A superb Indian restaurant is on the ground floor.
WHERE TO EAT
While on the road, our cook usually prepared simple dinners, often stir-fried noodles or soups. 
Ulan Bator has a variety of restaurants, all relatively inexpensive. 
A popular Mongolian place among foreigners is Modern Nomads. 
East of the city center, Hazara serves tasty North Indian dishes and has its own tandoori oven. 
Also recommended are Le Bistro Francais, a few blocks north of Sukhbaatar Square, and Millie's Cafe, south of the square. 
Silk Road Bar & Grill has great views over the monastery of the Choijin Lama. 
Good Korean restaurants can be found throughout the city. 
Meals often cost less than $10 a person at Ulan Bator's better restaurants. 
EDWARD WONG",6,train,GWBUSH,GW Bush (2001-2008),CATEGORY_15,"train, wheels, miles"
Germans Seek Role in China Rail Project.txt,"ï»¿
Two German engineering companies, Siemens and ThyssenKrupp, are negotiating to supply technology for a second high-speed rail link worth 4.3 billion euros between Shanghai and the nearby city of Hangzhou, state news media reported Tuesday.
The statement about the deal, worth $5.5 billion, came as Chancellor Angela Merkel of Germany was visiting Shanghai, where she rode the world's first commercial magnetic-levitation train. 
That line, the maglev, carries passengers at speeds of as much as 270 miles an hour between the international airport in Pudong on the outskirts of Shanghai, and the financial district in the city center.
Transrapid International, a joint venture between Siemens and ThyssenKrupp, designed and built the $1 billion Pudong line, which entered service in 2004.
The new line, stretching 125 miles to Hangzhou, was approved by the Chinese government in March and is scheduled to be in operation by 2010, the official Xinhua news agency reported.
A spokesman for Siemens's transportation group, Dirk Erat, confirmed Tuesday that Transrapid was negotiating with its prospective Chinese partners on the new maglev link. 
But he said no formal agreement had been signed.
''The negotiations are in good shape and very constructive,'' Mr. Erat said by telephone from Erlangen, Germany. 
''All the details still have to be finalized.''
Xinhua reported that Siemens would transfer technology for manufacturing power supply and operational systems, and ThyssenKrupp would contribute technology for the carriages, switches and other systems.
Maglev trains travel above the track on a frictionless electromagnetic cushion and they have become a technological showpiece for China, as it spends heavily to expand its vast rail network.
The Chinese Railways Ministry plans to add 10,000 kilometers (6,250 miles) of passenger lines and 2,000 kilometers (1,250 miles) of high-speed links to its rail network by 2020 to overcome bottlenecks that have hampered economic development.
While the existing maglev line has drawn some criticism for its cost and pathway, transportation experts say the Shanghai-Hangzhou route would be a true test of the technology's commercial use.
The second maglev link, with a higher speed of about 280 miles an hour, would cover the distance between the cities in 30 minutes, a journey that now takes 140 minutes by rail, the state news media reported when the project received government approval.
Some transportation experts say China will have to substantially reduce the cost of maglev track if the new line is to be profitable. 
The 19-mile Pudong maglev track cost the equivalent of $53 million a mile, according to reports in the official news media.",6,train,GWBUSH,GW Bush (2001-2008),CATEGORY_15,"train, wheels, miles"
Have Frequent-Flier Miles_ Use Them or Lose Them.txt,"ï»¿
Here's how many miles I just spent to get one free business-class ticket from New York to Shanghai and back next November -- and not even on the days I had originally wanted to fly: 240,000.
My wife, my mother-in-law and I are going to Shanghai to visit relatives. 
My wife booked her business-class award ticket and her mother's more than six weeks ago. 
Their tickets cost 270,000 miles for the two.
I waited till the other day to book mine. 
Because guaranteed frequent-flier awards, which the airlines call unrestricted awards, take more points as available seats on a flight become more scarce, my dallying added 105,000 miles to what my wife paid for each ticket. 
So the grand total for three round-trip tickets on Northwest to Shanghai and back -- next November -- was 510,000 miles.
Do I feel fleeced?
I do not. 
Instead, I feel like Diamond Jim Brady on a roll at Saratoga. 
What's a half million miles these days for a swell trip to China for three?
To have actually purchased those three business-class tickets would have cost $17,600, based on Northwest's current fare for that itinerary. 
(The miles were all accumulated on Continental, which doesn't fly to China but has a code-share alliance with Northwest. 
Helpful Continental agents smoothly booked all three awards tickets through on Northwest).
So I am finally practicing what I have recently been preaching. 
I'm unloading the miles. 
I feel like a guy walking out into the sun from a casino with a sack of shiny quarters.
Let me explain why lots of other frequent fliers are now making runs on the mileage bank. 
As I have been reporting here, there is a crisis brewing in airline frequent-flier programs, and it is not outlandish to suggest that the structure could one day collapse like a house of cards. 
Consumer faith in mileage programs is dissipating as it becomes harder than ever to claim a free ticket on a desired route at a desired time, especially for those looking to claim it for 25,000 miles, the minimum price for a coach ticket.
Airlines, for their part, insist that they're not cutting back on the number of awards. 
This is true, but numbers can be deceiving. 
Annually, the major airlines report that award trips account for about 7 percent to 9 percent of their passenger load. 
For example, in 2003, award trips represented 9 percent of total passenger miles flown on Delta Air Lines. 
That was the same percentage as in 2002 and one percentage point higher than 2001.
What has changed, and sharply, is the number of outstanding frequent-flier miles chasing those awards. 
As of 2002, according to estimates by Randy Petersen, publisher of Webflyer.com, an online site for frequent fliers, a total of 120 million members of frequent-flier programs (about two thirds of them are in the United States) had about 9 trillion miles stashed away. 
That compares with about 1.2 trillion miles 10 years earlier.
When American Airlines introduced the first frequent-flier program in 1981, you basically got miles by flying on airplanes. 
But actual miles flown now account for only about 43 percent of miles awarded annually. 
As we all know, the main reason for the astonishing run-up in miles is that airlines in recent years have been bolstering revenue by selling a large number of miles to third parties, like credit card companies and retailers, who then offer the miles to their own customers as incentives.
For some time now, the smart money has said it is not a good idea to squirrel away miles because those miles are losing value over time.
''I've been saying this for three years: cash out, and cash out now,'' said Joe Brancatelli, the publisher of www.joesentme.com, a Web site for business travelers. 
''You should never treat your miles like a bank account. 
The airlines do a terrible job being airlines. 
Why are you trusting them to be a bank?''
While airlines promote the availability of travel awards, they're a little coy about promoting the fine print, including the ever-tightening blackout dates and restrictions regarding availability, especially at the minimal level. 
Customers should not be surprised to know that they are playing in a lottery, he said.
''What part of restricted did you think they were kidding about?'' he asked.
On the other hand, he does credit some of the major airlines for redesigning their Web sites to make it easier for award seekers to see when open dates are available, and at what cost in miles. 
''We now can get a much better look at the inventory,'' he said.
For those, typically business, travelers with large mileage accumulations looking for sensible ways to spend down account balances, he pointed to new international routes now being laid on by domestic carriers, many of them starting in the spring and summer.
''The best payoff for your miles, restricted or unrestricted, is an international premium-class ticket,'' he said. 
''That's the highest fare out there, even though it is outrageously overpriced. 
Airlines are going to be a lot more willing to deal for this summer, but remember that some of those routes they're adding on may not survive through the winter.''
So that's the smart money talking. 
Raid your mileage account. 
Take a friend to Australia for Christmas. 
Go see Berlin before it turns into London. 
Fly business class, swilling Champagne through the clouds and snoozing under cozy duvets on flat-bed seats. 
In short, if you got 'em, spend 'em.
Soon.",6,train,GWBUSH,GW Bush (2001-2008),CATEGORY_15,"train, wheels, miles"
"Last Stop, Lhasa_ Rail Link Ties Remote Tibet to China.txt","ï»¿
This weekend, China opened the world's highest railway, a 710-mile line that crosses the vertiginous Tibetan Plateau and forges a steel bond with the once-secluded Buddhist holy city of Lhasa.
The railway, inaugurated on Saturday by President Hu Jintao and top Communist Party cadres on a deluxe opening run, is an engineering marvel that traverses unstable permafrost and reaches more than 16,000 feet above sea level, higher than Mont Blanc in France.
Party officials have hailed the $4.1 billion project, which was decades in the making, as a milestone in its efforts to develop its vast, poor western region and bring an infusion of people and prosperity to remote Tibet.
But Tibetan and foreign critics say that the railway benefits Han Chinese, China's dominant ethnic group, at the expense of Tibetan natives. 
They argue that enhanced transportation links will accelerate a trend of Han-led economic development and smother Tibet's ancient spiritual culture, while undermining the pristine natural environment of its highlands.
''The overwhelming opinion among Tibetans is that the railway will consolidate Chinese control and bring in huge numbers of Han Chinese,'' said Tenzin Tsundue, an independent Tibetan writer who lives in India. 
''It will mean less employment and more destruction for Tibetans, not more opportunity.''
On Friday, three women from the United States, Canada and Britain were detained briefly after they climbed through a second-floor window at Beijing's main train station and unfurled a black-and-white banner that read, ''China's Tibet Railway, Designed to Destroy.''
Chinese officials defend the railway as vital to stimulating Tibet's development. 
They project it will double tourist revenues and reduce the cost of cargo transport by up to three-fourths.
''The completion of the Qinghai-Tibet railway is a significant piece of good news longed for by the people in Qinghai Province and the Tibetan Autonomous Region,'' Zhu Zhensheng, executive vice director of the Qingzang Railway Office of the Chinese Railway Administration, said in a news briefing this week. 
''The railway provides capacity for the quick flow of people, goods and information and will directly contribute to the development'' of the area.
Mao proposed extending a railway to Tibet after the People's Liberation Army invaded the territory and brought it firmly under Chinese control in 1951, sending the Dalai Lama, Tibet's spiritual leader, into exile.
The first section, from Beijing to Golmud in Qinghai Province, was completed in 1984.
But the 710-mile section connecting Golmud to Lhasa was delayed indefinitely. 
That section had to cross the Tibetan Plateau, survive extreme temperatures and stay fixed in the shifting permafrost of the highlands.
The plan was revived in 2001, when it was promoted as a crucial element of the Communist Party's Go West campaign. 
Engineers designed bridges to span the most treacherous area of permafrost and sank naturally cooled piping into the ground to keep the track bed frozen year-round, reducing instability.
Canada's Bombardier Inc. supplied specially outfitted train carriages that have artificial oxygen, like that used in aircraft, to prevent sickness among passengers at high altitudes.
A direct Beijing-to-Lhasa luxury train was officially unveiled Saturday to coincide with the 85th anniversary of the founding of the governing Communist Party. 
State news media have been promoting the train for weeks as a new feather in the cap of state engineers who also celebrated the formal completion of the Three Gorges Dam, the world's largest dam, this spring.
But the event is being tightly controlled by Chinese officials to ensure favorable coverage. 
They handpicked 40 foreign journalists to ride the first train. 
Other news organizations, including The New York Times, that bought train tickets independently were denied requisite permits to enter Tibetan territory.
Even at the official price of $4.1 billion, the railway is hard to justify in economic terms alone. 
Tibet's total gross domestic product in 2005 was $3.12 billion, so the payoff for the railway in terms of lifting economic activity would appear to lie decades in the future, if it ever comes.
Moreover, foreign engineers who have been involved with elements of the project, but asked not to be identified because they did not wish to offend their Chinese sponsors, say the railway will require heavy expenditures on maintenance and may be hard to run for more than a decade without an extensive overhaul.
Tibetans who have voiced reservations say they do not oppose the railway in principle but argue that it was conceived mainly to enhance China's economic and military control over the Tibetan region. 
They say it will also aid Chinese exploitation of mineral resources in the Tibetan highlands.
They say Chinese investment in other vital infrastructure, like roads to connect Tibetan towns and electrification of rural villages, remains a lower priority.
Even as they promote the rail line, Chinese officials still focus heavily on combating what they call Tibetan separatism, especially the resilient loyalty there to the Dalai Lama.
Zhang Qingli, who was recently appointed as the Communist Party's top official in Tibet, told party leaders there in May that they were engaged in ''a fight to the death'' against the Dalai Lama, according to The Tibet Daily.",6,train,GWBUSH,GW Bush (2001-2008),CATEGORY_15,"train, wheels, miles"
Long-Distance Train Expeditions on the Grand Scale.txt,"ï»¿
There's something about the romance of train travel that continues to give it an enduring appeal for many vacationers (well, except maybe for those people forced to take Amtrak). 
That's especially true when it comes to some of the world's most classic train routes.
Smithsonian Journeys is now offering three train expeditions complete with upscale meals, fine wine, deluxe sleeping cabins, expert lecturers and breathtaking scenery. 
Board the Trans-Siberian Express this September for 11 nights and take the world's longest railroad journey (6,135 miles) -- from the Sea of Japan to the Kremlin, crossing the Ural Mountains, the natural border between Asia and Europe, before ending up in Red Square -- all under the leadership of a Fulbright Scholar. 
Rates start at $8,695 a person based on double occupancy.
In October, a trip through the Middle Kingdom of China on the newly refurbished China Orient Express is being offered under the guidance of an art historian. 
The weeklong train journey links Hong Kong to the Himalayas and includes a cruise down the Li River; a visit to the Stone Forest, known as the first wonder of the world; and a stop in Inner Mongolia for dinner at the home of a local family. 
The trip ends with three days in Beijing. 
Rates are $8,790 a person based on double occupancy.
Those wishing to explore South Africa with two professors emeritus from the University of Cape Town may want to take a 16-day journey in April on the Rovos Rail. 
The expedition covers Victoria Falls in Zambia, above; a safari and a river cruise in Botswana; and a stop at the prison where Nelson Mandela was incarcerated. 
Rates begin at $10,450 a person based on double occupancy.
For information, call 877-338-8687 or visit www.smithsonianjourneys.org.",6,train,GWBUSH,GW Bush (2001-2008),CATEGORY_15,"train, wheels, miles"
Melting Mountain Majesties_ Warming in Austrian Alps.txt,"ï»¿
The jagged peak of the 11,361-foot mountain known as the Johannisberg looms against the sky at the end of a stunningly beautiful valley here in the Austrian Alps, and the Pasterze, Austria's biggest glacier, extends slowly downward and away from it for five miles.
The glacier is broad and grand, like the river of ice it is, and yet something about it is visibly not right, and you can tell right away what it is from the steep cable car that was built a bit more than 40 years ago to take tourists from the heights above down to the glacier itself.
''When it was built, it went right down to the glacier,'' recalled Erhard Trojer, owner of the Hotel Larchenhof in the nearby ski resort village of Heiligenblut.
But now, if you stand at the bottom of the cable car line and look down at the tourists disporting themselves on the glacier, it is as though you are looking at them from an airplane.
''It's going down from four to eight meters a year,'' or about 13 to 26 feet, said Mr. Trojer, who grew up in this valley. 
''In the early 1960's, they used to have a ski race every spring from the top of the Grossglockner to the bottom of the glacier.''
The Grossglockner, which looms above the Pasterze, is, at 12,460 feet, Austria's highest mountain.
''They can't do it anymore,'' Mr. Trojer said a bit sadly. 
''It's warmed up, and there isn't enough snow.''
Austria's glaciers -- there are 925 of them -- are shrinking fast, and as they shrink, this part of the world is slowly losing one of its many attractions, those rivers of ice that, figuratively and almost literally, reflect the grandeur of the mountains around them.
This is not happening only in Austria, of course. 
It's a worldwide phenomenon. 
One Chinese expert on glaciers, Yao Tandong, director of the Institute of Tibetan Plateau Research at the Chinese Academy of Sciences, has said that the glaciers in the Himalayas shrink annually by an amount equivalent to all the water in the Yellow River, Agence France-Presse has reported.
In Switzerland, Austria, and Germany, some ski resorts -- Ischgl, about 100 miles west of here, is one example -- are so eager to retain the glaciers that they are covering them with vast sheets of white, sun-reflecting insulation in order to save them.
All kinds of hazards are being predicted as consequences of the glacial shrinkage, among them the possibility that desert towns in China's Xinjiang Province, which depend on seasonal glacial melting, will lose their underground water supplies.
Two European geologists, Andrea Hampel of the University of Bern and Ralf Hetzel of the University of Munster, wrote in the journal Nature earlier this year that the retreat of glaciers could cause an increase in the number of earthquakes.
Other scientists have warned that lakes forming in the back of glaciers because of melting ice could burst through cracks in the glaciers and cause tsunami-like devastation to towns down below.
''The problem is that the permafrost is going away,'' Hans-Erwin Minor, of the Swiss Federal Institute of Technology in Zurich, said in a telephone interview. 
''And there will be instabilities in the mountains, debris flows, mud flows, erosion of loose material.''
Mr. Minor and other scientists attribute the speed of Pasterze's slow disappearance to the same global warming that is melting the polar ice caps. 
But they say that even without the impact of human activity the glacier would probably be shrinking anyway, as glaciers have always done in response to the earth's long cycles of relative warmth and cold.
''If you go back in history, there have been very large temperature changes,'' Mr. Minor said. 
''And now we are having a temperature change most likely influenced by man, and that accelerates the shrinkage. 
It's definitely the case that human action has an influence.''
The Pasterze is Austria's best-known glacier, attracting hundreds of thousands of visitors a year, who drive, motorcycle or bicycle over the Grossglocknerstrasse, an amazing mountain road open only in summer, that was built in the early 1930's to attract tourists to this region.
On a recent Thursday, there were so many visitors that the immense multistoried parking garage at Kaiser-Franz-Josefs-Hohe (Emperor Franz Joseph's Heights) was full, and people in cars on the road below had to wait up to an hour for a space.
Standing at the bottom of the tram and looking across the valley, a visitor can see a sort of divide, perhaps 150 yards above the valley floor, marking the highest point of the glacier's bed. 
A line demarcates the moss-covered rocky mountain above from a steeply slanted, crumbled moraine below. 
The swift, stone-colored stream emanating from the glacier's edge flows past.
The glacier records show that Pasterze reached its greatest extent in the middle of the 19th century and has been retreating ever since. 
At the moment it is 1.5 miles shorter than it was 150 or so years ago. 
A bit over four decades ago, when the tram was built to bring visitors to the glacier, it was almost 500 feet higher than it is now, which is why the people scrambling around on top of it look so small from the tram bottom now.
''Normally the snow on the glacier should be there until the middle of July,'' said Bernhard Pichler, who trained as a geologist and now works for the tourist office in Heiligenblut, a few miles away at the end of the Grossglocknerstrasse.
''If there is enough snow,'' he continued, ''the sun can melt some of it without reduction of the glacier, but we used to get five to seven meters of snow each winter and now we only get about three, and now the snow melts away by the beginning to middle of May.''
(Photo by Sammlung Gesellschaft fur okologische Forschung)Map of Austria highlighting Kaiser-Franz-Josefs-Hohe: Kaiser-Franz-Josefs-Hohe offers access to the Pasterze glacier.",6,train,GWBUSH,GW Bush (2001-2008),CATEGORY_15,"train, wheels, miles"
"Sentimental or Not, a Steam-Powered Journey Is Ending.txt","ï»¿
At one end of the rail yard, mechanics with two-foot-long wrenches fuss lovingly over the workings of a handful of black steam locomotives, while other workers load them up with coal or wipe their huge, cylindrical air compressors clean with large rags.
The men in the old yard seem more like boys, taking turns tooling up and down the tracks under a gray and drizzling sky, blowing off huge white jets of steam and sounding their shrill whistles for no better reason than the sheer fun of it.
The moment lent a special poignancy to their play, for these are the final days of steam on the Jitong railway, a 567-mile line in the province of Inner Mongolia that rail experts say is the last mainline steam-powered railroad anywhere in the world. 
Sometime in October, perhaps just as the first snows fall, the last of these coal-fired behemoths will pull out of the yard for a final run, to be replaced by a shiny new diesel.
''These trains are the best,'' said Gao Hongbo, 35, as he escorted a visitor into the toasty engine room, opening flaps to reveal the red hot coals in the belly of the beast. 
''I don't know why they don't want to use them anymore.''
In fact, Mr. Gao knew very well. 
Indeed, all the men in the yard knew. 
Along the hectic road to something called progress, there is very little time for sentimentality. 
Diesel trains are cheaper to operate and maintain, haul bigger loads and run at faster speeds. 
It is as simple as that.
''As the end approaches, I'm feeling strong feelings,'' Mr. Gao said. 
''It means an era is coming to an end, since foreign countries don't have these anymore. 
Now is the time for development, and we've got a lot of catching up to do, but my heart tells me these things aren't bad.
''They're just a little dirty, but there's not much harm in that.''
From the workers to the passengers who ride this line, which cuts through vast open expanses of farmland, planted in corn, millet and sunflowers and framed by mountains and narrow roads lined with yellowing poplars, Mr. Gao was one of the few people to express any sentiment at all in the matter.
But international train buffs are already in mourning as they count down the days until the steam whistles are silenced and the old, strangely animate black locomotives with their huge crimson wheels are auctioned off for scrap metal.
''They seem almost like beasts, don't they?'' asked Gary Hunter, a rail enthusiast from Tucson who has written about the Jitong line for train magazines and has visited China six times, mostly to experience what has become a rare and disappearing phenomenon. 
''You stand close to one on the line, and it gives off heat. 
The compressors pant.
''When it's going up a steep grade, the rods are going back and forth in a cyclic motion and the thing strains and grunts,'' he continued. 
''To my mind, there is nothing more romantic. 
You can hear them from afar, and they speak to us of the ability to travel to distant places and feel mystical things.''
China is a train lover's paradise, crisscrossed by nearly 43,000 miles of operating tracks, with more coming on line every day as the country rushes to open up isolated areas of the interior to cheap passenger and freight traffic. 
The country has its own rail fans, too, even if the passing of the steam era on the Jitong railway has received little notice.
On a recent night, the Jitong train was crammed with riders heading home for an extended national holiday. 
There were revelers, straight-faced poker players, drunks sprawled over benches and college students chatting one another up.
''Last year I went to Xinjiang with a bunch of friends, and we took the train,'' said Xie Lan, a Jilin University student. 
''Some of my friends wanted to fly, but a couple of us insisted that we take the train, and it was so beautiful. 
What can you see from an airplane?''
As she spoke, thick plumes of steam, braided and ghostly against the blackened night sky, wafted alongside the train, accompanied by a gently hypnotic clickety-clack. 
The student, though a train buff, was unaware that the steam engines were on their last journeys.
Told of this, Mr. Hunter said: ''Nobody really noticed their disappearance in the United States in the 1950's, either. 
It's just bigger and better, progress marching on.''
Inner Mongolia came by its steam locomotives rather late, buying them cheaply in the early 1990's when the rest of China was going diesel. 
The province is poor, but has plentiful coal. 
Trains like these were first built in China in 1956, based on a Soviet design, which itself was based on an American design for a train that used to run along the Hudson River in the 1930's.
In a huge hangar at the end of the rail yard, on a platform coated with black oil and heavy, yellowish grease, a crew of mechanics is completing one of the last overhauls these trains will ever see.
''I don't feel a strong sense of regret about this,'' said Niu Yunpeng, a 37-year-old mechanic and 10-year veteran of the line. 
''I just feel a small sense of pity, since steam trains have existed for so long, and then all of the sudden, they'll disappear here in Daban. 
It's something hard to express.''",6,train,GWBUSH,GW Bush (2001-2008),CATEGORY_15,"train, wheels, miles"
What I Did On My Summer Vacation.txt,"ï»¿
BYRON LANGFORD, 16, of Darien will teach English to children in China. 
Matt Doyle, 17, of Fairfield will combine trekking and construction work in Thailand. 
Jake Conway, 16, leaves West Hartford on June 20 for Guatemala, where he, too, will mix community service and sightseeing.
The companies that organize these trips said that teenagers have been signing up in record numbers. 
Where There Be Dragons of Boulder, Colo., and i-to-i of Denver said they were having their best year ever. 
So is Rustic Pathways of Willoughby, Ohio, which said applications have been growing 50 percent a year. 
Global Routes of Northampton, Mass., will be sending 315 students on trips this summer, the most in the company's 19-year history, and had to turn students away.
''Touring has moved from the central part of the activity to being very much secondary,'' said David Venning, founder of Rustic Pathways, which has run summer programs for teenagers for 25 years. 
''It used to be 'Let's tour France.'
Now it's 'Let's go work on an irrigation project on the Mekong River.'''
These trips can be expensive. 
A five-week trip to Ecuador, including a visit to the Galapagos Islands, for example, costs $5,350. 
Once air fare and spending money are added, families could spend about $6,400 to send their children overseas to do unpaid volunteer work.
The teenagers and their parents said the expense is worth it. 
The students soak up foreign languages and unfamiliar customs, while doing community service. 
As one mother said: ''They do have to get out of their environment and reflect on those things that money doesn't buy. 
It's not their fault they come from Fairfield County.''
It is also not lost on participants that the experiences could look good to a college. 
The volunteer work often ends up on college applications and as the subject of college essays. 
While college admissions officers said the programs do not materially improve an applicant's chances, college consultants said the perception is that they do.
''I always say, 'Don't do it for college,''' said Matthew Greene, an independent educational consultant at Howard Greene and Associates in Westport and New York. 
''Families are letting the tail wag the dog, trying to put a community-service veneer on the student. 
Kids detest that. 
Colleges have become very cynical about students who spend a lot of money going far away to do service and travel that they think will impress colleges.''
The reasons to join excursions like these are for the self-development and maturity a student can gain, or for language immersion, the reasons these programs were developed in the first place, he said.
Byron Langford, a sophomore at St. Luke's School in New Canaan who also has lacrosse camp and summer school on his calendar, said his trip to China will probably be the subject of his college essay, ''but I'm doing it for myself, too.''
His school requires 80 hours of community service to graduate, and to fill those hours, he wanted one in-depth project.
''This trip was something I could relate to, having lived in Singapore for four years,'' he said. 
''I think it will teach me lessons about how other people live.''
The two-week trip, run by Cross-Cultural Solutions of New Rochelle, will cost $2,279 plus air fare, and his sister, Annie, 14, and mother, Florence, are going, too.
For Thailand-bound Matt Doyle, this is his third overseas trip in as many summers. 
He has heard these working vacations ''are definitely an extra point or so'' with colleges, but that's not why he goes.
''I do it because I enjoy community service and going to exotic places,'' said Matt, a junior at Greens Farms Academy in Westport who is traveling with Global.
Priya Chandrasekaran, a Global program director, said all of their programs were full.
''We've turned people away,'' she said. 
''The Spanish immersions are really popular.''
The favorite is a four-week Costa Rica trip, $3,850 plus air fare and a suggested $400 materials fee.
Teenagers from the Northeast and California make up the majority of high school students traveling to developing countries with Where There Be Dragons, said Emily Braucher, associate marketing director. 
''Our programs are challenging emotionally and physically,'' she said, adding that students looking solely to pad a resume ''are usually not the best fit.''
Chris Lewine, 17, this year's salutatorian at Weston High School, resents it when people suggest his five-week trip to Ghana last summer was a resume builder.
''It's a sensitive subject,'' he said. 
''I cannot deny that it probably helped my application and I would not deny that it was one of my reasons for going, but it was not at the top of my list. 
I love travel, I love foreign cultures and I love community service. 
It was not just a ploy to get into Yale,'' where he is headed in August.
Building a dozen public latrines and a basketball court and painting a mural of a world map at a school were some of the tasks he tackled in a village ''where there were more goats than people,'' said Chris, who wants to major in international studies.
The teenagers stayed in pairs with local families, learning their ways and teaching them about hygiene and composting, with the help of a translator. 
''The last day there was an enormous celebration to thank us,'' he recalled.
The final week, ''our reward,'' he said, included a walking safari and a stay at a beach resort. 
''I had an amazing time,'' he said.
Chris's younger brother, Nico, junior class president at Weston High, will spend July in Thailand, on the same trip as Matt Doyle, building a water tank and community center. 
''I hope to gain a new perspective,'' said Nico, who also volunteers with his church youth group. 
The cost: $4,050 plus air fare to Bangkok.
College counselors said summer can make or break a college application. 
If all else is equal, and one kid is working on a tan while another tackles something serious, the one doing meaningful work will get the spot, said Katherine Cohen of IvyWise, an educational consulting company in New York. 
But for community service to look meaningful, it should be done over a period of years, not in one three-or four-week chunk, she said. 
Any trip abroad should be at least six weeks to be significant and should reflect a student's particular interests.
And what about those who can't afford the luxury of foreign travel or must earn money over the summer?
''If you're a low-income kid working at McDonald's, that's something we value,'' said Richard Shaw, dean of admissions and financial aid at Yale. 
Similarly, Mr. Greene said he has read ''powerful essays'' about summer jobs at coffee shops and diners.
A strong academic program and good performance within that program account for 80 percent of the admissions decision, Mr. Greene said. 
''It's only when the academics are in place that extracurriculars will make a difference,'' he said. 
''These are called tipping factors.''
Those tipping factors need not include costly travel. 
Opportunities for volunteer work exist in cities all over the state, Mr. Greene said.
At Yale, where only 9.7 percent of the 19,451 applicants were accepted this year, Mr. Shaw said an expensive community service trip is ''just another factor among many we would look at. 
It doesn't carry a lot of weight.''
If students do what makes them happy, that will come through on the application, he said.
Trinity College in Hartford seeks evidence that students will contribute on campus and off, said Larry Dow, dean of admissions and financial aid. 
''This particular college is very much interested in making the connection to its urban surroundings and the global community,'' he said. 
One working vacation by itself may not tip the balance, but a folder that shows a ''commitment to civic matters'' earns high marks. 
Of 5,700-plus applicants, slightly more than 2,000 were admitted this year, he said.
Parents said they believed their children were broadening their cultural awareness by volunteering overseas.
''Education is more than classrooms and getting an A on something,'' said Dr. Stephen Conway, a neurologist from West Hartford. 
''We want our children to become more worldly and see how the rest of the world lives.''
His son, Jake, 16, went to Spain after eighth grade to learn Spanish. 
Last year, Jake spent six weeks in Mexico on a study-work program, helping out in a camp for disabled children.
''It was an unbelievable cultural experience,'' said Jake, 16, a sophomore at Hall High School. 
This summer, Jake sought something ''even more rural, intense and cultural,'' and selected a four-week $5,000 trip to Guatemala.
As proof these journeys are not just a steppingstone to an elite learning institution, Dr. Conway pointed to his daughter, Sarah, a senior who was accepted at Amherst College, but deferred enrollment for a year, preferring to first study and do community service in Spain and Costa Rica.
For some students, service precedes travel. 
Victoria Stockman, 17, president of the China Care Club at Greenwich Academy, where she is a junior, has helped raise money for Chinese orphans since her freshman year. 
She and 10 others from the school and their brother school, Brunswick School, will travel to Beijing and Taiyuan this month to work at children's homes that are run by China Care and orphanages. 
They will also determine how best to allocate $7,000 they collected this year through sales of T-shirts and baked goods.
Being there ''is very empowering,''' said Matt Dalio, a Harvard junior from Greenwich who started China Care when he was 16 and marvels at its growth to more than 20 clubs and a $1 million operating budget. 
Most club members are passionate about China Care, Victoria said. 
If a few are traveling just to impress colleges, that doesn't bother her. 
''At least the community service is getting done,'' she said.
Troy Peden, founder and editor of GoAbroad.com, a Web site that provides a directory of 22,000 study-abroad and community-service organizations, said that companies in business for as many as 20 years now market to high school students, instead of just to college students.
''Parents of today's teens were the first generation to have foreign study programs widely available, and they value similar opportunities for their children,'' said Mr. Peden, the study-abroad director at Jacksonville University in Florida. 
''There isn't any profession that the resume doesn't look better with international experience.''",6,train,GWBUSH,GW Bush (2001-2008),CATEGORY_15,"train, wheels, miles"
"Wheels of Fortune, on a Roll.txt","ï»¿
The London Eye Ferris wheel, inaugurated on Dec. 
31, 1999, was only meant to stay a few years. 
But almost immediately, it was clear that the 443-foot Eye would be a keeper.
Its success, in turn, has reinvigorated demand for Ferris wheels. 
Similar ''observation wheels,'' a name that has come back into vogue, have recently opened or are being built in Malaysia; Manchester, England; Singapore; and Melbourne, Australia, with others planned for Berlin, Dubai, Beijing and Orlando, Fla.
And as with skyscrapers, a heated competition is under way for the world's tallest. 
Last year, China's 525-foot Star of Nanchang took that distinction from the London Eye. 
The 541-foot Singapore Flyer will eclipse the other two in early 2008, followed soon after -- in time for the 2008 Summer Olympics -- by the 682-foot Great Beijing Wheel.
The big wheels are also big business. 
On average, about 3.5 million people a year, or 10,000 a day, pay $30 or more for a half-hour spin on the London Eye. 
The Singapore Flyer will be able to carry 27,000 passengers a day, with each ride costing about $20, or more for options like express boarding or Champagne. 
Although the Flyer is not scheduled to open until March, its first three months are already fully booked.
Cities also love the wheels. 
They bring in tourists and create jobs, and offer an easy way to stand out. 
''These wheels are becoming their icon de jour,'' said Dennis L. Speigel, president of International Theme Park Services, a consultant in Cincinnati. 
''And success breeds the development of other wheels in other cities.''
The newest observation wheels frequently form part of a larger development project. 
Visitors to the wheels in Singapore and Melbourne, for example, will be able to meander though shops, restaurants and other entertainment as they wait for their ''flight,'' a contrast to the glacially slow queue that snakes outside the London Eye.
The sponsorship possibilities are also rich. 
Last month, the British Airways London Eye, as it is officially known, was used to promote the movie ''Fantastic Four: Rise of the Silver Surfer.''
A 100-foot likeness of the surfer was affixed to the center of the Eye, as the film's stars did their interviews in the wheel's capsules. 
And the pods on the new wheel that spins atop the Dream Mall, a huge shopping complex that opened this spring in Kaohsiung, Taiwan, are decorated with images of the popular cartoon character Hello Kitty.
Unlike the seating in their older counterparts, the observation wheels feature climate-controlled, rotating capsules that can hold up to 40 people, and can be reserved for business meetings, birthdays and weddings. 
Capsule amenities include leather seats, plasma screens, refrigerators and bars.
The new wheels also spin more slowly, allowing passengers to board without the wheel's being stopped. 
The London Eye, for example, revolves at a leisurely 0.6 mile an hour. 
The 394-foot Sky Dream Fukuoka in Japan even advertises this lazy pace as a selling point -- it helps ensure ''maximum kissing time.''
In fact, slow speeds have long been the norm in Japan, where Ferris wheels have enjoyed a unique popularity. 
''After World War II, they were a symbol of our economic recovery,'' said Yuko Fukui, who wrote a book on the history of Ferris wheels. 
''In Western countries, they're more thrilling, like a roller coaster. 
However, in Japan, they've always been more like the new observation wheels.''
Structurally, the wheels rising up today still bear much in common with the original, designed by the civil engineer George W. Ferris for the 1893 Chicago World's Fair. 
It was presented as America's answer to the Eiffel Tower (which opened in 1889 and, like the London Eye, was meant as a temporary structure).
Even by modern standards, Ferris's original was no slouch: for 50 cents apiece, nearly 1,500 passengers at a time could ascend to 264 feet. 
The biggest wheel in the United States today is the comparatively modest Texas Star at the State Fair of Texas, in Dallas. 
At 212 feet, it fails to top even the Riesenrad in Vienna, which was made famous in the 1949 film ''The Third Man'' and is still operating 110 years after its construction.
Before the recent renaissance, times were tough on Ferris wheels, especially in the United States and Europe. 
According to Norman Anderson, a retired professor at North Carolina State University who wrote the book ''Ferris Wheels: An Illustrated History,'' neither Disneyland (which opened in 1955) nor Walt Disney World (1971) deigned to include one. 
And as increasingly spectacular theme park rides set the tone in the 1970s and '80s, traditional attractions like Ferris wheels and carousels fell out of favor.
''Almost every carnival and state fair, even the church bazaars, had a Ferris wheel,'' Mr. Anderson said. 
''But the problem is that the things are so well-built they last forever, so there wasn't a lot of economic encouragement to build new ones.''
Mr. Speigel, of the International Theme Park Services, agreed. 
''They became somewhat passe in the mid-70s,'' he said. 
''Nobody was putting them in anymore, and we didn't see any activity there until really the success of the London Eye.''
Since then, he said, the boom has been ''similar to what happened in the roller coaster industry, when steel roller coasters started getting higher and higher. 
Now the wheels are getting larger and larger in diameter, and I'm not sure where it's going to end.''
In that respect, the sky is the limit. 
According to several engineers, the wheels could theoretically get as tall as any building. 
''Technically there are ways,'' said Roy Vocking, vice president of Ride Trade International, a company based in Liechtenstein that builds amusement rides. 
''You can build it in concrete, and it can be any height you want,'' he said.
But bigger is not always better. 
''These very big wheels of over 120 meters are costing around a hundred to two hundred million dollars,'' he said. 
''So if you're not going to get millions of people through a year, it doesn't make economic sense to build them.''
The call of nature is another barrier to height. 
''The biggest constraint is the amount of time people need to be away from the toilet,'' Mr. Vocking said. 
A spokesman for Mitsubishi Heavy Industries, another builder of giant wheels, said studies indicate 35 to 45 minutes is the longest people are willing to wait.
Indeed, ''half an hour is a good time to experience a good view,'' said Florian Bollen, the chairman of the Great Wheel Corporation, a company developing many of the newest wheels. 
''Everything beyond that gets kind of repetitive.''
''I think we are now already stretching toward the limits,'' he added. 
''I think that the 208 meters in Beijing is not going to be topped very quickly.''
So now some wheels are competing on novelty, rather than size. 
The Tianjin Eye, a wheel planned in China for next year, will be built on a traffic bridge, with cars passing on either side. 
Big wheels on the roofs of department stores have become a fixture in Japan and Korea, and in 2005 Ride Trade built an oval wheel on the facade of a gambling parlor in Osaka.
''The developers want something to make their particular attraction stand out,'' Mr. Vocking said, adding that Ride Trade had even received a recent request for a figure-8 shaped wheel.
At the same time, relatively smaller (and often portable) observation wheels are also quietly rising in cities like York, England, and Belfast, Northern Ireland. 
In North America, the first next-generation observation wheel is the 175-foot Niagara SkyWheel, which opened last summer on the Canadian side of the Niagara Falls.
''At the end of the day, it all comes down to location,'' Mr. Vocking said. 
''If you have the location and an interesting iconic attraction which will enable you to have a bird's-eye view of the area, success is almost guaranteed.''",6,train,GWBUSH,GW Bush (2001-2008),CATEGORY_15,"train, wheels, miles"
