file,file_path,avg_positive,avg_negative,positive_count,negative_count,num_sentences
1 BILLION IN SALES OF HIGH-TECH ITEMS TO CHINA BLOCKED.txt,/content/drive/MyDrive/extracted_files/clinton_93-00/1 BILLION IN SALES OF HIGH-TECH ITEMS TO CHINA BLOCKED.txt,0.9119341572125753,0.982061191841408,9,27,36
12 Intellectuals Petition China On Corruption.txt,/content/drive/MyDrive/extracted_files/clinton_93-00/12 Intellectuals Petition China On Corruption.txt,0.9731332957744598,0.951248824596405,10,26,36
16 Foreign Law Firms Cleared To Open Offices in China.txt,/content/drive/MyDrive/extracted_files/clinton_93-00/16 Foreign Law Firms Cleared To Open Offices in China.txt,0.9620195190111797,0.935991145670414,15,16,31
18 Chinese Are Held in Ring To Smuggle Human Cargo.txt,/content/drive/MyDrive/extracted_files/clinton_93-00/18 Chinese Are Held in Ring To Smuggle Human Cargo.txt,0.9813562333583832,0.9553606919944286,4,16,20
1_1_00_ AROUND THE WORLD_Ancient Temple in Tokyo Rings In Just a New Year.txt,/content/drive/MyDrive/extracted_files/clinton_93-00/1_1_00_ AROUND THE WORLD_Ancient Temple in Tokyo Rings In Just a New Year.txt,0.9480098618401421,0.9046787656843662,27,16,43
2 Republican Senators Caution Hillary Clinton on China Trip.txt,/content/drive/MyDrive/extracted_files/clinton_93-00/2 Republican Senators Caution Hillary Clinton on China Trip.txt,0.9065924882888794,0.9552958661859686,4,11,15
200 Killed in Quake in Southwest China.txt,/content/drive/MyDrive/extracted_files/clinton_93-00/200 Killed in Quake in Southwest China.txt,,0.9364141722520193,0,6,6
200 Vietnamese Refugees Flee Detention Camp in Hong Kong.txt,/content/drive/MyDrive/extracted_files/clinton_93-00/200 Vietnamese Refugees Flee Detention Camp in Hong Kong.txt,0.9228484034538269,0.9531552599322412,7,31,38
3 Chinese Attacked On Bus in Slovakia.txt,/content/drive/MyDrive/extracted_files/clinton_93-00/3 Chinese Attacked On Bus in Slovakia.txt,,0.9618935406208038,0,10,10
64 Are Indicted as Gangsters In Chinatown.txt,/content/drive/MyDrive/extracted_files/clinton_93-00/64 Are Indicted as Gangsters In Chinatown.txt,0.8519617438316345,0.9702483251177031,5,29,34
A China Dissident_s Ordeal_ Back to the Mental Hospital.txt,/content/drive/MyDrive/extracted_files/clinton_93-00/A China Dissident_s Ordeal_ Back to the Mental Hospital.txt,0.8602447463915899,0.9672061562538147,13,45,58
A Chinese Bias Against Girls Creates Surplus of Bachelors.txt,/content/drive/MyDrive/extracted_files/clinton_93-00/A Chinese Bias Against Girls Creates Surplus of Bachelors.txt,0.9661411762237548,0.9352354894984852,30,44,74
A Chip Plant That Is Full Of Symbolism.txt,/content/drive/MyDrive/extracted_files/clinton_93-00/A Chip Plant That Is Full Of Symbolism.txt,0.9553788931746232,0.9268751442432404,19,14,33
A Designer_s Careful Leap to Success.txt,/content/drive/MyDrive/extracted_files/clinton_93-00/A Designer_s Careful Leap to Success.txt,0.9466820517007042,0.9252867008510389,34,19,53
A DIRECTORY OF CRUISES WORLDWIDE_The Yangtze_s Gorges.txt,/content/drive/MyDrive/extracted_files/clinton_93-00/A DIRECTORY OF CRUISES WORLDWIDE_The Yangtze_s Gorges.txt,0.9682637708527702,0.9340702817763811,63,81,144
A Forum on Women Is Vexed By Chinese Security Officials.txt,/content/drive/MyDrive/extracted_files/clinton_93-00/A Forum on Women Is Vexed By Chinese Security Officials.txt,0.961951059954507,0.9372666031122208,7,20,27
A Good-Humored Chinese Premier Arrives for U.S. Visit.txt,/content/drive/MyDrive/extracted_files/clinton_93-00/A Good-Humored Chinese Premier Arrives for U.S. Visit.txt,0.9623512483778454,0.9700004085898399,21,16,37
A HALF-CENTURY IN CHINA_The Bright Young Stars of China_s Future.txt,/content/drive/MyDrive/extracted_files/clinton_93-00/A HALF-CENTURY IN CHINA_The Bright Young Stars of China_s Future.txt,0.982472463087602,0.9259270429611206,11,3,14
A LA CARTE_Chinese Cooking Without the Deep Frying.txt,/content/drive/MyDrive/extracted_files/clinton_93-00/A LA CARTE_Chinese Cooking Without the Deep Frying.txt,0.978485486856321,0.9456842429935932,41,16,57
A Litany of Abuses.txt,/content/drive/MyDrive/extracted_files/clinton_93-00/A Litany of Abuses.txt,0.9504303274483517,0.9923908898704931,29,19,48
A Long March to Capitalism.txt,/content/drive/MyDrive/extracted_files/clinton_93-00/A Long March to Capitalism.txt,0.9469221165547004,0.974142845796079,26,49,75
A Major Hong Kong Bank Is Forced to Close Its Doors.txt,/content/drive/MyDrive/extracted_files/clinton_93-00/A Major Hong Kong Bank Is Forced to Close Its Doors.txt,0.9484491050243378,0.9787103986740112,4,25,29
"A Mini-Hong Kong, From Scratch.txt","/content/drive/MyDrive/extracted_files/clinton_93-00/A Mini-Hong Kong, From Scratch.txt",0.9677854537963867,0.9692689162843368,30,34,64
A Perfect Madness of Plants.txt,/content/drive/MyDrive/extracted_files/clinton_93-00/A Perfect Madness of Plants.txt,0.9436390455563863,0.9318662521974096,75,53,128
A Savory Guide To the Exotica Of Chinatown_s Food Vendors.txt,/content/drive/MyDrive/extracted_files/clinton_93-00/A Savory Guide To the Exotica Of Chinatown_s Food Vendors.txt,0.9114253010068621,0.9613711126148701,42,48,90
A Specialist In Esthetics Of Offbeat Violence.txt,/content/drive/MyDrive/extracted_files/clinton_93-00/A Specialist In Esthetics Of Offbeat Violence.txt,0.9607713248994615,0.9645586934956637,45,33,78
A Top Dissident Flees China And Is Admitted to the U.S.txt,/content/drive/MyDrive/extracted_files/clinton_93-00/A Top Dissident Flees China And Is Admitted to the U.S.txt,0.9441725611686707,0.9424272435052055,6,14,20
A Trove of Ethnic Delicacies.txt,/content/drive/MyDrive/extracted_files/clinton_93-00/A Trove of Ethnic Delicacies.txt,0.9871026040876613,0.9388897940516472,68,16,84
A VISIT FROM CHINA_ NEW SPY CASE_Intelligence Report Points To 2d China Nuclear Leak.txt,/content/drive/MyDrive/extracted_files/clinton_93-00/A VISIT FROM CHINA_ NEW SPY CASE_Intelligence Report Points To 2d China Nuclear Leak.txt,0.9238428605927361,0.9551048461467989,18,62,80
A.T.&T. China Venture.txt,/content/drive/MyDrive/extracted_files/clinton_93-00/A.T.&T. China Venture.txt,0.9724728167057037,0.5063483715057373,2,1,3
Administration Details Defense Of Controls on Satellite Exports.txt,/content/drive/MyDrive/extracted_files/clinton_93-00/Administration Details Defense Of Controls on Satellite Exports.txt,0.9039913782706628,0.9392854848078319,13,28,41
"After 50 Years, China Youth Remain Mao_s Pioneers.txt","/content/drive/MyDrive/extracted_files/clinton_93-00/After 50 Years, China Youth Remain Mao_s Pioneers.txt",0.9807307422161102,0.9475226461887359,30,10,40
"After Crackdown, Smugglers Of Chinese Find New Routes.txt","/content/drive/MyDrive/extracted_files/clinton_93-00/After Crackdown, Smugglers Of Chinese Find New Routes.txt",0.8973400734719776,0.9421411114079612,21,28,49
"After Four Decades of Bitterness, China and Taiwan Plan to Meet.txt","/content/drive/MyDrive/extracted_files/clinton_93-00/After Four Decades of Bitterness, China and Taiwan Plan to Meet.txt",0.9694792543138776,0.911029902100563,14,20,34
"After Signing Rights Pact, China Begins a Crackdown.txt","/content/drive/MyDrive/extracted_files/clinton_93-00/After Signing Rights Pact, China Begins a Crackdown.txt",0.9301172622612545,0.9421203268898858,14,27,41
AIDE TO FIRST LADY WAS GIVEN CHECK AT WHITE HOUSE.txt,/content/drive/MyDrive/extracted_files/clinton_93-00/AIDE TO FIRST LADY WAS GIVEN CHECK AT WHITE HOUSE.txt,0.9034253264728346,0.9701084401458502,19,32,51
Aides Meet Today on Dispute Over Sales to Iran and China.txt,/content/drive/MyDrive/extracted_files/clinton_93-00/Aides Meet Today on Dispute Over Sales to Iran and China.txt,0.998224675655365,0.9533508745106783,1,22,23
"AIDS Surge Is Forecast for China, India and Eastern Europe.txt","/content/drive/MyDrive/extracted_files/clinton_93-00/AIDS Surge Is Forecast for China, India and Eastern Europe.txt",0.9572826524575552,0.9392719388008117,12,20,32
Air Safety Seeks to Keep Up With Growth_China Sends Controllers to U.S. To Improve English Proficien.txt,/content/drive/MyDrive/extracted_files/clinton_93-00/Air Safety Seeks to Keep Up With Growth_China Sends Controllers to U.S. To Improve English Proficien.txt,0.9128148133556048,0.942067337307063,24,44,68
"Amendment Killed, Way Is Cleared for China Trade Bill.txt","/content/drive/MyDrive/extracted_files/clinton_93-00/Amendment Killed, Way Is Cleared for China Trade Bill.txt",0.9886122532188892,0.9110801915327708,16,18,34
American Deported From China Kept Secret Diary of Life in Jail.txt,/content/drive/MyDrive/extracted_files/clinton_93-00/American Deported From China Kept Secret Diary of Life in Jail.txt,0.9573525369167328,0.9576905724164602,20,37,57
American Symbols Loom Large in China.txt,/content/drive/MyDrive/extracted_files/clinton_93-00/American Symbols Loom Large in China.txt,0.8799843788146973,,1,0,1
"Americans Enjoy 70 Healthy Years, Behind Europe, U.N. Says.txt","/content/drive/MyDrive/extracted_files/clinton_93-00/Americans Enjoy 70 Healthy Years, Behind Europe, U.N. Says.txt",0.969179644034459,0.959197461605072,13,13,26
Ancient Chinese Craft Shifts Building Designs in the U.S.txt,/content/drive/MyDrive/extracted_files/clinton_93-00/Ancient Chinese Craft Shifts Building Designs in the U.S.txt,0.9488399907162315,0.9563976609429647,38,43,81
Ancient Chinese Find.txt,/content/drive/MyDrive/extracted_files/clinton_93-00/Ancient Chinese Find.txt,0.9802756607532501,0.8607910573482513,2,2,4
ANNUAL U.N. RITUAL CONDEMNING CHINA LOSES U.S. SUPPORT.txt,/content/drive/MyDrive/extracted_files/clinton_93-00/ANNUAL U.N. RITUAL CONDEMNING CHINA LOSES U.S. SUPPORT.txt,0.9080577343702316,0.9826894909143448,16,20,36
Another China Trust Risks Insolvency.txt,/content/drive/MyDrive/extracted_files/clinton_93-00/Another China Trust Risks Insolvency.txt,,0.9750296249985695,0,8,8
Another Opportunity On China for Clinton.txt,/content/drive/MyDrive/extracted_files/clinton_93-00/Another Opportunity On China for Clinton.txt,0.6922236084938049,0.9965038100878397,1,3,4
ANTIQUES_Tang Horses Are Out In Full Force.txt,/content/drive/MyDrive/extracted_files/clinton_93-00/ANTIQUES_Tang Horses Are Out In Full Force.txt,0.9607685751385159,0.9509219949444135,45,24,69
AOL Merger Is Unlikely to Reshape AsianInternet Business.txt,/content/drive/MyDrive/extracted_files/clinton_93-00/AOL Merger Is Unlikely to Reshape AsianInternet Business.txt,0.9188407687913804,0.9801748626761966,21,18,39
Appeal for China Dissident.txt,/content/drive/MyDrive/extracted_files/clinton_93-00/Appeal for China Dissident.txt,0.9559314250946045,0.9839469194412231,1,3,4
Apple Juice Trade Dispute.txt,/content/drive/MyDrive/extracted_files/clinton_93-00/Apple Juice Trade Dispute.txt,,0.982245534658432,0,4,4
Approaches To Tibet.txt,/content/drive/MyDrive/extracted_files/clinton_93-00/Approaches To Tibet.txt,0.9338512162904482,0.9274983581374673,37,85,122
ART_A Painter_s Images of Mao as Reflected in a Changing China.txt,/content/drive/MyDrive/extracted_files/clinton_93-00/ART_A Painter_s Images of Mao as Reflected in a Changing China.txt,0.9352328291064814,0.9521667544658368,38,13,51
"ART_Maybe Not on the High Road, but They Travel Well.txt","/content/drive/MyDrive/extracted_files/clinton_93-00/ART_Maybe Not on the High Road, but They Travel Well.txt",0.9651255137645282,0.936214382831867,52,26,78
"ART_Works From China, Many Political but Conveyed With Wit.txt","/content/drive/MyDrive/extracted_files/clinton_93-00/ART_Works From China, Many Political but Conveyed With Wit.txt",0.9613845777511597,0.9664231383282206,25,23,48
"As a Pampered Generation Grows Up, Chinese Worry.txt","/content/drive/MyDrive/extracted_files/clinton_93-00/As a Pampered Generation Grows Up, Chinese Worry.txt",0.9451131114253292,0.9684329137206078,27,40,67
"As Avian Flu Spreads, China Is Seen as Its Epicenter.txt","/content/drive/MyDrive/extracted_files/clinton_93-00/As Avian Flu Spreads, China Is Seen as Its Epicenter.txt",0.9508059869209925,0.9565118238329887,12,40,52
"As China Threatens Taiwan, It Makes Sure U.S. Listens.txt","/content/drive/MyDrive/extracted_files/clinton_93-00/As China Threatens Taiwan, It Makes Sure U.S. Listens.txt",0.895746397972107,0.9499816134058195,15,29,44
"As Dalai Lama Woos Beijing, Tibetans Pray for His Return.txt","/content/drive/MyDrive/extracted_files/clinton_93-00/As Dalai Lama Woos Beijing, Tibetans Pray for His Return.txt",0.9704016673153845,0.9334588507811229,29,30,59
"As North Korea Defector Hides in China, Another Is Shot in Seoul.txt","/content/drive/MyDrive/extracted_files/clinton_93-00/As North Korea Defector Hides in China, Another Is Shot in Seoul.txt",0.9510805010795593,0.9771747410297393,1,20,21
"As Taiwan Votes in Close 3-Way Race Today, a Weak Government Is the Likeliest Outcome.txt","/content/drive/MyDrive/extracted_files/clinton_93-00/As Taiwan Votes in Close 3-Way Race Today, a Weak Government Is the Likeliest Outcome.txt",0.9529844576662237,0.978873017856053,22,35,57
ASIA-PACIFIC ISSUE_A WORLD OF CHOICES_ Taipei.txt,/content/drive/MyDrive/extracted_files/clinton_93-00/ASIA-PACIFIC ISSUE_A WORLD OF CHOICES_ Taipei.txt,0.967625250418981,0.9854055245717367,12,3,15
ASIA-PACIFIC ISSUE_Dancing and Skiing With the Yaks.txt,/content/drive/MyDrive/extracted_files/clinton_93-00/ASIA-PACIFIC ISSUE_Dancing and Skiing With the Yaks.txt,0.9551367734159742,0.9416307445083346,70,84,154
Asia-Pacific Issue_Journey to a Sacred Mount.txt,/content/drive/MyDrive/extracted_files/clinton_93-00/Asia-Pacific Issue_Journey to a Sacred Mount.txt,0.9625253230333328,0.9439661360305288,48,46,94
ASIA-PACIFIC ISSUE__ And Reflecting on Its Past.txt,/content/drive/MyDrive/extracted_files/clinton_93-00/ASIA-PACIFIC ISSUE__ And Reflecting on Its Past.txt,0.9304171568817563,0.9095851242542267,36,20,56
Asian Group Lends Support To Beijing Over Taiwan.txt,/content/drive/MyDrive/extracted_files/clinton_93-00/Asian Group Lends Support To Beijing Over Taiwan.txt,0.963644927740097,0.74677441517512,10,3,13
Asian Nations Wary on Free Trade.txt,/content/drive/MyDrive/extracted_files/clinton_93-00/Asian Nations Wary on Free Trade.txt,0.9726882037662324,0.9755476792653401,21,30,51
Asian-American Politician in Washington State Looks to Blaze New Trails.txt,/content/drive/MyDrive/extracted_files/clinton_93-00/Asian-American Politician in Washington State Looks to Blaze New Trails.txt,0.9680019076480422,0.9769177238146464,43,18,61
Astute Collector of Big Money and Powerful Friends.txt,/content/drive/MyDrive/extracted_files/clinton_93-00/Astute Collector of Big Money and Powerful Friends.txt,0.9897274239496752,0.9505988146577563,22,14,36
Asylum Plea by Chinese Sect_s Leader Perplexes the U.S.txt,/content/drive/MyDrive/extracted_files/clinton_93-00/Asylum Plea by Chinese Sect_s Leader Perplexes the U.S.txt,0.8010032773017883,0.9533855383460587,7,37,44
"At 27, a Talk Star Sets Out To Transform Chinese TV.txt","/content/drive/MyDrive/extracted_files/clinton_93-00/At 27, a Talk Star Sets Out To Transform Chinese TV.txt",0.9437150582671165,0.8859075009822845,32,12,44
"At a Beijing Aquarium, Dolphins Are Hostages.txt","/content/drive/MyDrive/extracted_files/clinton_93-00/At a Beijing Aquarium, Dolphins Are Hostages.txt",0.9672890560967582,0.9754836478016593,14,44,58
"At Tiananmen, China Celebrates 45 Years of Communism.txt","/content/drive/MyDrive/extracted_files/clinton_93-00/At Tiananmen, China Celebrates 45 Years of Communism.txt",0.8799843788146973,,1,0,1
ATLANTA_ DAY 11 -- SOFTBALL_One More Victory to Nail U.S. Gold.txt,/content/drive/MyDrive/extracted_files/clinton_93-00/ATLANTA_ DAY 11 -- SOFTBALL_One More Victory to Nail U.S. Gold.txt,0.9659893286639246,0.9633094878757701,29,17,46
"ATLANTA_ DAY 14 -- SOCCER_Women_s Soccer_ 76,481 Fans, 1 U.S. Gold.txt","/content/drive/MyDrive/extracted_files/clinton_93-00/ATLANTA_ DAY 14 -- SOCCER_Women_s Soccer_ 76,481 Fans, 1 U.S. Gold.txt",0.9765672580055569,0.9096238017082214,23,11,34
"ATLANTA_ DAY 15 -- DIVING_For First Time in 84 Years, Americans Miss Out on Gold.txt","/content/drive/MyDrive/extracted_files/clinton_93-00/ATLANTA_ DAY 15 -- DIVING_For First Time in 84 Years, Americans Miss Out on Gold.txt",0.9693462669849395,0.9857138124379244,20,22,42
"AUG. 28-SEPT. 3_ Ron Brown in China_Trade Gets an Open Door, Human Rights the Closet.txt","/content/drive/MyDrive/extracted_files/clinton_93-00/AUG. 28-SEPT. 3_ Ron Brown in China_Trade Gets an Open Door, Human Rights the Closet.txt",0.9935404658317566,0.9841364979743957,1,5,6
Auguring Well_ Cock-a-Doodle-Doo_Chinese Think the Sky May Fall.txt,/content/drive/MyDrive/extracted_files/clinton_93-00/Auguring Well_ Cock-a-Doodle-Doo_Chinese Think the Sky May Fall.txt,0.9647879004478455,0.9859076499938965,2,5,7
AUGUST 20-26_Christians Arrested in China.txt,/content/drive/MyDrive/extracted_files/clinton_93-00/AUGUST 20-26_Christians Arrested in China.txt,0.9797229170799255,0.9690451224644979,1,3,4
August 23-29_Chinese Leaders Vow To Mend Ecological Ways.txt,/content/drive/MyDrive/extracted_files/clinton_93-00/August 23-29_Chinese Leaders Vow To Mend Ecological Ways.txt,0.9421256184577942,0.9949141591787338,2,4,6
Bad Timing for Some Epic Projects_Asia_s Financial Crisis Leaves New Airports Scrambling for Passeng.txt,/content/drive/MyDrive/extracted_files/clinton_93-00/Bad Timing for Some Epic Projects_Asia_s Financial Crisis Leaves New Airports Scrambling for Passeng.txt,0.9729805255637449,0.9497078955173492,34,42,76
Bank Rules Are Eased By China.txt,/content/drive/MyDrive/extracted_files/clinton_93-00/Bank Rules Are Eased By China.txt,0.9430985310498405,0.8203757513653148,17,11,28
Banned Movement_s Head Urges Talks With China.txt,/content/drive/MyDrive/extracted_files/clinton_93-00/Banned Movement_s Head Urges Talks With China.txt,0.936612388917378,0.9638707995414734,14,30,44
Bear Stearns Is Chosen for China Offering.txt,/content/drive/MyDrive/extracted_files/clinton_93-00/Bear Stearns Is Chosen for China Offering.txt,0.9796592593193054,0.96652752161026,3,4,7
"Behind Japan_s Furor Over Tiny Isles, Gangland Fingerprints.txt","/content/drive/MyDrive/extracted_files/clinton_93-00/Behind Japan_s Furor Over Tiny Isles, Gangland Fingerprints.txt",0.9733721762895584,0.9818006879404971,8,19,27
BEIJING ARRESTS RIGHTS DEFENDER.txt,/content/drive/MyDrive/extracted_files/clinton_93-00/BEIJING ARRESTS RIGHTS DEFENDER.txt,0.963138535618782,0.9516795012685988,8,36,44
Beijing Buys a Stake in Hong Kong Phone Company.txt,/content/drive/MyDrive/extracted_files/clinton_93-00/Beijing Buys a Stake in Hong Kong Phone Company.txt,0.9321057438850403,0.9491047660509745,10,18,28
Beijing Defends Arrest of a Top Dissident.txt,/content/drive/MyDrive/extracted_files/clinton_93-00/Beijing Defends Arrest of a Top Dissident.txt,0.9770816053662982,0.9793695873684354,7,18,25
Beijing Delays Trial Of Man Who Urged Greater Democracy.txt,/content/drive/MyDrive/extracted_files/clinton_93-00/Beijing Delays Trial Of Man Who Urged Greater Democracy.txt,0.9614008069038391,0.9622972872522142,3,9,12
Beijing Exhibits Photos of Ruined Embassy.txt,/content/drive/MyDrive/extracted_files/clinton_93-00/Beijing Exhibits Photos of Ruined Embassy.txt,0.9118903875350952,0.9430222272872925,2,5,7
Beijing Journal_A Dissident Finds the Political Prospects Bleak.txt,/content/drive/MyDrive/extracted_files/clinton_93-00/Beijing Journal_A Dissident Finds the Political Prospects Bleak.txt,0.9165953084042198,0.9425660942991575,19,24,43
"Beijing Journal_As China Changes, a Sex Change Can Bring Fame.txt","/content/drive/MyDrive/extracted_files/clinton_93-00/Beijing Journal_As China Changes, a Sex Change Can Bring Fame.txt",0.9748257958159154,0.9481802463531495,49,20,69
Beijing Journal_CNN and MTV Hanging by a _Heavenly Thread_.txt,/content/drive/MyDrive/extracted_files/clinton_93-00/Beijing Journal_CNN and MTV Hanging by a _Heavenly Thread_.txt,0.8742730796337128,0.9588298016581042,10,29,39
Beijing Journal_History_s Fellow Travelers Cling to Mao_s Road.txt,/content/drive/MyDrive/extracted_files/clinton_93-00/Beijing Journal_History_s Fellow Travelers Cling to Mao_s Road.txt,0.9383970151344935,0.9383681356906891,24,30,54
"Beijing Journal_It_s Time, Again, to Talk of Cabbages, Not Kings.txt","/content/drive/MyDrive/extracted_files/clinton_93-00/Beijing Journal_It_s Time, Again, to Talk of Cabbages, Not Kings.txt",0.9540317333661593,0.9486056943734487,13,30,43
Beijing Rejects Vatican_s Bid For Papal Trip To Hong Kong.txt,/content/drive/MyDrive/extracted_files/clinton_93-00/Beijing Rejects Vatican_s Bid For Papal Trip To Hong Kong.txt,0.9471256600485908,0.9495868276466023,9,22,31
Beijing Says It Could Live Well Even if U.S. Trade Was Cut Off.txt,/content/drive/MyDrive/extracted_files/clinton_93-00/Beijing Says It Could Live Well Even if U.S. Trade Was Cut Off.txt,0.9501018651894161,0.9562127842352941,14,26,40
Beijing Says It Won_t Go Along With Creation of Pol Pot Tribunal.txt,/content/drive/MyDrive/extracted_files/clinton_93-00/Beijing Says It Won_t Go Along With Creation of Pol Pot Tribunal.txt,0.9001267701387405,0.9635614048350941,4,22,26
BEIJING STEPS UP MILITARY PRESSURE ON TAIWAN LEADER.txt,/content/drive/MyDrive/extracted_files/clinton_93-00/BEIJING STEPS UP MILITARY PRESSURE ON TAIWAN LEADER.txt,0.9304803934964266,0.9372035058645102,11,26,37
Beijing-Taiwan Talks_ Intimate Rivals to Meet.txt,/content/drive/MyDrive/extracted_files/clinton_93-00/Beijing-Taiwan Talks_ Intimate Rivals to Meet.txt,0.952596518126401,0.9496749729821177,22,33,55
BellSouth Plans China Joint Venture.txt,/content/drive/MyDrive/extracted_files/clinton_93-00/BellSouth Plans China Joint Venture.txt,0.9570475220680237,0.9178531037436591,9,9,18
BENEFITS.txt,/content/drive/MyDrive/extracted_files/clinton_93-00/BENEFITS.txt,0.9344786365826925,0.9618959724903107,30,2,32
Best Time to Be Alive_No Time Like the Past.txt,/content/drive/MyDrive/extracted_files/clinton_93-00/Best Time to Be Alive_No Time Like the Past.txt,0.9621465993583749,0.9524656354662884,109,83,192
"Bianyang Journal_Oh, He_s a Wily One, That Tibetan Medicine Man!.txt","/content/drive/MyDrive/extracted_files/clinton_93-00/Bianyang Journal_Oh, He_s a Wily One, That Tibetan Medicine Man!.txt",0.9580540771667774,0.9677133478901603,26,22,48
Bill to Restrict China_s Imports Loses in House.txt,/content/drive/MyDrive/extracted_files/clinton_93-00/Bill to Restrict China_s Imports Loses in House.txt,0.829041987657547,0.8946243941783905,2,10,12
Birthday Party for Dalai Lama Draws Chinese Protest to India.txt,/content/drive/MyDrive/extracted_files/clinton_93-00/Birthday Party for Dalai Lama Draws Chinese Protest to India.txt,0.9849069118499756,0.9644897729158401,9,4,13
Boeing and Other Concerns Lobby Congress for China.txt,/content/drive/MyDrive/extracted_files/clinton_93-00/Boeing and Other Concerns Lobby Congress for China.txt,0.9029919342561201,0.9674088768661022,11,16,27
Boeing Gets Chinese Order.txt,/content/drive/MyDrive/extracted_files/clinton_93-00/Boeing Gets Chinese Order.txt,0.9299695789813995,0.9004317323366801,4,6,10
Bold Book In China Faults Deng On Policies.txt,/content/drive/MyDrive/extracted_files/clinton_93-00/Bold Book In China Faults Deng On Policies.txt,0.9742035037941403,0.9462654024362565,18,20,38
Bond Buyers Bet $1 Billion on China.txt,/content/drive/MyDrive/extracted_files/clinton_93-00/Bond Buyers Bet $1 Billion on China.txt,0.9309650792015923,0.941580531001091,9,20,29
BOOM!_A Pyrotechnical U.N.txt,/content/drive/MyDrive/extracted_files/clinton_93-00/BOOM!_A Pyrotechnical U.N.txt,0.9864361511694418,0.9557911711079734,37,14,51
"Brewed in China, Envied Abroad_Tsingtao Outsells Intruders Even as It Courts Anheuser.txt","/content/drive/MyDrive/extracted_files/clinton_93-00/Brewed in China, Envied Abroad_Tsingtao Outsells Intruders Even as It Courts Anheuser.txt",0.954241507458237,0.9538176680604616,53,48,101
Britain and China Agree on a Future Court for Hong Kong.txt,/content/drive/MyDrive/extracted_files/clinton_93-00/Britain and China Agree on a Future Court for Hong Kong.txt,0.9939748313691881,0.9592744878360203,9,14,23
British Chief Promises Hong Kong a Tight Check on China.txt,/content/drive/MyDrive/extracted_files/clinton_93-00/British Chief Promises Hong Kong a Tight Check on China.txt,0.9565564036369324,0.9515685141086578,20,30,50
BUDDHA VS. BEIJING_ A special report._Booming China Threatens Spirit of Tibet.txt,/content/drive/MyDrive/extracted_files/clinton_93-00/BUDDHA VS. BEIJING_ A special report._Booming China Threatens Spirit of Tibet.txt,0.9654364713600704,0.9293835584459633,42,58,100
Bush Carries Some Baggage In Developing China Stance.txt,/content/drive/MyDrive/extracted_files/clinton_93-00/Bush Carries Some Baggage In Developing China Stance.txt,0.9456323757767677,0.9388683080673218,8,20,28
Bush Questions Aid to Moscow In a Policy Talk.txt,/content/drive/MyDrive/extracted_files/clinton_93-00/Bush Questions Aid to Moscow In a Policy Talk.txt,0.9559817704287442,0.9523445286534049,55,44,99
"Business Travel_Be prepared to pay a lot more, and pay in advance, to be in Hong Kong next summer.txt","/content/drive/MyDrive/extracted_files/clinton_93-00/Business Travel_Be prepared to pay a lot more, and pay in advance, to be in Hong Kong next summer.txt",0.8635840117931366,0.9547872017411625,6,17,23
"Business Travel_Despite the uncertainties of looming Chinese rule, Hong Kong_s hotels rush to update.txt","/content/drive/MyDrive/extracted_files/clinton_93-00/Business Travel_Despite the uncertainties of looming Chinese rule, Hong Kong_s hotels rush to update.txt",0.9540535915981639,0.941432366004357,11,13,24
"Business Travel_Hong Kong_s huge new airport, Chek Lap Kok, is set to open in April, tourist slump a.txt","/content/drive/MyDrive/extracted_files/clinton_93-00/Business Travel_Hong Kong_s huge new airport, Chek Lap Kok, is set to open in April, tourist slump a.txt",0.9541829887189364,0.907284814864397,19,16,35
C.I.A. REPORT SAYS CHINESE SENT IRAN ARMS COMPONENTS.txt,/content/drive/MyDrive/extracted_files/clinton_93-00/C.I.A. REPORT SAYS CHINESE SENT IRAN ARMS COMPONENTS.txt,0.92703920177051,0.9520552630225817,14,24,38
"Calendar_ Chinese Artworks, Irish Heritage and Toy Trains.txt","/content/drive/MyDrive/extracted_files/clinton_93-00/Calendar_ Chinese Artworks, Irish Heritage and Toy Trains.txt",0.9635826178959438,0.8705894351005554,14,1,15
Campaign Finance Complicates China Policy.txt,/content/drive/MyDrive/extracted_files/clinton_93-00/Campaign Finance Complicates China Policy.txt,0.9378917125555185,0.9610845667344553,13,27,40
"Canada_s Haven_ For Notorious Fugitives, Too_.txt","/content/drive/MyDrive/extracted_files/clinton_93-00/Canada_s Haven_ For Notorious Fugitives, Too_.txt",0.9278719208457253,0.9614490349041788,11,38,49
Canada_s Trade Efforts Raise Hackles at Home.txt,/content/drive/MyDrive/extracted_files/clinton_93-00/Canada_s Trade Efforts Raise Hackles at Home.txt,0.9694189667701721,0.9108925353397023,10,22,32
Capitalists to Be Granted Official Status in Communist China.txt,/content/drive/MyDrive/extracted_files/clinton_93-00/Capitalists to Be Granted Official Status in Communist China.txt,0.9612290859222412,0.9556052501385028,24,26,50
CAPITOL SKETCHBOOK_Latest Taiwan Uproar Brings Back Old Hand.txt,/content/drive/MyDrive/extracted_files/clinton_93-00/CAPITOL SKETCHBOOK_Latest Taiwan Uproar Brings Back Old Hand.txt,0.9778182059526443,0.9105981503214154,20,7,27
Caterpillar in China Deal.txt,/content/drive/MyDrive/extracted_files/clinton_93-00/Caterpillar in China Deal.txt,0.9184553424517313,0.9750784635543823,3,1,4
Caught Between Eras_ China_s Factory Workers.txt,/content/drive/MyDrive/extracted_files/clinton_93-00/Caught Between Eras_ China_s Factory Workers.txt,0.9014869064092637,0.9708970814216428,20,41,61
Change in Hong Kong Is Slow but Sure.txt,/content/drive/MyDrive/extracted_files/clinton_93-00/Change in Hong Kong Is Slow but Sure.txt,0.974486944767145,0.9395684964127011,26,36,62
Chief Banker For China Is Dismissed.txt,/content/drive/MyDrive/extracted_files/clinton_93-00/Chief Banker For China Is Dismissed.txt,0.9358506004015604,0.9824393888314565,6,12,18
China Accuses Engineer.txt,/content/drive/MyDrive/extracted_files/clinton_93-00/China Accuses Engineer.txt,,0.9910370111465454,0,2,2
China Admits Ecological Sins Played Role in Flood Disaster.txt,/content/drive/MyDrive/extracted_files/clinton_93-00/China Admits Ecological Sins Played Role in Flood Disaster.txt,0.9379304647445679,0.9730135956231285,12,34,46
CHINA AFTER DENG_ DIPLOMACY_U.S. AND CHINESE SEEN NEAR A DEAL ON HUMAN RIGHTS.txt,/content/drive/MyDrive/extracted_files/clinton_93-00/CHINA AFTER DENG_ DIPLOMACY_U.S. AND CHINESE SEEN NEAR A DEAL ON HUMAN RIGHTS.txt,0.9530655099795415,0.9658735394477844,26,24,50
CHINA AFTER DENG_ THE ECONOMY_Deng_s Legacy_ Finishing Long March to Capitalism.txt,/content/drive/MyDrive/extracted_files/clinton_93-00/CHINA AFTER DENG_ THE ECONOMY_Deng_s Legacy_ Finishing Long March to Capitalism.txt,0.9323664456605911,0.9695497443599086,28,31,59
China Agrees to Resume Talks With U.S. on Human Rights.txt,/content/drive/MyDrive/extracted_files/clinton_93-00/China Agrees to Resume Talks With U.S. on Human Rights.txt,0.9046367183327675,0.9817527532577515,8,5,13
China and Taiwan Agree to Keep Their Discussion Going.txt,/content/drive/MyDrive/extracted_files/clinton_93-00/China and Taiwan Agree to Keep Their Discussion Going.txt,0.9631883054971695,0.9155700250908181,20,27,47
CHINA AND TAIWAN IN HIJACKING PACT.txt,/content/drive/MyDrive/extracted_files/clinton_93-00/CHINA AND TAIWAN IN HIJACKING PACT.txt,0.9610828161239624,0.9725171387195587,17,10,27
China Announces Arrest of a Senior Aide.txt,/content/drive/MyDrive/extracted_files/clinton_93-00/China Announces Arrest of a Senior Aide.txt,0.9025052487850189,0.9230248965322971,4,16,20
China Appears Ready for Trial Of a Leader of Outlawed Party.txt,/content/drive/MyDrive/extracted_files/clinton_93-00/China Appears Ready for Trial Of a Leader of Outlawed Party.txt,0.9464629054069519,0.9561482773107641,5,17,22
China Appears To Crack Down On CD Pirating.txt,/content/drive/MyDrive/extracted_files/clinton_93-00/China Appears To Crack Down On CD Pirating.txt,0.8940419991811116,0.9700092603178585,15,34,49
China Applauds as Its Officials Plunge Into Profit.txt,/content/drive/MyDrive/extracted_files/clinton_93-00/China Applauds as Its Officials Plunge Into Profit.txt,0.9562319722026587,0.9622064828872681,32,49,81
China Approves Big Power Project.txt,/content/drive/MyDrive/extracted_files/clinton_93-00/China Approves Big Power Project.txt,0.9558272759119669,0.9522657692432404,3,2,5
China Arrests a Bishop.txt,/content/drive/MyDrive/extracted_files/clinton_93-00/China Arrests a Bishop.txt,,0.9136355817317963,0,4,4
China Asks Auction Houses to Withdraw 4 Relics.txt,/content/drive/MyDrive/extracted_files/clinton_93-00/China Asks Auction Houses to Withdraw 4 Relics.txt,0.9686164458592733,0.9708088798956438,12,22,34
China Asks to Halt Arms Sales to Taiwan.txt,/content/drive/MyDrive/extracted_files/clinton_93-00/China Asks to Halt Arms Sales to Taiwan.txt,0.9376094788312912,0.9950983762741089,4,5,9
China Ban on Medicines.txt,/content/drive/MyDrive/extracted_files/clinton_93-00/China Ban on Medicines.txt,,0.9855074286460876,0,2,2
China Bans One of Its Own Films_ Cannes Festival Gave It Top Prize.txt,/content/drive/MyDrive/extracted_files/clinton_93-00/China Bans One of Its Own Films_ Cannes Festival Gave It Top Prize.txt,0.9695199380318323,0.9756465625762939,12,25,37
"China Buying U.S. Computers, Raising Arms Fears.txt","/content/drive/MyDrive/extracted_files/clinton_93-00/China Buying U.S. Computers, Raising Arms Fears.txt",0.9113332412459634,0.9583772770289717,11,29,40
China Buys More 737_s.txt,/content/drive/MyDrive/extracted_files/clinton_93-00/China Buys More 737_s.txt,0.9967619180679321,0.9734445810317993,1,1,2
China Cautions Japan on Military Role.txt,/content/drive/MyDrive/extracted_files/clinton_93-00/China Cautions Japan on Military Role.txt,0.9237438291311264,0.8616673052310944,4,2,6
China Clerics Deny Reports That Churches Are Bullied.txt,/content/drive/MyDrive/extracted_files/clinton_93-00/China Clerics Deny Reports That Churches Are Bullied.txt,0.9337292114893595,0.9133113587603849,9,17,26
China Comes to India.txt,/content/drive/MyDrive/extracted_files/clinton_93-00/China Comes to India.txt,0.8799843788146973,,1,0,1
China Concedes Blood Serum Contained AIDS Virus.txt,/content/drive/MyDrive/extracted_files/clinton_93-00/China Concedes Blood Serum Contained AIDS Virus.txt,0.8444487154483795,0.9645374621663775,6,35,41
China Confirms Arrest of Banker as an Embezzler.txt,/content/drive/MyDrive/extracted_files/clinton_93-00/China Confirms Arrest of Banker as an Embezzler.txt,0.9992430508136749,0.985302209854126,2,8,10
China Criticized Over Fake Goods.txt,/content/drive/MyDrive/extracted_files/clinton_93-00/China Criticized Over Fake Goods.txt,0.9870821833610535,0.9706990480422973,2,5,7
China Cuts Interest Rates by Half a Point.txt,/content/drive/MyDrive/extracted_files/clinton_93-00/China Cuts Interest Rates by Half a Point.txt,0.9410338699817657,0.9236982266108195,4,6,10
China Decides to Ban a Gathering of Poets.txt,/content/drive/MyDrive/extracted_files/clinton_93-00/China Decides to Ban a Gathering of Poets.txt,0.871739387512207,0.9415398240089417,1,6,7
China Denies It Bought Israeli Radar.txt,/content/drive/MyDrive/extracted_files/clinton_93-00/China Denies It Bought Israeli Radar.txt,0.9468934237957001,0.9608389064669609,2,8,10
China Detains 9 Dissidents Who Sought to Form a Party.txt,/content/drive/MyDrive/extracted_files/clinton_93-00/China Detains 9 Dissidents Who Sought to Form a Party.txt,0.9549262012754168,0.943296417593956,7,12,19
China Dissident Reports Release.txt,/content/drive/MyDrive/extracted_files/clinton_93-00/China Dissident Reports Release.txt,0.9121397137641907,0.9744784006705651,2,13,15
"China Dissident, Hoping to Meet Christopher, Is Detained at Home.txt","/content/drive/MyDrive/extracted_files/clinton_93-00/China Dissident, Hoping to Meet Christopher, Is Detained at Home.txt",0.947710091417486,0.98396817445755,11,25,36
China Escapes Censure in Vote by U.N. Human Rights Agency.txt,/content/drive/MyDrive/extracted_files/clinton_93-00/China Escapes Censure in Vote by U.N. Human Rights Agency.txt,0.9406010075048967,0.9154119816693392,11,11,22
China Executes 8 Rebels.txt,/content/drive/MyDrive/extracted_files/clinton_93-00/China Executes 8 Rebels.txt,,0.957916522026062,0,5,5
China Faces U.S. Sanctions in Electronic Copyright Piracy.txt,/content/drive/MyDrive/extracted_files/clinton_93-00/China Faces U.S. Sanctions in Electronic Copyright Piracy.txt,0.9906319975852966,0.9698721255574908,2,21,23
China Faulted by New Trade Group.txt,/content/drive/MyDrive/extracted_files/clinton_93-00/China Faulted by New Trade Group.txt,0.8045505881309509,0.9302366733551025,1,5,6
China Faults U.S. Official Over Tibet Trip.txt,/content/drive/MyDrive/extracted_files/clinton_93-00/China Faults U.S. Official Over Tibet Trip.txt,0.9696542143821716,0.9268220782279968,10,15,25
China Frees a Dissident Held in Crackdown.txt,/content/drive/MyDrive/extracted_files/clinton_93-00/China Frees a Dissident Held in Crackdown.txt,,0.9660978078842163,0,5,5
China Frees Party Leader.txt,/content/drive/MyDrive/extracted_files/clinton_93-00/China Frees Party Leader.txt,0.9645307660102844,0.5117672085762024,2,1,3
China Grimly Pledges to Push On With Reforms.txt,/content/drive/MyDrive/extracted_files/clinton_93-00/China Grimly Pledges to Push On With Reforms.txt,0.9634891003370285,0.9315312504768372,8,11,19
China Growth Falls to Less Than 10_.txt,/content/drive/MyDrive/extracted_files/clinton_93-00/China Growth Falls to Less Than 10_.txt,0.9806586503982544,0.9539862632751465,2,5,7
China Halts Listing of New Stock.txt,/content/drive/MyDrive/extracted_files/clinton_93-00/China Halts Listing of New Stock.txt,0.9862347692251205,0.9749261491438922,4,17,21
China Helps Iran Develops Arms Despite U.S. Plea to End Trade.txt,/content/drive/MyDrive/extracted_files/clinton_93-00/China Helps Iran Develops Arms Despite U.S. Plea to End Trade.txt,0.92836944013834,0.9625351369380951,8,10,18
China Holds Christian Visitors 4 Days.txt,/content/drive/MyDrive/extracted_files/clinton_93-00/China Holds Christian Visitors 4 Days.txt,0.8011151254177094,0.9742416871918572,6,18,24
China in Campaign to Expel Koreans Who Enter Illegally.txt,/content/drive/MyDrive/extracted_files/clinton_93-00/China in Campaign to Expel Koreans Who Enter Illegally.txt,0.9202524047148856,0.9623619072577533,19,68,87
China Is Host to Human Rights Conference.txt,/content/drive/MyDrive/extracted_files/clinton_93-00/China Is Host to Human Rights Conference.txt,0.9516411324342092,0.9757072329521179,6,3,9
China Is Insisting Clinton Reaffirm One-China Policy.txt,/content/drive/MyDrive/extracted_files/clinton_93-00/China Is Insisting Clinton Reaffirm One-China Policy.txt,0.9341845968190361,0.9356101287735833,17,18,35
China Is Sowing Discontent With _Taxes_ on the Peasants.txt,/content/drive/MyDrive/extracted_files/clinton_93-00/China Is Sowing Discontent With _Taxes_ on the Peasants.txt,0.8998738874991735,0.9699328325796819,12,69,81
"China Is Top Supplier to Nations Seeking Powerful, Banned Arms.txt","/content/drive/MyDrive/extracted_files/clinton_93-00/China Is Top Supplier to Nations Seeking Powerful, Banned Arms.txt",0.9131904661655426,0.9545443207025528,10,8,18
China Is Urged By Its Scientists To Ease Curbs.txt,/content/drive/MyDrive/extracted_files/clinton_93-00/China Is Urged By Its Scientists To Ease Curbs.txt,0.9103342671143381,0.9246134126887602,19,17,36
China Jobless Fuel a Growth Industry.txt,/content/drive/MyDrive/extracted_files/clinton_93-00/China Jobless Fuel a Growth Industry.txt,0.9836868047714233,0.9684263308842976,10,30,40
China Joins Criticism Of North Korea Sub.txt,/content/drive/MyDrive/extracted_files/clinton_93-00/China Joins Criticism Of North Korea Sub.txt,0.9820339977741241,0.8678259054819742,2,3,5
China Keeps Up Criticism As U.S. Welcomes Dissident.txt,/content/drive/MyDrive/extracted_files/clinton_93-00/China Keeps Up Criticism As U.S. Welcomes Dissident.txt,0.8667815725008646,0.9707341087715966,9,28,37
China Licenses Four Foreign Insurers.txt,/content/drive/MyDrive/extracted_files/clinton_93-00/China Licenses Four Foreign Insurers.txt,0.7045130729675293,0.9313320517539978,2,8,10
CHINA MAY ALLOW RED CROSS TO VISIT DISSIDENTS IN JAIL.txt,/content/drive/MyDrive/extracted_files/clinton_93-00/CHINA MAY ALLOW RED CROSS TO VISIT DISSIDENTS IN JAIL.txt,0.9462068115963655,0.9711277484893799,17,13,30
"China Migrants_ Economic Engine, Social Burden.txt","/content/drive/MyDrive/extracted_files/clinton_93-00/China Migrants_ Economic Engine, Social Burden.txt",0.9699805613074984,0.9566709972344912,28,52,80
China Moves Against Two Dissidents_ Families.txt,/content/drive/MyDrive/extracted_files/clinton_93-00/China Moves Against Two Dissidents_ Families.txt,0.8111600577831268,0.9872887829939524,2,12,14
China Moves on Software.txt,/content/drive/MyDrive/extracted_files/clinton_93-00/China Moves on Software.txt,,0.9933350533246994,0,4,4
China Moves To Cut Power Of Microsoft.txt,/content/drive/MyDrive/extracted_files/clinton_93-00/China Moves To Cut Power Of Microsoft.txt,0.9482624530792236,0.9866648685364496,17,42,59
China Names Committee to Steer Hong Kong Toward Beijing Rule.txt,/content/drive/MyDrive/extracted_files/clinton_93-00/China Names Committee to Steer Hong Kong Toward Beijing Rule.txt,0.9802845492959023,0.9502076208591461,8,4,12
CHINA OPPOSES U.N. OVER NORTH KOREA.txt,/content/drive/MyDrive/extracted_files/clinton_93-00/CHINA OPPOSES U.N. OVER NORTH KOREA.txt,0.9798906445503235,0.9798577394750383,3,18,21
China Outlines Need For Free-Trade Zone.txt,/content/drive/MyDrive/extracted_files/clinton_93-00/China Outlines Need For Free-Trade Zone.txt,0.8962961775915963,0.6892538070678711,7,1,8
China Picks Local Banker After Portugal Cedes Macao.txt,/content/drive/MyDrive/extracted_files/clinton_93-00/China Picks Local Banker After Portugal Cedes Macao.txt,0.951409707898679,0.9687596634030342,23,16,39
China Plans Pakistan Credit Toward Weapons Purchases.txt,/content/drive/MyDrive/extracted_files/clinton_93-00/China Plans Pakistan Credit Toward Weapons Purchases.txt,0.9792532026767731,0.9780097007751465,2,2,4
China Power Shortages.txt,/content/drive/MyDrive/extracted_files/clinton_93-00/China Power Shortages.txt,,0.9992253184318542,0,2,2
CHINA PROMISES U.S. TO TRY TO IMPROVE ITS HUMAN RIGHTS.txt,/content/drive/MyDrive/extracted_files/clinton_93-00/CHINA PROMISES U.S. TO TRY TO IMPROVE ITS HUMAN RIGHTS.txt,0.9597029118310838,0.9307765753372855,21,23,44
China Puts Director In Suspense Over a Film.txt,/content/drive/MyDrive/extracted_files/clinton_93-00/China Puts Director In Suspense Over a Film.txt,0.9653282091021538,0.9829250472347911,8,41,49
China Raises Military Budget Despite Deficit.txt,/content/drive/MyDrive/extracted_files/clinton_93-00/China Raises Military Budget Despite Deficit.txt,0.8755215870009528,0.9714955687522888,9,18,27
China Reaffirms Drive to Overhaul Bloated State Industries.txt,/content/drive/MyDrive/extracted_files/clinton_93-00/China Reaffirms Drive to Overhaul Bloated State Industries.txt,0.9915954981531415,0.9942603707313538,7,5,12
China Region_s Inflation.txt,/content/drive/MyDrive/extracted_files/clinton_93-00/China Region_s Inflation.txt,0.8304190834363302,0.9787195324897766,3,1,4
CHINA REJECTS CALL FROM CHRISTOPHER FOR RIGHTS GAINS.txt,/content/drive/MyDrive/extracted_files/clinton_93-00/CHINA REJECTS CALL FROM CHRISTOPHER FOR RIGHTS GAINS.txt,0.7928699122534858,0.970889945824941,9,21,30
China Releases Dissident and Sends Him to U.S. for Treatment.txt,/content/drive/MyDrive/extracted_files/clinton_93-00/China Releases Dissident and Sends Him to U.S. for Treatment.txt,0.9674251675605774,0.9252165065092199,3,17,20
China Reportedly to Start Trial of Four Sect Leaders Tomorrow.txt,/content/drive/MyDrive/extracted_files/clinton_93-00/China Reportedly to Start Trial of Four Sect Leaders Tomorrow.txt,0.9149637460708618,0.9612078799141778,5,18,23
China Reports Copyright Step.txt,/content/drive/MyDrive/extracted_files/clinton_93-00/China Reports Copyright Step.txt,0.9835891723632812,0.9326480031013489,1,5,6
China Reports Trade Deficit Doubled in Only 2 Months.txt,/content/drive/MyDrive/extracted_files/clinton_93-00/China Reports Trade Deficit Doubled in Only 2 Months.txt,0.9435605677691373,0.9955450807298932,11,7,18
China Said to Free Dissident Labor Activist.txt,/content/drive/MyDrive/extracted_files/clinton_93-00/China Said to Free Dissident Labor Activist.txt,0.9824544986089071,0.8956696033477783,3,5,8
China Said to Prepare Ban on Sect_ Protests Go On.txt,/content/drive/MyDrive/extracted_files/clinton_93-00/China Said to Prepare Ban on Sect_ Protests Go On.txt,0.9161226328681497,0.9493903698343219,17,33,50
China Said to Raid Home of Catholic Priest.txt,/content/drive/MyDrive/extracted_files/clinton_93-00/China Said to Raid Home of Catholic Priest.txt,0.935941239198049,0.9767386555671692,3,5,8
China Says a Third Dissident Has Been Released From Jail.txt,/content/drive/MyDrive/extracted_files/clinton_93-00/China Says a Third Dissident Has Been Released From Jail.txt,0.9492689371109009,0.9823530912399292,1,3,4
China Says Huge Dam Project Is Going Smoothly.txt,/content/drive/MyDrive/extracted_files/clinton_93-00/China Says Huge Dam Project Is Going Smoothly.txt,0.9963009754816691,0.9809232726693153,3,8,11
China Says It Holds Dissident to Check _New Crimes_.txt,/content/drive/MyDrive/extracted_files/clinton_93-00/China Says It Holds Dissident to Check _New Crimes_.txt,0.9644615139280047,0.9681520073310189,7,23,30
China Says It Will Retaliate if U.S. Imposes Trade Sanctions.txt,/content/drive/MyDrive/extracted_files/clinton_93-00/China Says It Will Retaliate if U.S. Imposes Trade Sanctions.txt,0.9356017410755157,0.9825559221208096,2,16,18
China Says Its Computers Are _Basically Ready_ for Year 2000.txt,/content/drive/MyDrive/extracted_files/clinton_93-00/China Says Its Computers Are _Basically Ready_ for Year 2000.txt,0.9747059670361605,0.974634724003928,11,14,25
China Says Saudis Found No Arms Cargo on Ship.txt,/content/drive/MyDrive/extracted_files/clinton_93-00/China Says Saudis Found No Arms Cargo on Ship.txt,0.885279791695731,0.9907025554600883,7,17,24
CHINA SAYS TAIWAN CANNOT CONTINUE DELAYING REUNION.txt,/content/drive/MyDrive/extracted_files/clinton_93-00/CHINA SAYS TAIWAN CANNOT CONTINUE DELAYING REUNION.txt,0.9484653025865555,0.9767613526313536,12,31,43
China Sect Members Held.txt,/content/drive/MyDrive/extracted_files/clinton_93-00/China Sect Members Held.txt,,0.9928409308195114,0,4,4
China Seen to be in Hong Kong Phone Deal.txt,/content/drive/MyDrive/extracted_files/clinton_93-00/China Seen to be in Hong Kong Phone Deal.txt,0.9619277986613187,0.9427226914299859,11,9,20
China Sees $40 Billion in Foreign Investment.txt,/content/drive/MyDrive/extracted_files/clinton_93-00/China Sees $40 Billion in Foreign Investment.txt,0.9794243176778158,0.9531683623790741,3,2,5
CHINA SEES RISK TO ITS STABILITY IN U.S. DEMANDS.txt,/content/drive/MyDrive/extracted_files/clinton_93-00/CHINA SEES RISK TO ITS STABILITY IN U.S. DEMANDS.txt,0.9249334931373596,0.9159615135192871,20,25,45
China Sets Up Its Own Web Site To Lure U.S. Concerns_ Business.txt,/content/drive/MyDrive/extracted_files/clinton_93-00/China Sets Up Its Own Web Site To Lure U.S. Concerns_ Business.txt,0.9098969474434853,0.9697968140244484,8,8,16
China Shields North Koreans On Atom Issue.txt,/content/drive/MyDrive/extracted_files/clinton_93-00/China Shields North Koreans On Atom Issue.txt,0.8757359584172567,0.9378949751456579,3,12,15
China Stages Nuclear Test and Vows to Join Ban After One More.txt,/content/drive/MyDrive/extracted_files/clinton_93-00/China Stages Nuclear Test and Vows to Join Ban After One More.txt,0.970675011475881,0.9591441920825413,3,14,17
China Steps Up Spending To Keep U.S. Trade Status.txt,/content/drive/MyDrive/extracted_files/clinton_93-00/China Steps Up Spending To Keep U.S. Trade Status.txt,0.9291754849255085,0.950272992679051,16,35,51
China Takes Permits of 5 Western Reporters.txt,/content/drive/MyDrive/extracted_files/clinton_93-00/China Takes Permits of 5 Western Reporters.txt,0.7554945349693298,0.9070452352364858,2,6,8
China Tightens Rein on Writers And Publishers.txt,/content/drive/MyDrive/extracted_files/clinton_93-00/China Tightens Rein on Writers And Publishers.txt,0.8815869428217411,0.9442748322206385,16,34,50
China to Allow U.N. Rights Investigation.txt,/content/drive/MyDrive/extracted_files/clinton_93-00/China to Allow U.N. Rights Investigation.txt,0.6660465598106384,0.9212827384471893,2,6,8
China to Buy 72 Advanced Fighter Planes From Russia.txt,/content/drive/MyDrive/extracted_files/clinton_93-00/China to Buy 72 Advanced Fighter Planes From Russia.txt,0.9798995439822857,0.9639578280241593,13,23,36
China to End Bank Secrecy In Effort Against Corruption.txt,/content/drive/MyDrive/extracted_files/clinton_93-00/China to End Bank Secrecy In Effort Against Corruption.txt,0.9590753402028765,0.9109637416326083,7,13,20
China to Expand Stock Plan.txt,/content/drive/MyDrive/extracted_files/clinton_93-00/China to Expand Stock Plan.txt,0.9151433209578196,0.9535902738571167,6,4,10
China to Jail Australian.txt,/content/drive/MyDrive/extracted_files/clinton_93-00/China to Jail Australian.txt,,0.9821938872337341,0,4,4
China to Start Trial of Top Dissident This Week.txt,/content/drive/MyDrive/extracted_files/clinton_93-00/China to Start Trial of Top Dissident This Week.txt,0.9819114208221436,0.9442859664559364,2,8,10
China to Try 2 Dissidents on Thursday but Denies Them Lawyers.txt,/content/drive/MyDrive/extracted_files/clinton_93-00/China to Try 2 Dissidents on Thursday but Denies Them Lawyers.txt,0.9323658108711242,0.9779147230661832,10,13,23
China Trade Bill Is Edging Closer to Approval in House.txt,/content/drive/MyDrive/extracted_files/clinton_93-00/China Trade Bill Is Edging Closer to Approval in House.txt,0.9704859405755997,0.9541658290794918,16,14,30
CHINA TRADE RIFT WITH U.S. DEEPENS.txt,/content/drive/MyDrive/extracted_files/clinton_93-00/CHINA TRADE RIFT WITH U.S. DEEPENS.txt,0.8141854604085287,0.9262708712507177,6,27,33
CHINA TRIP BEGINS ON A FROSTY NOTE FOR CHRISTOPHER.txt,/content/drive/MyDrive/extracted_files/clinton_93-00/CHINA TRIP BEGINS ON A FROSTY NOTE FOR CHRISTOPHER.txt,0.9436488151550293,0.97091665688683,12,34,46
China Trying to Crack Down On Vocal Liberal Intellectuals.txt,/content/drive/MyDrive/extracted_files/clinton_93-00/China Trying to Crack Down On Vocal Liberal Intellectuals.txt,0.9267606019973755,0.978181677205222,20,49,69
China Unifying Its Currency In Step Toward GATT Role.txt,/content/drive/MyDrive/extracted_files/clinton_93-00/China Unifying Its Currency In Step Toward GATT Role.txt,0.9708871841430664,0.975425110413478,11,13,24
China Urged to Free 5 Political Activists.txt,/content/drive/MyDrive/extracted_files/clinton_93-00/China Urged to Free 5 Political Activists.txt,0.9805357456207275,0.9283524230122566,1,8,9
China Warns U.S. Again On Taiwan.txt,/content/drive/MyDrive/extracted_files/clinton_93-00/China Warns U.S. Again On Taiwan.txt,0.9094722191492717,0.9366322197020054,15,16,31
China Warns U.S. to Keep Away From Taiwan Strait.txt,/content/drive/MyDrive/extracted_files/clinton_93-00/China Warns U.S. to Keep Away From Taiwan Strait.txt,0.8785966485738754,0.9580661271299634,12,28,40
China Weighs Using Sterilization and Abortions to Stop _Abnormal_ Births.txt,/content/drive/MyDrive/extracted_files/clinton_93-00/China Weighs Using Sterilization and Abortions to Stop _Abnormal_ Births.txt,0.6606021126111349,0.9560038298368454,3,20,23
China Widening Crackdown on Corruption.txt,/content/drive/MyDrive/extracted_files/clinton_93-00/China Widening Crackdown on Corruption.txt,0.720112070441246,0.9756155687829723,4,23,27
"China, as a Land of Sorrow That_s Also Rich in Hope.txt","/content/drive/MyDrive/extracted_files/clinton_93-00/China, as a Land of Sorrow That_s Also Rich in Hope.txt",0.944407174220452,0.9541401399506463,13,9,22
"China, Backing North Korea, Quits Armistice Commission.txt","/content/drive/MyDrive/extracted_files/clinton_93-00/China, Backing North Korea, Quits Armistice Commission.txt",0.7562916477521261,0.9607637416232716,3,22,25
"China, Barreling Along the Capitalist Road, Now Posts Strict Speed Limits.txt","/content/drive/MyDrive/extracted_files/clinton_93-00/China, Barreling Along the Capitalist Road, Now Posts Strict Speed Limits.txt",0.8967010424687312,0.9761328029221502,13,58,71
"China, Chiding Gingrich, Urges U.S. to Follow Single Policy.txt","/content/drive/MyDrive/extracted_files/clinton_93-00/China, Chiding Gingrich, Urges U.S. to Follow Single Policy.txt",0.9263462722301483,0.9752700448036193,6,5,11
"China, on Eve of Trade Talks, Holds American as Smuggler.txt","/content/drive/MyDrive/extracted_files/clinton_93-00/China, on Eve of Trade Talks, Holds American as Smuggler.txt",0.7953577637672424,0.9739075273275375,2,20,22
"China, the Oldest Culture, in Mega-Tomes.txt","/content/drive/MyDrive/extracted_files/clinton_93-00/China, the Oldest Culture, in Mega-Tomes.txt",0.9550292355318865,0.9586577037970225,48,30,78
"China, Vying With Taiwan, Explores Public Relations.txt","/content/drive/MyDrive/extracted_files/clinton_93-00/China, Vying With Taiwan, Explores Public Relations.txt",0.9665395344297091,0.9514174770425867,24,27,51
China-U.S. Ties Warm a Bit as China-Taiwan Relations Chill.txt,/content/drive/MyDrive/extracted_files/clinton_93-00/China-U.S. Ties Warm a Bit as China-Taiwan Relations Chill.txt,0.9493179619312286,0.9241736910559915,10,11,21
China-Vietnam Agreement.txt,/content/drive/MyDrive/extracted_files/clinton_93-00/China-Vietnam Agreement.txt,0.8575729131698608,0.9120783507823944,3,2,5
Chinatown Alarms May Be Hoax to Get Quick Housing.txt,/content/drive/MyDrive/extracted_files/clinton_93-00/Chinatown Alarms May Be Hoax to Get Quick Housing.txt,0.8772126721299213,0.9881225675344467,23,56,79
CHINA_ PROFIT _ OR PRINCIPLE__The Chinese Are Coming. Wait. They_re Already Here.txt,/content/drive/MyDrive/extracted_files/clinton_93-00/CHINA_ PROFIT _ OR PRINCIPLE__The Chinese Are Coming. Wait. They_re Already Here.txt,0.9888218207792803,0.9327928594180516,22,14,36
CHINA_ PULLING TOGETHER _ OR COMING APART__Class Climbing.txt,/content/drive/MyDrive/extracted_files/clinton_93-00/CHINA_ PULLING TOGETHER _ OR COMING APART__Class Climbing.txt,0.9122886971423501,0.951455827554067,19,15,34
China_s Arrest of Pennsylvania Librarian Alarms Scholars.txt,/content/drive/MyDrive/extracted_files/clinton_93-00/China_s Arrest of Pennsylvania Librarian Alarms Scholars.txt,0.9732546252863747,0.9568607807159424,14,19,33
China_s Bid To Send Astronauts Into Space.txt,/content/drive/MyDrive/extracted_files/clinton_93-00/China_s Bid To Send Astronauts Into Space.txt,0.9552622600035234,0.9531452039192463,22,29,51
China_s Chief Tells Army To Give Up Its Commerce.txt,/content/drive/MyDrive/extracted_files/clinton_93-00/China_s Chief Tells Army To Give Up Its Commerce.txt,0.9484783751623971,0.9592948593199253,14,16,30
China_s Congress Pursues a Hard Line.txt,/content/drive/MyDrive/extracted_files/clinton_93-00/China_s Congress Pursues a Hard Line.txt,0.90757288535436,0.9816648960113525,3,2,5
China_s Disabled Are Victims of a New Economy.txt,/content/drive/MyDrive/extracted_files/clinton_93-00/China_s Disabled Are Victims of a New Economy.txt,0.9718023484403436,0.9677796677539223,11,38,49
"China_s Fickle Rivers_ Dry Farms, Needy Industry Bring a Water Crisis.txt","/content/drive/MyDrive/extracted_files/clinton_93-00/China_s Fickle Rivers_ Dry Farms, Needy Industry Bring a Water Crisis.txt",0.9545458025402493,0.9797862194202565,18,54,72
China_s Inevitable Dilemma_ Coal Equals Growth.txt,/content/drive/MyDrive/extracted_files/clinton_93-00/China_s Inevitable Dilemma_ Coal Equals Growth.txt,0.9368010942752545,0.958594088651696,26,49,75
China_s Known Brands Are Most Often Japanese.txt,/content/drive/MyDrive/extracted_files/clinton_93-00/China_s Known Brands Are Most Often Japanese.txt,0.949383177540519,0.9802402555942535,11,20,31
China_s Leader Flexing Muscle on Several Fronts at Once.txt,/content/drive/MyDrive/extracted_files/clinton_93-00/China_s Leader Flexing Muscle on Several Fronts at Once.txt,0.9683216869831085,0.9457787835236752,20,33,53
China_s New Premier_ Fast Riser Who Tamed Economy in Chaos.txt,/content/drive/MyDrive/extracted_files/clinton_93-00/China_s New Premier_ Fast Riser Who Tamed Economy in Chaos.txt,0.9659008274272997,0.9451305617888769,49,36,85
"China_s Paragon of Corruption_Meet Mr. Chu, a Hero to Some, an Embezzler to Others.txt","/content/drive/MyDrive/extracted_files/clinton_93-00/China_s Paragon of Corruption_Meet Mr. Chu, a Hero to Some, an Embezzler to Others.txt",0.9505914423776709,0.9805545760136024,23,51,74
"China_s Plans to Make Family Car Are Receding, Official Says.txt","/content/drive/MyDrive/extracted_files/clinton_93-00/China_s Plans to Make Family Car Are Receding, Official Says.txt",0.9614047110080719,0.9800856411457062,6,16,22
"China_s Premier, on Japan Visit, Wears a Friendly Face.txt","/content/drive/MyDrive/extracted_files/clinton_93-00/China_s Premier, on Japan Visit, Wears a Friendly Face.txt",0.9225387275218964,0.9536057233810424,14,20,34
China_s Return of 7 to North Korea Protested.txt,/content/drive/MyDrive/extracted_files/clinton_93-00/China_s Return of 7 to North Korea Protested.txt,0.987514853477478,0.9593681522778102,1,7,8
China_s Rulers on Guard as Spiritual Sect Pushes the Envelope.txt,/content/drive/MyDrive/extracted_files/clinton_93-00/China_s Rulers on Guard as Spiritual Sect Pushes the Envelope.txt,0.9223134196721591,0.9693202873071035,13,12,25
China_s Sniping Heeded By Some Taiwan Voters.txt,/content/drive/MyDrive/extracted_files/clinton_93-00/China_s Sniping Heeded By Some Taiwan Voters.txt,0.9552454636210487,0.9298926666378975,21,24,45
"China_s Top Justice Official Ousted, Some Say for Corruption.txt","/content/drive/MyDrive/extracted_files/clinton_93-00/China_s Top Justice Official Ousted, Some Say for Corruption.txt",0.8769587427377701,0.9790244437754154,8,16,24
China_s Trade Status Remains _Open Question_ as Vote Nears.txt,/content/drive/MyDrive/extracted_files/clinton_93-00/China_s Trade Status Remains _Open Question_ as Vote Nears.txt,0.921953903304206,0.9346401914954185,9,16,25
China_s Transport Gridlock_ Cars vs. Mass Transit.txt,/content/drive/MyDrive/extracted_files/clinton_93-00/China_s Transport Gridlock_ Cars vs. Mass Transit.txt,0.957705058157444,0.9770254741112391,16,36,52
China_s Troops Enter Macao And Are Cheered by Residents.txt,/content/drive/MyDrive/extracted_files/clinton_93-00/China_s Troops Enter Macao And Are Cheered by Residents.txt,0.956863726178805,0.9256997658656194,12,13,25
Chinese Action On Copyrights.txt,/content/drive/MyDrive/extracted_files/clinton_93-00/Chinese Action On Copyrights.txt,0.9941567182540894,0.9882309266499111,1,7,8
Chinese and Indian Leaders Vow to End Border Tension.txt,/content/drive/MyDrive/extracted_files/clinton_93-00/Chinese and Indian Leaders Vow to End Border Tension.txt,0.9894692255900457,0.9442526459693908,13,15,28
Chinese Buy American Dream by the Inch.txt,/content/drive/MyDrive/extracted_files/clinton_93-00/Chinese Buy American Dream by the Inch.txt,0.9131637761990229,0.9522187113761902,12,35,47
Chinese Checkers.txt,/content/drive/MyDrive/extracted_files/clinton_93-00/Chinese Checkers.txt,0.9715763386338949,0.9565432651622875,32,37,69
Chinese Couple Held 13 Days In International Ransom Plot.txt,/content/drive/MyDrive/extracted_files/clinton_93-00/Chinese Couple Held 13 Days In International Ransom Plot.txt,0.8187410682439804,0.9599536490440369,4,25,29
Chinese Delegation Seems to Deny Pakistan a Nuclear Umbrella.txt,/content/drive/MyDrive/extracted_files/clinton_93-00/Chinese Delegation Seems to Deny Pakistan a Nuclear Umbrella.txt,0.9301848337054253,0.9449167013168335,8,15,23
Chinese Democracy Campaigners Push for Free Labor Unions.txt,/content/drive/MyDrive/extracted_files/clinton_93-00/Chinese Democracy Campaigners Push for Free Labor Unions.txt,0.9160859309709989,0.9770272125800451,13,24,37
Chinese Detainee Recalls Life as Smugglers_ Cargo.txt,/content/drive/MyDrive/extracted_files/clinton_93-00/Chinese Detainee Recalls Life as Smugglers_ Cargo.txt,0.9380256003803678,0.9698588777156103,9,42,51
"Chinese Dissident Emerges, Still Unbowed.txt","/content/drive/MyDrive/extracted_files/clinton_93-00/Chinese Dissident Emerges, Still Unbowed.txt",0.9920865774154664,0.9532674703192203,5,47,52
Chinese Dissident Facing Possibility of New Charges.txt,/content/drive/MyDrive/extracted_files/clinton_93-00/Chinese Dissident Facing Possibility of New Charges.txt,0.9861313849687576,0.9695042788982391,4,20,24
Chinese Farmers See a New Desert Erode Their Way of Life.txt,/content/drive/MyDrive/extracted_files/clinton_93-00/Chinese Farmers See a New Desert Erode Their Way of Life.txt,0.9213580091794332,0.9838558902927473,15,51,66
Chinese Gets 10 Years for Giving Data to Foreigner.txt,/content/drive/MyDrive/extracted_files/clinton_93-00/Chinese Gets 10 Years for Giving Data to Foreigner.txt,0.8927238434553146,0.9817911069840193,4,32,36
"Chinese History, in Dance.txt","/content/drive/MyDrive/extracted_files/clinton_93-00/Chinese History, in Dance.txt",0.8799843788146973,,1,0,1
Chinese Immigrants Say Clinics Fill a Need for Inexpensive Care.txt,/content/drive/MyDrive/extracted_files/clinton_93-00/Chinese Immigrants Say Clinics Fill a Need for Inexpensive Care.txt,0.9158765011363559,0.983865207859448,9,28,37
Chinese Lose Swim Medals.txt,/content/drive/MyDrive/extracted_files/clinton_93-00/Chinese Lose Swim Medals.txt,0.998534083366394,0.9953284859657288,1,2,3
Chinese Make Arrests in Bombings on Buses.txt,/content/drive/MyDrive/extracted_files/clinton_93-00/Chinese Make Arrests in Bombings on Buses.txt,,0.981184615029229,0,9,9
Chinese Minister Denounces Britain.txt,/content/drive/MyDrive/extracted_files/clinton_93-00/Chinese Minister Denounces Britain.txt,0.9944565296173096,0.9338399469852448,3,12,15
Chinese Missile Testing Fails to Disrupt Life on Taiwan.txt,/content/drive/MyDrive/extracted_files/clinton_93-00/Chinese Missile Testing Fails to Disrupt Life on Taiwan.txt,0.9763741552829742,0.9516814994184595,10,38,48
Chinese Muslims Recount Their Days of Terror.txt,/content/drive/MyDrive/extracted_files/clinton_93-00/Chinese Muslims Recount Their Days of Terror.txt,0.8725180089473724,0.9619273528820131,10,41,51
"Chinese Official, at Yugoslav Parliament, Denounces NATO.txt","/content/drive/MyDrive/extracted_files/clinton_93-00/Chinese Official, at Yugoslav Parliament, Denounces NATO.txt",0.9770812590916952,0.9733306029263664,3,17,20
Chinese Output Slows.txt,/content/drive/MyDrive/extracted_files/clinton_93-00/Chinese Output Slows.txt,,0.8860503832499186,0,3,3
Chinese Party Conclave Will Put Old Faces in New Posts.txt,/content/drive/MyDrive/extracted_files/clinton_93-00/Chinese Party Conclave Will Put Old Faces in New Posts.txt,0.9741220311685042,0.9630923041930566,22,13,35
Chinese Restate Goals to Reorganize State Companies.txt,/content/drive/MyDrive/extracted_files/clinton_93-00/Chinese Restate Goals to Reorganize State Companies.txt,0.983961684363229,0.8926738699277242,7,12,19
Chinese Sale for Boeing.txt,/content/drive/MyDrive/extracted_files/clinton_93-00/Chinese Sale for Boeing.txt,0.9791794717311859,0.885813444852829,2,4,6
Chinese Say Study Hurts Restaurants.txt,/content/drive/MyDrive/extracted_files/clinton_93-00/Chinese Say Study Hurts Restaurants.txt,0.9349060416221618,0.9645536076731798,15,41,56
Chinese Scientists Try to Clone Giant Panda.txt,/content/drive/MyDrive/extracted_files/clinton_93-00/Chinese Scientists Try to Clone Giant Panda.txt,0.875828484694163,0.9854605708803449,3,7,10
CHINESE SEE PAIN AS WELL AS PROFIT IN NEW TRADE ERA.txt,/content/drive/MyDrive/extracted_files/clinton_93-00/CHINESE SEE PAIN AS WELL AS PROFIT IN NEW TRADE ERA.txt,0.9101670583089193,0.966259495488235,30,56,86
Chinese Split on Economy.txt,/content/drive/MyDrive/extracted_files/clinton_93-00/Chinese Split on Economy.txt,0.9541137218475342,0.9986279010772705,1,1,2
"Chinese Stock Markets Bounce Back, Rising 30_.txt","/content/drive/MyDrive/extracted_files/clinton_93-00/Chinese Stock Markets Bounce Back, Rising 30_.txt",0.8337583124637604,0.9534920612970988,10,30,40
Chinese Stocks Surge 9_ On the Hong Kong Market.txt,/content/drive/MyDrive/extracted_files/clinton_93-00/Chinese Stocks Surge 9_ On the Hong Kong Market.txt,0.9274153312047323,0.9050882399082184,18,10,28
Chinese Swimming Bans Champion.txt,/content/drive/MyDrive/extracted_files/clinton_93-00/Chinese Swimming Bans Champion.txt,0.9283488392829895,0.9846561551094055,2,5,7
Chinese Take-Away.txt,/content/drive/MyDrive/extracted_files/clinton_93-00/Chinese Take-Away.txt,0.9568231948992101,0.9658765060561044,41,35,76
Chinese Test Atomic Bomb Underground.txt,/content/drive/MyDrive/extracted_files/clinton_93-00/Chinese Test Atomic Bomb Underground.txt,0.9603192607561747,0.8992529759804407,6,12,18
Chinese Troops in Separatist Muslim Region.txt,/content/drive/MyDrive/extracted_files/clinton_93-00/Chinese Troops in Separatist Muslim Region.txt,0.6053647994995117,0.9684302977153233,2,7,9
Chinese Won_t Yield on Isolating a Global Women_s Forum.txt,/content/drive/MyDrive/extracted_files/clinton_93-00/Chinese Won_t Yield on Isolating a Global Women_s Forum.txt,0.9655949950218201,0.9628190653664725,5,14,19
CHOICE TABLES_Exotic Blends From Miami Chefs.txt,/content/drive/MyDrive/extracted_files/clinton_93-00/CHOICE TABLES_Exotic Blends From Miami Chefs.txt,0.9679058836652087,0.9190625378063747,77,35,112
"CHOICE TABLES_For Eclectic, Ethnic Asian Cuisine_ A World of Flavors in Singapore.txt","/content/drive/MyDrive/extracted_files/clinton_93-00/CHOICE TABLES_For Eclectic, Ethnic Asian Cuisine_ A World of Flavors in Singapore.txt",0.9587193108521975,0.8850580255190531,78,33,111
Chongqing Journal_Some Chinese Won_t Toe Party_s Line on History.txt,/content/drive/MyDrive/extracted_files/clinton_93-00/Chongqing Journal_Some Chinese Won_t Toe Party_s Line on History.txt,0.9398991300000085,0.9447303847833113,18,22,40
Christopher Feels Capitol Hill Heat on China.txt,/content/drive/MyDrive/extracted_files/clinton_93-00/Christopher Feels Capitol Hill Heat on China.txt,0.9384637027978897,0.9503285331385476,4,14,18
Christopher to Go Ahead With Visit to China.txt,/content/drive/MyDrive/extracted_files/clinton_93-00/Christopher to Go Ahead With Visit to China.txt,0.9006839990615845,0.956374568598611,13,21,34
"Citing Security, China Will Curb Foreign Financial News Agencies.txt","/content/drive/MyDrive/extracted_files/clinton_93-00/Citing Security, China Will Curb Foreign Financial News Agencies.txt",0.9288329573778006,0.9838420897722244,13,32,45
"CLASSICAL VIEW_Freshly Minted, an Orchestral _Tradition_.txt","/content/drive/MyDrive/extracted_files/clinton_93-00/CLASSICAL VIEW_Freshly Minted, an Orchestral _Tradition_.txt",0.9694007966253493,0.9408489406108856,18,20,38
Clinton Administration Tightens Rules on Supercomputer Sales to 13 Foreign Groups.txt,/content/drive/MyDrive/extracted_files/clinton_93-00/Clinton Administration Tightens Rules on Supercomputer Sales to 13 Foreign Groups.txt,0.9542346447706223,0.8760830760002136,4,17,21
CLINTON AIDE SAYS CHINA TRIP DELAY WOULD BE MISTAKE.txt,/content/drive/MyDrive/extracted_files/clinton_93-00/CLINTON AIDE SAYS CHINA TRIP DELAY WOULD BE MISTAKE.txt,0.8418317784865698,0.9645133759524371,12,37,49
Clinton Aides and a Proposal to Build a Chinese Power Plant.txt,/content/drive/MyDrive/extracted_files/clinton_93-00/Clinton Aides and a Proposal to Build a Chinese Power Plant.txt,0.9902672469615936,0.9625839335577828,6,21,27
Clinton Asks Panel to Analyze and Solve Security Threats to Nuclear Labs.txt,/content/drive/MyDrive/extracted_files/clinton_93-00/Clinton Asks Panel to Analyze and Solve Security Threats to Nuclear Labs.txt,0.8940862363035028,0.9786739837039601,11,11,22
Clinton Backs Offer By the Dalai Lama.txt,/content/drive/MyDrive/extracted_files/clinton_93-00/Clinton Backs Offer By the Dalai Lama.txt,0.8590404391288757,0.9727798700332642,3,5,8
Clinton Defends Engagement With China.txt,/content/drive/MyDrive/extracted_files/clinton_93-00/Clinton Defends Engagement With China.txt,0.9559601386388142,0.9571080282330513,15,16,31
"Clinton Defends His Policies In Kosovo, China and Mexico.txt","/content/drive/MyDrive/extracted_files/clinton_93-00/Clinton Defends His Policies In Kosovo, China and Mexico.txt",0.9555172845721245,0.9565596092831005,24,22,46
CLINTON IN CHINA_ AIRWAVES_A Muckraking Program Draws 300 Million Daily.txt,/content/drive/MyDrive/extracted_files/clinton_93-00/CLINTON IN CHINA_ AIRWAVES_A Muckraking Program Draws 300 Million Daily.txt,0.9732871121830411,0.9579744131668754,18,23,41
CLINTON IN CHINA_ DISSENT_3 Police Warnings Fail to Muzzle a Beijing Critic.txt,/content/drive/MyDrive/extracted_files/clinton_93-00/CLINTON IN CHINA_ DISSENT_3 Police Warnings Fail to Muzzle a Beijing Critic.txt,0.9454264760017395,0.9614225218170568,10,19,29
"CLINTON IN CHINA_ FANFARE_Chinese Agog at Clinton, a Hero (Like Nixon).txt","/content/drive/MyDrive/extracted_files/clinton_93-00/CLINTON IN CHINA_ FANFARE_Chinese Agog at Clinton, a Hero (Like Nixon).txt",0.973109944300218,0.9786412119865417,22,6,28
CLINTON IN CHINA_ HONG KONG_Hong Kong Surprise_ Politics Steady but Economy Falters.txt,/content/drive/MyDrive/extracted_files/clinton_93-00/CLINTON IN CHINA_ HONG KONG_Hong Kong Surprise_ Politics Steady but Economy Falters.txt,0.966400991987299,0.929452449745602,27,45,72
CLINTON IN CHINA_ IN HONG KONG_Manhattan Of Asia_ Indifferent To Clinton.txt,/content/drive/MyDrive/extracted_files/clinton_93-00/CLINTON IN CHINA_ IN HONG KONG_Manhattan Of Asia_ Indifferent To Clinton.txt,0.9401263329717848,0.9946877530642918,18,14,32
"CLINTON IN CHINA_ TAIWAN_As the Chinese See It, Taiwan Remains Most Important Issue.txt","/content/drive/MyDrive/extracted_files/clinton_93-00/CLINTON IN CHINA_ TAIWAN_As the Chinese See It, Taiwan Remains Most Important Issue.txt",0.9122021496295929,0.937462500163487,6,14,20
"CLINTON IN CHINA_ THE AMBASSADOR_With All of the Hoopla, U.S. Envoy_s Star Rises.txt","/content/drive/MyDrive/extracted_files/clinton_93-00/CLINTON IN CHINA_ THE AMBASSADOR_With All of the Hoopla, U.S. Envoy_s Star Rises.txt",0.9661325860023499,0.9189164510795048,25,14,39
CLINTON IN CHINA_ THE DISSIDENTS_3 Who Urged Clinton to Meet With Democracy Groups Are Detained_ U.S.txt,/content/drive/MyDrive/extracted_files/clinton_93-00/CLINTON IN CHINA_ THE DISSIDENTS_3 Who Urged Clinton to Meet With Democracy Groups Are Detained_ U.S.txt,0.8642927408218384,0.984064370393753,5,16,21
CLINTON IN CHINA_ THE DISSIDENTS_Activist Held After Attempt to Register Party.txt,/content/drive/MyDrive/extracted_files/clinton_93-00/CLINTON IN CHINA_ THE DISSIDENTS_Activist Held After Attempt to Register Party.txt,0.9685003459453583,0.9251779317855835,2,8,10
CLINTON IN CHINA_ THE DRAMA_Lincoln Center_s Unhappy Prospect_ The Opera With the Empty Costumes.txt,/content/drive/MyDrive/extracted_files/clinton_93-00/CLINTON IN CHINA_ THE DRAMA_Lincoln Center_s Unhappy Prospect_ The Opera With the Empty Costumes.txt,0.8938298638050373,0.985729650310848,13,23,36
CLINTON IN CHINA_ THE MEDIA_Live Debate On Television Is a Rarity For Chinese.txt,/content/drive/MyDrive/extracted_files/clinton_93-00/CLINTON IN CHINA_ THE MEDIA_Live Debate On Television Is a Rarity For Chinese.txt,0.9741307430797153,0.9348873972892762,9,20,29
CLINTON IN CHINA_ THE OVERVIEW_Clinton Sends Dual Message To China in Interview on TV.txt,/content/drive/MyDrive/extracted_files/clinton_93-00/CLINTON IN CHINA_ THE OVERVIEW_Clinton Sends Dual Message To China in Interview on TV.txt,0.9560551869458166,0.9023251798417833,29,9,38
CLINTON IN CHINA_ THE REPUBLICANS_G.O.P. Delivers Unusual Praise On Clinton Trip.txt,/content/drive/MyDrive/extracted_files/clinton_93-00/CLINTON IN CHINA_ THE REPUBLICANS_G.O.P. Delivers Unusual Praise On Clinton Trip.txt,0.9688993485077567,0.9562521342075232,23,33,56
"CLINTON IN CHINA_ THE VILLAGE_In a Schoolyard Near Xian, a Grass-Roots Moment.txt","/content/drive/MyDrive/extracted_files/clinton_93-00/CLINTON IN CHINA_ THE VILLAGE_In a Schoolyard Near Xian, a Grass-Roots Moment.txt",0.9382257044315339,0.9919871687889099,10,3,13
"CLINTON IN CHINA_Clinton Reluctant to Leave, Perhaps_.txt","/content/drive/MyDrive/extracted_files/clinton_93-00/CLINTON IN CHINA_Clinton Reluctant to Leave, Perhaps_.txt",0.9904500097036362,0.9938490092754364,4,4,8
CLINTON LAUNCHES EFFORT TO RENEW CHINA TRADE TIES.txt,/content/drive/MyDrive/extracted_files/clinton_93-00/CLINTON LAUNCHES EFFORT TO RENEW CHINA TRADE TIES.txt,0.9269351802374187,0.9817778225298281,19,27,46
CLINTON PLANNING DIPLOMATIC WHIRL ON NEW YORK TRIP.txt,/content/drive/MyDrive/extracted_files/clinton_93-00/CLINTON PLANNING DIPLOMATIC WHIRL ON NEW YORK TRIP.txt,0.9585909404252705,0.9615088943392038,19,32,51
Clinton Renews Trade Privileges For China Despite Rights Record.txt,/content/drive/MyDrive/extracted_files/clinton_93-00/Clinton Renews Trade Privileges For China Despite Rights Record.txt,0.8263379693031311,0.9330612222353617,5,6,11
Clinton Sends to a Wary Congress A Long-Delayed China Trade Bill.txt,/content/drive/MyDrive/extracted_files/clinton_93-00/Clinton Sends to a Wary Congress A Long-Delayed China Trade Bill.txt,0.8692449080316644,0.9650237000349796,19,33,52
Clinton Takes Political Risk in Talking to Chinese.txt,/content/drive/MyDrive/extracted_files/clinton_93-00/Clinton Takes Political Risk in Talking to Chinese.txt,0.9191964964071909,0.9385291996755099,18,19,37
Clinton to Meet China_s President in New York.txt,/content/drive/MyDrive/extracted_files/clinton_93-00/Clinton to Meet China_s President in New York.txt,0.9894545475641886,0.929704338312149,6,4,10
Clinton to Meet Jiang on Trade _Mistake_.txt,/content/drive/MyDrive/extracted_files/clinton_93-00/Clinton to Meet Jiang on Trade _Mistake_.txt,0.9533527067729405,0.9758331974347433,7,12,19
Clinton Urged to Meet Top China Dissident.txt,/content/drive/MyDrive/extracted_files/clinton_93-00/Clinton Urged to Meet Top China Dissident.txt,0.9884589910507202,0.9811297878623009,8,16,24
Clinton_s Remarks on Foundation of Foreign Policy.txt,/content/drive/MyDrive/extracted_files/clinton_93-00/Clinton_s Remarks on Foundation of Foreign Policy.txt,0.9278548307278577,0.9669798581223739,34,19,53
Coal Venture With China.txt,/content/drive/MyDrive/extracted_files/clinton_93-00/Coal Venture With China.txt,0.8122218549251556,0.8344702005386353,2,5,7
Coca-Cola Will Expand Into the Interior of China.txt,/content/drive/MyDrive/extracted_files/clinton_93-00/Coca-Cola Will Expand Into the Interior of China.txt,0.9637321735683241,0.9528085192044576,19,9,28
Cohen Rebukes Israelis Bluntly on Sale of Radar Systems to China.txt,/content/drive/MyDrive/extracted_files/clinton_93-00/Cohen Rebukes Israelis Bluntly on Sale of Radar Systems to China.txt,0.9452046314875285,0.968478629222283,15,13,28
Colonialism Ending in Asia As China Reclaims Macao.txt,/content/drive/MyDrive/extracted_files/clinton_93-00/Colonialism Ending in Asia As China Reclaims Macao.txt,0.9465792653511982,0.9786722448137072,49,45,94
Commercial Property_Asian Investment Is on the Rise in Los Angeles.txt,/content/drive/MyDrive/extracted_files/clinton_93-00/Commercial Property_Asian Investment Is on the Rise in Los Angeles.txt,0.9549213945865631,0.9426090240478515,34,25,59
COMMITTEE IS TOLD A DONOR RECEIVED FOREIGNERS_ CASH.txt,/content/drive/MyDrive/extracted_files/clinton_93-00/COMMITTEE IS TOLD A DONOR RECEIVED FOREIGNERS_ CASH.txt,0.9050407707691193,0.9483381290184824,12,38,50
COMPANY NEWS_A.T.& T. Signs Pact In China.txt,/content/drive/MyDrive/extracted_files/clinton_93-00/COMPANY NEWS_A.T.& T. Signs Pact In China.txt,0.9311717748641968,0.9289479181170464,3,8,11
COMPANY NEWS_AID TO CHINA_S AUTO INDUSTRY IS PLANNED.txt,/content/drive/MyDrive/extracted_files/clinton_93-00/COMPANY NEWS_AID TO CHINA_S AUTO INDUSTRY IS PLANNED.txt,0.9703971942265829,0.9866134226322174,3,2,5
COMPANY NEWS_AIRBUS RECEIVES A $700 MILLION JET ORDER FROM CHINA.txt,/content/drive/MyDrive/extracted_files/clinton_93-00/COMPANY NEWS_AIRBUS RECEIVES A $700 MILLION JET ORDER FROM CHINA.txt,0.9725329279899597,0.8148874640464783,1,1,2
COMPANY NEWS_AST to Build PC Factory Near Beijing.txt,/content/drive/MyDrive/extracted_files/clinton_93-00/COMPANY NEWS_AST to Build PC Factory Near Beijing.txt,0.99272922873497,0.9041859755913416,10,12,22
COMPANY NEWS_BOEING GETS $600 MILLION ORDER FROM CHINESE AIRLINE.txt,/content/drive/MyDrive/extracted_files/clinton_93-00/COMPANY NEWS_BOEING GETS $600 MILLION ORDER FROM CHINESE AIRLINE.txt,0.8938468098640442,0.9839267134666443,2,2,4
COMPANY NEWS_ERICSSON GETS $150 MILLION PHONE CONTRACT IN CHINA.txt,/content/drive/MyDrive/extracted_files/clinton_93-00/COMPANY NEWS_ERICSSON GETS $150 MILLION PHONE CONTRACT IN CHINA.txt,0.9538577795028687,0.8707490265369415,1,2,3
COMPANY NEWS_HONDA TO START NEW VENTURE IN CHINA.txt,/content/drive/MyDrive/extracted_files/clinton_93-00/COMPANY NEWS_HONDA TO START NEW VENTURE IN CHINA.txt,,0.7143396139144897,0,2,2
COMPANY NEWS_HUGHES TO OFFER SATELLITE TV SERVICE IN CHINA.txt,/content/drive/MyDrive/extracted_files/clinton_93-00/COMPANY NEWS_HUGHES TO OFFER SATELLITE TV SERVICE IN CHINA.txt,0.9990149736404419,0.9073340892791748,1,2,3
COMPANY NEWS_I.B.M. PLANS $300 MILLION PLANT IN CHINA.txt,/content/drive/MyDrive/extracted_files/clinton_93-00/COMPANY NEWS_I.B.M. PLANS $300 MILLION PLANT IN CHINA.txt,0.9824559688568115,0.8561625361442566,1,5,6
COMPANY NEWS_JOINT VENTURE IN CHINA TO MANUFACTURE PUMPS.txt,/content/drive/MyDrive/extracted_files/clinton_93-00/COMPANY NEWS_JOINT VENTURE IN CHINA TO MANUFACTURE PUMPS.txt,0.8788598775863647,0.9453697204589844,3,1,4
COMPANY NEWS_Northern Telecom in China Deal.txt,/content/drive/MyDrive/extracted_files/clinton_93-00/COMPANY NEWS_Northern Telecom in China Deal.txt,0.9057434151570002,0.8470529814561208,12,6,18
COMPANY NEWS_P.& G. IS PLANNING MORE JOINT VENTURES IN CHINA.txt,/content/drive/MyDrive/extracted_files/clinton_93-00/COMPANY NEWS_P.& G. IS PLANNING MORE JOINT VENTURES IN CHINA.txt,0.8639626502990723,0.9221699833869934,4,1,5
COMPANY NEWS_TCBY in China Pact.txt,/content/drive/MyDrive/extracted_files/clinton_93-00/COMPANY NEWS_TCBY in China Pact.txt,0.8068126738071442,0.9694274663925171,2,2,4
COMPANY NEWS_Texaco in China Pact.txt,/content/drive/MyDrive/extracted_files/clinton_93-00/COMPANY NEWS_Texaco in China Pact.txt,0.924462080001831,0.7814253568649292,1,1,2
Compaq Grows in China.txt,/content/drive/MyDrive/extracted_files/clinton_93-00/Compaq Grows in China.txt,0.9959071675936381,0.7184654474258423,3,1,4
Conversations_ Zhu Muzhi_Want to Sell China_s Record On Human Rights_ Get Mr. Smooth.txt,/content/drive/MyDrive/extracted_files/clinton_93-00/Conversations_ Zhu Muzhi_Want to Sell China_s Record On Human Rights_ Get Mr. Smooth.txt,0.9578902858954209,0.9551534321573045,26,27,53
CORRESPONDENT_S REPORT_Something New in China_ Environmental Cleanup.txt,/content/drive/MyDrive/extracted_files/clinton_93-00/CORRESPONDENT_S REPORT_Something New in China_ Environmental Cleanup.txt,0.9590800181031227,0.9809634231385731,8,21,29
Crayons Produced in China Are Recalled as Lead Risk.txt,/content/drive/MyDrive/extracted_files/clinton_93-00/Crayons Produced in China Are Recalled as Lead Risk.txt,0.9855420589447021,0.9750286142031351,2,27,29
Crew Member Admits to Role in Smuggling Chinese Immigrants.txt,/content/drive/MyDrive/extracted_files/clinton_93-00/Crew Member Admits to Role in Smuggling Chinese Immigrants.txt,0.8162851780653,0.9470415810743967,4,24,28
CRISIS IN THE BALKANS_ APOLOGY_Beijing Calls U.S. Explanation of Embassy Bombing _Unconvincing_.txt,/content/drive/MyDrive/extracted_files/clinton_93-00/CRISIS IN THE BALKANS_ APOLOGY_Beijing Calls U.S. Explanation of Embassy Bombing _Unconvincing_.txt,0.9906268417835236,0.9918942614035173,6,22,28
CRISIS IN THE BALKANS_ BEIJING_China Students Are Caught Up By Nationalism.txt,/content/drive/MyDrive/extracted_files/clinton_93-00/CRISIS IN THE BALKANS_ BEIJING_China Students Are Caught Up By Nationalism.txt,0.9371060887972514,0.9583706768547616,15,41,56
CRISIS IN THE BALKANS_ BELGRADE_Embassy Attack Followed By Defiance Toward NATO.txt,/content/drive/MyDrive/extracted_files/clinton_93-00/CRISIS IN THE BALKANS_ BELGRADE_Embassy Attack Followed By Defiance Toward NATO.txt,0.9805525595491583,0.9771521724760532,11,32,43
CRISIS IN THE BALKANS_ CHINA_CHINA PROTESTERS RAGE AT AMERICA.txt,/content/drive/MyDrive/extracted_files/clinton_93-00/CRISIS IN THE BALKANS_ CHINA_CHINA PROTESTERS RAGE AT AMERICA.txt,0.9350886576705508,0.9488230651997506,18,47,65
CRISIS IN THE BALKANS_ DIPLOMACY_China Suspends Some Ties as Bombing Adds Strains to Already Tense R.txt,/content/drive/MyDrive/extracted_files/clinton_93-00/CRISIS IN THE BALKANS_ DIPLOMACY_China Suspends Some Ties as Bombing Adds Strains to Already Tense R.txt,0.8807589511076609,0.9485427159816027,6,32,38
CRISIS IN THE BALKANS_ DIPLOMACY_U.S. Struggles to Contain Damage To Diplomacy and Air Campaign.txt,/content/drive/MyDrive/extracted_files/clinton_93-00/CRISIS IN THE BALKANS_ DIPLOMACY_U.S. Struggles to Contain Damage To Diplomacy and Air Campaign.txt,0.9682572722434998,0.9764478817964212,15,39,54
CRISIS IN THE BALKANS_ EMBASSY BOMBING_Two Victims In U.S. Raid Reportedly Were Spies.txt,/content/drive/MyDrive/extracted_files/clinton_93-00/CRISIS IN THE BALKANS_ EMBASSY BOMBING_Two Victims In U.S. Raid Reportedly Were Spies.txt,0.9258697509765625,0.9717701629356101,5,27,32
CRISIS IN THE BALKANS_ UNITED NATIONS_Security Council Backs Peace Plan and a NATO-Led Force.txt,/content/drive/MyDrive/extracted_files/clinton_93-00/CRISIS IN THE BALKANS_ UNITED NATIONS_Security Council Backs Peace Plan and a NATO-Led Force.txt,0.9305960668457879,0.9436658263206482,18,15,33
CRISIS IN THE BALKANS_KOSOVO UPDATE.txt,/content/drive/MyDrive/extracted_files/clinton_93-00/CRISIS IN THE BALKANS_KOSOVO UPDATE.txt,0.9485467672348022,0.9506887793540955,4,6,10
Critic_s Choice_Art_Fresh Chinese Treasures.txt,/content/drive/MyDrive/extracted_files/clinton_93-00/Critic_s Choice_Art_Fresh Chinese Treasures.txt,0.9934098720550537,0.9404675960540771,7,2,9
Critic_s Choice_Film_Mixing Humanity and History to Illustrate the Flux of Family Life in China.txt,/content/drive/MyDrive/extracted_files/clinton_93-00/Critic_s Choice_Film_Mixing Humanity and History to Illustrate the Flux of Family Life in China.txt,0.9986768662929535,0.9780903259913126,10,6,16
Critic_s Notebook_The Vanishing Haute Cuisine.txt,/content/drive/MyDrive/extracted_files/clinton_93-00/Critic_s Notebook_The Vanishing Haute Cuisine.txt,0.957015604458072,0.954982125423324,88,71,159
Crusader and Pragmatist_ The Two Chris Smiths.txt,/content/drive/MyDrive/extracted_files/clinton_93-00/Crusader and Pragmatist_ The Two Chris Smiths.txt,0.9664444778416608,0.9351159572601319,37,40,77
Daimler in China Venture.txt,/content/drive/MyDrive/extracted_files/clinton_93-00/Daimler in China Venture.txt,0.9794758558273315,0.6599617004394531,3,1,4
Dalai Lama Finds China_s Threats A Subject for Humor and Anxiety.txt,/content/drive/MyDrive/extracted_files/clinton_93-00/Dalai Lama Finds China_s Threats A Subject for Humor and Anxiety.txt,0.9569300442934037,0.9470486463384425,20,47,67
Dalai Lama Movie Imperils Disney_s Future in China.txt,/content/drive/MyDrive/extracted_files/clinton_93-00/Dalai Lama Movie Imperils Disney_s Future in China.txt,0.9418164104223251,0.9529350835543412,20,26,46
Dalai Lama Notes Shifts in China_ Backs Clinton_s Softer Line.txt,/content/drive/MyDrive/extracted_files/clinton_93-00/Dalai Lama Notes Shifts in China_ Backs Clinton_s Softer Line.txt,0.9725779294967651,0.9118102022579738,10,14,24
Dalai Lama Reassesses China Talks.txt,/content/drive/MyDrive/extracted_files/clinton_93-00/Dalai Lama Reassesses China Talks.txt,0.9775347510973612,0.9272391498088837,3,6,9
Dam_s Inexorable Future Spells Doom for Yangtze Valley_s Rich Past.txt,/content/drive/MyDrive/extracted_files/clinton_93-00/Dam_s Inexorable Future Spells Doom for Yangtze Valley_s Rich Past.txt,0.9439717173576355,0.9741883888477232,30,41,71
DANCE_When Battle and Ballet Become Synonymous.txt,/content/drive/MyDrive/extracted_files/clinton_93-00/DANCE_When Battle and Ballet Become Synonymous.txt,0.967807850572798,0.9543822098661352,45,27,72
Daughter_s Injury Brings End To Family_s Faith in Future.txt,/content/drive/MyDrive/extracted_files/clinton_93-00/Daughter_s Injury Brings End To Family_s Faith in Future.txt,0.9892325520515441,0.9759091816165231,25,22,47
DECEMBER 3-9_Black and White And Loved All Over.txt,/content/drive/MyDrive/extracted_files/clinton_93-00/DECEMBER 3-9_Black and White And Loved All Over.txt,0.9990667700767517,0.9978331923484802,1,1,2
DECISION IN TAIWAN_ MAN IN THE NEWS_A Determined Fighter Who Paid a Price.txt,/content/drive/MyDrive/extracted_files/clinton_93-00/DECISION IN TAIWAN_ MAN IN THE NEWS_A Determined Fighter Who Paid a Price.txt,0.9149973293145498,0.9701926339240301,30,21,51
DECISION IN TAIWAN_ THE NATIONALISTS_Party Undone by Liberty It Nurtured.txt,/content/drive/MyDrive/extracted_files/clinton_93-00/DECISION IN TAIWAN_ THE NATIONALISTS_Party Undone by Liberty It Nurtured.txt,0.9516694491559808,0.9659933490412576,11,14,25
DECISION IN TAIWAN_ THE OVERVIEW_Taiwan Nationalists Ousted After Half-Century Reign.txt,/content/drive/MyDrive/extracted_files/clinton_93-00/DECISION IN TAIWAN_ THE OVERVIEW_Taiwan Nationalists Ousted After Half-Century Reign.txt,0.9499373622238636,0.9065525512541494,32,31,63
Deere Venture in China.txt,/content/drive/MyDrive/extracted_files/clinton_93-00/Deere Venture in China.txt,0.9850418269634247,0.5263705849647522,2,1,3
DEMOCRATS HOPED TO RAISE $7 MILLION FROM ASIANS IN U.S.txt,/content/drive/MyDrive/extracted_files/clinton_93-00/DEMOCRATS HOPED TO RAISE $7 MILLION FROM ASIANS IN U.S.txt,0.9230743463222797,0.9641226005554199,39,50,89
"Despite Defeat On China Bill, Labor Is on Rise.txt","/content/drive/MyDrive/extracted_files/clinton_93-00/Despite Defeat On China Bill, Labor Is on Rise.txt",0.9515123634502806,0.96142513078192,29,46,75
"Despite Tensions, Clinton Urges Renewal of China_s Trade Status.txt","/content/drive/MyDrive/extracted_files/clinton_93-00/Despite Tensions, Clinton Urges Renewal of China_s Trade Status.txt",0.936086563503041,0.9509399405547551,17,28,45
Detained Editor_s Brother Is Arrested in Beijing.txt,/content/drive/MyDrive/extracted_files/clinton_93-00/Detained Editor_s Brother Is Arrested in Beijing.txt,0.9876082042853037,0.9744482040405273,6,15,21
"Dingjiaergou Journal_Remains of a Day, Unearthed, Enrich Another.txt","/content/drive/MyDrive/extracted_files/clinton_93-00/Dingjiaergou Journal_Remains of a Day, Unearthed, Enrich Another.txt",0.9574693292379379,0.9794243029185704,16,35,51
Dinosaur Fossil Lends Support To Bird Theory.txt,/content/drive/MyDrive/extracted_files/clinton_93-00/Dinosaur Fossil Lends Support To Bird Theory.txt,0.8692213467189244,0.8235063010996039,7,11,18
Dire Warnings Over China in a Taiwan Race.txt,/content/drive/MyDrive/extracted_files/clinton_93-00/Dire Warnings Over China in a Taiwan Race.txt,0.9571416940953996,0.9326292425394058,18,16,34
Disney Files Suit in China.txt,/content/drive/MyDrive/extracted_files/clinton_93-00/Disney Files Suit in China.txt,0.89154452085495,0.9869724437594414,2,8,10
Dispatches From a Culinary Frontier.txt,/content/drive/MyDrive/extracted_files/clinton_93-00/Dispatches From a Culinary Frontier.txt,0.9673430165823769,0.9250926971435547,68,67,135
Dispute Won_t Halt Chinese Wheat Sales.txt,/content/drive/MyDrive/extracted_files/clinton_93-00/Dispute Won_t Halt Chinese Wheat Sales.txt,0.9490254521369934,0.9565550088882446,1,2,3
"Dissident Meets Clinton, Urges Pressure On Beijing.txt","/content/drive/MyDrive/extracted_files/clinton_93-00/Dissident Meets Clinton, Urges Pressure On Beijing.txt",0.9476430863142014,0.9839354306459427,12,12,24
"Dissident, Still on Hunger Strike, Leaves Hospital.txt","/content/drive/MyDrive/extracted_files/clinton_93-00/Dissident, Still on Hunger Strike, Leaves Hospital.txt",,0.9031444896351207,0,11,11
Dissident_s Advice to Clinton_ Only Pressure Sways Beijing.txt,/content/drive/MyDrive/extracted_files/clinton_93-00/Dissident_s Advice to Clinton_ Only Pressure Sways Beijing.txt,0.967190784436685,0.9418475669005821,27,29,56
Dole Wavers On Extending Trade Rights For China.txt,/content/drive/MyDrive/extracted_files/clinton_93-00/Dole Wavers On Extending Trade Rights For China.txt,0.9072168072064718,0.939140884772591,9,23,32
Don_t Joke About This Stock Market.txt,/content/drive/MyDrive/extracted_files/clinton_93-00/Don_t Joke About This Stock Market.txt,0.9688478716662232,0.9633275489012401,71,90,161
DRAFT OF REPORT FOR G.O.P. ATTACKS CLINTON CAMPAIGN.txt,/content/drive/MyDrive/extracted_files/clinton_93-00/DRAFT OF REPORT FOR G.O.P. ATTACKS CLINTON CAMPAIGN.txt,0.9095910266041756,0.9594683547814687,24,54,78
Echoes of a Fallen Kingdom.txt,/content/drive/MyDrive/extracted_files/clinton_93-00/Echoes of a Fallen Kingdom.txt,0.9270015662571169,0.9490789966796761,53,67,120
Ecologists Improve Production in Chinese Farming Village.txt,/content/drive/MyDrive/extracted_files/clinton_93-00/Ecologists Improve Production in Chinese Farming Village.txt,0.9726911783218384,0.9322260583148283,9,17,26
"Economic Scene_Cheap imports may hurt labor, but avoid a world recession.txt","/content/drive/MyDrive/extracted_files/clinton_93-00/Economic Scene_Cheap imports may hurt labor, but avoid a world recession.txt",0.8414046594074794,0.963143426360506,7,33,40
Economic Scene_Players in the Asian crisis_ Are they up to the solution_.txt,/content/drive/MyDrive/extracted_files/clinton_93-00/Economic Scene_Players in the Asian crisis_ Are they up to the solution_.txt,0.9537227153778076,0.9576946916403594,9,27,36
Economic Scene_Should Clinton embrace the China trade deal_ Some say yes.txt,/content/drive/MyDrive/extracted_files/clinton_93-00/Economic Scene_Should Clinton embrace the China trade deal_ Some say yes.txt,0.8952305396397908,0.9528314913472822,15,31,46
Economic Scene_The Chinese way_ spend out of trouble like Keynesians.txt,/content/drive/MyDrive/extracted_files/clinton_93-00/Economic Scene_The Chinese way_ spend out of trouble like Keynesians.txt,0.9442489147186279,0.9852848876090277,12,21,33
ECONOMIC VIEW_Lighting Up A Lesson In China Trade.txt,/content/drive/MyDrive/extracted_files/clinton_93-00/ECONOMIC VIEW_Lighting Up A Lesson In China Trade.txt,0.9631252793165354,0.9703020490705967,26,16,42
Entrepreneurial Energy Sets Off a Chinese Boom.txt,/content/drive/MyDrive/extracted_files/clinton_93-00/Entrepreneurial Energy Sets Off a Chinese Boom.txt,0.964632493162912,0.9671186798292658,63,92,155
European Stocks Soar As Chinese Markets Ease.txt,/content/drive/MyDrive/extracted_files/clinton_93-00/European Stocks Soar As Chinese Markets Ease.txt,0.983149453997612,0.9802776575088501,8,7,15
"Ex-General, Member of Banned Sect, Confesses _Mistakes,_ China Says.txt","/content/drive/MyDrive/extracted_files/clinton_93-00/Ex-General, Member of Banned Sect, Confesses _Mistakes,_ China Says.txt",0.8826521592480796,0.9562357950210572,14,25,39
Ex-Im Bank Refuses Loan Backing for Big China Dam.txt,/content/drive/MyDrive/extracted_files/clinton_93-00/Ex-Im Bank Refuses Loan Backing for Big China Dam.txt,0.9475446144739786,0.9188720014962283,6,22,28
Ex-Official Urges Beijing to End Tiananmen _Cover-Up_.txt,/content/drive/MyDrive/extracted_files/clinton_93-00/Ex-Official Urges Beijing to End Tiananmen _Cover-Up_.txt,0.9544086181200467,0.9562206772657541,13,26,39
Ex-Prisoner of China Seeks Insights at Old Gulag Site.txt,/content/drive/MyDrive/extracted_files/clinton_93-00/Ex-Prisoner of China Seeks Insights at Old Gulag Site.txt,0.882940031014956,0.9710599337854693,13,31,44
Executions in China.txt,/content/drive/MyDrive/extracted_files/clinton_93-00/Executions in China.txt,0.8799843788146973,,1,0,1
Export Limits On Computers Are Rejected.txt,/content/drive/MyDrive/extracted_files/clinton_93-00/Export Limits On Computers Are Rejected.txt,0.905889610449473,0.908218095699946,3,12,15
F.B.I. DENIED DATA THE WHITE HOUSE SOUGHT ON CHINA.txt,/content/drive/MyDrive/extracted_files/clinton_93-00/F.B.I. DENIED DATA THE WHITE HOUSE SOUGHT ON CHINA.txt,0.9197656393051148,0.9614139910667173,20,31,51
FABLED ROAD TO THE FAR EAST.txt,/content/drive/MyDrive/extracted_files/clinton_93-00/FABLED ROAD TO THE FAR EAST.txt,0.9654623872422158,0.9309151759371161,94,64,158
"FALLOUT IN ARMS RESEARCH_ A special report._Amid Race Profiling Claims, Asian-Americans Avoid Labs.txt","/content/drive/MyDrive/extracted_files/clinton_93-00/FALLOUT IN ARMS RESEARCH_ A special report._Amid Race Profiling Claims, Asian-Americans Avoid Labs.txt",0.9350377424903538,0.9586123630807206,23,74,97
Familiarity Breeds Affection for Asian Vegetables.txt,/content/drive/MyDrive/extracted_files/clinton_93-00/Familiarity Breeds Affection for Asian Vegetables.txt,0.9900689800580342,0.9422232224827721,30,21,51
FILM_A Chinese Actress Blossoms on the Screen.txt,/content/drive/MyDrive/extracted_files/clinton_93-00/FILM_A Chinese Actress Blossoms on the Screen.txt,0.9884892503420512,0.9505024448685024,21,23,44
FILM_A Master Everywhere Else Is Ready to Try America.txt,/content/drive/MyDrive/extracted_files/clinton_93-00/FILM_A Master Everywhere Else Is Ready to Try America.txt,0.9787665488464492,0.8879082777670452,56,28,84
FILM_An Odyssey Tracks A Fictional Fiddle_s.txt,/content/drive/MyDrive/extracted_files/clinton_93-00/FILM_An Odyssey Tracks A Fictional Fiddle_s.txt,0.9718054596413958,0.9241994967063268,47,24,71
FILM_Once a Shangri-La Where China Now Dominates.txt,/content/drive/MyDrive/extracted_files/clinton_93-00/FILM_Once a Shangri-La Where China Now Dominates.txt,0.9416888952255249,0.9445608361014004,18,29,47
FILM_What China Would Bury in Moroccan Sand.txt,/content/drive/MyDrive/extracted_files/clinton_93-00/FILM_What China Would Bury in Moroccan Sand.txt,0.9497865835825602,0.9469987183320717,84,61,145
FILM__The Blue Kite_ Sails Beyond the Censors.txt,/content/drive/MyDrive/extracted_files/clinton_93-00/FILM__The Blue Kite_ Sails Beyond the Censors.txt,0.9791687901427106,0.9556557368009518,41,39,80
Fire Kills 79 People In Department Store In Northeast China.txt,/content/drive/MyDrive/extracted_files/clinton_93-00/Fire Kills 79 People In Department Store In Northeast China.txt,0.9731901586055756,0.9758957895365629,2,11,13
"For a Dissident, Too Much Fame and Freedom.txt","/content/drive/MyDrive/extracted_files/clinton_93-00/For a Dissident, Too Much Fame and Freedom.txt",0.9750183324019114,0.9703737044334412,24,25,49
For Children.txt,/content/drive/MyDrive/extracted_files/clinton_93-00/For Children.txt,0.9771063798352292,0.9305673122406006,19,5,24
"For China_s Rural Migrants, an Education Wall.txt","/content/drive/MyDrive/extracted_files/clinton_93-00/For China_s Rural Migrants, an Education Wall.txt",0.8939236766762204,0.9635290399193763,18,40,58
"For Sony_s Studios, A New Mood_More Hits and Less Worry on Interference.txt","/content/drive/MyDrive/extracted_files/clinton_93-00/For Sony_s Studios, A New Mood_More Hits and Less Worry on Interference.txt",0.9663934276021761,0.96036585467927,29,47,76
"For Taiwanese Investors, The Mainland Loses Luster.txt","/content/drive/MyDrive/extracted_files/clinton_93-00/For Taiwanese Investors, The Mainland Loses Luster.txt",0.9008534862881615,0.9857322327468706,21,46,67
"For Taiwan_s Frontier Islands, the War Is Over.txt","/content/drive/MyDrive/extracted_files/clinton_93-00/For Taiwan_s Frontier Islands, the War Is Over.txt",0.9185693338513374,0.9622822090199119,16,38,54
"For White Goods, A World Beckons_But New Markets Are Tough Going.txt","/content/drive/MyDrive/extracted_files/clinton_93-00/For White Goods, A World Beckons_But New Markets Are Tough Going.txt",0.9383694510306081,0.9509142756462097,31,45,76
Foreign Affairs_Trash The I.M.F.!.txt,/content/drive/MyDrive/extracted_files/clinton_93-00/Foreign Affairs_Trash The I.M.F.!.txt,0.9212328672409058,0.9876968539678134,10,26,36
"Former Official, Under Detention, Issues Rare Challenge to China.txt","/content/drive/MyDrive/extracted_files/clinton_93-00/Former Official, Under Detention, Issues Rare Challenge to China.txt",0.9313770333925883,0.967232272028923,3,12,15
Fossils Hint at Primate Garden of Eden in Asia.txt,/content/drive/MyDrive/extracted_files/clinton_93-00/Fossils Hint at Primate Garden of Eden in Asia.txt,0.9304689602418379,0.9332793205976486,11,16,27
From China_ A Pavilion Of Guardians.txt,/content/drive/MyDrive/extracted_files/clinton_93-00/From China_ A Pavilion Of Guardians.txt,0.9787711203098297,0.8453665524721146,12,4,16
From Restaurateur to Intimate at the White House.txt,/content/drive/MyDrive/extracted_files/clinton_93-00/From Restaurateur to Intimate at the White House.txt,0.9712375913347516,0.9383023321628571,28,50,78
"From the New Hong Kong, an English Take on China_s Past.txt","/content/drive/MyDrive/extracted_files/clinton_93-00/From the New Hong Kong, an English Take on China_s Past.txt",0.9563067136584101,0.9643364885578984,37,23,60
"From the Trade Debate_ Democracy and Economics, Idealism and Politics.txt","/content/drive/MyDrive/extracted_files/clinton_93-00/From the Trade Debate_ Democracy and Economics, Idealism and Politics.txt",0.9612685957197415,0.9597264037412756,59,51,110
Fund-Raiser_s Moment of Triumph Seems Part of Pattern of Suspicious Gifts.txt,/content/drive/MyDrive/extracted_files/clinton_93-00/Fund-Raiser_s Moment of Triumph Seems Part of Pattern of Suspicious Gifts.txt,0.9241216350346804,0.9565554415738141,32,54,86
FUTURES MARKETS_Copper Prices Advance on Signs That Export Demand Could Rise.txt,/content/drive/MyDrive/extracted_files/clinton_93-00/FUTURES MARKETS_Copper Prices Advance on Signs That Export Demand Could Rise.txt,0.9758565534244884,0.9399097732135228,11,7,18
FUTURES MARKETS_Hopes for U.S.-China Meeting Lift Wheat to 14-Year High.txt,/content/drive/MyDrive/extracted_files/clinton_93-00/FUTURES MARKETS_Hopes for U.S.-China Meeting Lift Wheat to 14-Year High.txt,0.9761199355125427,0.97753873696694,2,13,15
FUTURES MARKETS_Indication of Buying by China Drives Up Prices of Soybeans.txt,/content/drive/MyDrive/extracted_files/clinton_93-00/FUTURES MARKETS_Indication of Buying by China Drives Up Prices of Soybeans.txt,0.9905763268470764,0.9746100352360652,3,13,16
G.M. Advances in Bid for China Venture.txt,/content/drive/MyDrive/extracted_files/clinton_93-00/G.M. Advances in Bid for China Venture.txt,0.9321636178276755,0.9185367425282797,11,6,17
G.M. Wants China_s Trade To Be Favored Permanently.txt,/content/drive/MyDrive/extracted_files/clinton_93-00/G.M. Wants China_s Trade To Be Favored Permanently.txt,0.9422488391399384,0.981472271680832,20,20,40
G.O.P. Criticizes White House on Aid for Taiwan.txt,/content/drive/MyDrive/extracted_files/clinton_93-00/G.O.P. Criticizes White House on Aid for Taiwan.txt,0.9528434634208679,0.966223670886113,5,13,18
G.O.P. Senator Urges Action On China Technology Report.txt,/content/drive/MyDrive/extracted_files/clinton_93-00/G.O.P. Senator Urges Action On China Technology Report.txt,0.904019221663475,0.9408655274998058,8,11,19
G.O.P. Tries To Delay Vote In the Senate On China Bill.txt,/content/drive/MyDrive/extracted_files/clinton_93-00/G.O.P. Tries To Delay Vote In the Senate On China Bill.txt,0.9500059911182949,0.9758976030349732,7,25,32
GARDEN NOTEBOOK_The Global Backyard_ Weird Is In.txt,/content/drive/MyDrive/extracted_files/clinton_93-00/GARDEN NOTEBOOK_The Global Backyard_ Weird Is In.txt,0.9533042093118032,0.936101625363032,60,42,102
GARDENING_Admiring Beauty That_s Only Skin Deep.txt,/content/drive/MyDrive/extracted_files/clinton_93-00/GARDENING_Admiring Beauty That_s Only Skin Deep.txt,0.9697581116969769,0.956735397086424,26,34,60
Gauging the Consequences of Spurning China.txt,/content/drive/MyDrive/extracted_files/clinton_93-00/Gauging the Consequences of Spurning China.txt,0.937717854976654,0.9886002150075189,16,29,45
GE Plastics in China.txt,/content/drive/MyDrive/extracted_files/clinton_93-00/GE Plastics in China.txt,0.9825353920459747,,4,0,4
GEPHARDT OPPOSES CHINA TRADE BILL.txt,/content/drive/MyDrive/extracted_files/clinton_93-00/GEPHARDT OPPOSES CHINA TRADE BILL.txt,0.9613688327372074,0.9694684743881226,16,19,35
Getting Ahead_America Remains No. 1.txt,/content/drive/MyDrive/extracted_files/clinton_93-00/Getting Ahead_America Remains No. 1.txt,0.9636013878716363,0.9749938497295627,45,77,122
Gingrich Will Visit China Next Month.txt,/content/drive/MyDrive/extracted_files/clinton_93-00/Gingrich Will Visit China Next Month.txt,0.9828708618879318,0.9388349950313568,4,4,8
Global Economy Slowly Cuts Use of Fuels Rich in Carbon.txt,/content/drive/MyDrive/extracted_files/clinton_93-00/Global Economy Slowly Cuts Use of Fuels Rich in Carbon.txt,0.9235142683982849,0.9579317265086704,25,45,70
Global Women_s Forum Fights China_s Barriers.txt,/content/drive/MyDrive/extracted_files/clinton_93-00/Global Women_s Forum Fights China_s Barriers.txt,0.8934043844540914,0.9888138445940885,6,11,17
"Go East, Young Man.txt","/content/drive/MyDrive/extracted_files/clinton_93-00/Go East, Young Man.txt",0.9575249537443503,0.9341655128142413,39,17,56
"Goldman, Sachs in China.txt","/content/drive/MyDrive/extracted_files/clinton_93-00/Goldman, Sachs in China.txt",0.9923913329839706,,4,0,4
GOODWILL GAMES_Wilkinson Leading the U.S. Toward a Diving Comeback.txt,/content/drive/MyDrive/extracted_files/clinton_93-00/GOODWILL GAMES_Wilkinson Leading the U.S. Toward a Diving Comeback.txt,0.9699105560779572,0.9973285879407611,20,7,27
Goodyear in China Deal.txt,/content/drive/MyDrive/extracted_files/clinton_93-00/Goodyear in China Deal.txt,0.9339878559112549,0.9354642033576965,1,1,2
"Gore_s Staff Did Not Object To Temple Event, Aide Says.txt","/content/drive/MyDrive/extracted_files/clinton_93-00/Gore_s Staff Did Not Object To Temple Event, Aide Says.txt",0.9367143909136454,0.9430140881311326,12,21,33
"GRADING THE SECRETARY_ A special report._Albright, a Bold Voice Abroad, Finds Her Role Limited at Ho.txt","/content/drive/MyDrive/extracted_files/clinton_93-00/GRADING THE SECRETARY_ A special report._Albright, a Bold Voice Abroad, Finds Her Role Limited at Ho.txt",0.9590065688281865,0.9657773106705909,77,51,128
Grief and Outrage Over Fire in China.txt,/content/drive/MyDrive/extracted_files/clinton_93-00/Grief and Outrage Over Fire in China.txt,0.8799843788146973,,1,0,1
Group_s Trade in Bodies Reaped Wealth and Power.txt,/content/drive/MyDrive/extracted_files/clinton_93-00/Group_s Trade in Bodies Reaped Wealth and Power.txt,0.9517659902572632,0.9758311178949144,5,27,32
Growing Pains for a Doll Maker_A Model Case of Risks and Rewards in Small Business.txt,/content/drive/MyDrive/extracted_files/clinton_93-00/Growing Pains for a Doll Maker_A Model Case of Risks and Rewards in Small Business.txt,0.953570884007674,0.9711356195243629,39,37,76
Hard Choice for White House On Hillary Clinton and China.txt,/content/drive/MyDrive/extracted_files/clinton_93-00/Hard Choice for White House On Hillary Clinton and China.txt,0.9739533397886488,0.9824337713858661,9,17,26
Hillary Clinton in Beijing as Women_s Conference Opens.txt,/content/drive/MyDrive/extracted_files/clinton_93-00/Hillary Clinton in Beijing as Women_s Conference Opens.txt,0.9860152035951615,0.901265022429553,20,22,42
Honda Seeks China Sales.txt,/content/drive/MyDrive/extracted_files/clinton_93-00/Honda Seeks China Sales.txt,0.9786713421344757,0.9687456488609314,2,1,3
"Honda, Beating Out G.M., Plans to Build Cars in China.txt","/content/drive/MyDrive/extracted_files/clinton_93-00/Honda, Beating Out G.M., Plans to Build Cars in China.txt",0.9362274570898577,0.93043169627587,22,24,46
Hong Kong Asks Its High Court to Clarify Ruling Beijing Dislikes.txt,/content/drive/MyDrive/extracted_files/clinton_93-00/Hong Kong Asks Its High Court to Clarify Ruling Beijing Dislikes.txt,0.9782113134860992,0.9724810322125753,6,21,27
Hong Kong Chief Moves to Reduce Influence of Political Parties.txt,/content/drive/MyDrive/extracted_files/clinton_93-00/Hong Kong Chief Moves to Reduce Influence of Political Parties.txt,0.9477634165022109,0.966700537999471,9,15,24
Hong Kong Court Upholds China_s Rule.txt,/content/drive/MyDrive/extracted_files/clinton_93-00/Hong Kong Court Upholds China_s Rule.txt,0.9852342456579208,0.9656963348388672,20,20,40
Hong Kong Ends Impasse on Port.txt,/content/drive/MyDrive/extracted_files/clinton_93-00/Hong Kong Ends Impasse on Port.txt,0.8905500173568726,0.8689463973045349,7,5,12
Hong Kong Faces Loss Of Luster to Mainland.txt,/content/drive/MyDrive/extracted_files/clinton_93-00/Hong Kong Faces Loss Of Luster to Mainland.txt,0.9479744460271753,0.9461854850804364,23,27,50
Hong Kong Is Warned By Beijing On Press.txt,/content/drive/MyDrive/extracted_files/clinton_93-00/Hong Kong Is Warned By Beijing On Press.txt,0.9145717241547324,0.9364339141618638,22,21,43
Hong Kong Journal_Any Omens_ Colony_s Soothsayers Won_t Say.txt,/content/drive/MyDrive/extracted_files/clinton_93-00/Hong Kong Journal_Any Omens_ Colony_s Soothsayers Won_t Say.txt,0.948040949670892,0.9446115112304687,19,25,44
"Hong Kong Journal_Chinese Are Coming, and the Red Carpet Is Out.txt","/content/drive/MyDrive/extracted_files/clinton_93-00/Hong Kong Journal_Chinese Are Coming, and the Red Carpet Is Out.txt",0.9446403207602324,0.9605103010932604,27,24,51
"Hong Kong Journal_Choking on China_s Air, but Loath to Cry Foul.txt","/content/drive/MyDrive/extracted_files/clinton_93-00/Hong Kong Journal_Choking on China_s Air, but Loath to Cry Foul.txt",0.9663231806321577,0.9333155138625039,11,36,47
"Hong Kong Journal_In These Frazzled Times, Finding Time for Tea.txt","/content/drive/MyDrive/extracted_files/clinton_93-00/Hong Kong Journal_In These Frazzled Times, Finding Time for Tea.txt",0.9806869975451765,0.9597705602645874,29,26,55
Hong Kong Journal_McDonald_s Is in the Doghouse (Snoopy Did It).txt,/content/drive/MyDrive/extracted_files/clinton_93-00/Hong Kong Journal_McDonald_s Is in the Doghouse (Snoopy Did It).txt,0.9760196967558428,0.959460645010977,11,33,44
Hong Kong Journal_The Clothier_s New Line_ He_s _Selling Freedom_.txt,/content/drive/MyDrive/extracted_files/clinton_93-00/Hong Kong Journal_The Clothier_s New Line_ He_s _Selling Freedom_.txt,0.9434797366460165,0.9868125722214982,30,37,67
Hong Kong Leader Tries To Cope With the Crisis.txt,/content/drive/MyDrive/extracted_files/clinton_93-00/Hong Kong Leader Tries To Cope With the Crisis.txt,0.9350967019796371,0.9797651576144355,20,28,48
Hong Kong Mobile Unit Raises $7.2 Billion.txt,/content/drive/MyDrive/extracted_files/clinton_93-00/Hong Kong Mobile Unit Raises $7.2 Billion.txt,0.7988291382789612,0.9873783787091573,4,3,7
Hong Kong Shrugs as China Fumes.txt,/content/drive/MyDrive/extracted_files/clinton_93-00/Hong Kong Shrugs as China Fumes.txt,0.925012890781675,0.9595199450850487,14,16,30
Hong Kong Shrugs as China Fumes_A City Shrugs.txt,/content/drive/MyDrive/extracted_files/clinton_93-00/Hong Kong Shrugs as China Fumes_A City Shrugs.txt,0.9571917653083801,0.9368448172296796,4,7,11
Hong Kong Still Carries Britannia_s Indelible Mark.txt,/content/drive/MyDrive/extracted_files/clinton_93-00/Hong Kong Still Carries Britannia_s Indelible Mark.txt,0.9746241146518339,0.9416676933566729,31,24,55
HONG KONG TALKS ARE SET TO RESUME.txt,/content/drive/MyDrive/extracted_files/clinton_93-00/HONG KONG TALKS ARE SET TO RESUME.txt,0.9258131384849548,0.967984527349472,6,12,18
Hong Kong Tycoon_s Road to China.txt,/content/drive/MyDrive/extracted_files/clinton_93-00/Hong Kong Tycoon_s Road to China.txt,0.9368322153886159,0.9611399355142013,30,23,53
"Hong Kong, Takeover Near, In Wary Dance With Destiny.txt","/content/drive/MyDrive/extracted_files/clinton_93-00/Hong Kong, Takeover Near, In Wary Dance With Destiny.txt",0.9375412185986837,0.9526931803400923,45,41,86
Hong Kong_s Business Elite Tells Americans_ Don_t Panic.txt,/content/drive/MyDrive/extracted_files/clinton_93-00/Hong Kong_s Business Elite Tells Americans_ Don_t Panic.txt,0.965365469455719,0.9255518484533879,44,57,101
Hong Kong_s Leader Heads for U.S. to Correct _Misconceptions_.txt,/content/drive/MyDrive/extracted_files/clinton_93-00/Hong Kong_s Leader Heads for U.S. to Correct _Misconceptions_.txt,0.9872413982044567,0.9179533620675405,11,12,23
HOUSE APPROVES EXPANSION OF TIES TO TAIWAN_S ARMY.txt,/content/drive/MyDrive/extracted_files/clinton_93-00/HOUSE APPROVES EXPANSION OF TIES TO TAIWAN_S ARMY.txt,0.9534580427057603,0.9296460480525576,17,29,46
House Panel Takes a Slap At Clinton Over China.txt,/content/drive/MyDrive/extracted_files/clinton_93-00/House Panel Takes a Slap At Clinton Over China.txt,0.9189813375473023,0.963628385748182,5,14,19
"HOUSE PROUD_ Cool, Summery And in the City_A fashion designer_s loft, where rooms are merely subtle.txt","/content/drive/MyDrive/extracted_files/clinton_93-00/HOUSE PROUD_ Cool, Summery And in the City_A fashion designer_s loft, where rooms are merely subtle.txt",0.956166508106085,0.9398452440897623,52,30,82
How a Spy Left Taiwan in the Cold.txt,/content/drive/MyDrive/extracted_files/clinton_93-00/How a Spy Left Taiwan in the Cold.txt,0.9042950428050497,0.9450542080402374,23,50,73
How Donor With Asian Ties Knitted Access and Success.txt,/content/drive/MyDrive/extracted_files/clinton_93-00/How Donor With Asian Ties Knitted Access and Success.txt,0.9306608637173971,0.9509030878543854,36,34,70
How Washington Inc. Makes a Sale.txt,/content/drive/MyDrive/extracted_files/clinton_93-00/How Washington Inc. Makes a Sale.txt,0.9430435394483899,0.9146019518375397,63,48,111
HUMAN NATURE_An Urban Oasis for Confucius to Ponder.txt,/content/drive/MyDrive/extracted_files/clinton_93-00/HUMAN NATURE_An Urban Oasis for Confucius to Ponder.txt,0.9851752264159066,0.9266049921512604,35,20,55
HUMAN NATURE_Anne Raver_Raising His Plants Not to Fear the Cold.txt,/content/drive/MyDrive/extracted_files/clinton_93-00/HUMAN NATURE_Anne Raver_Raising His Plants Not to Fear the Cold.txt,0.961104310694195,0.8622293001727054,21,19,40
Human Rights Call for Asia.txt,/content/drive/MyDrive/extracted_files/clinton_93-00/Human Rights Call for Asia.txt,0.9318089485168457,0.9957467317581177,1,2,3
I.O.C. Pressured to Make Beijing a Forbidden City.txt,/content/drive/MyDrive/extracted_files/clinton_93-00/I.O.C. Pressured to Make Beijing a Forbidden City.txt,0.9722205446316645,0.9607882675002603,13,17,30
"Ideas & Trends_ Karma and Helms_A Stick for China, a Carrot for Tibet_s Lobby.txt","/content/drive/MyDrive/extracted_files/clinton_93-00/Ideas & Trends_ Karma and Helms_A Stick for China, a Carrot for Tibet_s Lobby.txt",0.9766731333732604,0.9468319565057755,25,28,53
"IDEAS & TRENDS_A Repressed World Says, _Beam Me Up_.txt","/content/drive/MyDrive/extracted_files/clinton_93-00/IDEAS & TRENDS_A Repressed World Says, _Beam Me Up_.txt",0.9255711734294891,0.9414493296597455,12,37,49
"IDEAS & TRENDS_On the Internet, Dissidents_ Shots Heard _Round the World.txt","/content/drive/MyDrive/extracted_files/clinton_93-00/IDEAS & TRENDS_On the Internet, Dissidents_ Shots Heard _Round the World.txt",0.9016534799621219,0.9682288807013939,21,29,50
"If the Past Is Prologue, Hong Kong Take Heed.txt","/content/drive/MyDrive/extracted_files/clinton_93-00/If the Past Is Prologue, Hong Kong Take Heed.txt",0.957556214183569,0.9560019115606944,16,30,46
"If You_re Thinking of Traveling to China, Try This Route.txt","/content/drive/MyDrive/extracted_files/clinton_93-00/If You_re Thinking of Traveling to China, Try This Route.txt",0.9342031955718995,0.9472995577035127,20,27,47
Immigration Ruling by Hong Kong Court Is Generating New Tensions With Beijing.txt,/content/drive/MyDrive/extracted_files/clinton_93-00/Immigration Ruling by Hong Kong Court Is Generating New Tensions With Beijing.txt,0.9092574961045209,0.9402381073344838,17,22,39
"In a Nod to U.S., China Plans to Free 2 Dissidents.txt","/content/drive/MyDrive/extracted_files/clinton_93-00/In a Nod to U.S., China Plans to Free 2 Dissidents.txt",0.9648866355419159,0.945563156157732,12,16,28
"In a Surprise Gesture, China Releases a Major Dissident.txt","/content/drive/MyDrive/extracted_files/clinton_93-00/In a Surprise Gesture, China Releases a Major Dissident.txt",0.9367112368345261,0.9601975865662098,8,16,24
"In Beijing Students_ Worldview, Jordan Rules.txt","/content/drive/MyDrive/extracted_files/clinton_93-00/In Beijing Students_ Worldview, Jordan Rules.txt",0.9748631715774536,0.8803252428770065,24,12,36
"In China, Incomes Are Low but Everything Is Cheap.txt","/content/drive/MyDrive/extracted_files/clinton_93-00/In China, Incomes Are Low but Everything Is Cheap.txt",0.9777780175209045,0.9513463735580444,4,20,24
"In China_s Outlands, Poorest Grow Poorer.txt","/content/drive/MyDrive/extracted_files/clinton_93-00/In China_s Outlands, Poorest Grow Poorer.txt",0.9858067306605253,0.9680613745813784,11,46,57
"In Drive on Dissidents, China Gives 4th Severe Sentence in Week.txt","/content/drive/MyDrive/extracted_files/clinton_93-00/In Drive on Dissidents, China Gives 4th Severe Sentence in Week.txt",0.8746752738952637,0.9492315649986267,3,15,18
IN ECLIPSE -- A special report._Empty Isles Are Signs Japan_s Sun Might Dim.txt,/content/drive/MyDrive/extracted_files/clinton_93-00/IN ECLIPSE -- A special report._Empty Isles Are Signs Japan_s Sun Might Dim.txt,0.9675660484603473,0.9707247957144634,56,101,157
"In Nagasaki, Beauty And Tragedy Entwined.txt","/content/drive/MyDrive/extracted_files/clinton_93-00/In Nagasaki, Beauty And Tragedy Entwined.txt",0.945812904316446,0.9292164416540236,46,42,88
"In Return to University, Clinton Focuses on China and Economy.txt","/content/drive/MyDrive/extracted_files/clinton_93-00/In Return to University, Clinton Focuses on China and Economy.txt",0.9251972370677524,0.9724686514763605,9,21,30
"In Rich Hong Kong, Cages as Homes for the Poor.txt","/content/drive/MyDrive/extracted_files/clinton_93-00/In Rich Hong Kong, Cages as Homes for the Poor.txt",0.9019429045064109,0.9802449467507276,14,44,58
In the Name Of Dissent.txt,/content/drive/MyDrive/extracted_files/clinton_93-00/In the Name Of Dissent.txt,0.9403181130235846,0.9894869853468502,11,17,28
"In Two Looks at Tibet, No Sign of Shangri-La.txt","/content/drive/MyDrive/extracted_files/clinton_93-00/In Two Looks at Tibet, No Sign of Shangri-La.txt",0.9717862852688494,0.9466046618252266,58,41,99
"In U.S., Hong Kong Governor Backs China, His Tormentor.txt","/content/drive/MyDrive/extracted_files/clinton_93-00/In U.S., Hong Kong Governor Backs China, His Tormentor.txt",0.9484507441520691,0.9515851225171771,12,7,19
INSIDE ART.txt,/content/drive/MyDrive/extracted_files/clinton_93-00/INSIDE ART.txt,0.9740731138171572,0.9488873373378407,33,11,44
Insurer Weighs China Airlines Investment.txt,/content/drive/MyDrive/extracted_files/clinton_93-00/Insurer Weighs China Airlines Investment.txt,0.9727350076039633,0.9583379626274109,3,4,7
"INTERNATIONAL BUSINESS -- Global Tug, National Tether_As Companies Look Overseas, Governments Hold t.txt","/content/drive/MyDrive/extracted_files/clinton_93-00/INTERNATIONAL BUSINESS -- Global Tug, National Tether_As Companies Look Overseas, Governments Hold t.txt",0.9569522835487543,0.9330973584543575,43,44,87
INTERNATIONAL BUSINESS_ Are a Billion Chinese Grapefruit Compliant__U.S. Citrus Growers Are Early Wi.txt,/content/drive/MyDrive/extracted_files/clinton_93-00/INTERNATIONAL BUSINESS_ Are a Billion Chinese Grapefruit Compliant__U.S. Citrus Growers Are Early Wi.txt,0.9554814645222255,0.9585251827393809,35,31,66
INTERNATIONAL BUSINESS_ Fraying the Trade Ties_Politics in Taiwan Are Straining Business Links With.txt,/content/drive/MyDrive/extracted_files/clinton_93-00/INTERNATIONAL BUSINESS_ Fraying the Trade Ties_Politics in Taiwan Are Straining Business Links With.txt,0.9351693249884105,0.9642548905478583,42,45,87
INTERNATIONAL BUSINESS_ Soar Like a Falcon . . ._. . . Sink Like an Overextended Investment Bank.txt,/content/drive/MyDrive/extracted_files/clinton_93-00/INTERNATIONAL BUSINESS_ Soar Like a Falcon . . ._. . . Sink Like an Overextended Investment Bank.txt,0.938923845688502,0.9751925220092138,30,60,90
INTERNATIONAL BUSINESS_A Bug Turns Up in U.S.-China Trade Relations.txt,/content/drive/MyDrive/extracted_files/clinton_93-00/INTERNATIONAL BUSINESS_A Bug Turns Up in U.S.-China Trade Relations.txt,0.9281580050786337,0.9743991001792576,6,23,29
INTERNATIONAL BUSINESS_A New Horizon for China in Trade.txt,/content/drive/MyDrive/extracted_files/clinton_93-00/INTERNATIONAL BUSINESS_A New Horizon for China in Trade.txt,0.9763041599230333,0.9031626724061512,22,21,43
INTERNATIONAL BUSINESS_Asia Guide Calls Local Partners Key to Success.txt,/content/drive/MyDrive/extracted_files/clinton_93-00/INTERNATIONAL BUSINESS_Asia Guide Calls Local Partners Key to Success.txt,0.9616574834693562,0.9477394393512181,22,21,43
INTERNATIONAL BUSINESS_Asian Markets Ending 1999 On Steep Internet Ascent.txt,/content/drive/MyDrive/extracted_files/clinton_93-00/INTERNATIONAL BUSINESS_Asian Markets Ending 1999 On Steep Internet Ascent.txt,0.9730069438616434,0.9688079697745187,27,14,41
"INTERNATIONAL BUSINESS_Behind Sumitomo Scandal, a Drive to Be the Copper King.txt","/content/drive/MyDrive/extracted_files/clinton_93-00/INTERNATIONAL BUSINESS_Behind Sumitomo Scandal, a Drive to Be the Copper King.txt",0.9413063377141953,0.9585083370858972,28,22,50
INTERNATIONAL BUSINESS_Big Chinese Web Portal About to Issue Stock in U.S.txt,/content/drive/MyDrive/extracted_files/clinton_93-00/INTERNATIONAL BUSINESS_Big Chinese Web Portal About to Issue Stock in U.S.txt,0.9635520776112875,0.9748814702033997,9,12,21
INTERNATIONAL BUSINESS_Catbird Seaton Great European Phone Deal Is in Hong Kong.txt,/content/drive/MyDrive/extracted_files/clinton_93-00/INTERNATIONAL BUSINESS_Catbird Seaton Great European Phone Deal Is in Hong Kong.txt,0.9790795087814331,0.9733324491459391,25,23,48
INTERNATIONAL BUSINESS_China Airlines Tries to Fix Its Reputation on Safety.txt,/content/drive/MyDrive/extracted_files/clinton_93-00/INTERNATIONAL BUSINESS_China Airlines Tries to Fix Its Reputation on Safety.txt,0.9931073784828186,0.9681977143413142,3,38,41
INTERNATIONAL BUSINESS_China and South Korea End Talks on Jet.txt,/content/drive/MyDrive/extracted_files/clinton_93-00/INTERNATIONAL BUSINESS_China and South Korea End Talks on Jet.txt,0.9561957120895386,0.9946540832519531,2,5,7
INTERNATIONAL BUSINESS_China Everbright Chairman Is Forced to Relinquish Post.txt,/content/drive/MyDrive/extracted_files/clinton_93-00/INTERNATIONAL BUSINESS_China Everbright Chairman Is Forced to Relinquish Post.txt,0.9466805458068848,0.9385967169489179,14,14,28
INTERNATIONAL BUSINESS_China Finds Insurers for Space Launchings.txt,/content/drive/MyDrive/extracted_files/clinton_93-00/INTERNATIONAL BUSINESS_China Finds Insurers for Space Launchings.txt,0.9479279319445292,0.9571866989135742,3,5,8
INTERNATIONAL BUSINESS_China Grows Impatient With Its Ailing Banks.txt,/content/drive/MyDrive/extracted_files/clinton_93-00/INTERNATIONAL BUSINESS_China Grows Impatient With Its Ailing Banks.txt,0.9424726665019989,0.9761663708421919,8,18,26
INTERNATIONAL BUSINESS_China Stews_A U.S. Trade Deal Falters.txt,/content/drive/MyDrive/extracted_files/clinton_93-00/INTERNATIONAL BUSINESS_China Stews_A U.S. Trade Deal Falters.txt,0.8831663727760315,0.9623099408651653,5,19,24
INTERNATIONAL BUSINESS_China to Overhaul a Heavily Indebted State Company.txt,/content/drive/MyDrive/extracted_files/clinton_93-00/INTERNATIONAL BUSINESS_China to Overhaul a Heavily Indebted State Company.txt,0.96650680154562,0.9575877552447112,16,23,39
INTERNATIONAL BUSINESS_China Toughens in Negotiations on Trade Group Membership.txt,/content/drive/MyDrive/extracted_files/clinton_93-00/INTERNATIONAL BUSINESS_China Toughens in Negotiations on Trade Group Membership.txt,0.9537036418914795,0.9790175046239581,6,14,20
INTERNATIONAL BUSINESS_China Turns Blind Eye to Pirated Disks.txt,/content/drive/MyDrive/extracted_files/clinton_93-00/INTERNATIONAL BUSINESS_China Turns Blind Eye to Pirated Disks.txt,0.9327756530708737,0.9638554612795512,18,45,63
INTERNATIONAL BUSINESS_China Unicom Shares Jump Nearly 9_.txt,/content/drive/MyDrive/extracted_files/clinton_93-00/INTERNATIONAL BUSINESS_China Unicom Shares Jump Nearly 9_.txt,0.9629191517829895,0.9558892146400784,20,23,43
INTERNATIONAL BUSINESS_China_s Growth Rate Dips.txt,/content/drive/MyDrive/extracted_files/clinton_93-00/INTERNATIONAL BUSINESS_China_s Growth Rate Dips.txt,,0.9943047165870667,0,1,1
INTERNATIONAL BUSINESS_Chinese Company Delays Offering_s Pricing.txt,/content/drive/MyDrive/extracted_files/clinton_93-00/INTERNATIONAL BUSINESS_Chinese Company Delays Offering_s Pricing.txt,0.7351320385932922,0.9629190308707101,1,7,8
INTERNATIONAL BUSINESS_Chinese Officials Replace Top Securities Regulator.txt,/content/drive/MyDrive/extracted_files/clinton_93-00/INTERNATIONAL BUSINESS_Chinese Officials Replace Top Securities Regulator.txt,0.9686964392662049,0.9528888355601918,5,11,16
INTERNATIONAL BUSINESS_Chinese Raise Interest Rates on Dollar Deposits.txt,/content/drive/MyDrive/extracted_files/clinton_93-00/INTERNATIONAL BUSINESS_Chinese Raise Interest Rates on Dollar Deposits.txt,0.8494483317647662,0.9510447382926941,7,15,22
INTERNATIONAL BUSINESS_Chinese Stocks Extend Plunge_ Officials Cite Speculation.txt,/content/drive/MyDrive/extracted_files/clinton_93-00/INTERNATIONAL BUSINESS_Chinese Stocks Extend Plunge_ Officials Cite Speculation.txt,0.9833123445510864,0.9914437095324199,5,15,20
INTERNATIONAL BUSINESS_Christmas Trimmings Brighten a New Market.txt,/content/drive/MyDrive/extracted_files/clinton_93-00/INTERNATIONAL BUSINESS_Christmas Trimmings Brighten a New Market.txt,0.9183426712240491,0.8948358799281874,14,19,33
INTERNATIONAL BUSINESS_Dana to Build Plant in China.txt,/content/drive/MyDrive/extracted_files/clinton_93-00/INTERNATIONAL BUSINESS_Dana to Build Plant in China.txt,0.8993523518244425,0.9064316004514694,3,4,7
"INTERNATIONAL BUSINESS_Hong Kong Bounces Back, But Faces New Challenges.txt","/content/drive/MyDrive/extracted_files/clinton_93-00/INTERNATIONAL BUSINESS_Hong Kong Bounces Back, But Faces New Challenges.txt",0.9136376291513443,0.9186742084997671,20,27,47
"INTERNATIONAL BUSINESS_Hong Kong Is Debating Its Land Policy, a Vestige of Colonial Rule.txt","/content/drive/MyDrive/extracted_files/clinton_93-00/INTERNATIONAL BUSINESS_Hong Kong Is Debating Its Land Policy, a Vestige of Colonial Rule.txt",0.9326343121735946,0.9570237802607673,23,28,51
"INTERNATIONAL BUSINESS_In Rebound From Weak Year, Chinese Stocks Are Surging.txt","/content/drive/MyDrive/extracted_files/clinton_93-00/INTERNATIONAL BUSINESS_In Rebound From Weak Year, Chinese Stocks Are Surging.txt",0.9681990054937509,0.9697254729270935,13,25,38
INTERNATIONAL BUSINESS_Morgan Stanley In China Deal.txt,/content/drive/MyDrive/extracted_files/clinton_93-00/INTERNATIONAL BUSINESS_Morgan Stanley In China Deal.txt,0.7952036559581757,0.920654684305191,2,4,6
INTERNATIONAL BUSINESS_New Economic Chief Sees Slow March to Open China Markets.txt,/content/drive/MyDrive/extracted_files/clinton_93-00/INTERNATIONAL BUSINESS_New Economic Chief Sees Slow March to Open China Markets.txt,0.9396726418943966,0.9589208513498306,17,24,41
"INTERNATIONAL BUSINESS_Reversing Course, Levi Strauss Will Expand Its Output in China.txt","/content/drive/MyDrive/extracted_files/clinton_93-00/INTERNATIONAL BUSINESS_Reversing Course, Levi Strauss Will Expand Its Output in China.txt",0.8981069876597478,0.9371953298305643,13,29,42
INTERNATIONAL BUSINESS_Some China Help Seen in Curbing Beetle.txt,/content/drive/MyDrive/extracted_files/clinton_93-00/INTERNATIONAL BUSINESS_Some China Help Seen in Curbing Beetle.txt,0.8160302639007568,0.9558222208704267,2,7,9
INTERNATIONAL BUSINESS_Stakes in China Suddenly Seem Less Appealing.txt,/content/drive/MyDrive/extracted_files/clinton_93-00/INTERNATIONAL BUSINESS_Stakes in China Suddenly Seem Less Appealing.txt,0.9304536945290036,0.9496321717898051,18,45,63
INTERNATIONAL BUSINESS_Trade Deficit Set a Record During May.txt,/content/drive/MyDrive/extracted_files/clinton_93-00/INTERNATIONAL BUSINESS_Trade Deficit Set a Record During May.txt,0.895337700843811,0.978404775261879,7,28,35
INTERNATIONAL BUSINESS_U.S. Official Assails China On Trade Gap.txt,/content/drive/MyDrive/extracted_files/clinton_93-00/INTERNATIONAL BUSINESS_U.S. Official Assails China On Trade Gap.txt,0.930801374571664,0.9938190824845258,7,17,24
INTERNATIONAL BUSINESS_U.S. Official Finishes Talks In Beijing.txt,/content/drive/MyDrive/extracted_files/clinton_93-00/INTERNATIONAL BUSINESS_U.S. Official Finishes Talks In Beijing.txt,0.9404526087972853,0.98210608959198,9,6,15
INTERNATIONAL BUSINESS_U.S. TRADE DEFICIT SOARS AS IMPORTS INCREASE SHARPLY.txt,/content/drive/MyDrive/extracted_files/clinton_93-00/INTERNATIONAL BUSINESS_U.S. TRADE DEFICIT SOARS AS IMPORTS INCREASE SHARPLY.txt,0.9472338599818093,0.9194215186711016,14,29,43
"INTERNATIONAL BUSINESS_Wheeler-Dealer, Tycoon, Trader.txt","/content/drive/MyDrive/extracted_files/clinton_93-00/INTERNATIONAL BUSINESS_Wheeler-Dealer, Tycoon, Trader.txt",0.9553651003276601,0.968777564011122,34,38,72
INTERNATIONAL BUSINESS_White House Steps Up Efforts for China Trade Deal.txt,/content/drive/MyDrive/extracted_files/clinton_93-00/INTERNATIONAL BUSINESS_White House Steps Up Efforts for China Trade Deal.txt,0.9684778767473557,0.9004730241639274,17,7,24
INTERNATIONAL BUSINESS_Will Hong Kong Pay if China Joins Trade Bloc_.txt,/content/drive/MyDrive/extracted_files/clinton_93-00/INTERNATIONAL BUSINESS_Will Hong Kong Pay if China Joins Trade Bloc_.txt,0.9676280543208122,0.9537134846051534,16,30,46
INTERNATIONAL REPORTS_ A CHANGING WORLD OF EDUCATION_Dean_ Mao_s Legacy.txt,/content/drive/MyDrive/extracted_files/clinton_93-00/INTERNATIONAL REPORTS_ A CHANGING WORLD OF EDUCATION_Dean_ Mao_s Legacy.txt,0.9886158193860736,0.9668396583625248,7,14,21
Internet-Fluent M.I.T. Students Teach Basics in China.txt,/content/drive/MyDrive/extracted_files/clinton_93-00/Internet-Fluent M.I.T. Students Teach Basics in China.txt,0.9465190505981446,0.9267370800177256,25,36,61
"INVESTING IT GLOBALLY_Asia Strategy, From One Who Has Been There.txt","/content/drive/MyDrive/extracted_files/clinton_93-00/INVESTING IT GLOBALLY_Asia Strategy, From One Who Has Been There.txt",0.9549682746673452,0.9477195122025229,58,55,113
Investors Protest Government Seizure of Private Company in China.txt,/content/drive/MyDrive/extracted_files/clinton_93-00/Investors Protest Government Seizure of Private Company in China.txt,0.8799843788146973,,1,0,1
IRAN SAYS IT PLANS 10 NUCLEAR PLANTS BUT NO ATOM ARMS.txt,/content/drive/MyDrive/extracted_files/clinton_93-00/IRAN SAYS IT PLANS 10 NUCLEAR PLANTS BUT NO ATOM ARMS.txt,0.8980549757297223,0.9721097288460567,13,58,71
Is Top Dissident Even Alive_ Beijing Will Not Say.txt,/content/drive/MyDrive/extracted_files/clinton_93-00/Is Top Dissident Even Alive_ Beijing Will Not Say.txt,0.9946781694889069,0.9692405983805656,4,16,20
It_s Mostly Business as Usual For the Taiwanese in Beijing.txt,/content/drive/MyDrive/extracted_files/clinton_93-00/It_s Mostly Business as Usual For the Taiwanese in Beijing.txt,0.9706429382165273,0.9491944755277326,30,31,61
Jailed Tibetan Is Reportedly on a Hunger Strike.txt,/content/drive/MyDrive/extracted_files/clinton_93-00/Jailed Tibetan Is Reportedly on a Hunger Strike.txt,0.824803372224172,0.9736959151923656,3,16,19
January 17-23_Chinese Entrepreneur Sentenced for E-Mail.txt,/content/drive/MyDrive/extracted_files/clinton_93-00/January 17-23_Chinese Entrepreneur Sentenced for E-Mail.txt,,0.9696138620376586,0,5,5
January 19-25_Hong Kong Gets A Taste of Chinese Rule.txt,/content/drive/MyDrive/extracted_files/clinton_93-00/January 19-25_Hong Kong Gets A Taste of Chinese Rule.txt,0.9922407031059265,0.9594375371932984,5,5,10
Japan Beginning to Flex Its Military Muscles.txt,/content/drive/MyDrive/extracted_files/clinton_93-00/Japan Beginning to Flex Its Military Muscles.txt,0.9635094864801927,0.9579941391944885,22,30,52
Joblessness_ A Perilous Curve On China_s Capitalist Road.txt,/content/drive/MyDrive/extracted_files/clinton_93-00/Joblessness_ A Perilous Curve On China_s Capitalist Road.txt,0.9142319599787394,0.9707008880196195,15,66,81
John Hancock in China.txt,/content/drive/MyDrive/extracted_files/clinton_93-00/John Hancock in China.txt,0.9462581872940063,0.8094137609004974,1,2,3
JUDGE ORDERS U.S. TO TURN OVER DATA IN SECRETS INQUIRY.txt,/content/drive/MyDrive/extracted_files/clinton_93-00/JUDGE ORDERS U.S. TO TURN OVER DATA IN SECRETS INQUIRY.txt,0.9573949900540438,0.9619915690915338,11,29,40
July 18-24_Smuggled Human Cargo.txt,/content/drive/MyDrive/extracted_files/clinton_93-00/July 18-24_Smuggled Human Cargo.txt,,0.9622437953948975,0,3,3
June 21-27_Secret Missing in China.txt,/content/drive/MyDrive/extracted_files/clinton_93-00/June 21-27_Secret Missing in China.txt,,0.9985475341478983,0,3,3
June 25 - July 1_ Jailed Dissidents_China_s Strong Arm Throws A Punch at the U.S.txt,/content/drive/MyDrive/extracted_files/clinton_93-00/June 25 - July 1_ Jailed Dissidents_China_s Strong Arm Throws A Punch at the U.S.txt,0.9946339130401611,0.9429200206484113,1,7,8
"June 29-July 5_It_s Hong Kong Down, Taiwan to Go.txt","/content/drive/MyDrive/extracted_files/clinton_93-00/June 29-July 5_It_s Hong Kong Down, Taiwan to Go.txt",0.9392123371362686,0.9797483384609222,4,2,6
Justice Dept. Is Said to Be Close to a Decision on Indicting a Chinese Company.txt,/content/drive/MyDrive/extracted_files/clinton_93-00/Justice Dept. Is Said to Be Close to a Decision on Indicting a Chinese Company.txt,0.9283348768949509,0.978121227231519,12,29,41
"Kashgar, On China_s Silk Road.txt","/content/drive/MyDrive/extracted_files/clinton_93-00/Kashgar, On China_s Silk Road.txt",0.9467426190773646,0.9371353089809418,60,64,124
Kawasaki Sets China Venture.txt,/content/drive/MyDrive/extracted_files/clinton_93-00/Kawasaki Sets China Venture.txt,0.9517403841018677,0.9857019901275634,3,5,8
Key Democrat Seems to Lean In Support Of Trade Bill.txt,/content/drive/MyDrive/extracted_files/clinton_93-00/Key Democrat Seems to Lean In Support Of Trade Bill.txt,0.9254820704460144,0.8982989928301643,10,17,27
Key Hong Kong Official to Aid Transition.txt,/content/drive/MyDrive/extracted_files/clinton_93-00/Key Hong Kong Official to Aid Transition.txt,0.9374108144215175,0.9618764668703079,7,4,11
Korean Women Still Feel Demands to Bear a Son.txt,/content/drive/MyDrive/extracted_files/clinton_93-00/Korean Women Still Feel Demands to Bear a Son.txt,0.9443481020305468,0.9460875368585774,23,51,74
"Kou Qiu, Jordan! Slam Dunk! Pee-ow Liang!.txt","/content/drive/MyDrive/extracted_files/clinton_93-00/Kou Qiu, Jordan! Slam Dunk! Pee-ow Liang!.txt",0.9741852223873139,0.9131161884257668,30,19,49
Kraft China Venture.txt,/content/drive/MyDrive/extracted_files/clinton_93-00/Kraft China Venture.txt,0.9882493019104004,0.9583832621574402,1,1,2
"Language Study Shifts Again_ Chinese Is Up, Russian Down.txt","/content/drive/MyDrive/extracted_files/clinton_93-00/Language Study Shifts Again_ Chinese Is Up, Russian Down.txt",0.9423105559850994,0.9828397697872586,19,18,37
Lawmakers Shift View On Satellites for China.txt,/content/drive/MyDrive/extracted_files/clinton_93-00/Lawmakers Shift View On Satellites for China.txt,0.9921242147684097,0.9806485267785879,4,13,17
"Lawyers, Split Along Party Lines, Tangle Over Immunity for Huang.txt","/content/drive/MyDrive/extracted_files/clinton_93-00/Lawyers, Split Along Party Lines, Tangle Over Immunity for Huang.txt",0.9597818414370219,0.982966480255127,15,25,40
LEADING DISSIDENT IS FREED BY BEIJING AND SENT TO U.S.txt,/content/drive/MyDrive/extracted_files/clinton_93-00/LEADING DISSIDENT IS FREED BY BEIJING AND SENT TO U.S.txt,0.863755214214325,0.9194214145342509,5,18,23
Legislator Urges Diplomacy to Improve Rights in China.txt,/content/drive/MyDrive/extracted_files/clinton_93-00/Legislator Urges Diplomacy to Improve Rights in China.txt,0.9409068152308464,0.9611844917138418,8,18,26
Lehman Brothers Settles Suit on Trading.txt,/content/drive/MyDrive/extracted_files/clinton_93-00/Lehman Brothers Settles Suit on Trading.txt,,0.9728286862373352,0,8,8
"Life of Deng, By Daughter, Diverts China.txt","/content/drive/MyDrive/extracted_files/clinton_93-00/Life of Deng, By Daughter, Diverts China.txt",0.950001142241738,0.9144090576605364,11,22,33
Likely to Be a Best Seller in China_ It_s No Mystery.txt,/content/drive/MyDrive/extracted_files/clinton_93-00/Likely to Be a Best Seller in China_ It_s No Mystery.txt,0.9489347636699677,0.9553333113068029,20,19,39
Lives_Lost and Found.txt,/content/drive/MyDrive/extracted_files/clinton_93-00/Lives_Lost and Found.txt,0.9320839298398871,0.957432053305886,19,33,52
Lonely Song of a Chinese Minstrel Bares a Migrant_s Lament.txt,/content/drive/MyDrive/extracted_files/clinton_93-00/Lonely Song of a Chinese Minstrel Bares a Migrant_s Lament.txt,0.9611468369310553,0.9524745161716754,11,26,37
Long-Term Forecast for Taiwan Remains Upbeat.txt,/content/drive/MyDrive/extracted_files/clinton_93-00/Long-Term Forecast for Taiwan Remains Upbeat.txt,0.9885497348649162,0.940446463915018,21,26,47
"Macao Journal_If Life_s a Crap Game, the Isle of Casinos Is Smiling.txt","/content/drive/MyDrive/extracted_files/clinton_93-00/Macao Journal_If Life_s a Crap Game, the Isle of Casinos Is Smiling.txt",0.9690703624173215,0.9547259440788856,19,26,45
"Macao Journal_Packing Up, Portugal Polishes Image.txt","/content/drive/MyDrive/extracted_files/clinton_93-00/Macao Journal_Packing Up, Portugal Polishes Image.txt",0.9776502251625061,0.9470736053254869,18,27,45
Mah-Jongg Leads Church to Evict Senior Center.txt,/content/drive/MyDrive/extracted_files/clinton_93-00/Mah-Jongg Leads Church to Evict Senior Center.txt,0.9208014544687773,0.9561763182282448,19,32,51
Major Shift for Communist China_ Big State Industries Will Be Sold.txt,/content/drive/MyDrive/extracted_files/clinton_93-00/Major Shift for Communist China_ Big State Industries Will Be Sold.txt,0.9584537123640379,0.9455245774845744,24,43,67
March 21-27_White House Offers China Plan.txt,/content/drive/MyDrive/extracted_files/clinton_93-00/March 21-27_White House Offers China Plan.txt,,0.9870563983917237,0,5,5
Marco Polo_ Is a Rivalry Just Fiction_.txt,/content/drive/MyDrive/extracted_files/clinton_93-00/Marco Polo_ Is a Rivalry Just Fiction_.txt,0.9844849705696106,0.9623226165771485,10,20,30
"Market Place_China_s unruly stock markets, where _long term_ is overnight.txt","/content/drive/MyDrive/extracted_files/clinton_93-00/Market Place_China_s unruly stock markets, where _long term_ is overnight.txt",0.9624942193428675,0.9855747308049884,12,21,33
"Market Place_Communists Are Coming, And Stocks Are Soaring.txt","/content/drive/MyDrive/extracted_files/clinton_93-00/Market Place_Communists Are Coming, And Stocks Are Soaring.txt",0.9633662961423397,0.9345813149755652,16,22,38
Market Place_The case of the missing tire factory_ Will Goodyear pay_.txt,/content/drive/MyDrive/extracted_files/clinton_93-00/Market Place_The case of the missing tire factory_ Will Goodyear pay_.txt,0.9923804367289824,0.9695230060153537,17,18,35
"MARKET WATCH_Lending Is Easy, But Will They Pay It Back_.txt","/content/drive/MyDrive/extracted_files/clinton_93-00/MARKET WATCH_Lending Is Easy, But Will They Pay It Back_.txt",0.9839989900588989,0.9562594294548035,5,19,24
Maverick Chinese Province Fears Opening of Trade.txt,/content/drive/MyDrive/extracted_files/clinton_93-00/Maverick Chinese Province Fears Opening of Trade.txt,0.9172294687580418,0.9809785674918782,37,44,81
"Mayor and Dissident Celebrate Democracy, and New York City.txt","/content/drive/MyDrive/extracted_files/clinton_93-00/Mayor and Dissident Celebrate Democracy, and New York City.txt",0.9895337132307199,0.9474620223045349,13,14,27
McLarty Approved Meeting on Lippo Project.txt,/content/drive/MyDrive/extracted_files/clinton_93-00/McLarty Approved Meeting on Lippo Project.txt,0.9411364495754242,0.9428833276033401,8,8,16
"Memories of June 4 Fade, Stunted by Public Silence.txt","/content/drive/MyDrive/extracted_files/clinton_93-00/Memories of June 4 Fade, Stunted by Public Silence.txt",0.9446298678716024,0.9503695368766785,27,41,68
Messinger Ventures West of 12th Avenue.txt,/content/drive/MyDrive/extracted_files/clinton_93-00/Messinger Ventures West of 12th Avenue.txt,0.9338536635041237,0.9306912801482461,24,11,35
Mexican Official Rebukes U.S. on Chinese Aliens.txt,/content/drive/MyDrive/extracted_files/clinton_93-00/Mexican Official Rebukes U.S. on Chinese Aliens.txt,0.9835994073322841,0.9827345898657134,7,33,40
Mexico Allows a 3d Ship to Dock_ Most Are Put on a Plane to China.txt,/content/drive/MyDrive/extracted_files/clinton_93-00/Mexico Allows a 3d Ship to Dock_ Most Are Put on a Plane to China.txt,0.7481044828891754,0.9804809172948201,2,15,17
"MEXICO, IN SWITCH, DECIDES TO RETURN STRANDED CHINESE.txt","/content/drive/MyDrive/extracted_files/clinton_93-00/MEXICO, IN SWITCH, DECIDES TO RETURN STRANDED CHINESE.txt",0.9625201145807902,0.9627895190798003,15,29,44
"Mindful of China, U.S. Agrees To Weapons Deal for Taiwan.txt","/content/drive/MyDrive/extracted_files/clinton_93-00/Mindful of China, U.S. Agrees To Weapons Deal for Taiwan.txt",0.9147827565670014,0.9295923948287964,10,25,35
Monastery in China Buys TV Time.txt,/content/drive/MyDrive/extracted_files/clinton_93-00/Monastery in China Buys TV Time.txt,0.7642520666122437,0.854841947555542,2,3,5
MONEY AND POLITICS_ THE CONFLICT_Justice Dept. Rebukes F.B.I. for Statement.txt,/content/drive/MyDrive/extracted_files/clinton_93-00/MONEY AND POLITICS_ THE CONFLICT_Justice Dept. Rebukes F.B.I. for Statement.txt,0.8900985446843234,0.9488055892288685,11,32,43
Mourning Victims of a Theater Fire in China.txt,/content/drive/MyDrive/extracted_files/clinton_93-00/Mourning Victims of a Theater Fire in China.txt,0.8799843788146973,,1,0,1
"Movie House, and an Era, Go Dark in Chinatown.txt","/content/drive/MyDrive/extracted_files/clinton_93-00/Movie House, and an Era, Go Dark in Chinatown.txt",0.9534113892802486,0.9562150571081374,27,45,72
Mutual Funds_The China Factor in Asia Funds.txt,/content/drive/MyDrive/extracted_files/clinton_93-00/Mutual Funds_The China Factor in Asia Funds.txt,0.993529509414326,0.9754918479919433,11,25,36
Nationalists Oust Taipei Mayor in Vote Watched by China.txt,/content/drive/MyDrive/extracted_files/clinton_93-00/Nationalists Oust Taipei Mayor in Vote Watched by China.txt,0.9802603950867286,0.928168420280729,26,14,40
"NEIGHBORHOOD REPORTS_ LIVINGSTON_Tea House of Hearing Pines, And Garden, Take Shape.txt","/content/drive/MyDrive/extracted_files/clinton_93-00/NEIGHBORHOOD REPORTS_ LIVINGSTON_Tea House of Hearing Pines, And Garden, Take Shape.txt",0.9565908677048154,0.8311748249190194,18,7,25
"NEIGHBORHOOD REPORT_ CHINATOWN_Plenty of Banks, But Fewer Loans.txt","/content/drive/MyDrive/extracted_files/clinton_93-00/NEIGHBORHOOD REPORT_ CHINATOWN_Plenty of Banks, But Fewer Loans.txt",0.9738748944722689,0.9661854126236655,13,11,24
"NEIGHBORHOOD REPORT_ FLUSHING_No No. 4, and Don_t Even Think of Giving Him a Green Hat.txt","/content/drive/MyDrive/extracted_files/clinton_93-00/NEIGHBORHOOD REPORT_ FLUSHING_No No. 4, and Don_t Even Think of Giving Him a Green Hat.txt",0.9341926449223569,0.9516486644744873,19,20,39
NEIGHBORHOOD REPORT_ FLUSHING_Warlord_s Son Pursues Peace as a Rector.txt,/content/drive/MyDrive/extracted_files/clinton_93-00/NEIGHBORHOOD REPORT_ FLUSHING_Warlord_s Son Pursues Peace as a Rector.txt,0.9152872934937477,0.8364988466103872,16,6,22
NEIGHBORHOOD REPORT_ LITTLE ITALY_CHINATOWN_Some Merchants See Bias As City Cracks Down on Facades.txt,/content/drive/MyDrive/extracted_files/clinton_93-00/NEIGHBORHOOD REPORT_ LITTLE ITALY_CHINATOWN_Some Merchants See Bias As City Cracks Down on Facades.txt,0.9394416312376658,0.989209422939702,6,19,25
NEIGHBORHOOD REPORT_ LOWER MANHATTAN_As Chinatown Moves North.txt,/content/drive/MyDrive/extracted_files/clinton_93-00/NEIGHBORHOOD REPORT_ LOWER MANHATTAN_As Chinatown Moves North.txt,0.8794277360041937,0.9707103859294545,12,22,34
"NEIGHBORHOOD REPORT_ LOWER MANHATTAN_New Chinese Market_ Sellers Are Ready, Buyers Rare.txt","/content/drive/MyDrive/extracted_files/clinton_93-00/NEIGHBORHOOD REPORT_ LOWER MANHATTAN_New Chinese Market_ Sellers Are Ready, Buyers Rare.txt",0.8947882652282715,0.9867070071837482,7,17,24
NEIGHBORHOOD REPORT_ MANHATTAN UP CLOSE_Chinatown Rallies in School Race.txt,/content/drive/MyDrive/extracted_files/clinton_93-00/NEIGHBORHOOD REPORT_ MANHATTAN UP CLOSE_Chinatown Rallies in School Race.txt,0.9173580152647836,0.9029927750428518,21,12,33
"NEIGHBORHOOD REPORT_ NEW YORK UP CLOSE_As Crimes Decline, Chinese Thank Two Detectives.txt","/content/drive/MyDrive/extracted_files/clinton_93-00/NEIGHBORHOOD REPORT_ NEW YORK UP CLOSE_As Crimes Decline, Chinese Thank Two Detectives.txt",0.9685558622533624,0.9521953463554382,11,16,27
"NEIGHBORHOOD REPORT_ WILLIAMSBURG_As Jade Is to China, Rubble Is to Williamsburg.txt","/content/drive/MyDrive/extracted_files/clinton_93-00/NEIGHBORHOOD REPORT_ WILLIAMSBURG_As Jade Is to China, Rubble Is to Williamsburg.txt",0.9676765033176967,0.9818885624408722,14,12,26
New Chinese Guided-Missile Ship Heightens Tension.txt,/content/drive/MyDrive/extracted_files/clinton_93-00/New Chinese Guided-Missile Ship Heightens Tension.txt,0.9363458355267843,0.9288726484074312,18,34,52
"New Country, New School -- Immigrant Student_s First Day_Experiment In Teaching Immigrants Gets Roll.txt","/content/drive/MyDrive/extracted_files/clinton_93-00/New Country, New School -- Immigrant Student_s First Day_Experiment In Teaching Immigrants Gets Roll.txt",0.9225803797061627,0.9841877907514572,26,20,46
New Evidence Of China Tie To Clinton Is Asserted.txt,/content/drive/MyDrive/extracted_files/clinton_93-00/New Evidence Of China Tie To Clinton Is Asserted.txt,0.853040337562561,0.9597951911744618,9,21,30
New Florida Theme Park Based on Chinese History Opens to Protest.txt,/content/drive/MyDrive/extracted_files/clinton_93-00/New Florida Theme Park Based on Chinese History Opens to Protest.txt,0.8799843788146973,,1,0,1
New Hong Kong Chief_s Top Priority_ Affordable Housing.txt,/content/drive/MyDrive/extracted_files/clinton_93-00/New Hong Kong Chief_s Top Priority_ Affordable Housing.txt,0.9395160377025604,0.9547989845275879,10,15,25
"New Jitters for Hong Kong_In Economics, as in Politics, China Exerts Control.txt","/content/drive/MyDrive/extracted_files/clinton_93-00/New Jitters for Hong Kong_In Economics, as in Politics, China Exerts Control.txt",0.9494394138455391,0.9536477770560827,24,39,63
New Policy Forming on Asia Trade.txt,/content/drive/MyDrive/extracted_files/clinton_93-00/New Policy Forming on Asia Trade.txt,0.909559957186381,0.9318108260631561,15,14,29
New Trade Chief Urges Entry of China.txt,/content/drive/MyDrive/extracted_files/clinton_93-00/New Trade Chief Urges Entry of China.txt,0.8746593693892161,0.9967283407847086,6,3,9
New Wave From Southeast Asia Is Hitting New York Real Estate.txt,/content/drive/MyDrive/extracted_files/clinton_93-00/New Wave From Southeast Asia Is Hitting New York Real Estate.txt,0.969819063649458,0.9373200168976417,34,26,60
New York-Based Member of Sect Gets 3-Year Sentence in China.txt,/content/drive/MyDrive/extracted_files/clinton_93-00/New York-Based Member of Sect Gets 3-Year Sentence in China.txt,0.9281141956647238,0.9232875009377798,6,12,18
News of North Korean_s Visit to China Seeps Out.txt,/content/drive/MyDrive/extracted_files/clinton_93-00/News of North Korean_s Visit to China Seeps Out.txt,0.9933838844299316,0.9931456545988718,4,6,10
NEWS WATCH_Firm Offers On-Line Trading For Chinese-Speaking Investors.txt,/content/drive/MyDrive/extracted_files/clinton_93-00/NEWS WATCH_Firm Offers On-Line Trading For Chinese-Speaking Investors.txt,0.9124723076820374,0.9650744199752808,1,2,3
NEWS WATCH_On-Line Medical Aid for China.txt,/content/drive/MyDrive/extracted_files/clinton_93-00/NEWS WATCH_On-Line Medical Aid for China.txt,0.912997817993164,0.953125,5,8,13
Nissan Is Approved For China Venture.txt,/content/drive/MyDrive/extracted_files/clinton_93-00/Nissan Is Approved For China Venture.txt,0.8627456086022514,0.918319821357727,7,1,8
"No Victors, Only Spoils_How the War Goes On (And On) in Cambodia.txt","/content/drive/MyDrive/extracted_files/clinton_93-00/No Victors, Only Spoils_How the War Goes On (And On) in Cambodia.txt",0.9485098520914713,0.9364596032179319,24,26,50
Nobel Economists Back China_s Joining Global Trade Group.txt,/content/drive/MyDrive/extracted_files/clinton_93-00/Nobel Economists Back China_s Joining Global Trade Group.txt,0.9651031006466259,0.9671240018473731,11,18,29
North Korea Agrees to Join 4-Party Talks.txt,/content/drive/MyDrive/extracted_files/clinton_93-00/North Korea Agrees to Join 4-Party Talks.txt,0.9589317395136907,0.9330213803511399,13,13,26
North Korea Bars A-Plant Survey_ Threatens to Quit Nuclear Treaty_Japan Seeks Chinese Help.txt,/content/drive/MyDrive/extracted_files/clinton_93-00/North Korea Bars A-Plant Survey_ Threatens to Quit Nuclear Treaty_Japan Seeks Chinese Help.txt,0.8655779212713242,0.9248543637139457,4,7,11
"North Korea Chief Making 1st Trip, to China.txt","/content/drive/MyDrive/extracted_files/clinton_93-00/North Korea Chief Making 1st Trip, to China.txt",0.9950805008411407,0.9248740077018738,4,3,7
"North to Ladakh, on a High-Altitude Adventure.txt","/content/drive/MyDrive/extracted_files/clinton_93-00/North to Ladakh, on a High-Altitude Adventure.txt",0.9758220901994994,0.9428007190877741,66,55,121
Not (Yet) Gone the Way of All Asia.txt,/content/drive/MyDrive/extracted_files/clinton_93-00/Not (Yet) Gone the Way of All Asia.txt,0.9607713250886827,0.9869125637141141,21,55,76
Notoriety Now for Movement_s Leader.txt,/content/drive/MyDrive/extracted_files/clinton_93-00/Notoriety Now for Movement_s Leader.txt,0.9856037020683288,0.969344801372952,10,27,37
Nov. 29-Dec. 5_Chinese Dissidents Held.txt,/content/drive/MyDrive/extracted_files/clinton_93-00/Nov. 29-Dec. 5_Chinese Dissidents Held.txt,0.9609555006027222,0.9486610293388367,1,2,3
November 21-27_Ferry Disaster in China.txt,/content/drive/MyDrive/extracted_files/clinton_93-00/November 21-27_Ferry Disaster in China.txt,0.8988509476184845,0.9978203475475311,2,2,4
NUCLEAR SECRETS_ THE OVERVIEW_Spying Charges Against Beijing Are Spelled Out by House Panel.txt,/content/drive/MyDrive/extracted_files/clinton_93-00/NUCLEAR SECRETS_ THE OVERVIEW_Spying Charges Against Beijing Are Spelled Out by House Panel.txt,0.9611043135325114,0.970518147073141,18,41,59
NUCLEAR SECRETS_Cohen Puts Off Trip to China.txt,/content/drive/MyDrive/extracted_files/clinton_93-00/NUCLEAR SECRETS_Cohen Puts Off Trip to China.txt,0.9821173846721649,0.9862082799275717,2,6,8
"NYC_In the Name Of China, Not Peace.txt","/content/drive/MyDrive/extracted_files/clinton_93-00/NYC_In the Name Of China, Not Peace.txt",0.9555485532397315,0.9442285072235834,21,21,42
OBSERVATORY.txt,/content/drive/MyDrive/extracted_files/clinton_93-00/OBSERVATORY.txt,0.9258250214836814,0.9286180924285542,11,22,33
OCTOBER 1-7_Falun Gong Sect Persists Despite Chinese Pressure.txt,/content/drive/MyDrive/extracted_files/clinton_93-00/OCTOBER 1-7_Falun Gong Sect Persists Despite Chinese Pressure.txt,0.9922263324260712,0.9969072937965393,2,1,3
October 8-14_China Trade Reassurances.txt,/content/drive/MyDrive/extracted_files/clinton_93-00/October 8-14_China Trade Reassurances.txt,0.892512246966362,,4,0,4
OFFICIAL ASSERTS SPY CASE SUSPECT WAS A BIAS VICTIM.txt,/content/drive/MyDrive/extracted_files/clinton_93-00/OFFICIAL ASSERTS SPY CASE SUSPECT WAS A BIAS VICTIM.txt,0.9124470710754394,0.9451713485920683,10,47,57
Old Flames and Trillionaires.txt,/content/drive/MyDrive/extracted_files/clinton_93-00/Old Flames and Trillionaires.txt,0.9466469165156869,0.9604291937180928,34,28,62
OLYMPICS_40 China Athletes Out of Olympics_ 7 Tied to Drugs.txt,/content/drive/MyDrive/extracted_files/clinton_93-00/OLYMPICS_40 China Athletes Out of Olympics_ 7 Tied to Drugs.txt,0.8840824136367211,0.9700818782051405,13,24,37
OLYMPICS_China Blocks Chen_s Effort to Compete for the U.S.txt,/content/drive/MyDrive/extracted_files/clinton_93-00/OLYMPICS_China Blocks Chen_s Effort to Compete for the U.S.txt,0.9378199052810668,0.9466607286816552,25,21,46
OLYMPICS_China Takes a New Stand In Its Bid for 2000 Games.txt,/content/drive/MyDrive/extracted_files/clinton_93-00/OLYMPICS_China Takes a New Stand In Its Bid for 2000 Games.txt,0.9742417292935508,0.9184618546412542,14,13,27
OLYMPICS_Chinese Withdraw 6 Runners And Coach.txt,/content/drive/MyDrive/extracted_files/clinton_93-00/OLYMPICS_Chinese Withdraw 6 Runners And Coach.txt,0.9306618322928747,0.9587715760521267,12,23,35
OLYMPICS_Samaranch Wants Broader Sanctions for Drug Abuses.txt,/content/drive/MyDrive/extracted_files/clinton_93-00/OLYMPICS_Samaranch Wants Broader Sanctions for Drug Abuses.txt,0.9162321431296212,0.982005494482377,14,17,31
OLYMPICS_There_s No Joy in Beijing as Sydney Gets Olympics.txt,/content/drive/MyDrive/extracted_files/clinton_93-00/OLYMPICS_There_s No Joy in Beijing as Sydney Gets Olympics.txt,0.9495535237448556,0.9689426928758621,28,20,48
"On Eve of Geneva Rights Talks, China Agrees to Sign U.N. Pact.txt","/content/drive/MyDrive/extracted_files/clinton_93-00/On Eve of Geneva Rights Talks, China Agrees to Sign U.N. Pact.txt",0.9613345543543498,0.9630306235381535,15,14,29
ON LANGUAGE_The New Gulag.txt,/content/drive/MyDrive/extracted_files/clinton_93-00/ON LANGUAGE_The New Gulag.txt,0.9390566619959745,0.9650493721167247,11,30,41
"ON THE HARSH STEPPES, HOSPITABLE PEOPLE.txt","/content/drive/MyDrive/extracted_files/clinton_93-00/ON THE HARSH STEPPES, HOSPITABLE PEOPLE.txt",0.9537357583988545,0.9277287929347067,86,66,152
"On the Road to Beijing, A Senator Visits Buddies.txt","/content/drive/MyDrive/extracted_files/clinton_93-00/On the Road to Beijing, A Senator Visits Buddies.txt",0.9015299552365353,0.9410797483042667,19,19,38
"Once Upon a Time, Only Kings Had Castles_Milestones, Millstones As Design Marches On.txt","/content/drive/MyDrive/extracted_files/clinton_93-00/Once Upon a Time, Only Kings Had Castles_Milestones, Millstones As Design Marches On.txt",0.9246440216646357,0.9406836221713831,118,101,219
"One Phase of Fund-Raising Hearings Ends, With a Shortage of Evidence.txt","/content/drive/MyDrive/extracted_files/clinton_93-00/One Phase of Fund-Raising Hearings Ends, With a Shortage of Evidence.txt",0.8993902007738749,0.9779450207045584,15,33,48
"ONLINE OVERSEAS_Three Roads in China_ B2B, B2C and C2C.txt","/content/drive/MyDrive/extracted_files/clinton_93-00/ONLINE OVERSEAS_Three Roads in China_ B2B, B2C and C2C.txt",0.9643925178435541,0.9410890511104039,31,42,73
OUT OF CHINA_ THE MAN_Dissident Impudently Ridiculed Harsh Rule.txt,/content/drive/MyDrive/extracted_files/clinton_93-00/OUT OF CHINA_ THE MAN_Dissident Impudently Ridiculed Harsh Rule.txt,0.947700078288714,0.9252216493089994,24,24,48
"OUT OF CHINA_ THE REACTION_On _Happy Day_ for Wei, U.S. Is Careful Not to Gloat.txt","/content/drive/MyDrive/extracted_files/clinton_93-00/OUT OF CHINA_ THE REACTION_On _Happy Day_ for Wei, U.S. Is Careful Not to Gloat.txt",0.9798160314559936,0.9733780357572768,10,9,19
OUTLOOK 1995_ Global Economic Prospects Are Brighter for Most_Daunting Challenges For China_s Leader.txt,/content/drive/MyDrive/extracted_files/clinton_93-00/OUTLOOK 1995_ Global Economic Prospects Are Brighter for Most_Daunting Challenges For China_s Leader.txt,0.9967406221798488,0.9440339270390963,7,19,26
"OUTLOOK 2000_ INTERNATIONAL_In China, Visions Of Internet Riches In a PC-Short Land.txt","/content/drive/MyDrive/extracted_files/clinton_93-00/OUTLOOK 2000_ INTERNATIONAL_In China, Visions Of Internet Riches In a PC-Short Land.txt",0.9347329338391622,0.9390573310000556,24,28,52
OUTLOOK _96_ THE ECONOMY_Why China Is Ready To Cool Off.txt,/content/drive/MyDrive/extracted_files/clinton_93-00/OUTLOOK _96_ THE ECONOMY_Why China Is Ready To Cool Off.txt,0.9477742864535406,0.9348757391174635,13,24,37
OUTLOOK _97_ INTERNATIONAL_Sellers in Search of Buyers in a Global Marketplace.txt,/content/drive/MyDrive/extracted_files/clinton_93-00/OUTLOOK _97_ INTERNATIONAL_Sellers in Search of Buyers in a Global Marketplace.txt,0.9634993842669896,0.9241804997126262,7,15,22
P.& G._s Crest in China.txt,/content/drive/MyDrive/extracted_files/clinton_93-00/P.& G._s Crest in China.txt,0.9832886159420013,0.9660418629646301,2,1,3
P.&G. to Increase Stake in China Venture.txt,/content/drive/MyDrive/extracted_files/clinton_93-00/P.&G. to Increase Stake in China Venture.txt,0.9143254927226475,0.806887298822403,7,2,9
"Paper Tiger_Asian Money,_ American Fears.txt","/content/drive/MyDrive/extracted_files/clinton_93-00/Paper Tiger_Asian Money,_ American Fears.txt",0.9333090080934412,0.9681758735630963,17,37,54
Papers Show White House Staff Favored a China Satellite Permit.txt,/content/drive/MyDrive/extracted_files/clinton_93-00/Papers Show White House Staff Favored a China Satellite Permit.txt,0.9259938398996989,0.955095648765564,21,35,56
Paris Journal_An Old Prediction Speeds France_s Annual Exodus.txt,/content/drive/MyDrive/extracted_files/clinton_93-00/Paris Journal_An Old Prediction Speeds France_s Annual Exodus.txt,0.9574462717229669,0.9484406246079339,11,18,29
Party Paper in China Makes Rare Mention of _89 Protests.txt,/content/drive/MyDrive/extracted_files/clinton_93-00/Party Paper in China Makes Rare Mention of _89 Protests.txt,0.9791517734527588,0.9447566320498785,5,12,17
"Peng Jinglin, Philip Partnow.txt","/content/drive/MyDrive/extracted_files/clinton_93-00/Peng Jinglin, Philip Partnow.txt",0.926712155342102,,12,0,12
PERSONAL HEALTH_Tea_ The Latest Health Food (but Hold the Clotted Cream).txt,/content/drive/MyDrive/extracted_files/clinton_93-00/PERSONAL HEALTH_Tea_ The Latest Health Food (but Hold the Clotted Cream).txt,0.9666245619455973,0.960985953316969,15,34,49
PERSPECTIVES_Priming the Pump for New Middle-Income Housing.txt,/content/drive/MyDrive/extracted_files/clinton_93-00/PERSPECTIVES_Priming the Pump for New Middle-Income Housing.txt,0.9704113370842404,0.9300884190532897,18,36,54
Photographic Evidence.txt,/content/drive/MyDrive/extracted_files/clinton_93-00/Photographic Evidence.txt,0.9735728204250336,0.959027288775695,38,38,76
Ping-Pong Diplomacy Revisited_Players Big and Small Recall the China Opening of _71.txt,/content/drive/MyDrive/extracted_files/clinton_93-00/Ping-Pong Diplomacy Revisited_Players Big and Small Recall the China Opening of _71.txt,0.9734623663955264,0.9648099510293258,36,19,55
"Playing the China Card_One Company_s Decision, and the Employees Left Behind.txt","/content/drive/MyDrive/extracted_files/clinton_93-00/Playing the China Card_One Company_s Decision, and the Employees Left Behind.txt",0.9741252526160209,0.9683965723565284,31,47,78
PLUS_ ASIAN GAMES_China Alleges Bribery Attempt.txt,/content/drive/MyDrive/extracted_files/clinton_93-00/PLUS_ ASIAN GAMES_China Alleges Bribery Attempt.txt,0.999354898929596,0.9545341432094574,1,4,5
PLUS_ ASIAN GAMES_China Wins Medals Race.txt,/content/drive/MyDrive/extracted_files/clinton_93-00/PLUS_ ASIAN GAMES_China Wins Medals Race.txt,0.995895137389501,0.6854129433631897,6,1,7
PLUS_ DIVING -- GRAND PRIX_China Captures Top Two Spots.txt,/content/drive/MyDrive/extracted_files/clinton_93-00/PLUS_ DIVING -- GRAND PRIX_China Captures Top Two Spots.txt,0.978991707166036,,3,0,3
PLUS_ PRO BASKETBALL -- DALLAS_China Won_t Release 7-Foot Center.txt,/content/drive/MyDrive/extracted_files/clinton_93-00/PLUS_ PRO BASKETBALL -- DALLAS_China Won_t Release 7-Foot Center.txt,0.9995918869972229,0.9645785490671793,1,3,4
PLUS_ RUNNING -- NEW YORK_Chinese Runners Unable to Compete.txt,/content/drive/MyDrive/extracted_files/clinton_93-00/PLUS_ RUNNING -- NEW YORK_Chinese Runners Unable to Compete.txt,0.961869478225708,0.9816843628883362,1,5,6
PLUS_ SWIMMING_Chinese Records Called Suspicious.txt,/content/drive/MyDrive/extracted_files/clinton_93-00/PLUS_ SWIMMING_Chinese Records Called Suspicious.txt,0.8747136890888214,0.9818675716718038,2,6,8
PLUS_ WEIGHT LIFTING -- WORLD CHAMPIONSHIPS_Greek Sets Record On Way to Victory.txt,/content/drive/MyDrive/extracted_files/clinton_93-00/PLUS_ WEIGHT LIFTING -- WORLD CHAMPIONSHIPS_Greek Sets Record On Way to Victory.txt,0.9896374146143595,,6,0,6
"Political Jargon, China_s Barometer, Shows Clear Skies for Art and Sex.txt","/content/drive/MyDrive/extracted_files/clinton_93-00/Political Jargon, China_s Barometer, Shows Clear Skies for Art and Sex.txt",0.9674891488892692,0.9428245648741722,21,24,45
Political Muscle_ The Only Good Enemy is a Strong_Weak Enemy_When Allies Are Fierce Competitors.txt,/content/drive/MyDrive/extracted_files/clinton_93-00/Political Muscle_ The Only Good Enemy is a Strong_Weak Enemy_When Allies Are Fierce Competitors.txt,0.9601714231751182,0.977286247909069,22,40,62
POLITICS_ THE CONDUIT_Fund-Raiser for Democrats Now Faces Harsh Spotlight.txt,/content/drive/MyDrive/extracted_files/clinton_93-00/POLITICS_ THE CONDUIT_Fund-Raiser for Democrats Now Faces Harsh Spotlight.txt,0.9250172411694246,0.9530919725480287,34,46,80
POLITICS_ THE CONGRESS_Republicans Are Rushing to Widen Investigations of Fund Raising by the Democr.txt,/content/drive/MyDrive/extracted_files/clinton_93-00/POLITICS_ THE CONGRESS_Republicans Are Rushing to Widen Investigations of Fund Raising by the Democr.txt,0.9209381490945816,0.9593996157248815,12,24,36
Pope Offers the Chinese a Deal on the Church_s Role.txt,/content/drive/MyDrive/extracted_files/clinton_93-00/Pope Offers the Chinese a Deal on the Church_s Role.txt,0.9583880566060543,0.9224253016359666,16,17,33
POSTINGS_ Hotel Expanding Into Old Chinese Mission_100 Rooms On W. 66th St.txt,/content/drive/MyDrive/extracted_files/clinton_93-00/POSTINGS_ Hotel Expanding Into Old Chinese Mission_100 Rooms On W. 66th St.txt,0.9965477415493557,0.8031889796257019,7,1,8
Power Array Pushes the China Trade Bill.txt,/content/drive/MyDrive/extracted_files/clinton_93-00/Power Array Pushes the China Trade Bill.txt,0.8961651384830475,0.9160878749994131,10,13,23
PRESIDENT IMPOSES TRADE SANCTIONS ON CHINESE GOODS.txt,/content/drive/MyDrive/extracted_files/clinton_93-00/PRESIDENT IMPOSES TRADE SANCTIONS ON CHINESE GOODS.txt,0.9366797834634781,0.9735770637080783,20,42,62
President Views Success of China Trade Bill as His Foreign Policy Legacy.txt,/content/drive/MyDrive/extracted_files/clinton_93-00/President Views Success of China Trade Bill as His Foreign Policy Legacy.txt,0.9504010988318402,0.9723922976038673,23,44,67
PRIVATE SECTOR_An Empire Built on China Chic.txt,/content/drive/MyDrive/extracted_files/clinton_93-00/PRIVATE SECTOR_An Empire Built on China Chic.txt,0.9678143688610622,0.9837110168055484,35,19,54
PRO FOOTBALL_ JETS NOTEBOOK_Byrd Pays A Visit To Chinese Gymnast.txt,/content/drive/MyDrive/extracted_files/clinton_93-00/PRO FOOTBALL_ JETS NOTEBOOK_Byrd Pays A Visit To Chinese Gymnast.txt,0.9425622092352973,0.9313120867895044,18,23,41
Prodigy in China.txt,/content/drive/MyDrive/extracted_files/clinton_93-00/Prodigy in China.txt,0.9902673562367758,,3,0,3
Profile_Yang Jiaxing_Pushing the Limits In Chinese Banking.txt,/content/drive/MyDrive/extracted_files/clinton_93-00/Profile_Yang Jiaxing_Pushing the Limits In Chinese Banking.txt,0.9687635898590088,0.9313638964477851,29,49,78
Protesters Set Hong Kong Immigration Office Afire.txt,/content/drive/MyDrive/extracted_files/clinton_93-00/Protesters Set Hong Kong Immigration Office Afire.txt,0.9463589265942574,0.9540855211596335,8,31,39
Protests Flare as Hong Kong_s Highest Court Upholds China_s Limits on Residency.txt,/content/drive/MyDrive/extracted_files/clinton_93-00/Protests Flare as Hong Kong_s Highest Court Upholds China_s Limits on Residency.txt,0.9020783603191376,0.9461966029235295,4,14,18
PUBLIC LIVES_A Witness to a Smear_ _Who Lost China__.txt,/content/drive/MyDrive/extracted_files/clinton_93-00/PUBLIC LIVES_A Witness to a Smear_ _Who Lost China__.txt,0.9644039731759292,0.9593984813525759,13,29,42
PUBLIC LIVES_An Unlikely Champion of a New Trade Pact With China.txt,/content/drive/MyDrive/extracted_files/clinton_93-00/PUBLIC LIVES_An Unlikely Champion of a New Trade Pact With China.txt,0.9136920013735371,0.9651380548110375,31,13,44
"PUBLIC LIVES_Besieged but Unbowed, Ambassador Is Hopeful on China.txt","/content/drive/MyDrive/extracted_files/clinton_93-00/PUBLIC LIVES_Besieged but Unbowed, Ambassador Is Hopeful on China.txt",0.9804502055048943,0.9795679026528409,16,38,54
PUBLIC LIVES_Witness to the Atrocity Behind the Medicine.txt,/content/drive/MyDrive/extracted_files/clinton_93-00/PUBLIC LIVES_Witness to the Atrocity Behind the Medicine.txt,0.9354960675592776,0.9362965887412429,27,64,91
Putin Visits China In Hope of Strengthening a Strategic Axis.txt,/content/drive/MyDrive/extracted_files/clinton_93-00/Putin Visits China In Hope of Strengthening a Strategic Axis.txt,0.918352414732394,0.8892579264938831,23,16,39
PUTTING DREAMS TO THE TEST_ A special report_Elite High School Is a Grueling Exam Away.txt,/content/drive/MyDrive/extracted_files/clinton_93-00/PUTTING DREAMS TO THE TEST_ A special report_Elite High School Is a Grueling Exam Away.txt,0.9573279398761384,0.9443631307645277,73,88,161
Q&A.txt,/content/drive/MyDrive/extracted_files/clinton_93-00/Q&A.txt,0.9362909528944228,0.9539572650736029,9,11,20
Race to Lead Hong Kong Stokes Fear of the Future.txt,/content/drive/MyDrive/extracted_files/clinton_93-00/Race to Lead Hong Kong Stokes Fear of the Future.txt,0.9228191831532646,0.9645501064217609,17,23,40
"Rallying Round the China Bill, Hungrily_ Agriculture_Poised to Become A Big Winner.txt","/content/drive/MyDrive/extracted_files/clinton_93-00/Rallying Round the China Bill, Hungrily_ Agriculture_Poised to Become A Big Winner.txt",0.9509177548544747,0.9328471382459005,7,15,22
"Rallying Round the China Bill, Hungrily_ Entertainment_Hollywood Wants A Bigger Box Office.txt","/content/drive/MyDrive/extracted_files/clinton_93-00/Rallying Round the China Bill, Hungrily_ Entertainment_Hollywood Wants A Bigger Box Office.txt",0.91176668622277,0.9740355968475342,11,20,31
"Rallying Round the China Bill, Hungrily_ Financial Services_Investment Capital And Car Loans, Too_.txt","/content/drive/MyDrive/extracted_files/clinton_93-00/Rallying Round the China Bill, Hungrily_ Financial Services_Investment Capital And Car Loans, Too_.txt",0.9712472915649414,0.9521911442279816,5,14,19
"Rallying Round the China Bill, Hungrily_ Pharmaceuticals_Approving Factories, But Not the Drugs.txt","/content/drive/MyDrive/extracted_files/clinton_93-00/Rallying Round the China Bill, Hungrily_ Pharmaceuticals_Approving Factories, But Not the Drugs.txt",0.8825924793879191,0.9277183512846628,3,12,15
"Rallying Round the China Bill, Hungrily_ Textiles_Cheaper Clothing, But at What Price_.txt","/content/drive/MyDrive/extracted_files/clinton_93-00/Rallying Round the China Bill, Hungrily_ Textiles_Cheaper Clothing, But at What Price_.txt",0.9535864442586899,0.9669720903038979,4,16,20
"Razors, Soap, Cornflakes_ Pirating Spreads in China.txt","/content/drive/MyDrive/extracted_files/clinton_93-00/Razors, Soap, Cornflakes_ Pirating Spreads in China.txt",0.9159568267710069,0.9652536521697866,17,58,75
Record Rainfall Floods Enterprise Zone in Southern China.txt,/content/drive/MyDrive/extracted_files/clinton_93-00/Record Rainfall Floods Enterprise Zone in Southern China.txt,0.8799843788146973,,1,0,1
Refugees Are Sent Back to China Hours After They Dock in Mexico.txt,/content/drive/MyDrive/extracted_files/clinton_93-00/Refugees Are Sent Back to China Hours After They Dock in Mexico.txt,0.9406012561586168,0.9581885933876038,9,28,37
"Release Just a Small Step, U.S. Aides Say.txt","/content/drive/MyDrive/extracted_files/clinton_93-00/Release Just a Small Step, U.S. Aides Say.txt",0.9402314641258933,0.9748898288782906,11,17,28
Relocations for China Dam Are Found to Lag.txt,/content/drive/MyDrive/extracted_files/clinton_93-00/Relocations for China Dam Are Found to Lag.txt,0.9697862097195217,0.9624518291516737,7,22,29
Remaking a Vast Frontier in China_s Image.txt,/content/drive/MyDrive/extracted_files/clinton_93-00/Remaking a Vast Frontier in China_s Image.txt,0.9243024006122496,0.9539562175350804,41,31,72
RESTAURANTS_Fine China.txt,/content/drive/MyDrive/extracted_files/clinton_93-00/RESTAURANTS_Fine China.txt,0.9761852522691091,0.9034614662329356,36,18,54
RESULTS PLUS(2).txt,/content/drive/MyDrive/extracted_files/clinton_93-00/RESULTS PLUS(2).txt,0.9819516142209371,0.9989364743232727,12,1,13
Returning Dissidents Sentenced by China.txt,/content/drive/MyDrive/extracted_files/clinton_93-00/Returning Dissidents Sentenced by China.txt,0.6852155327796936,0.9820813834667206,2,4,6
Rifle_s Importation Was Banned in China Accord.txt,/content/drive/MyDrive/extracted_files/clinton_93-00/Rifle_s Importation Was Banned in China Accord.txt,0.9902140200138092,0.9740269688459543,2,13,15
Rig to Be Sold to China.txt,/content/drive/MyDrive/extracted_files/clinton_93-00/Rig to Be Sold to China.txt,,0.9746178686618805,0,4,4
"Rights in China Improve, Envoy Says.txt","/content/drive/MyDrive/extracted_files/clinton_93-00/Rights in China Improve, Envoy Says.txt",0.9154516458511353,0.8986290422352877,18,22,40
"Risking China_s Ire, Taiwan Leader Questions Unification.txt","/content/drive/MyDrive/extracted_files/clinton_93-00/Risking China_s Ire, Taiwan Leader Questions Unification.txt",0.9326953556802537,0.9159457352426317,9,27,36
Rupert Murdoch_s Publishing Principles.txt,/content/drive/MyDrive/extracted_files/clinton_93-00/Rupert Murdoch_s Publishing Principles.txt,0.9841615259647369,0.949176916054317,2,14,16
"Russia and China Act to Cut Arms, Widen Ties.txt","/content/drive/MyDrive/extracted_files/clinton_93-00/Russia and China Act to Cut Arms, Widen Ties.txt",0.9645092897117138,0.9437658786773682,16,10,26
Russia and China in Space.txt,/content/drive/MyDrive/extracted_files/clinton_93-00/Russia and China in Space.txt,0.9434607774019241,0.956575870513916,4,1,5
Russia and China Sign a Military Agreement.txt,/content/drive/MyDrive/extracted_files/clinton_93-00/Russia and China Sign a Military Agreement.txt,0.9816643794377645,0.932037870089213,3,15,18
Russia and China Unite in Criticism of U.S. Antimissile Plan.txt,/content/drive/MyDrive/extracted_files/clinton_93-00/Russia and China Unite in Criticism of U.S. Antimissile Plan.txt,0.9339697177593524,0.9682630027333895,13,24,37
Russians Gaze With Envy Across the Border at China.txt,/content/drive/MyDrive/extracted_files/clinton_93-00/Russians Gaze With Envy Across the Border at China.txt,0.9308231364596974,0.9475236659826234,22,43,65
Satellite Maker Gave Report to China Before Telling U.S.txt,/content/drive/MyDrive/extracted_files/clinton_93-00/Satellite Maker Gave Report to China Before Telling U.S.txt,0.8684312376109037,0.9760632514953613,11,33,44
Satellites Bring Information Revolution to China.txt,/content/drive/MyDrive/extracted_files/clinton_93-00/Satellites Bring Information Revolution to China.txt,0.9660980552434921,0.9659426038915461,20,55,75
Scaling the Barriers of Literacy and Language.txt,/content/drive/MyDrive/extracted_files/clinton_93-00/Scaling the Barriers of Literacy and Language.txt,0.9807174362634358,0.9696070324290883,38,55,93
Secretive Chinese Spiritual Group Holds Protest and Wins a Retraction From Beijing.txt,/content/drive/MyDrive/extracted_files/clinton_93-00/Secretive Chinese Spiritual Group Holds Protest and Wins a Retraction From Beijing.txt,0.9323187619447708,0.9495691690180037,4,18,22
"Sect Leader Wanted by China Can Stay in U.S., but in Custody.txt","/content/drive/MyDrive/extracted_files/clinton_93-00/Sect Leader Wanted by China Can Stay in U.S., but in Custody.txt",0.9740128815174103,0.9634463120909298,6,17,23
"Seeking Thaw, Vatican Sends Aide to China.txt","/content/drive/MyDrive/extracted_files/clinton_93-00/Seeking Thaw, Vatican Sends Aide to China.txt",0.9184325422559466,0.6978887319564819,7,1,8
Seizure of Ship Helps Officials Trace Route of Illegal Immigrants.txt,/content/drive/MyDrive/extracted_files/clinton_93-00/Seizure of Ship Helps Officials Trace Route of Illegal Immigrants.txt,,0.9744808711111546,0,16,16
Senate to Vote On Trade Bill For China Soon.txt,/content/drive/MyDrive/extracted_files/clinton_93-00/Senate to Vote On Trade Bill For China Soon.txt,0.9514328181743622,0.9496208495563931,10,18,28
Senate Unlikely to Resist China Trade Status.txt,/content/drive/MyDrive/extracted_files/clinton_93-00/Senate Unlikely to Resist China Trade Status.txt,0.9727311730384827,0.9528264403343201,1,3,4
Senator Says China Had Plan To Try to Influence Election.txt,/content/drive/MyDrive/extracted_files/clinton_93-00/Senator Says China Had Plan To Try to Influence Election.txt,0.9082801171711513,0.9471767607488131,7,19,26
Senators Ask for Inquiry on Leasing of California Base to Chinese.txt,/content/drive/MyDrive/extracted_files/clinton_93-00/Senators Ask for Inquiry on Leasing of California Base to Chinese.txt,0.8854200541973114,0.9818552881479263,2,16,18
Senators Show No Resistance To Choice for Envoy in China.txt,/content/drive/MyDrive/extracted_files/clinton_93-00/Senators Show No Resistance To Choice for Envoy in China.txt,0.9354557891686758,0.9044917151331902,6,8,14
"Sent Back to China, Man Washes Up Again.txt","/content/drive/MyDrive/extracted_files/clinton_93-00/Sent Back to China, Man Washes Up Again.txt",0.9106015725569292,0.9529601808856515,11,34,45
Serthar Journal_A _Living Buddha_ Plants an Academy.txt,/content/drive/MyDrive/extracted_files/clinton_93-00/Serthar Journal_A _Living Buddha_ Plants an Academy.txt,0.9748386905111116,0.8856149249606662,29,18,47
"Set to Build Dam, China Diverts Yangtze While Crowing About It.txt","/content/drive/MyDrive/extracted_files/clinton_93-00/Set to Build Dam, China Diverts Yangtze While Crowing About It.txt",0.9796038351275704,0.9873054057359696,22,20,42
SHADOW OVER ASIA_ A special report._China_s Military Stumbles Even as Its Power Grows.txt,/content/drive/MyDrive/extracted_files/clinton_93-00/SHADOW OVER ASIA_ A special report._China_s Military Stumbles Even as Its Power Grows.txt,0.9193933537373176,0.9332556615273158,26,60,86
"Shanghai Journal_A City of Sleepwalkers_ No, They Just Like PJ_s.txt","/content/drive/MyDrive/extracted_files/clinton_93-00/Shanghai Journal_A City of Sleepwalkers_ No, They Just Like PJ_s.txt",0.9491896856398809,0.9569778067094309,21,27,48
"Shanghai Journal_In 75 Years, a Party_s Long March to Irrelevance.txt","/content/drive/MyDrive/extracted_files/clinton_93-00/Shanghai Journal_In 75 Years, a Party_s Long March to Irrelevance.txt",0.9658015833960639,0.9509898039602465,18,31,49
"Shanghai Journal_It_s a Lucky Day in May, and Here Come the Brides.txt","/content/drive/MyDrive/extracted_files/clinton_93-00/Shanghai Journal_It_s a Lucky Day in May, and Here Come the Brides.txt",0.9926133751869202,0.9624904952943325,18,16,34
Shanghai Journal_Mao_s Nightmare_ Revolutionaries in Bare Midriff.txt,/content/drive/MyDrive/extracted_files/clinton_93-00/Shanghai Journal_Mao_s Nightmare_ Revolutionaries in Bare Midriff.txt,0.980420532433883,0.9692519783973694,23,20,43
Shanghai Talks Fail_ Opera Stuck in China.txt,/content/drive/MyDrive/extracted_files/clinton_93-00/Shanghai Talks Fail_ Opera Stuck in China.txt,0.9812949510181651,0.9565032521883646,17,27,44
Shuttle Found Lost Sections of Great Wall in _94.txt,/content/drive/MyDrive/extracted_files/clinton_93-00/Shuttle Found Lost Sections of Great Wall in _94.txt,0.8766554713249206,0.8109295616547266,5,12,17
"SMUGGLED TO NEW YORK_ The Homeland_High Hopes, and Stakes, For China_s Boat People.txt","/content/drive/MyDrive/extracted_files/clinton_93-00/SMUGGLED TO NEW YORK_ The Homeland_High Hopes, and Stakes, For China_s Boat People.txt",0.861813689271609,0.9707761406898499,12,14,26
So Friendly_ Chinese and Christopher.txt,/content/drive/MyDrive/extracted_files/clinton_93-00/So Friendly_ Chinese and Christopher.txt,0.9207941850026449,0.928902534643809,15,15,30
"SOCCER_ NOTEBOOK -- WOMEN_S WORLD CUP_As Tournament Nears, Ticket Sales Are Brisk.txt","/content/drive/MyDrive/extracted_files/clinton_93-00/SOCCER_ NOTEBOOK -- WOMEN_S WORLD CUP_As Tournament Nears, Ticket Sales Are Brisk.txt",0.9636176466941834,0.968139562341902,25,9,34
SOCCER_A Narrow Victory Leaves Questions for U.S. Women.txt,/content/drive/MyDrive/extracted_files/clinton_93-00/SOCCER_A Narrow Victory Leaves Questions for U.S. Women.txt,0.9461953242619833,0.9127477705478668,12,8,20
SOFTWARE_Professor Higgins Would Be Pleased.txt,/content/drive/MyDrive/extracted_files/clinton_93-00/SOFTWARE_Professor Higgins Would Be Pleased.txt,0.9257129237458512,0.9647187108689166,37,47,84
Sold China _Spirit Tree_ May Have Been Stolen.txt,/content/drive/MyDrive/extracted_files/clinton_93-00/Sold China _Spirit Tree_ May Have Been Stolen.txt,0.911404027388646,0.9388511419296265,13,20,33
Some Suspects In Spying Not Prosecuted.txt,/content/drive/MyDrive/extracted_files/clinton_93-00/Some Suspects In Spying Not Prosecuted.txt,0.8570153968674796,0.9500518560409545,7,20,27
"Sourly, Christopher_s Talks in Beijing Come to an End.txt","/content/drive/MyDrive/extracted_files/clinton_93-00/Sourly, Christopher_s Talks in Beijing Come to an End.txt",0.9513574987649918,0.9716776661250902,12,23,35
South Koreans Sign Petitions To Aid North.txt,/content/drive/MyDrive/extracted_files/clinton_93-00/South Koreans Sign Petitions To Aid North.txt,0.9471801519393921,0.9354689392176542,2,11,13
Split Develops On Leadership Of Sect in China.txt,/content/drive/MyDrive/extracted_files/clinton_93-00/Split Develops On Leadership Of Sect in China.txt,0.8971450209617615,0.9241786152124405,5,8,13
Sports of The Times_Early Birds Getting The Worms.txt,/content/drive/MyDrive/extracted_files/clinton_93-00/Sports of The Times_Early Birds Getting The Worms.txt,0.9763807285399664,0.9208096970211376,21,22,43
Sports of The Times_Final Game Owes Great Debt to China.txt,/content/drive/MyDrive/extracted_files/clinton_93-00/Sports of The Times_Final Game Owes Great Debt to China.txt,0.9594882864218491,0.9507086078325907,26,18,44
Sports of The Times_Now Beijing Must Wait 4 More Years.txt,/content/drive/MyDrive/extracted_files/clinton_93-00/Sports of The Times_Now Beijing Must Wait 4 More Years.txt,0.9540881713231405,0.9680097822485298,18,29,47
Sports of The Times_Two Great Rivalries In the Women_s Game.txt,/content/drive/MyDrive/extracted_files/clinton_93-00/Sports of The Times_Two Great Rivalries In the Women_s Game.txt,0.9592604974041814,0.9594261891701642,23,17,40
SPORTS PEOPLE_ SWIMMING_Chinese Star Given 2-Year Ban.txt,/content/drive/MyDrive/extracted_files/clinton_93-00/SPORTS PEOPLE_ SWIMMING_Chinese Star Given 2-Year Ban.txt,0.9553607503573099,0.9975518584251404,3,1,4
"Stalin-Mao Alliance Was Uneasy, Newly Released Papers Show.txt","/content/drive/MyDrive/extracted_files/clinton_93-00/Stalin-Mao Alliance Was Uneasy, Newly Released Papers Show.txt",0.9846778884530067,0.9359114302529229,8,18,26
Steel Mill Is Shadow Of What It Once Was.txt,/content/drive/MyDrive/extracted_files/clinton_93-00/Steel Mill Is Shadow Of What It Once Was.txt,0.9727322804300409,0.9659902221626706,19,36,55
"Still Wary of Outsiders, Japan Expects Immigration Boom.txt","/content/drive/MyDrive/extracted_files/clinton_93-00/Still Wary of Outsiders, Japan Expects Immigration Boom.txt",0.9255732486122533,0.9704708469157316,19,49,68
Stocks Surge in China As Volume Sets Record.txt,/content/drive/MyDrive/extracted_files/clinton_93-00/Stocks Surge in China As Volume Sets Record.txt,0.9573470473289489,0.9363075759675767,10,9,19
SUBVERSION TRIALS DUE FOR LEADERS OF SECT IN CHINA.txt,/content/drive/MyDrive/extracted_files/clinton_93-00/SUBVERSION TRIALS DUE FOR LEADERS OF SECT IN CHINA.txt,0.9774278938770294,0.9648502293755027,10,34,44
"Suddenly, Reclusive North Korea Reaches Out to the World.txt","/content/drive/MyDrive/extracted_files/clinton_93-00/Suddenly, Reclusive North Korea Reaches Out to the World.txt",0.9631029891967774,0.8853668825966972,25,14,39
SUMMIT IN NEW YORK_ THE PRESIDENT_Clinton and China Leader Meet but With Little Gain.txt,/content/drive/MyDrive/extracted_files/clinton_93-00/SUMMIT IN NEW YORK_ THE PRESIDENT_Clinton and China Leader Meet but With Little Gain.txt,0.9437114894390106,0.9794098526239395,8,20,28
Surprise for Indonesia_s Chinese_ Peaceful Election.txt,/content/drive/MyDrive/extracted_files/clinton_93-00/Surprise for Indonesia_s Chinese_ Peaceful Election.txt,0.9543485001281455,0.892311778333452,27,9,36
Survival of the Prudent.txt,/content/drive/MyDrive/extracted_files/clinton_93-00/Survival of the Prudent.txt,0.9145252044711795,0.9838352982814496,28,13,41
Suspect in Loss of Nuclear Secrets Unlikely to Face Spying Charges.txt,/content/drive/MyDrive/extracted_files/clinton_93-00/Suspect in Loss of Nuclear Secrets Unlikely to Face Spying Charges.txt,0.8740708773786371,0.9505481214626975,11,46,57
SWIMMING_New Accusations Aimed at Chinese Swimmers.txt,/content/drive/MyDrive/extracted_files/clinton_93-00/SWIMMING_New Accusations Aimed at Chinese Swimmers.txt,0.9533684015274048,0.9518328078331486,10,31,41
SWIMMING_Thompson_s Two Golds Cap Fine U.S. Showing.txt,/content/drive/MyDrive/extracted_files/clinton_93-00/SWIMMING_Thompson_s Two Golds Cap Fine U.S. Showing.txt,0.9979143525872912,0.9375772522046015,14,13,27
SWIMMING_U.S. Ban of Chinese Swimmers Criticized.txt,/content/drive/MyDrive/extracted_files/clinton_93-00/SWIMMING_U.S. Ban of Chinese Swimmers Criticized.txt,0.890362548828125,0.9212987105051677,5,15,20
"SYDNEY 2000_ GYMNASTICS_After 40 Years of Expectation, Mighty Chinese Come Through.txt","/content/drive/MyDrive/extracted_files/clinton_93-00/SYDNEY 2000_ GYMNASTICS_After 40 Years of Expectation, Mighty Chinese Come Through.txt",0.9958831352346084,0.964464621110396,34,22,56
SYDNEY 2000_ GYMNASTICS_Young Americans Need Focus and Luck.txt,/content/drive/MyDrive/extracted_files/clinton_93-00/SYDNEY 2000_ GYMNASTICS_Young Americans Need Focus and Luck.txt,0.9693017232985723,0.9905964694917202,21,16,37
Taiwan Again Seeks Talks With China.txt,/content/drive/MyDrive/extracted_files/clinton_93-00/Taiwan Again Seeks Talks With China.txt,0.9401607036590576,0.9767258731942428,10,19,29
"Taiwan Again Tries to Join U.N., and Again China Bars Door.txt","/content/drive/MyDrive/extracted_files/clinton_93-00/Taiwan Again Tries to Join U.N., and Again China Bars Door.txt",0.9623470221246991,0.9651212446829852,7,17,24
Taiwan Competes With China to Win African Hearts.txt,/content/drive/MyDrive/extracted_files/clinton_93-00/Taiwan Competes With China to Win African Hearts.txt,0.9855944700539112,0.8595945835113525,16,11,27
Taiwan Ends Its Status as a _Province_ of China.txt,/content/drive/MyDrive/extracted_files/clinton_93-00/Taiwan Ends Its Status as a _Province_ of China.txt,0.958450847864151,0.9601797088980675,10,8,18
Taiwan Official Warms to Chinese Insults.txt,/content/drive/MyDrive/extracted_files/clinton_93-00/Taiwan Official Warms to Chinese Insults.txt,0.8431655764579773,0.9967889040708542,3,4,7
Taiwan Ruling Party Loses Local Elections.txt,/content/drive/MyDrive/extracted_files/clinton_93-00/Taiwan Ruling Party Loses Local Elections.txt,0.97674671961711,0.9903422892093658,13,4,17
Taiwanese Soldiers Kill Chinese Fisherman.txt,/content/drive/MyDrive/extracted_files/clinton_93-00/Taiwanese Soldiers Kill Chinese Fisherman.txt,0.9970037341117859,0.9618784274373736,1,7,8
TAIWAN_S LEADER WINS ITS ELECTION AND A MANDATE.txt,/content/drive/MyDrive/extracted_files/clinton_93-00/TAIWAN_S LEADER WINS ITS ELECTION AND A MANDATE.txt,0.9550873530762536,0.9717591121083214,28,21,49
Taiwan_s New Leader and Beijing Testing Each Other.txt,/content/drive/MyDrive/extracted_files/clinton_93-00/Taiwan_s New Leader and Beijing Testing Each Other.txt,0.9089242815971375,0.8876194357872009,10,14,24
Taiwan_s Overtures to U.S. Backfire.txt,/content/drive/MyDrive/extracted_files/clinton_93-00/Taiwan_s Overtures to U.S. Backfire.txt,0.9411231458187104,0.9497703099250794,10,25,35
Taking In the Sites_Factions Weigh In on Hong Kong Under Chinese Rule.txt,/content/drive/MyDrive/extracted_files/clinton_93-00/Taking In the Sites_Factions Weigh In on Hong Kong Under Chinese Rule.txt,0.972929040590922,0.9233880088879511,12,13,25
Tension in Asia Over Wealth Under the Sea.txt,/content/drive/MyDrive/extracted_files/clinton_93-00/Tension in Asia Over Wealth Under the Sea.txt,0.9317842934812818,0.9525372882684072,14,24,38
TENSION IN TAIWAN_ THE POLITICS_War Games Play Well for Taiwan_s Leader.txt,/content/drive/MyDrive/extracted_files/clinton_93-00/TENSION IN TAIWAN_ THE POLITICS_War Games Play Well for Taiwan_s Leader.txt,0.9604019045829773,0.9734030879206128,30,36,66
THE 2000 CAMPAIGN_ WORLD VIEWS_A special report._Rivals Differ On U.S. Role In the World.txt,/content/drive/MyDrive/extracted_files/clinton_93-00/THE 2000 CAMPAIGN_ WORLD VIEWS_A special report._Rivals Differ On U.S. Role In the World.txt,0.943047121419745,0.9496942027048632,59,88,147
THE ASIAN CRISIS_ BEIJING_China Vows Not to Overrule Hong Kong Officials.txt,/content/drive/MyDrive/extracted_files/clinton_93-00/THE ASIAN CRISIS_ BEIJING_China Vows Not to Overrule Hong Kong Officials.txt,0.9766403399407864,0.9538785119851431,16,12,28
The Bamboo Chair Sings a Sweet Song.txt,/content/drive/MyDrive/extracted_files/clinton_93-00/The Bamboo Chair Sings a Sweet Song.txt,0.9771582690569071,0.9026821851730347,26,21,47
THE BOSS_Adventure the Chinese Way.txt,/content/drive/MyDrive/extracted_files/clinton_93-00/THE BOSS_Adventure the Chinese Way.txt,0.8905545217650277,0.9680722653865814,14,22,36
THE CHINA TRADE VOTE_ BEIJING_Chinese Express Joy and Relief at Passage of Trade Bill.txt,/content/drive/MyDrive/extracted_files/clinton_93-00/THE CHINA TRADE VOTE_ BEIJING_Chinese Express Joy and Relief at Passage of Trade Bill.txt,0.9981123859232123,0.9328036573198106,11,9,20
THE CHINA TRADE VOTE_Roll-Call on China Trade.txt,/content/drive/MyDrive/extracted_files/clinton_93-00/THE CHINA TRADE VOTE_Roll-Call on China Trade.txt,0.8524178465207418,0.8342595199743906,3,6,9
"The Chosen Sex -- A special report_Chinese Turn to Ultrasound, Scorning Baby Girls for Boys.txt","/content/drive/MyDrive/extracted_files/clinton_93-00/The Chosen Sex -- A special report_Chinese Turn to Ultrasound, Scorning Baby Girls for Boys.txt",0.8858290180083244,0.954675913631142,31,77,108
THE GUIDE.txt,/content/drive/MyDrive/extracted_files/clinton_93-00/THE GUIDE.txt,0.9771806812948651,0.9175790439952504,36,11,47
"THE JIANG VISIT_ IN WASHINGTON_After Jiang Moves On, Albright Appoints New Coordinator to Focus on T.txt","/content/drive/MyDrive/extracted_files/clinton_93-00/THE JIANG VISIT_ IN WASHINGTON_After Jiang Moves On, Albright Appoints New Coordinator to Focus on T.txt",0.963355328887701,0.8945493272372654,16,7,23
THE JIANG VISIT_ THE OVERVIEW_CHINA_S PRESIDENT DRAWS APPLAUSE AT HARVARD TALK.txt,/content/drive/MyDrive/extracted_files/clinton_93-00/THE JIANG VISIT_ THE OVERVIEW_CHINA_S PRESIDENT DRAWS APPLAUSE AT HARVARD TALK.txt,0.9640578087419271,0.9645301103591919,32,15,47
THE JIANG VISIT_Exercise in Democracy_ Engaging in Dialogue Leads to Some Hostile Questions.txt,/content/drive/MyDrive/extracted_files/clinton_93-00/THE JIANG VISIT_Exercise in Democracy_ Engaging in Dialogue Leads to Some Hostile Questions.txt,0.9525551398595175,0.9462853802575005,18,9,27
THE LOS ALAMOS SECRETS CASE_ THE OVERVIEW_Nuclear Weapons Engineer Indicted in Removal of Data.txt,/content/drive/MyDrive/extracted_files/clinton_93-00/THE LOS ALAMOS SECRETS CASE_ THE OVERVIEW_Nuclear Weapons Engineer Indicted in Removal of Data.txt,0.8564303432192121,0.9833907296783045,7,38,45
THE MARKET TURMOIL_ THE OUTPOST_It_s a Dark and Stormy Night . . . and Here_s Hong Kong Trying to Li.txt,/content/drive/MyDrive/extracted_files/clinton_93-00/THE MARKET TURMOIL_ THE OUTPOST_It_s a Dark and Stormy Night . . . and Here_s Hong Kong Trying to Li.txt,0.918866710530387,0.9759410996826328,18,49,67
"THE MARKETS_ CURRENCIES_Yen Continues Its Slide, Threatening Other Asian Markets.txt","/content/drive/MyDrive/extracted_files/clinton_93-00/THE MARKETS_ CURRENCIES_Yen Continues Its Slide, Threatening Other Asian Markets.txt",0.9850967824459076,0.989748935807835,4,22,26
"THE MARKETS_ Market Place_As Yen Slides, U.S. Renews Pressure on Japan.txt","/content/drive/MyDrive/extracted_files/clinton_93-00/THE MARKETS_ Market Place_As Yen Slides, U.S. Renews Pressure on Japan.txt",0.9503616504371166,0.9665172908987317,16,14,30
"THE MARKETS_ Market Place_By anyother name, could China.com be so confident_.txt","/content/drive/MyDrive/extracted_files/clinton_93-00/THE MARKETS_ Market Place_By anyother name, could China.com be so confident_.txt",0.9666042614866186,0.9715864857037863,27,27,54
THE MARKETS_ Market Place_Hong Kong has recovered its appetite for speculation.txt,/content/drive/MyDrive/extracted_files/clinton_93-00/THE MARKETS_ Market Place_Hong Kong has recovered its appetite for speculation.txt,0.9663624720914024,0.9567565889585585,14,21,35
THE MARKETS_ Market Place_U.S. Investors Salivate Over Chinese Stocks In Pact_s Wake.txt,/content/drive/MyDrive/extracted_files/clinton_93-00/THE MARKETS_ Market Place_U.S. Investors Salivate Over Chinese Stocks In Pact_s Wake.txt,0.9495772502639077,0.9662899904780917,11,27,38
THE MEDIA BUSINESS_ ADVERTISING -- ADDENDA_Burnett to Handle McDonald_s in China.txt,/content/drive/MyDrive/extracted_files/clinton_93-00/THE MEDIA BUSINESS_ ADVERTISING -- ADDENDA_Burnett to Handle McDonald_s in China.txt,0.9191793004671732,0.9519580602645874,3,1,4
THE MEDIA BUSINESS_ ADVERTISING -- ADDENDA_Wrigley Names Agencies for China.txt,/content/drive/MyDrive/extracted_files/clinton_93-00/THE MEDIA BUSINESS_ ADVERTISING -- ADDENDA_Wrigley Names Agencies for China.txt,0.867308646440506,0.935072273015976,2,4,6
THE MEDIA BUSINESS_ ADVERTISING_China_s Censor Is Customer No. 1.txt,/content/drive/MyDrive/extracted_files/clinton_93-00/THE MEDIA BUSINESS_ ADVERTISING_China_s Censor Is Customer No. 1.txt,0.954272231885365,0.9758028553591834,14,54,68
The Nation_ Agony of Victory_America Finds It_s Lonely At the Top.txt,/content/drive/MyDrive/extracted_files/clinton_93-00/The Nation_ Agony of Victory_America Finds It_s Lonely At the Top.txt,0.9460728890017459,0.9423742779465609,19,43,62
The Nation_Searching Only in Profiles Can Hide a Spy_s Face.txt,/content/drive/MyDrive/extracted_files/clinton_93-00/The Nation_Searching Only in Profiles Can Hide a Spy_s Face.txt,0.9565014690160751,0.9700593270104507,8,29,37
The Nonproliferation Treaty Bares Its Toothlessness.txt,/content/drive/MyDrive/extracted_files/clinton_93-00/The Nonproliferation Treaty Bares Its Toothlessness.txt,0.9805428018936744,0.9845611082540976,13,37,50
THE PLAYERS_Beijing_s Possessive Leadership Team.txt,/content/drive/MyDrive/extracted_files/clinton_93-00/THE PLAYERS_Beijing_s Possessive Leadership Team.txt,0.9536485932767391,0.9487524798938206,16,7,23
The Race Begins to Build a Small Car for China.txt,/content/drive/MyDrive/extracted_files/clinton_93-00/The Race Begins to Build a Small Car for China.txt,0.927466289750461,0.9511208782593409,29,24,53
"THE TRADE DEAL_ THE CHINESE_Joy, Worry and Indifference in Streets of Beijing.txt","/content/drive/MyDrive/extracted_files/clinton_93-00/THE TRADE DEAL_ THE CHINESE_Joy, Worry and Indifference in Streets of Beijing.txt",0.975371566414833,0.9304344594478607,20,20,40
THE TRADE DEAL_ THE OVERVIEW_U.S. REACHES AN ACCORD TO OPEN CHINA ECONOMY AS WORLDWIDE MARKET.txt,/content/drive/MyDrive/extracted_files/clinton_93-00/THE TRADE DEAL_ THE OVERVIEW_U.S. REACHES AN ACCORD TO OPEN CHINA ECONOMY AS WORLDWIDE MARKET.txt,0.9672583937644958,0.9515637689166598,41,45,86
"THE TRADE DEAL_ THE PARADOXES_Riding Winds of Reform, Yet Mired in Orthodoxy.txt","/content/drive/MyDrive/extracted_files/clinton_93-00/THE TRADE DEAL_ THE PARADOXES_Riding Winds of Reform, Yet Mired in Orthodoxy.txt",0.9183876365423203,0.9357622762521108,16,24,40
THE TRADE DEAL_ THE POLITICS_Agreement Presents a Split for Republicans in Presidential Race.txt,/content/drive/MyDrive/extracted_files/clinton_93-00/THE TRADE DEAL_ THE POLITICS_Agreement Presents a Split for Republicans in Presidential Race.txt,0.9185254460289365,0.9345691927841732,21,14,35
THE TRADE DEAL_ THE PROSPECTS_White House and Business Groups To Push Congress on China Pact.txt,/content/drive/MyDrive/extracted_files/clinton_93-00/THE TRADE DEAL_ THE PROSPECTS_White House and Business Groups To Push Congress on China Pact.txt,0.9777264978204455,0.9394915605846205,14,19,33
THE TRADE DEAL_ Woman in the News -- Charlene Barshefsky_Making a Career of Digging to China.txt,/content/drive/MyDrive/extracted_files/clinton_93-00/THE TRADE DEAL_ Woman in the News -- Charlene Barshefsky_Making a Career of Digging to China.txt,0.9714168204980738,0.9491823505271565,17,22,39
THE U.N. AT 50_ CLINTON AND JIANG_CHINA_S PRESIDENT AND CLINTON MEET TO REPAIR FENCES.txt,/content/drive/MyDrive/extracted_files/clinton_93-00/THE U.N. AT 50_ CLINTON AND JIANG_CHINA_S PRESIDENT AND CLINTON MEET TO REPAIR FENCES.txt,0.9362648646036784,0.9303443431854248,30,18,48
The Usual Spats Over Nominees For Foreign Films.txt,/content/drive/MyDrive/extracted_files/clinton_93-00/The Usual Spats Over Nominees For Foreign Films.txt,0.9231274864252876,0.9378980972148754,17,27,44
The View From_White Plains_Recalling Yangtze River In Song for the New Year.txt,/content/drive/MyDrive/extracted_files/clinton_93-00/The View From_White Plains_Recalling Yangtze River In Song for the New Year.txt,0.9772518321319863,0.9299977396925291,54,24,78
The Way We Live Now_ 8-8-99_ Questions for Li Hongzhi_Eye of the Storm.txt,/content/drive/MyDrive/extracted_files/clinton_93-00/The Way We Live Now_ 8-8-99_ Questions for Li Hongzhi_Eye of the Storm.txt,0.9543474813302358,0.9653808953969375,30,46,76
The Wei That Wasn_t.txt,/content/drive/MyDrive/extracted_files/clinton_93-00/The Wei That Wasn_t.txt,0.9574868417765996,0.9676149310409159,73,138,211
The Worlds in a Rock.txt,/content/drive/MyDrive/extracted_files/clinton_93-00/The Worlds in a Rock.txt,0.9527110010385513,0.918743908405304,8,1,9
The World_ Clinton Foreign Policy_China_ a Hot Issue That Takes the Back Burner.txt,/content/drive/MyDrive/extracted_files/clinton_93-00/The World_ Clinton Foreign Policy_China_ a Hot Issue That Takes the Back Burner.txt,0.9747434059778849,0.977002271197059,9,22,31
"The World_ Dissonance_In China, So Many Liberties, So Little Freedom.txt","/content/drive/MyDrive/extracted_files/clinton_93-00/The World_ Dissonance_In China, So Many Liberties, So Little Freedom.txt",0.96997397679549,0.9730221912974403,26,21,47
THE WORLD_ Geography and Independence Matter_There Is (Was_) No Place Like Hong Kong.txt,/content/drive/MyDrive/extracted_files/clinton_93-00/THE WORLD_ Geography and Independence Matter_There Is (Was_) No Place Like Hong Kong.txt,0.955899230308003,0.9599521207809448,36,25,61
The World_ Protecting Xanadu_Hong Kong Seeks Its Own Chinese Wall.txt,/content/drive/MyDrive/extracted_files/clinton_93-00/The World_ Protecting Xanadu_Hong Kong Seeks Its Own Chinese Wall.txt,0.9657525528560985,0.9727325364947319,11,32,43
"THE WORLD_As China Leaps Ahead, The Poor Slip Behind.txt","/content/drive/MyDrive/extracted_files/clinton_93-00/THE WORLD_As China Leaps Ahead, The Poor Slip Behind.txt",0.9916375912725925,0.9298107816327003,16,31,47
The World_Asia Moves In on the Big Ditch.txt,/content/drive/MyDrive/extracted_files/clinton_93-00/The World_Asia Moves In on the Big Ditch.txt,0.9426931981687192,0.9492466673254967,27,16,43
The World_Asia_s Having One Huge Nicotine Fit.txt,/content/drive/MyDrive/extracted_files/clinton_93-00/The World_Asia_s Having One Huge Nicotine Fit.txt,0.9483703000204904,0.950723377433983,35,37,72
THE WORLD_China Chooses Not to Prod North Korea.txt,/content/drive/MyDrive/extracted_files/clinton_93-00/THE WORLD_China Chooses Not to Prod North Korea.txt,0.9184684024916755,0.9713668369111561,9,21,30
"THE WORLD_China, the Conglomerate, Seeks a New Unifying Principle.txt","/content/drive/MyDrive/extracted_files/clinton_93-00/THE WORLD_China, the Conglomerate, Seeks a New Unifying Principle.txt",0.9568783442179362,0.9506266375382741,15,30,45
THE WORLD_China_s Own Witch Hunt.txt,/content/drive/MyDrive/extracted_files/clinton_93-00/THE WORLD_China_s Own Witch Hunt.txt,0.9545384347438812,0.9545498927434285,10,30,40
"The World_If Koreas Unite, Will Asia Divide_.txt","/content/drive/MyDrive/extracted_files/clinton_93-00/The World_If Koreas Unite, Will Asia Divide_.txt",0.9274671077728271,0.9587891986293178,23,31,54
The World_Poachers _n_ Tigers _n_ Bears.txt,/content/drive/MyDrive/extracted_files/clinton_93-00/The World_Poachers _n_ Tigers _n_ Bears.txt,0.970697537848824,0.9412685590130943,19,28,47
The World_Tension With Japan Rises Alongside China_s Star.txt,/content/drive/MyDrive/extracted_files/clinton_93-00/The World_Tension With Japan Rises Alongside China_s Star.txt,0.9399703570774623,0.973110036055247,21,30,51
The World_This One Just Might Be a Real Trade War.txt,/content/drive/MyDrive/extracted_files/clinton_93-00/The World_This One Just Might Be a Real Trade War.txt,0.9114691932996114,0.9627354036677968,15,22,37
"The World_U.S. Watches Out for Its Own. Well, Sometimes.txt","/content/drive/MyDrive/extracted_files/clinton_93-00/The World_U.S. Watches Out for Its Own. Well, Sometimes.txt",0.827452818552653,0.9760392819132123,9,28,37
The World_Why Japan Is Rooting For China.txt,/content/drive/MyDrive/extracted_files/clinton_93-00/The World_Why Japan Is Rooting For China.txt,0.9515139047916119,0.9727333440230443,13,26,39
"Theft Report On Atom Data _Unfounded,_ China Says.txt","/content/drive/MyDrive/extracted_files/clinton_93-00/Theft Report On Atom Data _Unfounded,_ China Says.txt",0.7638418674468994,0.9618175205062417,2,17,19
"They_re Off (Yawn) in Hong Kong_It_s Midnight, but to Expatriate Bettors, It_s Post Time.txt","/content/drive/MyDrive/extracted_files/clinton_93-00/They_re Off (Yawn) in Hong Kong_It_s Midnight, but to Expatriate Bettors, It_s Post Time.txt",0.9682235777378082,0.9564897515335862,40,49,89
"Though Suspected as China Spy, Scientist Got Sensitive Job at Lab.txt","/content/drive/MyDrive/extracted_files/clinton_93-00/Though Suspected as China Spy, Scientist Got Sensitive Job at Lab.txt",0.847814040524619,0.9584037585136218,7,39,46
Threat Seen To Trade Deal To Let China Join W.T.O.txt,/content/drive/MyDrive/extracted_files/clinton_93-00/Threat Seen To Trade Deal To Let China Join W.T.O.txt,0.9052468657493591,0.9798800980343538,10,17,27
Tibet Crisis Centers on 6-Year-Old Living Buddha.txt,/content/drive/MyDrive/extracted_files/clinton_93-00/Tibet Crisis Centers on 6-Year-Old Living Buddha.txt,0.9910081783930461,0.9303425062786449,15,22,37
Tiger Tales_Why Africa Can Thrive Like Asia.txt,/content/drive/MyDrive/extracted_files/clinton_93-00/Tiger Tales_Why Africa Can Thrive Like Asia.txt,0.9742364920675755,0.9673395346511494,48,44,92
"To Bolster Olympic Bid, China Eases Its Surveillance of Reporters.txt","/content/drive/MyDrive/extracted_files/clinton_93-00/To Bolster Olympic Bid, China Eases Its Surveillance of Reporters.txt",0.8744686096906662,0.9853742563206217,8,23,31
"To Pray in a Tibetan Temple, Buddhists Built One in California.txt","/content/drive/MyDrive/extracted_files/clinton_93-00/To Pray in a Tibetan Temple, Buddhists Built One in California.txt",0.978676812068836,0.9009186029434204,37,9,46
"To the Party, Victor_s Exile Invalidates China Nobel.txt","/content/drive/MyDrive/extracted_files/clinton_93-00/To the Party, Victor_s Exile Invalidates China Nobel.txt",0.9818754345178604,0.9445546708608928,16,19,35
Top China Aide Gets Death.txt,/content/drive/MyDrive/extracted_files/clinton_93-00/Top China Aide Gets Death.txt,,0.9814768135547638,0,4,4
Top Chinese Official on Visit to Belgrade.txt,/content/drive/MyDrive/extracted_files/clinton_93-00/Top Chinese Official on Visit to Belgrade.txt,0.9782248437404633,0.9424005746841431,4,4,8
Top Court in Hong Kong Upholds Ban on Defacing Chinese Flag.txt,/content/drive/MyDrive/extracted_files/clinton_93-00/Top Court in Hong Kong Upholds Ban on Defacing Chinese Flag.txt,0.9393327037493387,0.924349167767693,9,17,26
Toshiba in Chinese Deal.txt,/content/drive/MyDrive/extracted_files/clinton_93-00/Toshiba in Chinese Deal.txt,0.9634342789649963,0.9562158584594727,1,1,2
TRACK AND FIELD_Chinese Lead Millrose Women_s Pole-Vault Field.txt,/content/drive/MyDrive/extracted_files/clinton_93-00/TRACK AND FIELD_Chinese Lead Millrose Women_s Pole-Vault Field.txt,0.9539302587509155,0.9458991719616784,29,18,47
Tracking the Web Across China_ From the _Wang Ba_ of the West.txt,/content/drive/MyDrive/extracted_files/clinton_93-00/Tracking the Web Across China_ From the _Wang Ba_ of the West.txt,0.9566997369130452,0.9485459766889873,15,38,53
"Trade Deficit Fell in June, but Not With Asians.txt","/content/drive/MyDrive/extracted_files/clinton_93-00/Trade Deficit Fell in June, but Not With Asians.txt",0.9318175613880157,0.9698814809322357,14,20,34
"Trade Gap Grows, Complicating Visit By Gore to Beijing.txt","/content/drive/MyDrive/extracted_files/clinton_93-00/Trade Gap Grows, Complicating Visit By Gore to Beijing.txt",0.943594366312027,0.965443229675293,6,20,26
Trade Status With China_ Risky Vote Tomorrow.txt,/content/drive/MyDrive/extracted_files/clinton_93-00/Trade Status With China_ Risky Vote Tomorrow.txt,0.9145720438523726,0.9199090421199798,11,20,31
"Trading Fame for Freedom_Chinese Opera Stars Find Haven, and Hardship, in U.S.txt","/content/drive/MyDrive/extracted_files/clinton_93-00/Trading Fame for Freedom_Chinese Opera Stars Find Haven, and Hardship, in U.S.txt",0.9569214762381788,0.9633291946517096,53,45,98
Two Convicted of Kidnapping in Illegal Immigrant Case.txt,/content/drive/MyDrive/extracted_files/clinton_93-00/Two Convicted of Kidnapping in Illegal Immigrant Case.txt,0.9849587678909302,0.9605956524610519,4,28,32
Two Moves Indicate Asian Crises May Be Easing.txt,/content/drive/MyDrive/extracted_files/clinton_93-00/Two Moves Indicate Asian Crises May Be Easing.txt,0.8773158689339956,0.8550646305084229,12,5,17
"Typhoon Hits Southern China, Killing 114.txt","/content/drive/MyDrive/extracted_files/clinton_93-00/Typhoon Hits Southern China, Killing 114.txt",0.5388711094856262,0.9909653440117836,1,8,9
U.N. Council Urges North Korea To Preserve Atom-Fuel Evidence.txt,/content/drive/MyDrive/extracted_files/clinton_93-00/U.N. Council Urges North Korea To Preserve Atom-Fuel Evidence.txt,0.945168100297451,0.9653997564315796,8,25,33
U.N. Forum Hears Speech By Burmese.txt,/content/drive/MyDrive/extracted_files/clinton_93-00/U.N. Forum Hears Speech By Burmese.txt,0.9627193104137074,0.9345628661768777,11,14,25
U.N. Panel Urges Tribunal For Khmer Rouge Leaders.txt,/content/drive/MyDrive/extracted_files/clinton_93-00/U.N. Panel Urges Tribunal For Khmer Rouge Leaders.txt,0.9454126017434257,0.9673639345169067,14,25,39
U.N. RIGHTS GROUP FOILS U.S. EFFORT TO CONDEMN CHINA.txt,/content/drive/MyDrive/extracted_files/clinton_93-00/U.N. RIGHTS GROUP FOILS U.S. EFFORT TO CONDEMN CHINA.txt,0.884219575495947,0.947150122660857,21,26,47
U.N. Rights Panel Declines to Censure China.txt,/content/drive/MyDrive/extracted_files/clinton_93-00/U.N. Rights Panel Declines to Censure China.txt,0.964784300327301,0.8930004636446635,5,12,17
U.S. Again Tries a Trade Issue as a Carrot and Stick for Beijing.txt,/content/drive/MyDrive/extracted_files/clinton_93-00/U.S. Again Tries a Trade Issue as a Carrot and Stick for Beijing.txt,0.9830150859696525,0.953677753607432,7,15,22
U.S. Agrees to Discuss Arms Directly With North Korea.txt,/content/drive/MyDrive/extracted_files/clinton_93-00/U.S. Agrees to Discuss Arms Directly With North Korea.txt,0.9590629115700722,0.9505867044130961,8,30,38
U.S. and China Agree to Expand Defense Links.txt,/content/drive/MyDrive/extracted_files/clinton_93-00/U.S. and China Agree to Expand Defense Links.txt,0.9874925884333524,0.9748024802941543,11,13,24
U.S. and China Begin Textile Negotiations.txt,/content/drive/MyDrive/extracted_files/clinton_93-00/U.S. and China Begin Textile Negotiations.txt,0.9606131911277771,0.7986182272434235,2,4,6
U.S. and China Try to End Bar to High-Tech Trade.txt,/content/drive/MyDrive/extracted_files/clinton_93-00/U.S. and China Try to End Bar to High-Tech Trade.txt,0.9625332752863566,0.9843447769389433,9,17,26
U.S. AND CHINESE RESOLVE DISPUTE ON MISSILE SALES.txt,/content/drive/MyDrive/extracted_files/clinton_93-00/U.S. AND CHINESE RESOLVE DISPUTE ON MISSILE SALES.txt,0.921411379178365,0.9810479521751404,15,15,30
U.S. Approves Deal for Taiwan To Buy Radar to Monitor China.txt,/content/drive/MyDrive/extracted_files/clinton_93-00/U.S. Approves Deal for Taiwan To Buy Radar to Monitor China.txt,0.969031916724311,0.9690793942321431,9,22,31
U.S. ASSAILS CHINA OVER SUPPRESSION OF RELIGIOUS LIFE.txt,/content/drive/MyDrive/extracted_files/clinton_93-00/U.S. ASSAILS CHINA OVER SUPPRESSION OF RELIGIOUS LIFE.txt,0.9085694948832194,0.949392306804657,21,25,46
U.S. Cancels Military Aides_ Visit to Taiwan.txt,/content/drive/MyDrive/extracted_files/clinton_93-00/U.S. Cancels Military Aides_ Visit to Taiwan.txt,0.9833699067433676,0.9455471038818359,6,18,24
U.S. Debates Whether to Punish Pakistan and China on Missiles.txt,/content/drive/MyDrive/extracted_files/clinton_93-00/U.S. Debates Whether to Punish Pakistan and China on Missiles.txt,0.909543534119924,0.9567382289813116,6,13,19
U.S. Delay on China Move.txt,/content/drive/MyDrive/extracted_files/clinton_93-00/U.S. Delay on China Move.txt,0.9724746644496918,0.9858393470446268,2,6,8
U.S. Determines China Violated Pact on Missiles.txt,/content/drive/MyDrive/extracted_files/clinton_93-00/U.S. Determines China Violated Pact on Missiles.txt,0.8448644961629596,0.9398793801665306,7,16,23
U.S. Eases Pressure on China To Release Data on Prisoners.txt,/content/drive/MyDrive/extracted_files/clinton_93-00/U.S. Eases Pressure on China To Release Data on Prisoners.txt,0.9370694383978844,0.9546271903174264,8,14,22
U.S. Finds China Guilty of Wide Rights Abuses.txt,/content/drive/MyDrive/extracted_files/clinton_93-00/U.S. Finds China Guilty of Wide Rights Abuses.txt,0.9876842200756073,0.9565218318076361,10,21,31
U.S. Fires Scientist Suspected Of Giving China Bomb Data.txt,/content/drive/MyDrive/extracted_files/clinton_93-00/U.S. Fires Scientist Suspected Of Giving China Bomb Data.txt,0.8951060284267772,0.9670634793072213,11,41,52
U.S. Intelligence Officials Pushed to Focus on China.txt,/content/drive/MyDrive/extracted_files/clinton_93-00/U.S. Intelligence Officials Pushed to Focus on China.txt,0.9301435202360153,0.9309638767015367,8,21,29
U.S. Is in a Quandary as Chinese Wait Off Shore.txt,/content/drive/MyDrive/extracted_files/clinton_93-00/U.S. Is in a Quandary as Chinese Wait Off Shore.txt,0.9368385523557663,0.9684135887933814,12,23,35
U.S. IS TO MAINTAIN TRADE PRIVILEGES FOR CHINA_S GOODS_A Policy Reversal.txt,/content/drive/MyDrive/extracted_files/clinton_93-00/U.S. IS TO MAINTAIN TRADE PRIVILEGES FOR CHINA_S GOODS_A Policy Reversal.txt,0.9432319965627458,0.9184241990248362,18,24,42
U.S. Lowers Goals on China After Glitches in Early Talks.txt,/content/drive/MyDrive/extracted_files/clinton_93-00/U.S. Lowers Goals on China After Glitches in Early Talks.txt,0.9490347012229587,0.953749214609464,23,36,59
U.S. May Ease Rights Goals With Beijing.txt,/content/drive/MyDrive/extracted_files/clinton_93-00/U.S. May Ease Rights Goals With Beijing.txt,0.9007931682798598,0.9520945265179589,9,21,30
U.S. May Try To Stop Loan Seen as Bad For Tibetans.txt,/content/drive/MyDrive/extracted_files/clinton_93-00/U.S. May Try To Stop Loan Seen as Bad For Tibetans.txt,0.893027925491333,0.9713784019152324,5,15,20
U.S. MOVES TO EASE BEIJING SANCTIONS.txt,/content/drive/MyDrive/extracted_files/clinton_93-00/U.S. MOVES TO EASE BEIJING SANCTIONS.txt,0.9497955015727452,0.9537816643714905,7,8,15
U.S. Policy On China Is Questioned After Jailings.txt,/content/drive/MyDrive/extracted_files/clinton_93-00/U.S. Policy On China Is Questioned After Jailings.txt,0.9037543535232544,0.9610263449805123,4,21,25
U.S. Puts Sanctions On Taiwan.txt,/content/drive/MyDrive/extracted_files/clinton_93-00/U.S. Puts Sanctions On Taiwan.txt,0.9276911119620005,0.9273983619429849,6,22,28
U.S. Readies China Tariffs.txt,/content/drive/MyDrive/extracted_files/clinton_93-00/U.S. Readies China Tariffs.txt,0.9544811248779297,0.9469347463713752,1,9,10
U.S. Rights Report Faults China For Harassing Religious Groups.txt,/content/drive/MyDrive/extracted_files/clinton_93-00/U.S. Rights Report Faults China For Harassing Religious Groups.txt,0.7487499117851257,0.9409834363243796,3,11,14
U.S. Says It Caught a Chinese Smuggler Seeking Gyroscopes That Can Guide Missiles.txt,/content/drive/MyDrive/extracted_files/clinton_93-00/U.S. Says It Caught a Chinese Smuggler Seeking Gyroscopes That Can Guide Missiles.txt,0.9706435402234396,0.9818353787545235,3,31,34
U.S. Says Ties With China Are On the Mend.txt,/content/drive/MyDrive/extracted_files/clinton_93-00/U.S. Says Ties With China Are On the Mend.txt,0.9479898611704508,0.9564752238137382,9,14,23
U.S. Strains With China_ 1 Exception.txt,/content/drive/MyDrive/extracted_files/clinton_93-00/U.S. Strains With China_ 1 Exception.txt,0.9953306387452518,0.9897167086601257,17,8,25
U.S. Studying Limited Penalties for Chinese Sale.txt,/content/drive/MyDrive/extracted_files/clinton_93-00/U.S. Studying Limited Penalties for Chinese Sale.txt,0.6828533411026001,0.9738733030500866,1,21,22
U.S. to Apply New Vigor in Policing Trade.txt,/content/drive/MyDrive/extracted_files/clinton_93-00/U.S. to Apply New Vigor in Policing Trade.txt,0.9128445188204447,0.9404068670489572,6,22,28
U.S. to China_ Be More Open On Arms Plan.txt,/content/drive/MyDrive/extracted_files/clinton_93-00/U.S. to China_ Be More Open On Arms Plan.txt,0.9799351096153259,0.969378819832435,15,13,28
U.S. to Pay China for Embassy Bombing.txt,/content/drive/MyDrive/extracted_files/clinton_93-00/U.S. to Pay China for Embassy Bombing.txt,0.9230382323265076,0.9789889276027679,10,20,30
U.S. to Resume Trade Talks With Beijing.txt,/content/drive/MyDrive/extracted_files/clinton_93-00/U.S. to Resume Trade Talks With Beijing.txt,0.9320992976427078,0.9843629399935404,4,3,7
U.S. Urged to Shift China Policy on Trade.txt,/content/drive/MyDrive/extracted_files/clinton_93-00/U.S. Urged to Shift China Policy on Trade.txt,0.9903324723243714,0.8330285400152206,5,4,9
U.S. WARNS BEIJING AS PROBLEM GROWS.txt,/content/drive/MyDrive/extracted_files/clinton_93-00/U.S. WARNS BEIJING AS PROBLEM GROWS.txt,0.9969142079353333,0.9778737042631421,3,14,17
"U.S., Praising China, Is Still Wary on Rights.txt","/content/drive/MyDrive/extracted_files/clinton_93-00/U.S., Praising China, Is Still Wary on Rights.txt",0.9489501357078552,0.9875524491071701,5,8,13
U.S.-China Textile Trade Pact Signed in Time for Albright Trip.txt,/content/drive/MyDrive/extracted_files/clinton_93-00/U.S.-China Textile Trade Pact Signed in Time for Albright Trip.txt,0.9571468830108643,0.9669218446527209,12,14,26
Under Scrutiny_ Citibank_s Handling Of High-Profile Foreigners_ Accounts.txt,/content/drive/MyDrive/extracted_files/clinton_93-00/Under Scrutiny_ Citibank_s Handling Of High-Profile Foreigners_ Accounts.txt,0.9158805542522006,0.95611995181372,18,43,61
Uneasy Partners.txt,/content/drive/MyDrive/extracted_files/clinton_93-00/Uneasy Partners.txt,0.9314233985814181,0.965261839054249,44,27,71
"Unfazed by Gingrich, China Agrees With Some of What He Said.txt","/content/drive/MyDrive/extracted_files/clinton_93-00/Unfazed by Gingrich, China Agrees With Some of What He Said.txt",0.9258772373199463,0.8912904858589172,15,7,22
"Unions March in Washington, Urging Congress to Defeat Trade Agreement With China.txt","/content/drive/MyDrive/extracted_files/clinton_93-00/Unions March in Washington, Urging Congress to Defeat Trade Agreement With China.txt",0.9496529857317607,0.9347962714158572,15,26,41
Unmasking Horror -- A special report._Japan Confronting Gruesome War Atrocity.txt,/content/drive/MyDrive/extracted_files/clinton_93-00/Unmasking Horror -- A special report._Japan Confronting Gruesome War Atrocity.txt,0.9521558185418447,0.974870733507387,24,91,115
Vancouver_ Where the Far East Now Begins.txt,/content/drive/MyDrive/extracted_files/clinton_93-00/Vancouver_ Where the Far East Now Begins.txt,0.9604602817629204,0.9387017049287495,61,38,99
Vatican to Review Taiwan Ties.txt,/content/drive/MyDrive/extracted_files/clinton_93-00/Vatican to Review Taiwan Ties.txt,0.9560672283172608,0.9156100402275721,5,12,17
VERDICT IN BEIJING_ THE OVERVIEW_Beijing Sends a Strong Warning With Long Sentence for Dissenter.txt,/content/drive/MyDrive/extracted_files/clinton_93-00/VERDICT IN BEIJING_ THE OVERVIEW_Beijing Sends a Strong Warning With Long Sentence for Dissenter.txt,0.9143576853805118,0.9507954319318136,18,33,51
"VERDICT IN BEIJING_ THE REACTION_No Action, But Rebuke From U.S.txt","/content/drive/MyDrive/extracted_files/clinton_93-00/VERDICT IN BEIJING_ THE REACTION_No Action, But Rebuke From U.S.txt",0.9605515069431729,0.9576916128396988,9,20,29
Visit by Gore to China Is Under Study.txt,/content/drive/MyDrive/extracted_files/clinton_93-00/Visit by Gore to China Is Under Study.txt,0.9582269489765167,0.916637088571276,6,7,13
Vladivostok Journal_A New Capitalist Goes Foreign Shopping for Profit.txt,/content/drive/MyDrive/extracted_files/clinton_93-00/Vladivostok Journal_A New Capitalist Goes Foreign Shopping for Profit.txt,0.9281897441200588,0.9691422568427192,23,45,68
VOWS_Victoria Eng and Timothy Chin.txt,/content/drive/MyDrive/extracted_files/clinton_93-00/VOWS_Victoria Eng and Timothy Chin.txt,0.9540978649566914,0.9460108041763305,29,10,39
W.T.O. Sets Date to Discuss China_s Entry.txt,/content/drive/MyDrive/extracted_files/clinton_93-00/W.T.O. Sets Date to Discuss China_s Entry.txt,0.8557184139887491,0.9507072673124426,9,17,26
WAITING FOR CHINA_ Anxious Artists_Flowering In the Face Of a Giant Unknown.txt,/content/drive/MyDrive/extracted_files/clinton_93-00/WAITING FOR CHINA_ Anxious Artists_Flowering In the Face Of a Giant Unknown.txt,0.9568995826128053,0.9525539751710563,82,58,140
WAITING FOR CHINA_Last Britons Are Wed.txt,/content/drive/MyDrive/extracted_files/clinton_93-00/WAITING FOR CHINA_Last Britons Are Wed.txt,0.9092945257822672,,3,0,3
Wanted_ Someone Who_ll at Least Consider Becoming the Next Ambassador to China.txt,/content/drive/MyDrive/extracted_files/clinton_93-00/Wanted_ Someone Who_ll at Least Consider Becoming the Next Ambassador to China.txt,0.9624207670038397,0.9317738860845566,11,28,39
"War Games Off Taiwan To Expand, Beijing Says.txt","/content/drive/MyDrive/extracted_files/clinton_93-00/War Games Off Taiwan To Expand, Beijing Says.txt",0.9200952649116516,0.8804104606310527,12,15,27
"Warning on China Given in _95, Senator Says.txt","/content/drive/MyDrive/extracted_files/clinton_93-00/Warning on China Given in _95, Senator Says.txt",0.9164523226874215,0.9442575311660767,7,25,32
"WARY FLOCK_ A special report._China_s Churches_ Glad, and Bitter, Tidings.txt","/content/drive/MyDrive/extracted_files/clinton_93-00/WARY FLOCK_ A special report._China_s Churches_ Glad, and Bitter, Tidings.txt",0.9451262282914129,0.943455914917745,58,76,134
"Washington Journal_Waiting for a President, Capital Exults Over Pandas.txt","/content/drive/MyDrive/extracted_files/clinton_93-00/Washington Journal_Waiting for a President, Capital Exults Over Pandas.txt",0.9781702230958378,0.9705146505282476,17,13,30
Wavering Senators Feeling Pressure on China Trade Bill.txt,/content/drive/MyDrive/extracted_files/clinton_93-00/Wavering Senators Feeling Pressure on China Trade Bill.txt,0.9731226414442062,0.9593984821568364,8,23,31
Westchester Guide.txt,/content/drive/MyDrive/extracted_files/clinton_93-00/Westchester Guide.txt,0.9598024845123291,0.9679902270436287,40,8,48
West_s Medicine Is Raising Bills For China_s Sick.txt,/content/drive/MyDrive/extracted_files/clinton_93-00/West_s Medicine Is Raising Bills For China_s Sick.txt,0.9379097414016724,0.9549330741167068,25,60,85
What About China_.txt,/content/drive/MyDrive/extracted_files/clinton_93-00/What About China_.txt,0.9734625220298767,0.9450221806764603,4,4,8
WHAT_S DOING IN_Beijing.txt,/content/drive/MyDrive/extracted_files/clinton_93-00/WHAT_S DOING IN_Beijing.txt,0.9670466603116786,0.9304078853130341,47,50,97
Where the Chinese Go to Play.txt,/content/drive/MyDrive/extracted_files/clinton_93-00/Where the Chinese Go to Play.txt,0.9298932510753011,0.9788914874747947,43,27,70
"While a Sluggish Japan Sighs Amid Asia_s Roaring Tigers_ China_Slower Growth, Still Spectacular.txt","/content/drive/MyDrive/extracted_files/clinton_93-00/While a Sluggish Japan Sighs Amid Asia_s Roaring Tigers_ China_Slower Growth, Still Spectacular.txt",0.9885231852531433,0.9917256911595662,5,15,20
"While Defending Crackdown, China Admits Appeal of Sect.txt","/content/drive/MyDrive/extracted_files/clinton_93-00/While Defending Crackdown, China Admits Appeal of Sect.txt",0.9750392599539324,0.9654622172054491,11,19,30
White House Aide Pushed Plan Benefiting Chinese Shipping Concern.txt,/content/drive/MyDrive/extracted_files/clinton_93-00/White House Aide Pushed Plan Benefiting Chinese Shipping Concern.txt,0.8786752223968506,0.9523620737923516,7,27,34
Wife Makes Plea for Jailed Chinese Official.txt,/content/drive/MyDrive/extracted_files/clinton_93-00/Wife Makes Plea for Jailed Chinese Official.txt,0.9563569873571396,0.9895547389984131,4,5,9
Wife Urging Tough Response to Dissident_s Arrest.txt,/content/drive/MyDrive/extracted_files/clinton_93-00/Wife Urging Tough Response to Dissident_s Arrest.txt,0.9719561764172145,0.9561555236577988,21,16,37
Wildlife Panel Retreats on China and Taiwan.txt,/content/drive/MyDrive/extracted_files/clinton_93-00/Wildlife Panel Retreats on China and Taiwan.txt,0.9914470314979553,0.9659836570421855,3,15,18
Will Asia Turn Against the West_.txt,/content/drive/MyDrive/extracted_files/clinton_93-00/Will Asia Turn Against the West_.txt,0.9594633062680562,0.9479472348766942,45,62,107
"With Sanctions Set, Companies Rethink Their China Plans.txt","/content/drive/MyDrive/extracted_files/clinton_93-00/With Sanctions Set, Companies Rethink Their China Plans.txt",0.950719278305769,0.9549781419336796,16,32,48
"Word & Image_A Great, Irrelevant Wall.txt","/content/drive/MyDrive/extracted_files/clinton_93-00/Word & Image_A Great, Irrelevant Wall.txt",0.9475799534055922,0.972920273289536,18,33,51
WORLD BUSINESS_Piracy a Concern as the China Trade Opens Up.txt,/content/drive/MyDrive/extracted_files/clinton_93-00/WORLD BUSINESS_Piracy a Concern as the China Trade Opens Up.txt,0.9650916735331218,0.9672654718160629,15,28,43
"World Ills Are Obvious, the Cures Much Less So.txt","/content/drive/MyDrive/extracted_files/clinton_93-00/World Ills Are Obvious, the Cures Much Less So.txt",0.9501037840294627,0.9640650467994886,113,195,308
WORLD MORATORIUM ON NUCLEAR TESTS IS BROKEN BY CHINA.txt,/content/drive/MyDrive/extracted_files/clinton_93-00/WORLD MORATORIUM ON NUCLEAR TESTS IS BROKEN BY CHINA.txt,0.7974567115306854,0.9672173614855166,2,27,29
Wuhan Journal_A Democrat in China_ Like an Egg Against a Rock.txt,/content/drive/MyDrive/extracted_files/clinton_93-00/Wuhan Journal_A Democrat in China_ Like an Egg Against a Rock.txt,0.9027907114762527,0.9614311754703522,13,30,43
"Year Later, China_s New View of U.S. Bombing.txt","/content/drive/MyDrive/extracted_files/clinton_93-00/Year Later, China_s New View of U.S. Bombing.txt",0.9513454437255859,0.982598086198171,6,9,15
"Yes, We Have No Bronx Pandas_The Bears Seem to Be Everywhere Except New York.txt","/content/drive/MyDrive/extracted_files/clinton_93-00/Yes, We Have No Bronx Pandas_The Bears Seem to Be Everywhere Except New York.txt",0.9533272683620453,0.968124916156133,48,48,96
"Yichang Journal_Digging Up the Ancient Past, Before the Deluge.txt","/content/drive/MyDrive/extracted_files/clinton_93-00/Yichang Journal_Digging Up the Ancient Past, Before the Deluge.txt",0.925763956525109,0.9279711954295635,22,16,38
York Journal_A Flicker of Empathy for 110 Chinese.txt,/content/drive/MyDrive/extracted_files/clinton_93-00/York Journal_A Flicker of Empathy for 110 Chinese.txt,0.9408541701056741,0.9436960572546179,11,22,33
"Zhuzhou Journal_On China_s Overburdened Highway System, It_s the Big Stall.txt","/content/drive/MyDrive/extracted_files/clinton_93-00/Zhuzhou Journal_On China_s Overburdened Highway System, It_s the Big Stall.txt",0.9295901536941529,0.9752398785203695,5,32,37
_Turandot_ to Be Staged in Beijing_s Forbidden City.txt,/content/drive/MyDrive/extracted_files/clinton_93-00/_Turandot_ to Be Staged in Beijing_s Forbidden City.txt,0.9625569156238011,0.9285081965582711,14,7,21
