file,file_path,avg_positive,avg_negative,positive_count,negative_count,num_sentences
102 Trapped in Flooded Mine in China.txt,/content/drive/MyDrive/extracted_files/gwbush_01-08/102 Trapped in Flooded Mine in China.txt,0.8799843788146973,,1,0,1
"110 Million Surfers Can Buy Sex and Drugs, but Reform Is Still Illicit.txt","/content/drive/MyDrive/extracted_files/gwbush_01-08/110 Million Surfers Can Buy Sex and Drugs, but Reform Is Still Illicit.txt",0.923751984323774,0.9631157382842033,21,31,52
"1945_s Legacy_ A Terror Defeated, Another Arrives.txt","/content/drive/MyDrive/extracted_files/gwbush_01-08/1945_s Legacy_ A Terror Defeated, Another Arrives.txt",0.9335779434158689,0.9510751502080397,21,22,43
2 Arrested in Case on Selling Encryption Device.txt,/content/drive/MyDrive/extracted_files/gwbush_01-08/2 Arrested in Case on Selling Encryption Device.txt,0.9628782272338867,0.9365001171827316,3,12,15
2 Chinese Automakers Uniting Operations.txt,/content/drive/MyDrive/extracted_files/gwbush_01-08/2 Chinese Automakers Uniting Operations.txt,0.9371775984764099,0.8785889546076456,11,6,17
2 More Cities In China Hit By Protests Of the West.txt,/content/drive/MyDrive/extracted_files/gwbush_01-08/2 More Cities In China Hit By Protests Of the West.txt,0.8862028270959854,0.9290197789669037,4,12,16
"25 Years Later, Rumsfeld_s Dream Is Alive Again.txt","/content/drive/MyDrive/extracted_files/gwbush_01-08/25 Years Later, Rumsfeld_s Dream Is Alive Again.txt",0.9335280149071304,0.9712144404649734,27,40,67
3 Dead and 300 Hurt In Quake in China.txt,/content/drive/MyDrive/extracted_files/gwbush_01-08/3 Dead and 300 Hurt In Quake in China.txt,0.5511184930801392,0.9935345734868731,1,7,8
38 Die in Methane Blast At a Coal Mine in Siberia.txt,/content/drive/MyDrive/extracted_files/gwbush_01-08/38 Die in Methane Blast At a Coal Mine in Siberia.txt,0.8376437127590179,0.968022845685482,4,24,28
A Carbon Cap That Starts in Washington.txt,/content/drive/MyDrive/extracted_files/gwbush_01-08/A Carbon Cap That Starts in Washington.txt,0.9450162649154663,0.9650373054402215,13,28,41
A Chinese Girl_s Diary Builds A Bridge Out of Rural Poverty.txt,/content/drive/MyDrive/extracted_files/gwbush_01-08/A Chinese Girl_s Diary Builds A Bridge Out of Rural Poverty.txt,0.9148637038288694,0.9404276584057097,33,47,80
"A Chinese Hotel, Full of Proud American Parents.txt","/content/drive/MyDrive/extracted_files/gwbush_01-08/A Chinese Hotel, Full of Proud American Parents.txt",0.9643991344115314,0.9437510346372923,34,24,58
A Chinese Makeover For Mickey and Minnie.txt,/content/drive/MyDrive/extracted_files/gwbush_01-08/A Chinese Makeover For Mickey and Minnie.txt,0.9953515728314718,0.9535234371821085,3,3,6
"A Chinese Tycoon, Inspired To Create Police Technology.txt","/content/drive/MyDrive/extracted_files/gwbush_01-08/A Chinese Tycoon, Inspired To Create Police Technology.txt",0.9835874289274216,0.9835747480392456,8,5,13
A Chinese University Removes a Topic From the Closet.txt,/content/drive/MyDrive/extracted_files/gwbush_01-08/A Chinese University Removes a Topic From the Closet.txt,0.9369419046810695,0.962890180448691,21,24,45
A Chinese Village Is Rocked by the Coal Industry.txt,/content/drive/MyDrive/extracted_files/gwbush_01-08/A Chinese Village Is Rocked by the Coal Industry.txt,0.9495343320509967,0.9520963152934765,34,58,92
"A Continent Divided by Water, Now United by Air.txt","/content/drive/MyDrive/extracted_files/gwbush_01-08/A Continent Divided by Water, Now United by Air.txt",0.9662774151021783,0.9636161816425812,22,39,61
A Decade of Soaring and a Month of Stumbling for India_s Stocks.txt,/content/drive/MyDrive/extracted_files/gwbush_01-08/A Decade of Soaring and a Month of Stumbling for India_s Stocks.txt,0.9315425661893991,0.9822624325752258,13,13,26
A Diplomat Reflects on Taiwan_s Isolation.txt,/content/drive/MyDrive/extracted_files/gwbush_01-08/A Diplomat Reflects on Taiwan_s Isolation.txt,0.9496370752652487,0.9404403567314148,21,15,36
A Father_s Cranky Essays on Web Site Put Son in Jail in China.txt,/content/drive/MyDrive/extracted_files/gwbush_01-08/A Father_s Cranky Essays on Web Site Put Son in Jail in China.txt,0.7942140698432922,0.950367882847786,2,20,22
A Flurry Of Diplomacy In Asia on Eve Of Arms Talks.txt,/content/drive/MyDrive/extracted_files/gwbush_01-08/A Flurry Of Diplomacy In Asia on Eve Of Arms Talks.txt,0.9075510935349898,0.955010982354482,11,15,26
A Gambling-Fueled Boom Adds to a Church_s Bane.txt,/content/drive/MyDrive/extracted_files/gwbush_01-08/A Gambling-Fueled Boom Adds to a Church_s Bane.txt,0.9385970681905746,0.9733574904244522,20,29,49
A Glum Day for Hong Kong Democrats.txt,/content/drive/MyDrive/extracted_files/gwbush_01-08/A Glum Day for Hong Kong Democrats.txt,0.9203119575977325,0.9865181808886321,8,23,31
A Good Bet Goes Sour In China.txt,/content/drive/MyDrive/extracted_files/gwbush_01-08/A Good Bet Goes Sour In China.txt,0.8948628008365631,0.9717491090297699,12,30,42
A Handmaiden_s Tale.txt,/content/drive/MyDrive/extracted_files/gwbush_01-08/A Handmaiden_s Tale.txt,0.978810864686966,0.9264302594321114,30,7,37
A High-Fashion Lane in China.txt,/content/drive/MyDrive/extracted_files/gwbush_01-08/A High-Fashion Lane in China.txt,0.9920066640927241,0.9785335659980774,13,8,21
A Hint of Doubt In Every Shiny Medal.txt,/content/drive/MyDrive/extracted_files/gwbush_01-08/A Hint of Doubt In Every Shiny Medal.txt,0.95079580321908,0.9433612693101168,16,32,48
A Hong Kong Rally For Tough New Laws Pushed by Beijing.txt,/content/drive/MyDrive/extracted_files/gwbush_01-08/A Hong Kong Rally For Tough New Laws Pushed by Beijing.txt,0.8305425643920898,0.8906934261322021,2,8,10
A Hotel Chain Turns Upscale in China.txt,/content/drive/MyDrive/extracted_files/gwbush_01-08/A Hotel Chain Turns Upscale in China.txt,0.9780043537418047,0.9586822652816772,24,25,49
A Hubbub Brewing Over the Dalai Lama_ Not in New York.txt,/content/drive/MyDrive/extracted_files/gwbush_01-08/A Hubbub Brewing Over the Dalai Lama_ Not in New York.txt,0.9734806012023579,0.945114197731018,22,25,47
"A Huge, Boat-Hurdling Carp Is No Mississippi Fish Story.txt","/content/drive/MyDrive/extracted_files/gwbush_01-08/A Huge, Boat-Hurdling Carp Is No Mississippi Fish Story.txt",0.9014404565095901,0.9578706817193465,20,55,75
A Journeyman_s Most Harrowing Trip.txt,/content/drive/MyDrive/extracted_files/gwbush_01-08/A Journeyman_s Most Harrowing Trip.txt,0.946812543604109,0.9246362473653711,18,23,41
A Man Without a Country Finds One After 57 Years.txt,/content/drive/MyDrive/extracted_files/gwbush_01-08/A Man Without a Country Finds One After 57 Years.txt,0.940703200666528,0.9631756827944801,19,42,61
A Middleman Who Doesn_t Feel Squeezed by China.txt,/content/drive/MyDrive/extracted_files/gwbush_01-08/A Middleman Who Doesn_t Feel Squeezed by China.txt,0.9733831571496051,0.92821882550533,46,26,72
A Mixed Bag.txt,/content/drive/MyDrive/extracted_files/gwbush_01-08/A Mixed Bag.txt,0.9318352565169334,0.9606432497501374,8,10,18
A NATION CHALLENGED_ BEIJING_China Calls a Regional Meeting.txt,/content/drive/MyDrive/extracted_files/gwbush_01-08/A NATION CHALLENGED_ BEIJING_China Calls a Regional Meeting.txt,0.8829816409519741,0.8582244366407394,7,4,11
A NATION CHALLENGED_ WHITE HOUSE MEMO_Allies Hear Sour Notes In _Axis of Evil_ Chorus.txt,/content/drive/MyDrive/extracted_files/gwbush_01-08/A NATION CHALLENGED_ WHITE HOUSE MEMO_Allies Hear Sour Notes In _Axis of Evil_ Chorus.txt,0.9041766206423442,0.9307129780451456,15,24,39
A Nimble Newcomer in the Staid Old Furniture Industry.txt,/content/drive/MyDrive/extracted_files/gwbush_01-08/A Nimble Newcomer in the Staid Old Furniture Industry.txt,0.95653390342539,0.9491701886057854,44,40,84
"A Prolific Genghis Khan, It Seems, Helped People the World.txt","/content/drive/MyDrive/extracted_files/gwbush_01-08/A Prolific Genghis Khan, It Seems, Helped People the World.txt",0.9360717129707337,0.9701069990793864,25,24,49
A Quiet Tiananmen for the Torch Relay.txt,/content/drive/MyDrive/extracted_files/gwbush_01-08/A Quiet Tiananmen for the Torch Relay.txt,0.9309757818346438,0.9532606267929077,23,25,48
"A RESPIRATORY DISEASE_ CALIFORNIA_In Asian-American Neighborhoods, Fear and Precaution Are Spreading.txt","/content/drive/MyDrive/extracted_files/gwbush_01-08/A RESPIRATORY DISEASE_ CALIFORNIA_In Asian-American Neighborhoods, Fear and Precaution Are Spreading.txt",0.8172255328723362,0.9355430283716747,7,28,35
A RESPIRATORY DISEASE_ TOURISM_Illness Takes a Toll On Hotels in Asia.txt,/content/drive/MyDrive/extracted_files/gwbush_01-08/A RESPIRATORY DISEASE_ TOURISM_Illness Takes a Toll On Hotels in Asia.txt,0.9274679376528814,0.9629230270018945,13,39,52
A RESPIRATORY ILLNESS_ HONG KONG_Virus Imperils Commerce And Economy In Asian Hub.txt,/content/drive/MyDrive/extracted_files/gwbush_01-08/A RESPIRATORY ILLNESS_ HONG KONG_Virus Imperils Commerce And Economy In Asian Hub.txt,0.9967952171961466,0.9628061841834675,3,22,25
A Revival in Oklahoma.txt,/content/drive/MyDrive/extracted_files/gwbush_01-08/A Revival in Oklahoma.txt,0.9929899034045991,0.9843108654022217,21,22,43
A Sacred First For Opera Drama.txt,/content/drive/MyDrive/extracted_files/gwbush_01-08/A Sacred First For Opera Drama.txt,0.9944765440055302,0.9961821436882019,14,1,15
A Self-Made Billionaire Wrote Her Ticket On Recycled Cardboard.txt,/content/drive/MyDrive/extracted_files/gwbush_01-08/A Self-Made Billionaire Wrote Her Ticket On Recycled Cardboard.txt,0.9662555115563529,0.9443196402146266,56,26,82
A Shrinking Lead for KMT_Times Topics.txt,/content/drive/MyDrive/extracted_files/gwbush_01-08/A Shrinking Lead for KMT_Times Topics.txt,0.9730609655380249,0.9645241865744958,6,13,19
A Spy_s Motivation_ For Love of Another Country.txt,/content/drive/MyDrive/extracted_files/gwbush_01-08/A Spy_s Motivation_ For Love of Another Country.txt,0.9086534182230631,0.962138217071007,15,29,44
A Storied City Recaptures Its Former Glory.txt,/content/drive/MyDrive/extracted_files/gwbush_01-08/A Storied City Recaptures Its Former Glory.txt,0.9389450798432032,0.8916653394699097,48,19,67
A Stumble and a Lost Opportunity for Ohno to Defend His Gold Medal.txt,/content/drive/MyDrive/extracted_files/gwbush_01-08/A Stumble and a Lost Opportunity for Ohno to Defend His Gold Medal.txt,0.9429837930947542,0.980788699511824,32,29,61
A Suspected Case of SARS In China Alarms Officials.txt,/content/drive/MyDrive/extracted_files/gwbush_01-08/A Suspected Case of SARS In China Alarms Officials.txt,0.7491399645805359,0.9775662667611066,1,17,18
A Talk Show Host Wants To Be China_s Larry King.txt,/content/drive/MyDrive/extracted_files/gwbush_01-08/A Talk Show Host Wants To Be China_s Larry King.txt,0.9840014553070069,0.934819811866397,25,21,46
A Third Chinese Gymnast_s Age Is Questioned.txt,/content/drive/MyDrive/extracted_files/gwbush_01-08/A Third Chinese Gymnast_s Age Is Questioned.txt,0.9378633016631717,0.930969940988641,21,19,40
A Thirst for Milk Bred by New Wealth Sends Prices Soaring.txt,/content/drive/MyDrive/extracted_files/gwbush_01-08/A Thirst for Milk Bred by New Wealth Sends Prices Soaring.txt,0.9347124546766281,0.9633602185381783,16,36,52
A Top China Official Visits With Putin.txt,/content/drive/MyDrive/extracted_files/gwbush_01-08/A Top China Official Visits With Putin.txt,0.9863368357930865,,7,0,7
A Triple Play for the Olympics.txt,/content/drive/MyDrive/extracted_files/gwbush_01-08/A Triple Play for the Olympics.txt,0.9824927449226379,0.990920901298523,4,1,5
"A Two-Way Mirror, Cameras And Accusations of Spying.txt","/content/drive/MyDrive/extracted_files/gwbush_01-08/A Two-Way Mirror, Cameras And Accusations of Spying.txt",0.9364115297794342,0.9767551958560944,2,10,12
A Web Conflict Centers On Languages Used in Addresses.txt,/content/drive/MyDrive/extracted_files/gwbush_01-08/A Web Conflict Centers On Languages Used in Addresses.txt,0.936343857220241,0.9916677474975586,7,12,19
A Wharton Dean Is Named to Lead the Conference Board.txt,/content/drive/MyDrive/extracted_files/gwbush_01-08/A Wharton Dean Is Named to Lead the Conference Board.txt,0.9882836525256817,0.9083297327160835,13,8,21
A Year of Worry for Cambodia_s Garment Makers.txt,/content/drive/MyDrive/extracted_files/gwbush_01-08/A Year of Worry for Cambodia_s Garment Makers.txt,0.9431345009803772,0.9398463355733994,25,47,72
Adoptee Returns to China And Helps U.S. Team Win.txt,/content/drive/MyDrive/extracted_files/gwbush_01-08/Adoptee Returns to China And Helps U.S. Team Win.txt,0.9775399250142714,0.9676990211009979,17,6,23
Advisory Commission Urges Congress to Get Tough on China Trade.txt,/content/drive/MyDrive/extracted_files/gwbush_01-08/Advisory Commission Urges Congress to Get Tough on China Trade.txt,0.9185391877378736,0.9154771906988961,14,14,28
"After Recalls, Testing and Consumer Skepticism Seen as Threat to Holiday Toy Sales.txt","/content/drive/MyDrive/extracted_files/gwbush_01-08/After Recalls, Testing and Consumer Skepticism Seen as Threat to Holiday Toy Sales.txt",0.8592713962901722,0.9727179110050201,11,32,43
AFTEREFFECTS_ ASIAN ARENA_North Korea Prompts U.S. To Investigate Nuclear Boast.txt,/content/drive/MyDrive/extracted_files/gwbush_01-08/AFTEREFFECTS_ ASIAN ARENA_North Korea Prompts U.S. To Investigate Nuclear Boast.txt,0.8586292862892151,0.9599200487136841,4,30,34
"Ahead of North Korea Talks, Negotiators Tamp Down Expectations.txt","/content/drive/MyDrive/extracted_files/gwbush_01-08/Ahead of North Korea Talks, Negotiators Tamp Down Expectations.txt",0.9743151068687439,0.9581542909145355,5,14,19
Aid From China Builds an Ally in East Timor.txt,/content/drive/MyDrive/extracted_files/gwbush_01-08/Aid From China Builds an Ally in East Timor.txt,0.9795521314327533,0.9521965980529785,26,10,36
AIDS in 5 Nations Called Security Threat.txt,/content/drive/MyDrive/extracted_files/gwbush_01-08/AIDS in 5 Nations Called Security Threat.txt,0.9262112541632219,0.9179739952087402,11,26,37
ALTICOR IS EXPANDING AMWAY IN CHINESE MARKET.txt,/content/drive/MyDrive/extracted_files/gwbush_01-08/ALTICOR IS EXPANDING AMWAY IN CHINESE MARKET.txt,0.943035089969635,0.9586323499679565,5,1,6
An Apology In China From Mattel.txt,/content/drive/MyDrive/extracted_files/gwbush_01-08/An Apology In China From Mattel.txt,0.9223624467849731,0.95784767344594,7,32,39
An Auction of New Chinese Art Leaves Disjointed Noses in Its Wake.txt,/content/drive/MyDrive/extracted_files/gwbush_01-08/An Auction of New Chinese Art Leaves Disjointed Noses in Its Wake.txt,0.9747553865114847,0.9565575177019293,30,33,63
An East Asian Library.txt,/content/drive/MyDrive/extracted_files/gwbush_01-08/An East Asian Library.txt,0.9980688492457072,,3,0,3
Annan Urges Prompt Action On Sudan Draft.txt,/content/drive/MyDrive/extracted_files/gwbush_01-08/Annan Urges Prompt Action On Sudan Draft.txt,0.957438588142395,0.9745428085327148,4,10,14
Another Top Treasury Official Announces Resignation Plans.txt,/content/drive/MyDrive/extracted_files/gwbush_01-08/Another Top Treasury Official Announces Resignation Plans.txt,0.9390289664268494,0.8988824817869399,10,9,19
"Another Visit to China, Another Warning From a U.S. Official.txt","/content/drive/MyDrive/extracted_files/gwbush_01-08/Another Visit to China, Another Warning From a U.S. Official.txt",0.835175504287084,0.9851392984390259,6,15,21
"ANTIQUES_Just Crazy About Imari, And Picky.txt","/content/drive/MyDrive/extracted_files/gwbush_01-08/ANTIQUES_Just Crazy About Imari, And Picky.txt",0.9427695244550705,0.9342637629736037,40,21,61
"ANTIQUES_Made in China_ All White, Milky, Lily or Lard.txt","/content/drive/MyDrive/extracted_files/gwbush_01-08/ANTIQUES_Made in China_ All White, Milky, Lily or Lard.txt",0.9554514802164502,0.9567611962556839,36,20,56
Appealing to Clients With Tiny Models.txt,/content/drive/MyDrive/extracted_files/gwbush_01-08/Appealing to Clients With Tiny Models.txt,0.952701997756958,0.9996123909950256,5,1,6
Appetite For Stocks Slackening In China.txt,/content/drive/MyDrive/extracted_files/gwbush_01-08/Appetite For Stocks Slackening In China.txt,0.9704535640776157,0.966517973691225,16,32,48
Argentina and Brazil Align To Fight U.S. Trade Policy.txt,/content/drive/MyDrive/extracted_files/gwbush_01-08/Argentina and Brazil Align To Fight U.S. Trade Policy.txt,0.9240940484133634,0.9478559957610236,11,18,29
Art of the Deal Meets The China Syndrome.txt,/content/drive/MyDrive/extracted_files/gwbush_01-08/Art of the Deal Meets The China Syndrome.txt,0.94865832477808,0.954326825983384,16,34,50
ARTS ONLINE_Shoot Away. You Can_t Keep the Digital Avenger Down.txt,/content/drive/MyDrive/extracted_files/gwbush_01-08/ARTS ONLINE_Shoot Away. You Can_t Keep the Digital Avenger Down.txt,0.9313506782054901,0.971831273149561,42,27,69
Art_Architecture_Ruins of an Old Christian Church on Lao-Tzu_s Turf.txt,/content/drive/MyDrive/extracted_files/gwbush_01-08/Art_Architecture_Ruins of an Old Christian Church on Lao-Tzu_s Turf.txt,0.9680550835634533,0.9557850584387779,38,16,54
"ART_ARCHITECTURE_Through a Bronze, Darkly.txt","/content/drive/MyDrive/extracted_files/gwbush_01-08/ART_ARCHITECTURE_Through a Bronze, Darkly.txt",0.9808261319994926,0.9432215458816953,40,18,58
"As China Girds for Olympics, New Violence.txt","/content/drive/MyDrive/extracted_files/gwbush_01-08/As China Girds for Olympics, New Violence.txt",0.9454608671367168,0.9646110132683156,16,43,59
"As China_s Economy Shines, The Party Line Loses Luster.txt","/content/drive/MyDrive/extracted_files/gwbush_01-08/As China_s Economy Shines, The Party Line Loses Luster.txt",0.9621359212645169,0.9698380983394125,29,46,75
"As Gazprom Goes, So Goes Russia.txt","/content/drive/MyDrive/extracted_files/gwbush_01-08/As Gazprom Goes, So Goes Russia.txt",0.941722608962149,0.9592375308275223,53,44,97
"As Group of 7 Gathers, Europe Looks Like an Outsider.txt","/content/drive/MyDrive/extracted_files/gwbush_01-08/As Group of 7 Gathers, Europe Looks Like an Outsider.txt",0.92775282534686,0.9609147993957295,11,34,45
"As Hurricane Ike Lashed Galveston, a Memory of the Great Storm of 1900.txt","/content/drive/MyDrive/extracted_files/gwbush_01-08/As Hurricane Ike Lashed Galveston, a Memory of the Great Storm of 1900.txt",0.9541722969575361,0.9535193993495061,22,26,48
"As the U.S. Buys Less, Germany Suffers.txt","/content/drive/MyDrive/extracted_files/gwbush_01-08/As the U.S. Buys Less, Germany Suffers.txt",0.9516753802696863,0.9785198122262955,24,36,60
Asian Markets Endure 2 Brutal Days of Plunges.txt,/content/drive/MyDrive/extracted_files/gwbush_01-08/Asian Markets Endure 2 Brutal Days of Plunges.txt,0.9640170273027922,0.9842431264765122,19,34,53
Asian Markets Reap Benefits From Revalued Chinese Currency.txt,/content/drive/MyDrive/extracted_files/gwbush_01-08/Asian Markets Reap Benefits From Revalued Chinese Currency.txt,0.912619431813558,0.9481733064902457,6,19,25
Asian Markets Seem Calm in China Crisis.txt,/content/drive/MyDrive/extracted_files/gwbush_01-08/Asian Markets Seem Calm in China Crisis.txt,0.9018060427445632,0.9666659856836001,13,24,37
Asian-Americans Take Offense at a Law Firm Memo.txt,/content/drive/MyDrive/extracted_files/gwbush_01-08/Asian-Americans Take Offense at a Law Firm Memo.txt,0.8834498167037964,0.9845618605613708,10,32,42
"At Auto Show, Chinese Are Sidelined but Not Ignored.txt","/content/drive/MyDrive/extracted_files/gwbush_01-08/At Auto Show, Chinese Are Sidelined but Not Ignored.txt",0.8987720225538526,0.9755746803500436,14,22,36
"At Davos, Foreign Funds Add Tension To the Talks.txt","/content/drive/MyDrive/extracted_files/gwbush_01-08/At Davos, Foreign Funds Add Tension To the Talks.txt",0.9594509482383728,0.9628036431968212,20,16,36
"At Europeans_ Talks With Tehran About Its Nuclear Future, a Familiar Impasse Endures.txt","/content/drive/MyDrive/extracted_files/gwbush_01-08/At Europeans_ Talks With Tehran About Its Nuclear Future, a Familiar Impasse Endures.txt",0.9778526797890663,0.9852966320130133,8,31,39
"At the Beijing Auto Show, Signs of a Behemoth to Come.txt","/content/drive/MyDrive/extracted_files/gwbush_01-08/At the Beijing Auto Show, Signs of a Behemoth to Come.txt",0.9732847809791565,0.9522735391344342,29,28,57
AT THE MOVIES_Kung-fu Brave Vs. Gallic Beast.txt,/content/drive/MyDrive/extracted_files/gwbush_01-08/AT THE MOVIES_Kung-fu Brave Vs. Gallic Beast.txt,0.9543161320686341,0.9174161804349799,25,19,44
Australia Wins 25-Year Deal to Supply Gas to China.txt,/content/drive/MyDrive/extracted_files/gwbush_01-08/Australia Wins 25-Year Deal to Supply Gas to China.txt,0.9020606527725855,0.9774067501227061,12,12,24
Australia_s Track Team Will Skip Ceremony.txt,/content/drive/MyDrive/extracted_files/gwbush_01-08/Australia_s Track Team Will Skip Ceremony.txt,0.9652404297481884,0.9324256440867549,11,23,34
Awards In Ballet To China And U.S.txt,/content/drive/MyDrive/extracted_files/gwbush_01-08/Awards In Ballet To China And U.S.txt,0.9977763414382934,0.9940676689147949,10,1,11
"Back in U.S., Meeting the Parents_American Born, Chinese Raised, and Confused.txt","/content/drive/MyDrive/extracted_files/gwbush_01-08/Back in U.S., Meeting the Parents_American Born, Chinese Raised, and Confused.txt",0.9348368843396505,0.9764177452686221,21,43,64
Back of the Envelope.txt,/content/drive/MyDrive/extracted_files/gwbush_01-08/Back of the Envelope.txt,0.9163160920143127,,2,0,2
Bank of China_s Mounting Problems.txt,/content/drive/MyDrive/extracted_files/gwbush_01-08/Bank of China_s Mounting Problems.txt,0.9232216369022023,0.9683884133895239,11,48,59
Banned Chinese Sect Is Spurred On by Exiled Leader.txt,/content/drive/MyDrive/extracted_files/gwbush_01-08/Banned Chinese Sect Is Spurred On by Exiled Leader.txt,0.9166875252356896,0.9665306131045024,13,30,43
"Before the Olympics, A Parade of Companies.txt","/content/drive/MyDrive/extracted_files/gwbush_01-08/Before the Olympics, A Parade of Companies.txt",0.9753850400447845,0.943195244845222,34,17,51
"Before the Tyrannosaurus, Guanlong Roamed China.txt","/content/drive/MyDrive/extracted_files/gwbush_01-08/Before the Tyrannosaurus, Guanlong Roamed China.txt",0.9443733096122742,0.9094063900411129,13,16,29
"Before Visit To China, A Rebuke.txt","/content/drive/MyDrive/extracted_files/gwbush_01-08/Before Visit To China, A Rebuke.txt",0.9267114721811734,0.9736546639885221,13,28,41
Beijing and Caspian Oil Fields.txt,/content/drive/MyDrive/extracted_files/gwbush_01-08/Beijing and Caspian Oil Fields.txt,0.8931310432297843,0.9406765252351761,7,28,35
Beijing Asserts New Control Over Election Laws in Hong Kong.txt,/content/drive/MyDrive/extracted_files/gwbush_01-08/Beijing Asserts New Control Over Election Laws in Hong Kong.txt,0.8757975200812022,0.9523911292736347,6,13,19
Beijing Increases Detentions of Illegal North Korean Immigrants.txt,/content/drive/MyDrive/extracted_files/gwbush_01-08/Beijing Increases Detentions of Illegal North Korean Immigrants.txt,0.9640829265117645,0.9778437465429306,4,20,24
Beijing Journal_A Maoist Hero_s Ghost Tilts With Falun Gong.txt,/content/drive/MyDrive/extracted_files/gwbush_01-08/Beijing Journal_A Maoist Hero_s Ghost Tilts With Falun Gong.txt,0.9353612580082633,0.9479770106928689,22,14,36
Beijing Journal_From Pest to Meal_ A Leap Forward_.txt,/content/drive/MyDrive/extracted_files/gwbush_01-08/Beijing Journal_From Pest to Meal_ A Leap Forward_.txt,0.9506153464317322,0.9651919077424442,12,34,46
Beijing Journal_The East Is Blue and Orange as Hip-Hop Invades.txt,/content/drive/MyDrive/extracted_files/gwbush_01-08/Beijing Journal_The East Is Blue and Orange as Hip-Hop Invades.txt,0.9047648577313674,0.9494892103331429,38,21,59
Beijing Launches Its Third Spacecraft.txt,/content/drive/MyDrive/extracted_files/gwbush_01-08/Beijing Launches Its Third Spacecraft.txt,0.901778769493103,0.9587472677230835,5,1,6
Beijing Mayor Cracks Down on Internet Cafes After Fatal Fire.txt,/content/drive/MyDrive/extracted_files/gwbush_01-08/Beijing Mayor Cracks Down on Internet Cafes After Fatal Fire.txt,0.8341389417648315,0.9809214858447804,5,17,22
Beijing Says Chinese-Born Scholar on Visit From U.S. Is a Spy.txt,/content/drive/MyDrive/extracted_files/gwbush_01-08/Beijing Says Chinese-Born Scholar on Visit From U.S. Is a Spy.txt,0.8340957760810852,0.981695830821991,3,12,15
Beijing Softens Stance Against Taiwanese Law.txt,/content/drive/MyDrive/extracted_files/gwbush_01-08/Beijing Softens Stance Against Taiwanese Law.txt,0.8508903483549753,0.9093462957276238,6,9,15
BEIJING_ EYEGLASSES.txt,/content/drive/MyDrive/extracted_files/gwbush_01-08/BEIJING_ EYEGLASSES.txt,0.9247526245958665,0.9632574182290298,17,13,30
BHP Billiton Remains Upbeat Over Bet on China_s Growth.txt,/content/drive/MyDrive/extracted_files/gwbush_01-08/BHP Billiton Remains Upbeat Over Bet on China_s Growth.txt,0.985055111348629,0.9663130700588226,24,30,54
Big Tech Companies Back Global Plan to Shield Online Speech.txt,/content/drive/MyDrive/extracted_files/gwbush_01-08/Big Tech Companies Back Global Plan to Shield Online Speech.txt,0.9942822541509356,0.9802861767155784,7,14,21
Biggest Bank in China Planning an I.P.O.txt,/content/drive/MyDrive/extracted_files/gwbush_01-08/Biggest Bank in China Planning an I.P.O.txt,0.9456044567955865,0.9231468319892884,9,15,24
"Bird by Bird, China Tackles Vast Flu Task.txt","/content/drive/MyDrive/extracted_files/gwbush_01-08/Bird by Bird, China Tackles Vast Flu Task.txt",0.9384173691272736,0.9686965710586972,10,36,46
BlackBerry E-Mail Service To Be Offered In China.txt,/content/drive/MyDrive/extracted_files/gwbush_01-08/BlackBerry E-Mail Service To Be Offered In China.txt,0.9628096699714661,0.9322692056496938,5,36,41
"Blind Date for Old Turtles Yielded Eggs, No Offspring.txt","/content/drive/MyDrive/extracted_files/gwbush_01-08/Blind Date for Old Turtles Yielded Eggs, No Offspring.txt",0.9910467167695364,0.9112872272729874,12,20,32
Boeing Announces New Orders Worth $13.7 Billion.txt,/content/drive/MyDrive/extracted_files/gwbush_01-08/Boeing Announces New Orders Worth $13.7 Billion.txt,0.9597579687833786,0.83099365234375,12,4,16
Bolton Presses for New Method Of Calculating Dues at the U.N.txt,/content/drive/MyDrive/extracted_files/gwbush_01-08/Bolton Presses for New Method Of Calculating Dues at the U.N.txt,0.9026362233691745,0.8986297908582186,9,19,28
Bond Investors Face Rate Threat (Again).txt,/content/drive/MyDrive/extracted_files/gwbush_01-08/Bond Investors Face Rate Threat (Again).txt,0.987472483089992,0.9791183250291007,7,35,42
BOOKS OF THE TIMES_Human Rights As Victim Of Politics.txt,/content/drive/MyDrive/extracted_files/gwbush_01-08/BOOKS OF THE TIMES_Human Rights As Victim Of Politics.txt,0.9508515456143547,0.9818634780553671,17,26,43
"Boy, 1, Dies and 3 Are Hurt In Brooklyn Basement Fire.txt","/content/drive/MyDrive/extracted_files/gwbush_01-08/Boy, 1, Dies and 3 Are Hurt In Brooklyn Basement Fire.txt",0.86522176861763,0.9636197811678836,4,19,23
Breakup of Drug Ring Is Momentary Victory.txt,/content/drive/MyDrive/extracted_files/gwbush_01-08/Breakup of Drug Ring Is Momentary Victory.txt,0.880663255850474,0.9775216052165399,12,26,38
Bridgeport Looks to India to Fill Teaching Gaps.txt,/content/drive/MyDrive/extracted_files/gwbush_01-08/Bridgeport Looks to India to Fill Teaching Gaps.txt,0.9467245814976869,0.9332573016484579,54,39,93
Bridging Language Gap Takes Steps From Both Sides.txt,/content/drive/MyDrive/extracted_files/gwbush_01-08/Bridging Language Gap Takes Steps From Both Sides.txt,0.9809574466198683,0.9315980319623594,32,27,59
British Intelligence Chief Sharpens Terrorism Warning.txt,/content/drive/MyDrive/extracted_files/gwbush_01-08/British Intelligence Chief Sharpens Terrorism Warning.txt,0.8430079883999295,0.9738159988607679,9,28,37
Broad Study Suggests a Lower Tolerance for Exposure to Benzene.txt,/content/drive/MyDrive/extracted_files/gwbush_01-08/Broad Study Suggests a Lower Tolerance for Exposure to Benzene.txt,0.9180331945419311,0.9555780788262686,5,12,17
BUDGET -- Some Central European cities offer a refuge from the mighty euro_ South America and China.txt,/content/drive/MyDrive/extracted_files/gwbush_01-08/BUDGET -- Some Central European cities offer a refuge from the mighty euro_ South America and China.txt,0.9533762792746227,0.9781703129410744,30,16,46
Busch Raises Bid for Brewer In China.txt,/content/drive/MyDrive/extracted_files/gwbush_01-08/Busch Raises Bid for Brewer In China.txt,0.9442289092323997,0.9001017487966098,11,13,24
Bush Administration Will Ask China to Agree to Broad Limits on Clothing Exports.txt,/content/drive/MyDrive/extracted_files/gwbush_01-08/Bush Administration Will Ask China to Agree to Broad Limits on Clothing Exports.txt,0.9539811123501171,0.9361733538763863,11,14,25
Bush Aides Report _Increasing Doubts_ North Korea Will Give Up Nuclear Arms Program.txt,/content/drive/MyDrive/extracted_files/gwbush_01-08/Bush Aides Report _Increasing Doubts_ North Korea Will Give Up Nuclear Arms Program.txt,0.9038020223379135,0.9656660715738933,12,15,27
BUSH AND HU VOW NEW COOPERATION.txt,/content/drive/MyDrive/extracted_files/gwbush_01-08/BUSH AND HU VOW NEW COOPERATION.txt,0.9347322442952324,0.9893638801574707,17,25,42
BUSH FAULTS CHINA ON ITS AID TO IRAQ FOR RADAR SYSTEM.txt,/content/drive/MyDrive/extracted_files/gwbush_01-08/BUSH FAULTS CHINA ON ITS AID TO IRAQ FOR RADAR SYSTEM.txt,0.9271712047713143,0.9634344850977262,14,24,38
"Bush Is Bound for Beijing as a Sports Fan, Not a Crusader.txt","/content/drive/MyDrive/extracted_files/gwbush_01-08/Bush Is Bound for Beijing as a Sports Fan, Not a Crusader.txt",0.9907683959374061,0.9680689925497229,13,22,35
Bush Puts on a New Hat_ Cheerleader for the U.S. Team.txt,/content/drive/MyDrive/extracted_files/gwbush_01-08/Bush Puts on a New Hat_ Cheerleader for the U.S. Team.txt,0.9665005869335599,0.8732061523657578,18,13,31
Bush Rebukes North Korea_ U.S. Seeks New U.N. Sanctions.txt,/content/drive/MyDrive/extracted_files/gwbush_01-08/Bush Rebukes North Korea_ U.S. Seeks New U.N. Sanctions.txt,0.9131983085112139,0.9476253191630045,11,33,44
Bush Says Iran Leader_s Letter Fails to Address Nuclear Issue.txt,/content/drive/MyDrive/extracted_files/gwbush_01-08/Bush Says Iran Leader_s Letter Fails to Address Nuclear Issue.txt,0.8196957409381866,0.9852515235543251,6,16,22
BUSH SAYS THE U.S. PLANS NO ATTACK ON NORTH KOREA.txt,/content/drive/MyDrive/extracted_files/gwbush_01-08/BUSH SAYS THE U.S. PLANS NO ATTACK ON NORTH KOREA.txt,0.9484895130862361,0.9280561382571856,23,24,47
Bush Says U.S. May Have Been Able to Intercept North Korean Missile.txt,/content/drive/MyDrive/extracted_files/gwbush_01-08/Bush Says U.S. May Have Been Able to Intercept North Korean Missile.txt,0.8934816792607307,0.9750110561197455,8,33,41
Bush to Face Asian Fears of New U.S. Unilateralism.txt,/content/drive/MyDrive/extracted_files/gwbush_01-08/Bush to Face Asian Fears of New U.S. Unilateralism.txt,0.9636497118256309,0.9242551280901983,22,13,35
Bush Urged to Press China on Providing Relief for Refugees Secretly Fleeing North Korea.txt,/content/drive/MyDrive/extracted_files/gwbush_01-08/Bush Urged to Press China on Providing Relief for Refugees Secretly Fleeing North Korea.txt,0.9120585597478427,0.9190035191449252,13,11,24
"BUSH, IN BEIJING, FACES A WARINESS ON U.S. CONCERNS.txt","/content/drive/MyDrive/extracted_files/gwbush_01-08/BUSH, IN BEIJING, FACES A WARINESS ON U.S. CONCERNS.txt",0.9842771668183176,0.9471259872118633,19,30,49
BUSINESS TRAVEL_MEMO PAD(3).txt,/content/drive/MyDrive/extracted_files/gwbush_01-08/BUSINESS TRAVEL_MEMO PAD(3).txt,0.9399723887443543,0.9001723974943161,5,4,9
"BUSINESS TRAVEL_Sharing Advice, andPills, for Woes of Jet Lag.txt","/content/drive/MyDrive/extracted_files/gwbush_01-08/BUSINESS TRAVEL_Sharing Advice, andPills, for Woes of Jet Lag.txt",0.8780766221193167,0.9661337628960609,13,40,53
BUSINESS_ DIARY_Medium Is the Message In Counterfeiting Battle.txt,/content/drive/MyDrive/extracted_files/gwbush_01-08/BUSINESS_ DIARY_Medium Is the Message In Counterfeiting Battle.txt,0.8778641819953918,0.9647055864334106,4,5,9
"Business_In Travel to Singapore, Suspicion Is a Form of Defense.txt","/content/drive/MyDrive/extracted_files/gwbush_01-08/Business_In Travel to Singapore, Suspicion Is a Form of Defense.txt",0.9483178853988647,0.9666394637181208,5,39,44
Calling China_Nicholas Kristof.txt,/content/drive/MyDrive/extracted_files/gwbush_01-08/Calling China_Nicholas Kristof.txt,0.8965005477269491,0.9917213022708893,3,8,11
"Calling In Envoy, Beijing Assails Pentagon Report.txt","/content/drive/MyDrive/extracted_files/gwbush_01-08/Calling In Envoy, Beijing Assails Pentagon Report.txt",0.9443137049674988,0.974997321764628,4,12,16
Calls Grow for Foreigners to Have a Say on U.S. Market Rules.txt,/content/drive/MyDrive/extracted_files/gwbush_01-08/Calls Grow for Foreigners to Have a Say on U.S. Market Rules.txt,0.873340410344741,0.9386325120925904,17,35,52
Campaign Tactic_ Blame Foreigners and Ignore the Trade Deficit.txt,/content/drive/MyDrive/extracted_files/gwbush_01-08/Campaign Tactic_ Blame Foreigners and Ignore the Trade Deficit.txt,0.9185526892542839,0.9656355182329813,8,27,35
"Campaigning for Human Rights, and Fishing for Souls.txt","/content/drive/MyDrive/extracted_files/gwbush_01-08/Campaigning for Human Rights, and Fishing for Souls.txt",0.916977870464325,0.9474266056831067,20,26,46
Camping in China_Nicholas Kristof.txt,/content/drive/MyDrive/extracted_files/gwbush_01-08/Camping in China_Nicholas Kristof.txt,0.9253770411014557,0.9705807566642761,2,1,3
Capitalists in Chinese Legislature Speak Out for Property Rights.txt,/content/drive/MyDrive/extracted_files/gwbush_01-08/Capitalists in Chinese Legislature Speak Out for Property Rights.txt,0.9379381040732065,0.9220044101987567,12,14,26
"Cast Off, Characters!.txt","/content/drive/MyDrive/extracted_files/gwbush_01-08/Cast Off, Characters!.txt",0.9626772692368465,0.9511767114307863,159,141,300
Cathay Pacific Reaches Deal For 9.9_ Stake in Air China.txt,/content/drive/MyDrive/extracted_files/gwbush_01-08/Cathay Pacific Reaches Deal For 9.9_ Stake in Air China.txt,0.9582227150599162,0.9527704417705536,15,10,25
Changing Face of Queens_ From Small Asian Shops to High-End Stores.txt,/content/drive/MyDrive/extracted_files/gwbush_01-08/Changing Face of Queens_ From Small Asian Shops to High-End Stores.txt,0.9743047932783763,0.9237101862305089,30,19,49
CHESS_Chinese Come a Long Way_ Then Take On the Russians.txt,/content/drive/MyDrive/extracted_files/gwbush_01-08/CHESS_Chinese Come a Long Way_ Then Take On the Russians.txt,0.9549118442968889,0.9845068976283073,33,16,49
"China -- It_s Just Business, Nothing Geopolitical.txt","/content/drive/MyDrive/extracted_files/gwbush_01-08/China -- It_s Just Business, Nothing Geopolitical.txt",0.9436944723129272,0.9248059511184692,8,10,18
China Adds to Uncertainty Over Jailed Times Aide.txt,/content/drive/MyDrive/extracted_files/gwbush_01-08/China Adds to Uncertainty Over Jailed Times Aide.txt,0.9552002847194672,0.9789780727748213,2,29,31
China Admits to Wounding 4 Tibetan Demonstrators.txt,/content/drive/MyDrive/extracted_files/gwbush_01-08/China Admits to Wounding 4 Tibetan Demonstrators.txt,0.9582897126674652,0.9818394509228793,4,22,26
China Agrees To Postpone Wireless Plan.txt,/content/drive/MyDrive/extracted_files/gwbush_01-08/China Agrees To Postpone Wireless Plan.txt,0.9655195851075021,0.9345316820674472,19,18,37
China Agrees to Raise Its Product Standards.txt,/content/drive/MyDrive/extracted_files/gwbush_01-08/China Agrees to Raise Its Product Standards.txt,0.9754761192533705,0.8693139255046844,9,6,15
China Allows Sale of Animal Tied to SARS.txt,/content/drive/MyDrive/extracted_files/gwbush_01-08/China Allows Sale of Animal Tied to SARS.txt,0.7755880355834961,0.9778997898101807,1,5,6
China Allows U.S. Port Call In Hong Kong.txt,/content/drive/MyDrive/extracted_files/gwbush_01-08/China Allows U.S. Port Call In Hong Kong.txt,0.9901927411556244,0.9642911478877068,4,8,12
China and Japan Take Steps to Mend Fences.txt,/content/drive/MyDrive/extracted_files/gwbush_01-08/China and Japan Take Steps to Mend Fences.txt,0.9415843231337411,0.9471791947589201,14,17,31
"China and Russia Draw Closer, With Ceremony Today.txt","/content/drive/MyDrive/extracted_files/gwbush_01-08/China and Russia Draw Closer, With Ceremony Today.txt",0.9771223162349901,0.9081428498029709,19,8,27
China and Taiwan Expand Accords.txt,/content/drive/MyDrive/extracted_files/gwbush_01-08/China and Taiwan Expand Accords.txt,0.9389385117424859,0.9425834066727582,18,17,35
China and Taiwan Vie for Vanuatu Ties.txt,/content/drive/MyDrive/extracted_files/gwbush_01-08/China and Taiwan Vie for Vanuatu Ties.txt,0.9836160838603973,0.989386522769928,2,5,7
China Announces Extensive Plan To Combat Its Water Shortage.txt,/content/drive/MyDrive/extracted_files/gwbush_01-08/China Announces Extensive Plan To Combat Its Water Shortage.txt,0.8925783435503641,0.9775975780053572,6,11,17
China Cellphone Giant Ready To Bid for Emerging Markets.txt,/content/drive/MyDrive/extracted_files/gwbush_01-08/China Cellphone Giant Ready To Bid for Emerging Markets.txt,0.9770135482152303,0.8714730739593506,3,14,17
China Central Bank to Improve Yuan.txt,/content/drive/MyDrive/extracted_files/gwbush_01-08/China Central Bank to Improve Yuan.txt,0.893631100654602,0.8721037745475769,8,5,13
China Clears Last Hurdle On Path to Trade Group.txt,/content/drive/MyDrive/extracted_files/gwbush_01-08/China Clears Last Hurdle On Path to Trade Group.txt,0.950030654668808,0.9292834069993761,10,9,19
China Competes With West in Aid to Its Neighbors.txt,/content/drive/MyDrive/extracted_files/gwbush_01-08/China Competes With West in Aid to Its Neighbors.txt,0.962592585881551,0.9261347430723684,30,27,57
"China Courts Africa, Angling for Strategic Gains.txt","/content/drive/MyDrive/extracted_files/gwbush_01-08/China Courts Africa, Angling for Strategic Gains.txt",0.9552497097424099,0.9228250747141631,35,23,58
China Decides to Show It Can Buy as Well as Sell.txt,/content/drive/MyDrive/extracted_files/gwbush_01-08/China Decides to Show It Can Buy as Well as Sell.txt,0.9700766139560275,0.9382330610834319,9,29,38
China Demands CNN Apologize for Commentary.txt,/content/drive/MyDrive/extracted_files/gwbush_01-08/China Demands CNN Apologize for Commentary.txt,0.9968481659889221,0.9267435584749494,1,21,22
"China Detains Dissident, Citing Subversion.txt","/content/drive/MyDrive/extracted_files/gwbush_01-08/China Detains Dissident, Citing Subversion.txt",0.8501981496810913,0.9347781159661033,6,11,17
China Disputes Defense Assessment.txt,/content/drive/MyDrive/extracted_files/gwbush_01-08/China Disputes Defense Assessment.txt,0.8921695470809936,0.9477231055498123,5,8,13
China Eases Rules Binding People to Birth Regions.txt,/content/drive/MyDrive/extracted_files/gwbush_01-08/China Eases Rules Binding People to Birth Regions.txt,0.9587451540506803,0.9623215962201357,13,32,45
China Enacts Major Land-Use Reform for Farmers.txt,/content/drive/MyDrive/extracted_files/gwbush_01-08/China Enacts Major Land-Use Reform for Farmers.txt,0.9371772050857544,0.9490356780588627,10,16,26
China Floats Free From the Dollar.txt,/content/drive/MyDrive/extracted_files/gwbush_01-08/China Floats Free From the Dollar.txt,0.9801769306262335,0.9572606969762731,12,27,39
China Frees AIDS Activist After Month of Outcry.txt,/content/drive/MyDrive/extracted_files/gwbush_01-08/China Frees AIDS Activist After Month of Outcry.txt,0.9596060335636138,0.9681243364300046,10,28,38
China Frees Jailed Bishop.txt,/content/drive/MyDrive/extracted_files/gwbush_01-08/China Frees Jailed Bishop.txt,,0.969118282198906,0,4,4
China Gives 6 Americans 10-Day Detentions After Pro-Tibet Protest.txt,/content/drive/MyDrive/extracted_files/gwbush_01-08/China Gives 6 Americans 10-Day Detentions After Pro-Tibet Protest.txt,0.9168180450797081,0.9550470088919004,8,24,32
China Grabs West_s Smoke-Spewing Factories.txt,/content/drive/MyDrive/extracted_files/gwbush_01-08/China Grabs West_s Smoke-Spewing Factories.txt,0.9319922298192977,0.9604447347911325,80,127,207
China Has an Ancient Mariner to Tell You About.txt,/content/drive/MyDrive/extracted_files/gwbush_01-08/China Has an Ancient Mariner to Tell You About.txt,0.9492744130472983,0.9391108691692353,31,20,51
"China Has Quelled SARS, World Health Agency Says.txt","/content/drive/MyDrive/extracted_files/gwbush_01-08/China Has Quelled SARS, World Health Agency Says.txt",0.9289432849202838,0.9599867595566643,7,18,25
China Helped Oil Company In Russia Buy Yukos Unit.txt,/content/drive/MyDrive/extracted_files/gwbush_01-08/China Helped Oil Company In Russia Buy Yukos Unit.txt,0.9015985727310181,0.9688603356480598,8,16,24
China Holds 1_ Stake in BP In Latest Investment Abroad.txt,/content/drive/MyDrive/extracted_files/gwbush_01-08/China Holds 1_ Stake in BP In Latest Investment Abroad.txt,0.9548605531454086,0.9796579380830129,8,6,14
China Holds Ill American In Hospital.txt,/content/drive/MyDrive/extracted_files/gwbush_01-08/China Holds Ill American In Hospital.txt,0.9228063358200921,0.9838727315266927,9,27,36
China Holds U.S. Falun Gong Member for Disrupting Broadcast.txt,/content/drive/MyDrive/extracted_files/gwbush_01-08/China Holds U.S. Falun Gong Member for Disrupting Broadcast.txt,0.9660331904888153,0.9529801167939839,2,19,21
China Installs Bishop With Approval of Vatican.txt,/content/drive/MyDrive/extracted_files/gwbush_01-08/China Installs Bishop With Approval of Vatican.txt,0.9621737480163575,0.9299353584647179,10,16,26
China Is Told of U.S. Impatience on Trade.txt,/content/drive/MyDrive/extracted_files/gwbush_01-08/China Is Told of U.S. Impatience on Trade.txt,0.9091480573018392,0.9336536960168318,6,11,17
China Is Treated More Gently Than North Korea for Same Sin.txt,/content/drive/MyDrive/extracted_files/gwbush_01-08/China Is Treated More Gently Than North Korea for Same Sin.txt,0.984520415465037,0.9315440035783328,12,26,38
China Issues Rules on Export of Missile Gear.txt,/content/drive/MyDrive/extracted_files/gwbush_01-08/China Issues Rules on Export of Missile Gear.txt,0.9431010087331136,0.9298620394298008,6,7,13
China Joins Inquiry Into Steroid Ring.txt,/content/drive/MyDrive/extracted_files/gwbush_01-08/China Joins Inquiry Into Steroid Ring.txt,0.772753119468689,0.9860050082206726,2,17,19
"China Leader Steps Down, But Not Out Of the Picture.txt","/content/drive/MyDrive/extracted_files/gwbush_01-08/China Leader Steps Down, But Not Out Of the Picture.txt",0.9735076390206814,0.8953193397749037,16,21,37
China Leaders Deadlocked Over Future of Top Positions.txt,/content/drive/MyDrive/extracted_files/gwbush_01-08/China Leaders Deadlocked Over Future of Top Positions.txt,0.919131001830101,0.9657753501087427,20,32,52
China Lets Currency Rise Past Key Level.txt,/content/drive/MyDrive/extracted_files/gwbush_01-08/China Lets Currency Rise Past Key Level.txt,0.9387656233527444,0.946792589581531,11,23,34
China Looms As the World_s Next Leading Auto Exporter.txt,/content/drive/MyDrive/extracted_files/gwbush_01-08/China Looms As the World_s Next Leading Auto Exporter.txt,0.9464312745974615,0.9576874613761902,13,35,48
China Makes Deal for Two Nuclear Plants.txt,/content/drive/MyDrive/extracted_files/gwbush_01-08/China Makes Deal for Two Nuclear Plants.txt,0.9402694344520569,0.9761600255966186,5,5,10
China Maneuvers to Avoid Debate on Its Rights Record in U.N.txt,/content/drive/MyDrive/extracted_files/gwbush_01-08/China Maneuvers to Avoid Debate on Its Rights Record in U.N.txt,0.8253994319174025,0.9481147023347708,9,13,22
China May Be Using Oil to Press North Korea.txt,/content/drive/MyDrive/extracted_files/gwbush_01-08/China May Be Using Oil to Press North Korea.txt,0.9528466207640511,0.9439649309430803,7,35,42
"China May Release Jailed Times Researcher, Lawyer Says.txt","/content/drive/MyDrive/extracted_files/gwbush_01-08/China May Release Jailed Times Researcher, Lawyer Says.txt",0.8898717250142779,0.9780994525977543,7,42,49
China Media Battle Hints at Shift on Intellectual Property.txt,/content/drive/MyDrive/extracted_files/gwbush_01-08/China Media Battle Hints at Shift on Intellectual Property.txt,0.9714499890804291,0.959735867049959,10,18,28
China Moves to Refurbish A Damaged Global Image.txt,/content/drive/MyDrive/extracted_files/gwbush_01-08/China Moves to Refurbish A Damaged Global Image.txt,0.9548510827801444,0.9770002464453379,22,36,58
China Moves Troops to Area Bordering North Korea.txt,/content/drive/MyDrive/extracted_files/gwbush_01-08/China Moves Troops to Area Bordering North Korea.txt,0.9860313385725021,0.9405483220304761,4,14,18
"China Muslim Group Planned Terror, U.S. Says.txt","/content/drive/MyDrive/extracted_files/gwbush_01-08/China Muslim Group Planned Terror, U.S. Says.txt",0.9723342061042786,0.9719332456588745,2,10,12
China Nears Passage of Law Protecting Private Property.txt,/content/drive/MyDrive/extracted_files/gwbush_01-08/China Nears Passage of Law Protecting Private Property.txt,0.957905364888055,0.9332129895687103,14,20,34
China Oil Giants Crave Respectability and Power.txt,/content/drive/MyDrive/extracted_files/gwbush_01-08/China Oil Giants Crave Respectability and Power.txt,0.9105228460752047,0.9368038691323379,26,29,55
"China Orchestra Plays for Pope For First Time, Hinting at Thaw.txt","/content/drive/MyDrive/extracted_files/gwbush_01-08/China Orchestra Plays for Pope For First Time, Hinting at Thaw.txt",0.9921483681315467,0.9621094663937887,21,6,27
China Orders Up Menus for Tourists.txt,/content/drive/MyDrive/extracted_files/gwbush_01-08/China Orders Up Menus for Tourists.txt,0.8964930772781372,0.9564111232757568,15,18,33
"China Orders Western Newsletter to Halt Operations, Editor Says.txt","/content/drive/MyDrive/extracted_files/gwbush_01-08/China Orders Western Newsletter to Halt Operations, Editor Says.txt",0.9188067118326823,0.9343708591027693,6,11,17
China Ousts 4 Over Korea Refugee Issue.txt,/content/drive/MyDrive/extracted_files/gwbush_01-08/China Ousts 4 Over Korea Refugee Issue.txt,0.9221987128257751,0.9205604990323385,2,3,5
"China Output Not a Threat, Official Says.txt","/content/drive/MyDrive/extracted_files/gwbush_01-08/China Output Not a Threat, Official Says.txt",0.9611847492364737,0.9735973318417867,13,15,28
China Passes a Sweeping Labor Law.txt,/content/drive/MyDrive/extracted_files/gwbush_01-08/China Passes a Sweeping Labor Law.txt,0.9602686837315559,0.9762139320373535,16,27,43
China Planning Small Test Of Its Privatization Program.txt,/content/drive/MyDrive/extracted_files/gwbush_01-08/China Planning Small Test Of Its Privatization Program.txt,0.9894987344741821,0.9857318827084133,3,28,31
China Plans Giant Step This Week.txt,/content/drive/MyDrive/extracted_files/gwbush_01-08/China Plans Giant Step This Week.txt,0.9689816314241161,0.9451540627262809,23,22,45
China Plans Temporary Easing of Curbs on Foreign Journalists.txt,/content/drive/MyDrive/extracted_files/gwbush_01-08/China Plans Temporary Easing of Curbs on Foreign Journalists.txt,0.9418724139531454,0.9379057645797729,15,20,35
China Plans To Maintain Existing Rate For Currency.txt,/content/drive/MyDrive/extracted_files/gwbush_01-08/China Plans To Maintain Existing Rate For Currency.txt,0.9705915600061417,0.9650315429483142,16,14,30
China Plants Seed To Contend for Cup.txt,/content/drive/MyDrive/extracted_files/gwbush_01-08/China Plants Seed To Contend for Cup.txt,0.9610915184020996,0.9072267631689708,28,30,58
China Pledges to Increase Use Of Alternative Energy Sources.txt,/content/drive/MyDrive/extracted_files/gwbush_01-08/China Pledges to Increase Use Of Alternative Energy Sources.txt,0.9456317880574394,0.9701241031289101,17,16,33
China Pledging Bid to Safeguard Food and Drugs.txt,/content/drive/MyDrive/extracted_files/gwbush_01-08/China Pledging Bid to Safeguard Food and Drugs.txt,0.9709716268948146,0.9843338749238423,7,28,35
China Preparing to Tax Vehicles With Large Engines.txt,/content/drive/MyDrive/extracted_files/gwbush_01-08/China Preparing to Tax Vehicles With Large Engines.txt,0.8802637537320455,0.9696140433802749,15,33,48
China Puts Stricter Limits on Distribution of Foreign News.txt,/content/drive/MyDrive/extracted_files/gwbush_01-08/China Puts Stricter Limits on Distribution of Foreign News.txt,0.9955308198928833,0.9714427381753922,5,20,25
China Raises Hurdle to Taiwan Negotiations.txt,/content/drive/MyDrive/extracted_files/gwbush_01-08/China Raises Hurdle to Taiwan Negotiations.txt,0.9663148201428927,0.9736510059412788,13,17,30
China Says Complaints About Milk Began in 2007.txt,/content/drive/MyDrive/extracted_files/gwbush_01-08/China Says Complaints About Milk Began in 2007.txt,0.9947485327720642,0.9893914051353931,1,16,17
China Says Its Seafood Is Now Safer and Better.txt,/content/drive/MyDrive/extracted_files/gwbush_01-08/China Says Its Seafood Is Now Safer and Better.txt,0.9564397768540815,0.964523675541083,11,24,35
China Says One of Its Scientists Faked Computer Chip Research.txt,/content/drive/MyDrive/extracted_files/gwbush_01-08/China Says One of Its Scientists Faked Computer Chip Research.txt,0.9449816857065473,0.9976012760942633,7,11,18
China Says Rich Countries Should Take Lead on Global Warming.txt,/content/drive/MyDrive/extracted_files/gwbush_01-08/China Says Rich Countries Should Take Lead on Global Warming.txt,0.9121423251926899,0.9543969418321337,16,14,30
China Seeks To Calm Fears Amid Scandal.txt,/content/drive/MyDrive/extracted_files/gwbush_01-08/China Seeks To Calm Fears Amid Scandal.txt,0.9849262237548828,0.984908809264501,1,18,19
"China Seems Prepared to Join Antipirate Patrols, in Rare Move Beyond the Pacific.txt","/content/drive/MyDrive/extracted_files/gwbush_01-08/China Seems Prepared to Join Antipirate Patrols, in Rare Move Beyond the Pacific.txt",0.9309640271323067,0.9068096981329077,14,17,31
China Seems Uncertain About Dealing Openly With AIDS.txt,/content/drive/MyDrive/extracted_files/gwbush_01-08/China Seems Uncertain About Dealing Openly With AIDS.txt,0.9765137354532878,0.9765251748489611,15,33,48
CHINA SEEN READY TO CONCILIATE U.S. ON TRADE AND JOBS.txt,/content/drive/MyDrive/extracted_files/gwbush_01-08/CHINA SEEN READY TO CONCILIATE U.S. ON TRADE AND JOBS.txt,0.9359632324088704,0.9538260637185513,22,39,61
China Sees Advantages in Macao_s Portuguese Past.txt,/content/drive/MyDrive/extracted_files/gwbush_01-08/China Sees Advantages in Macao_s Portuguese Past.txt,0.9444106496297396,0.9431054971434853,39,11,50
China Sentences 5 to Prison in Graft Case.txt,/content/drive/MyDrive/extracted_files/gwbush_01-08/China Sentences 5 to Prison in Graft Case.txt,0.9923710823059082,0.987166953086853,1,10,11
China Shuts 3 Companies Over Safety of Products.txt,/content/drive/MyDrive/extracted_files/gwbush_01-08/China Shuts 3 Companies Over Safety of Products.txt,0.9113333565848214,0.9707272422724756,7,29,36
China Slows Rail Freight To North Korea.txt,/content/drive/MyDrive/extracted_files/gwbush_01-08/China Slows Rail Freight To North Korea.txt,,0.9928727000951767,0,4,4
CHINA SPEAKS OUT.txt,/content/drive/MyDrive/extracted_files/gwbush_01-08/CHINA SPEAKS OUT.txt,0.9353798627853394,0.9257974094814725,3,9,12
China Steps Up Its Output of Metals.txt,/content/drive/MyDrive/extracted_files/gwbush_01-08/China Steps Up Its Output of Metals.txt,0.9472008578238948,0.960324744383494,31,21,52
China Struggles To Cut Reliance On MideastOil.txt,/content/drive/MyDrive/extracted_files/gwbush_01-08/China Struggles To Cut Reliance On MideastOil.txt,0.920166742234003,0.9582581663131714,21,25,46
China Suspends High-Speed Train Project.txt,/content/drive/MyDrive/extracted_files/gwbush_01-08/China Suspends High-Speed Train Project.txt,0.5848073959350586,0.9975704401731491,1,4,5
China Talks Don_t Resolve Major Issues.txt,/content/drive/MyDrive/extracted_files/gwbush_01-08/China Talks Don_t Resolve Major Issues.txt,0.9307750947773457,0.9699351657991824,16,23,39
China Tests German-Made Fast Train_ Deal Awarded.txt,/content/drive/MyDrive/extracted_files/gwbush_01-08/China Tests German-Made Fast Train_ Deal Awarded.txt,0.9682442637590262,0.9426808628168973,13,11,24
"China to Consider Resuming Human Rights Talks, Powell Says.txt","/content/drive/MyDrive/extracted_files/gwbush_01-08/China to Consider Resuming Human Rights Talks, Powell Says.txt",0.8652045130729675,0.9513877285154242,6,19,25
China to Cut Taxes on Farmers and Raise Their Subsidies.txt,/content/drive/MyDrive/extracted_files/gwbush_01-08/China to Cut Taxes on Farmers and Raise Their Subsidies.txt,0.9412466427859139,0.9446529604139782,17,21,38
China to Talk With U.S. On Semiconductor Tax.txt,/content/drive/MyDrive/extracted_files/gwbush_01-08/China to Talk With U.S. On Semiconductor Tax.txt,0.8941736370325089,0.9759657184282938,4,12,16
China Told Not to Relax Yuan Limits.txt,/content/drive/MyDrive/extracted_files/gwbush_01-08/China Told Not to Relax Yuan Limits.txt,0.9314399123191833,0.9619572881994576,10,29,39
China Tries to Avoid the Negative Of a Positive Drug Test.txt,/content/drive/MyDrive/extracted_files/gwbush_01-08/China Tries to Avoid the Negative Of a Positive Drug Test.txt,0.9355919773762043,0.9570456483671742,13,62,75
China Tries to Contain Scandal Over Slave Labor With Arrests and Apology.txt,/content/drive/MyDrive/extracted_files/gwbush_01-08/China Tries to Contain Scandal Over Slave Labor With Arrests and Apology.txt,0.7757798433303833,0.9469677209854126,1,22,23
China Tries to Guard a City_s Water Supply After a New Toxic Spill.txt,/content/drive/MyDrive/extracted_files/gwbush_01-08/China Tries to Guard a City_s Water Supply After a New Toxic Spill.txt,0.9712252815564474,0.9723403304815292,3,20,23
China Ups The Ante In Its Bid For Oil.txt,/content/drive/MyDrive/extracted_files/gwbush_01-08/China Ups The Ante In Its Bid For Oil.txt,0.9403009851773579,0.9492941827609621,15,29,44
China Willing to Talk About Missile Defenses.txt,/content/drive/MyDrive/extracted_files/gwbush_01-08/China Willing to Talk About Missile Defenses.txt,0.986407458782196,0.9415208266841041,6,18,24
"China Wins Over Washington, But D.C. Proves a Bit Tougher.txt","/content/drive/MyDrive/extracted_files/gwbush_01-08/China Wins Over Washington, But D.C. Proves a Bit Tougher.txt",0.9523308475812277,0.9875229209661484,18,20,38
China _s New Home Life.txt,/content/drive/MyDrive/extracted_files/gwbush_01-08/China _s New Home Life.txt,0.954797032901219,0.9338110418155275,70,58,128
"China, in Harsh Crackdown, Executes Muslim Separatists.txt","/content/drive/MyDrive/extracted_files/gwbush_01-08/China, in Harsh Crackdown, Executes Muslim Separatists.txt",0.9371925138291859,0.9682376575138834,21,72,93
China_ An Oil Deal With Iran.txt,/content/drive/MyDrive/extracted_files/gwbush_01-08/China_ An Oil Deal With Iran.txt,0.9269214868545532,0.8683115243911743,1,1,2
"China_s Automakers, With Beijing_s Prodding, Show Alternative-Fuel Cars.txt","/content/drive/MyDrive/extracted_files/gwbush_01-08/China_s Automakers, With Beijing_s Prodding, Show Alternative-Fuel Cars.txt",0.9496417676701265,0.9221982426113553,34,18,52
China_s Central Bank Raises Rate for Banks.txt,/content/drive/MyDrive/extracted_files/gwbush_01-08/China_s Central Bank Raises Rate for Banks.txt,0.9130326807498932,0.9743258897215128,8,32,40
China_s Crackdown on Sect Stirs Alarm Over Psychiatric Abuse.txt,/content/drive/MyDrive/extracted_files/gwbush_01-08/China_s Crackdown on Sect Stirs Alarm Over Psychiatric Abuse.txt,0.9255943795045217,0.9391500224237856,12,46,58
China_s Economic Might Used in Diplomatic Deal.txt,/content/drive/MyDrive/extracted_files/gwbush_01-08/China_s Economic Might Used in Diplomatic Deal.txt,0.9040012434124947,0.9068166891733805,8,15,23
China_s Growth Creates a Boom For Cargo Ships.txt,/content/drive/MyDrive/extracted_files/gwbush_01-08/China_s Growth Creates a Boom For Cargo Ships.txt,0.9705285171667735,0.9778847642566847,30,23,53
China_s Holiday Homecoming Creates Travel Nightmare.txt,/content/drive/MyDrive/extracted_files/gwbush_01-08/China_s Holiday Homecoming Creates Travel Nightmare.txt,0.9358948260545731,0.9648486085840173,20,37,57
"China_s Inner Circle Reveals Big Unrest, and Lists Causes.txt","/content/drive/MyDrive/extracted_files/gwbush_01-08/China_s Inner Circle Reveals Big Unrest, and Lists Causes.txt",0.9136421224650215,0.9674300793558359,17,32,49
China_s Leader Gives No Sign of Changes to Come.txt,/content/drive/MyDrive/extracted_files/gwbush_01-08/China_s Leader Gives No Sign of Changes to Come.txt,0.8818831774923537,0.928782069683075,9,15,24
China_s Leader Orders Police To Ensure Olympic Security.txt,/content/drive/MyDrive/extracted_files/gwbush_01-08/China_s Leader Orders Police To Ensure Olympic Security.txt,0.9822679400444031,0.9707803680346563,5,13,18
"China_s Martha Stewart, With Reasons to Smile.txt","/content/drive/MyDrive/extracted_files/gwbush_01-08/China_s Martha Stewart, With Reasons to Smile.txt",0.9768882085537088,0.9708042611246523,29,23,52
China_s New Leader Promises Not to Sever Tether to Jiang.txt,/content/drive/MyDrive/extracted_files/gwbush_01-08/China_s New Leader Promises Not to Sever Tether to Jiang.txt,0.9298554871763501,0.9611430939506082,14,17,31
China_s Release of North Korean Refugees Sidesteps Sensitive Issue.txt,/content/drive/MyDrive/extracted_files/gwbush_01-08/China_s Release of North Korean Refugees Sidesteps Sensitive Issue.txt,0.9407522281010946,0.953092082341512,12,15,27
China_s Surge Raises Fears of Runaway Economy.txt,/content/drive/MyDrive/extracted_files/gwbush_01-08/China_s Surge Raises Fears of Runaway Economy.txt,0.9560131838447169,0.9003970354795456,19,20,39
China_s Trade Surplus May Stir Currency Debate.txt,/content/drive/MyDrive/extracted_files/gwbush_01-08/China_s Trade Surplus May Stir Currency Debate.txt,0.9015259471806613,0.945010130405426,11,25,36
China_s Trade Surplus Reaches Highest Level in 8 Months.txt,/content/drive/MyDrive/extracted_files/gwbush_01-08/China_s Trade Surplus Reaches Highest Level in 8 Months.txt,0.9261778116226196,0.8040181994438171,5,2,7
Chinese Art Continues To Soar at Sotheby_s.txt,/content/drive/MyDrive/extracted_files/gwbush_01-08/Chinese Art Continues To Soar at Sotheby_s.txt,0.9757906864671146,0.9019601069963895,17,13,30
Chinese Bank Prices Its Initial Offering.txt,/content/drive/MyDrive/extracted_files/gwbush_01-08/Chinese Bank Prices Its Initial Offering.txt,0.8502874175707499,0.979110598564148,3,6,9
Chinese Collectors Resist Investing in Western Art.txt,/content/drive/MyDrive/extracted_files/gwbush_01-08/Chinese Collectors Resist Investing in Western Art.txt,0.9765848192301664,0.9595149970054626,22,25,47
"Chinese Cryptologists Get Invitations to a U.S. Conference, but No Visas.txt","/content/drive/MyDrive/extracted_files/gwbush_01-08/Chinese Cryptologists Get Invitations to a U.S. Conference, but No Visas.txt",0.9309209452735053,0.9569352120161057,9,24,33
Chinese E-Commerce Concern Said to Plan Public Offering.txt,/content/drive/MyDrive/extracted_files/gwbush_01-08/Chinese E-Commerce Concern Said to Plan Public Offering.txt,0.9072103301684061,0.933509349822998,6,9,15
Chinese End Maytag Offer_ 2 Suitors Left.txt,/content/drive/MyDrive/extracted_files/gwbush_01-08/Chinese End Maytag Offer_ 2 Suitors Left.txt,0.9127875566482544,0.9767178177833558,3,10,13
Chinese Entry to Trade Group Stumbles Over Life Insurance.txt,/content/drive/MyDrive/extracted_files/gwbush_01-08/Chinese Entry to Trade Group Stumbles Over Life Insurance.txt,0.7491710662841797,0.942417049407959,5,10,15
Chinese Envoy to Work With U.S. to Restart North Korean Talks.txt,/content/drive/MyDrive/extracted_files/gwbush_01-08/Chinese Envoy to Work With U.S. to Restart North Korean Talks.txt,0.9075381507476171,0.9479493871331215,12,8,20
Chinese Hear From Premier On Threats To Economy.txt,/content/drive/MyDrive/extracted_files/gwbush_01-08/Chinese Hear From Premier On Threats To Economy.txt,0.937681848804156,0.9619837227989646,12,17,29
"Chinese Hockey Players Make Islanders_ Ice Theirs, for a Period.txt","/content/drive/MyDrive/extracted_files/gwbush_01-08/Chinese Hockey Players Make Islanders_ Ice Theirs, for a Period.txt",0.9734692573547363,0.9342752993106842,26,12,38
Chinese Investment Complicates BHP_s Plans for Rio Tinto Bid.txt,/content/drive/MyDrive/extracted_files/gwbush_01-08/Chinese Investment Complicates BHP_s Plans for Rio Tinto Bid.txt,0.9085215528806051,0.9635125622153282,6,24,30
Chinese Leave Guantanamo for Albanian Limbo.txt,/content/drive/MyDrive/extracted_files/gwbush_01-08/Chinese Leave Guantanamo for Albanian Limbo.txt,0.8964474762187284,0.9676220394097842,17,78,95
Chinese Men Fulfill Expectations_ U.S. Takes Bronze.txt,/content/drive/MyDrive/extracted_files/gwbush_01-08/Chinese Men Fulfill Expectations_ U.S. Takes Bronze.txt,0.9750950530171394,0.9300765745780047,40,17,57
Chinese Minister Visits Iran for Talks.txt,/content/drive/MyDrive/extracted_files/gwbush_01-08/Chinese Minister Visits Iran for Talks.txt,0.9065048098564148,0.9251212626695633,3,4,7
Chinese Regulators Destroy Tons of Tainted Animal Feed.txt,/content/drive/MyDrive/extracted_files/gwbush_01-08/Chinese Regulators Destroy Tons of Tainted Animal Feed.txt,0.7550041973590851,0.9822287788757911,2,13,15
Chinese Tycoon Sentenced to 16 Years in Financial Scandal.txt,/content/drive/MyDrive/extracted_files/gwbush_01-08/Chinese Tycoon Sentenced to 16 Years in Financial Scandal.txt,0.9133506880866157,0.981931921094656,9,16,25
Chinese With Ties To U.S. Is Detained.txt,/content/drive/MyDrive/extracted_files/gwbush_01-08/Chinese With Ties To U.S. Is Detained.txt,0.9132897853851318,0.9841147184371948,4,5,9
CHOICE TABLES_Hong Kong Reignites Fire Of China_s Regional Cuisines.txt,/content/drive/MyDrive/extracted_files/gwbush_01-08/CHOICE TABLES_Hong Kong Reignites Fire Of China_s Regional Cuisines.txt,0.9395089126840422,0.9334662006451533,79,26,105
Chow Time.txt,/content/drive/MyDrive/extracted_files/gwbush_01-08/Chow Time.txt,0.9626797437667847,0.9608866821635853,49,55,104
Chrysler Signs Export Venture With a Chinese Automaker.txt,/content/drive/MyDrive/extracted_files/gwbush_01-08/Chrysler Signs Export Venture With a Chinese Automaker.txt,0.9763797322909037,0.9912380948662758,9,8,17
Cities Near Beijing Close Factories to Improve Air for Olympics.txt,/content/drive/MyDrive/extracted_files/gwbush_01-08/Cities Near Beijing Close Factories to Improve Air for Olympics.txt,0.8845512121915817,0.9792878478765488,4,12,16
CITIGROUP NAMES NEW CHIEF FOR CHINA OPERATIONS.txt,/content/drive/MyDrive/extracted_files/gwbush_01-08/CITIGROUP NAMES NEW CHIEF FOR CHINA OPERATIONS.txt,0.8788804709911346,0.9899629354476929,2,2,4
Citigroup Said To Win Right To Control A China Bank.txt,/content/drive/MyDrive/extracted_files/gwbush_01-08/Citigroup Said To Win Right To Control A China Bank.txt,0.9001423375947135,0.9622485289971033,7,12,19
City Sends 2 Foreign-Born First-Timers to the Assembly.txt,/content/drive/MyDrive/extracted_files/gwbush_01-08/City Sends 2 Foreign-Born First-Timers to the Assembly.txt,0.9775959620108972,0.9565274119377136,26,8,34
CLASSICAL MUSIC AND DANCE GUIDE.txt,/content/drive/MyDrive/extracted_files/gwbush_01-08/CLASSICAL MUSIC AND DANCE GUIDE.txt,0.9401393403177676,0.7864880507642572,69,11,80
"Clustering in Cities, Asians Are Becoming Obese.txt","/content/drive/MyDrive/extracted_files/gwbush_01-08/Clustering in Cities, Asians Are Becoming Obese.txt",0.9485958053006066,0.9616978874912968,18,54,72
COLLISION WITH CHINA_ BEIJING_U.S. Envoy Meets Chinese Foreign Minister as Negotations on Plane_s Cr.txt,/content/drive/MyDrive/extracted_files/gwbush_01-08/COLLISION WITH CHINA_ BEIJING_U.S. Envoy Meets Chinese Foreign Minister as Negotations on Plane_s Cr.txt,0.924925810098648,0.9524561844088815,10,22,32
"COLLISION WITH CHINA_ CONGRESS_Tempers Are Cooling, but a Cloud Remains.txt","/content/drive/MyDrive/extracted_files/gwbush_01-08/COLLISION WITH CHINA_ CONGRESS_Tempers Are Cooling, but a Cloud Remains.txt",0.9023621678352356,0.9435444107422462,12,26,38
COLLISION WITH CHINA_ MIDWESTERNERS_A Readiness to Let Bygones Be Bygones.txt,/content/drive/MyDrive/extracted_files/gwbush_01-08/COLLISION WITH CHINA_ MIDWESTERNERS_A Readiness to Let Bygones Be Bygones.txt,0.9817658066749573,0.9507927497227987,17,21,38
COLLISION WITH CHINA_ NAVY TOWN_Yellow Ribbons Galore and Embracing All the Crew.txt,/content/drive/MyDrive/extracted_files/gwbush_01-08/COLLISION WITH CHINA_ NAVY TOWN_Yellow Ribbons Galore and Embracing All the Crew.txt,0.9523439574241638,0.9735468559794955,25,9,34
COLLISION WITH CHINA_ NEWS ANALYSIS_Taiwan Arms Sales and China_s W.T.O. Application Will Test a Rel.txt,/content/drive/MyDrive/extracted_files/gwbush_01-08/COLLISION WITH CHINA_ NEWS ANALYSIS_Taiwan Arms Sales and China_s W.T.O. Application Will Test a Rel.txt,0.9523331752190223,0.9676086433006056,13,33,46
COLLISION WITH CHINA_ REACTION IN THE WEST_Europe Sees a Major Test for the New Bush Administration.txt,/content/drive/MyDrive/extracted_files/gwbush_01-08/COLLISION WITH CHINA_ REACTION IN THE WEST_Europe Sees a Major Test for the New Bush Administration.txt,0.872874841094017,0.9860804237817463,8,19,27
COLLISION WITH CHINA_ THE CREW_U.S. Aides Visit Held Americans Again.txt,/content/drive/MyDrive/extracted_files/gwbush_01-08/COLLISION WITH CHINA_ THE CREW_U.S. Aides Visit Held Americans Again.txt,0.9913671612739563,0.9438046629612262,4,13,17
COLLISION WITH CHINA_ THE CREW_U.S. Officials Meet With 24 Still Detained With Aircraft.txt,/content/drive/MyDrive/extracted_files/gwbush_01-08/COLLISION WITH CHINA_ THE CREW_U.S. Officials Meet With 24 Still Detained With Aircraft.txt,0.9340643816524081,0.9474839028858003,9,21,30
COLLISION WITH CHINA_ THE FAMILIES_Coping With Waiting And Sketchy Details.txt,/content/drive/MyDrive/extracted_files/gwbush_01-08/COLLISION WITH CHINA_ THE FAMILIES_Coping With Waiting And Sketchy Details.txt,0.9265203564255325,0.9364187717437744,27,26,53
COLLISION WITH CHINA_ THE OVERVIEW_U.S. Shies Away From Threats In Plane Standoff With China.txt,/content/drive/MyDrive/extracted_files/gwbush_01-08/COLLISION WITH CHINA_ THE OVERVIEW_U.S. Shies Away From Threats In Plane Standoff With China.txt,0.8203043699264526,0.9699985290828504,10,38,48
COLLISION WITH CHINA_Announcement By President.txt,/content/drive/MyDrive/extracted_files/gwbush_01-08/COLLISION WITH CHINA_Announcement By President.txt,0.9788792828718821,0.8551843762397766,6,3,9
Commercial Real Estate_Chinese Group Buys Landmark Site.txt,/content/drive/MyDrive/extracted_files/gwbush_01-08/Commercial Real Estate_Chinese Group Buys Landmark Site.txt,0.9189051176820483,0.9742154235189612,14,22,36
Companies Bolster Sales Abroad To Offset Weakness at Home.txt,/content/drive/MyDrive/extracted_files/gwbush_01-08/Companies Bolster Sales Abroad To Offset Weakness at Home.txt,0.9419323282857095,0.9649722851239718,31,39,70
COMPANY NEWS_FOSTER WHEELER AND BECHTEL TO BUILD PLANT IN CHINA.txt,/content/drive/MyDrive/extracted_files/gwbush_01-08/COMPANY NEWS_FOSTER WHEELER AND BECHTEL TO BUILD PLANT IN CHINA.txt,0.9436089247465134,0.999002993106842,4,1,5
COMPANY NEWS_WRIGLEY IS BUYING CANDY AND GUM BUSINESSES ABROAD.txt,/content/drive/MyDrive/extracted_files/gwbush_01-08/COMPANY NEWS_WRIGLEY IS BUYING CANDY AND GUM BUSINESSES ABROAD.txt,0.7518254220485687,0.9419378340244293,2,2,4
Composing Piano Pieces For the Floor Of a Gallery.txt,/content/drive/MyDrive/extracted_files/gwbush_01-08/Composing Piano Pieces For the Floor Of a Gallery.txt,0.9629812046538951,0.9914924800395966,43,10,53
Congress Calls for a Review of the Chinese Bid for Unocal.txt,/content/drive/MyDrive/extracted_files/gwbush_01-08/Congress Calls for a Review of the Chinese Bid for Unocal.txt,0.9080409918512616,0.9550019436412387,7,27,34
Constitutional Court Reinstates South Korea_s Impeached President.txt,/content/drive/MyDrive/extracted_files/gwbush_01-08/Constitutional Court Reinstates South Korea_s Impeached President.txt,0.9627363681793213,0.9651514852748198,6,17,23
Copper Prices Plunge on Fears Chinese Demand May Falter.txt,/content/drive/MyDrive/extracted_files/gwbush_01-08/Copper Prices Plunge on Fears Chinese Demand May Falter.txt,0.9848906695842743,0.9747423421252858,2,11,13
"Corruption Inquiry Grows, and China_s Leader May Profit.txt","/content/drive/MyDrive/extracted_files/gwbush_01-08/Corruption Inquiry Grows, and China_s Leader May Profit.txt",0.9485331177711487,0.9422834396362305,18,30,48
Council Backs Idea to Indict Sudan Leader.txt,/content/drive/MyDrive/extracted_files/gwbush_01-08/Council Backs Idea to Indict Sudan Leader.txt,0.959139366944631,0.935424009958903,6,6,12
"Coup_ Not His Style. But Power_ Oh, Yes.txt","/content/drive/MyDrive/extracted_files/gwbush_01-08/Coup_ Not His Style. But Power_ Oh, Yes.txt",0.9667086601257324,0.9217104196548462,49,25,74
COURTS CRITICIZE JUDGES_ HANDLING OF ASYLUM CASES.txt,/content/drive/MyDrive/extracted_files/gwbush_01-08/COURTS CRITICIZE JUDGES_ HANDLING OF ASYLUM CASES.txt,0.9359424178089414,0.948723996940412,28,57,85
COVER STORY_Getting Back to Basics. It Isn_t Pretty.txt,/content/drive/MyDrive/extracted_files/gwbush_01-08/COVER STORY_Getting Back to Basics. It Isn_t Pretty.txt,0.9783881062811072,0.948906986877836,22,29,51
"Critic of China Flees to U.S., Fearing Arrest In Crackdown.txt","/content/drive/MyDrive/extracted_files/gwbush_01-08/Critic of China Flees to U.S., Fearing Arrest In Crackdown.txt",0.9627235904335976,0.9581120366399939,8,22,30
Criticism by China Raises Questions About Hong Kong Freedom.txt,/content/drive/MyDrive/extracted_files/gwbush_01-08/Criticism by China Raises Questions About Hong Kong Freedom.txt,0.9312333390116692,0.990920637335096,8,7,15
Currency Wars_ Europe Watches While Others Play by Different Rules.txt,/content/drive/MyDrive/extracted_files/gwbush_01-08/Currency Wars_ Europe Watches While Others Play by Different Rules.txt,0.9409909546375275,0.9760163580929792,4,27,31
"CURRENTS_ LOGOS_In China, a New Signature for a Soft Drink.txt","/content/drive/MyDrive/extracted_files/gwbush_01-08/CURRENTS_ LOGOS_In China, a New Signature for a Soft Drink.txt",0.8293197453022003,0.9856877326965332,4,3,7
CURRENTS_ WHO KNEW__Chinese Country Treasures Wend Their Way to Harlem.txt,/content/drive/MyDrive/extracted_files/gwbush_01-08/CURRENTS_ WHO KNEW__Chinese Country Treasures Wend Their Way to Harlem.txt,0.9562243103981019,0.9925940632820129,5,1,6
CUTTINGS_A Chinese Transplant With Flowers of Ivory.txt,/content/drive/MyDrive/extracted_files/gwbush_01-08/CUTTINGS_A Chinese Transplant With Flowers of Ivory.txt,0.9701046104784365,0.8962917881352561,27,14,41
Dalai Lama Says Terror May Need a Violent Reply.txt,/content/drive/MyDrive/extracted_files/gwbush_01-08/Dalai Lama Says Terror May Need a Violent Reply.txt,0.9301699485097613,0.9608433817823728,14,24,38
DANCE_With His Heart In His Imagery.txt,/content/drive/MyDrive/extracted_files/gwbush_01-08/DANCE_With His Heart In His Imagery.txt,0.957828975114666,0.9322019538709095,61,28,89
Danone Partner Threatens to Split Venture.txt,/content/drive/MyDrive/extracted_files/gwbush_01-08/Danone Partner Threatens to Split Venture.txt,0.8570130070050558,0.9686433390567177,6,19,25
Deal to Shut Major North Korean Nuclear Facilities Appears Closer.txt,/content/drive/MyDrive/extracted_files/gwbush_01-08/Deal to Shut Major North Korean Nuclear Facilities Appears Closer.txt,0.9022623168097602,0.9723118413239717,9,32,41
Death Toll Mounting as Rivers Overflow Across Southeast Asia.txt,/content/drive/MyDrive/extracted_files/gwbush_01-08/Death Toll Mounting as Rivers Overflow Across Southeast Asia.txt,0.8683971881866455,0.9383465610444546,5,16,21
Dec. 31 - Jan. 6_Ferry Diplomacy.txt,/content/drive/MyDrive/extracted_files/gwbush_01-08/Dec. 31 - Jan. 6_Ferry Diplomacy.txt,0.9775057633717855,0.9947134653727213,3,3,6
"Defying Crackdown, North Koreans Stream Into China.txt","/content/drive/MyDrive/extracted_files/gwbush_01-08/Defying Crackdown, North Koreans Stream Into China.txt",0.9020235612988472,0.9618089161813259,16,32,48
Deliveryman_s Murder Case Is Focus of Chinese Press.txt,/content/drive/MyDrive/extracted_files/gwbush_01-08/Deliveryman_s Murder Case Is Focus of Chinese Press.txt,0.9273697833220164,0.9775714377562205,6,18,24
Democracy Advocate Wins in Hong Kong.txt,/content/drive/MyDrive/extracted_files/gwbush_01-08/Democracy Advocate Wins in Hong Kong.txt,0.9612394663003775,0.8992826388432429,13,13,26
Demographic _Bomb_ May Only Go _Pop!_.txt,/content/drive/MyDrive/extracted_files/gwbush_01-08/Demographic _Bomb_ May Only Go _Pop!_.txt,0.9149473797191273,0.94674313203855,11,44,55
Design Dispatch_Shanghai Polishes Up Its Rough Edges.txt,/content/drive/MyDrive/extracted_files/gwbush_01-08/Design Dispatch_Shanghai Polishes Up Its Rough Edges.txt,0.9525264146236273,0.9094361066818237,52,23,75
Desire for Sons Drives Use of Prenatal Scans in China.txt,/content/drive/MyDrive/extracted_files/gwbush_01-08/Desire for Sons Drives Use of Prenatal Scans in China.txt,0.8792115083107581,0.9364374586514064,13,35,48
"Despite a Jolt, Japan_s Mood Remains Upbeat.txt","/content/drive/MyDrive/extracted_files/gwbush_01-08/Despite a Jolt, Japan_s Mood Remains Upbeat.txt",0.9255753410489935,0.9601728061834971,19,30,49
"Despite Slip, Chinese Respond to Big Expectations.txt","/content/drive/MyDrive/extracted_files/gwbush_01-08/Despite Slip, Chinese Respond to Big Expectations.txt",0.9564484506845474,0.9234031716982524,24,30,54
"Despite Web Crackdown, Prevailing Winds Are Free.txt","/content/drive/MyDrive/extracted_files/gwbush_01-08/Despite Web Crackdown, Prevailing Winds Are Free.txt",0.9073369751373926,0.9761791671476057,12,31,43
Developers Threaten to Gobble Up a Famous Hong Kong Market.txt,/content/drive/MyDrive/extracted_files/gwbush_01-08/Developers Threaten to Gobble Up a Famous Hong Kong Market.txt,0.9893493592739105,0.9601973511955955,10,11,21
Digital Sales of Music Increase.txt,/content/drive/MyDrive/extracted_files/gwbush_01-08/Digital Sales of Music Increase.txt,0.9914657920598984,0.9396766490406461,4,9,13
"Diplomatically, French Is a Faded Rose in an English Garden.txt","/content/drive/MyDrive/extracted_files/gwbush_01-08/Diplomatically, French Is a Faded Rose in an English Garden.txt",0.9562230269114177,0.9779383460680644,15,15,30
Diplomats to Increase Pressure On Serbia to Accept Kosovo Plan.txt,/content/drive/MyDrive/extracted_files/gwbush_01-08/Diplomats to Increase Pressure On Serbia to Accept Kosovo Plan.txt,0.9503418436417213,0.9377200954100665,13,17,30
Dispute Leaves U.S. Executive In Chinese Legal Netherworld.txt,/content/drive/MyDrive/extracted_files/gwbush_01-08/Dispute Leaves U.S. Executive In Chinese Legal Netherworld.txt,0.9517211839556694,0.9757012931836976,48,144,192
Disquieting Tourism News for Laos_ The Chinese Are Coming.txt,/content/drive/MyDrive/extracted_files/gwbush_01-08/Disquieting Tourism News for Laos_ The Chinese Are Coming.txt,0.9856901615858078,0.949646512667338,8,15,23
Do China And U.S. Face Same Woes_.txt,/content/drive/MyDrive/extracted_files/gwbush_01-08/Do China And U.S. Face Same Woes_.txt,0.9860692143440246,0.9784786676367124,5,24,29
Doctors_ Dirty Needles Spreading Disease in China.txt,/content/drive/MyDrive/extracted_files/gwbush_01-08/Doctors_ Dirty Needles Spreading Disease in China.txt,0.925553732448154,0.977169749327004,9,64,73
Drug Makers Get a Warning From the U.N. Malaria Chief.txt,/content/drive/MyDrive/extracted_files/gwbush_01-08/Drug Makers Get a Warning From the U.N. Malaria Chief.txt,0.9262666787420001,0.9917977262626995,7,22,29
Early to Bed.txt,/content/drive/MyDrive/extracted_files/gwbush_01-08/Early to Bed.txt,0.9459326290167295,0.9378126561641693,26,22,48
East Asia -- Constructive Patience With North Korea.txt,/content/drive/MyDrive/extracted_files/gwbush_01-08/East Asia -- Constructive Patience With North Korea.txt,0.9268597811460495,0.9388054927190145,4,15,19
Eastern Germany Is Able to Prevent Industrial Flight To Third World.txt,/content/drive/MyDrive/extracted_files/gwbush_01-08/Eastern Germany Is Able to Prevent Industrial Flight To Third World.txt,0.8994214372201399,0.9695402116611086,33,29,62
"EBay Forecast Misses by a Bit, And Shares Fall.txt","/content/drive/MyDrive/extracted_files/gwbush_01-08/EBay Forecast Misses by a Bit, And Shares Fall.txt",0.9528648086956569,0.9579299823804335,14,22,36
Economic Ties Binding Japan To Rival China.txt,/content/drive/MyDrive/extracted_files/gwbush_01-08/Economic Ties Binding Japan To Rival China.txt,0.9684022626569194,0.9430918097496033,31,28,59
"Economy Helps Make Chinese the Leaders in Optimism, 24-Nation Survey Finds.txt","/content/drive/MyDrive/extracted_files/gwbush_01-08/Economy Helps Make Chinese the Leaders in Optimism, 24-Nation Survey Finds.txt",0.8364697141306741,0.9532840039048877,14,14,28
Economy Key in South Korea Election.txt,/content/drive/MyDrive/extracted_files/gwbush_01-08/Economy Key in South Korea Election.txt,0.9150966207186381,0.9895259886980057,9,8,17
Elections Will Help Chart Course for Taiwan and Its President.txt,/content/drive/MyDrive/extracted_files/gwbush_01-08/Elections Will Help Chart Course for Taiwan and Its President.txt,0.9719270467758179,0.9465336551268896,16,24,40
Enough Shame To Go Around On China.txt,/content/drive/MyDrive/extracted_files/gwbush_01-08/Enough Shame To Go Around On China.txt,0.8940086190899214,0.9515489637851715,24,60,84
Equity Offerings for Week.txt,/content/drive/MyDrive/extracted_files/gwbush_01-08/Equity Offerings for Week.txt,0.8275847755945646,0.7239319831132889,13,8,21
Escalating Losses Force Citigroup To Seek More Foreign Investment.txt,/content/drive/MyDrive/extracted_files/gwbush_01-08/Escalating Losses Force Citigroup To Seek More Foreign Investment.txt,0.9683789253234864,0.971513453282808,10,19,29
Europe May Impose Limits On Chinese Textile Imports.txt,/content/drive/MyDrive/extracted_files/gwbush_01-08/Europe May Impose Limits On Chinese Textile Imports.txt,0.9059446007013321,0.9527457290225558,8,9,17
"Europe Takes Africa_s Fish, and Migrants Follow.txt","/content/drive/MyDrive/extracted_files/gwbush_01-08/Europe Takes Africa_s Fish, and Migrants Follow.txt",0.9583779071506701,0.9533571547536708,19,67,86
Europe-China Trade Rift Widens.txt,/content/drive/MyDrive/extracted_files/gwbush_01-08/Europe-China Trade Rift Widens.txt,0.987980380654335,0.9400162498156229,4,6,10
European Stocks Extend Slump.txt,/content/drive/MyDrive/extracted_files/gwbush_01-08/European Stocks Extend Slump.txt,0.8859074711799622,0.9883990521016328,3,23,26
European Union in Last-Ditch Talks With Iran on Nuclear Plans.txt,/content/drive/MyDrive/extracted_files/gwbush_01-08/European Union in Last-Ditch Talks With Iran on Nuclear Plans.txt,0.9821364084879557,0.9127387271987067,6,9,15
"Europeans Plan Incentives, as Iran Says Sanctions Won_t Halt Nuclear Program.txt","/content/drive/MyDrive/extracted_files/gwbush_01-08/Europeans Plan Incentives, as Iran Says Sanctions Won_t Halt Nuclear Program.txt",0.9068917802401951,0.9363683410312819,7,23,30
Europeans Set Arms Embargo To Protest Uzbeks_ Crackdown.txt,/content/drive/MyDrive/extracted_files/gwbush_01-08/Europeans Set Arms Embargo To Protest Uzbeks_ Crackdown.txt,0.893525222937266,0.9677883796393871,6,16,22
Evidence Faulted in Detainee Case.txt,/content/drive/MyDrive/extracted_files/gwbush_01-08/Evidence Faulted in Detainee Case.txt,0.8968754410743713,0.9589636874198914,5,25,30
Ex-Chinese Star Guides U.S. to Win in Volleyball.txt,/content/drive/MyDrive/extracted_files/gwbush_01-08/Ex-Chinese Star Guides U.S. to Win in Volleyball.txt,0.9576352313160896,0.9228056560863148,24,11,35
Ex-Fugitive Gets Hostile Reception in South Korea.txt,/content/drive/MyDrive/extracted_files/gwbush_01-08/Ex-Fugitive Gets Hostile Reception in South Korea.txt,0.989097569669996,0.9460034645520724,14,26,40
EX-TRADE ENVOY IS BUSH_S CHOICE FOR WORLD BANK.txt,/content/drive/MyDrive/extracted_files/gwbush_01-08/EX-TRADE ENVOY IS BUSH_S CHOICE FOR WORLD BANK.txt,0.9838759816926101,0.9279008706410726,29,12,41
Excitement Clings to Internet in China.txt,/content/drive/MyDrive/extracted_files/gwbush_01-08/Excitement Clings to Internet in China.txt,0.9583551173026745,0.9697370959652795,26,18,44
"EXIT, QUIETLY.txt","/content/drive/MyDrive/extracted_files/gwbush_01-08/EXIT, QUIETLY.txt",0.9140543460845947,0.9973069727420807,5,4,9
Expertise Called Crucial to China Deals.txt,/content/drive/MyDrive/extracted_files/gwbush_01-08/Expertise Called Crucial to China Deals.txt,0.931779315838447,0.9826746412685939,13,7,20
Experts See Vulnerability As Outsiders Code Software.txt,/content/drive/MyDrive/extracted_files/gwbush_01-08/Experts See Vulnerability As Outsiders Code Software.txt,0.9334673143568493,0.9655523618062337,21,45,66
Exporter Ended Ties With U.S. Distributor.txt,/content/drive/MyDrive/extracted_files/gwbush_01-08/Exporter Ended Ties With U.S. Distributor.txt,0.995734691619873,0.9541873004701402,2,9,11
F.B.I. Was Told Years Ago Of Possible Double Agent.txt,/content/drive/MyDrive/extracted_files/gwbush_01-08/F.B.I. Was Told Years Ago Of Possible Double Agent.txt,0.8413370698690414,0.9179693680060538,8,38,46
F.D.A. CURBS SALE OF FIVE SEAFOODS FARMED IN CHINA.txt,/content/drive/MyDrive/extracted_files/gwbush_01-08/F.D.A. CURBS SALE OF FIVE SEAFOODS FARMED IN CHINA.txt,0.8205306963487105,0.9723328585718193,11,51,62
F.D.A. IDENTIFIES TAINTED HEPARIN IN 11 COUNTRIES.txt,/content/drive/MyDrive/extracted_files/gwbush_01-08/F.D.A. IDENTIFIES TAINTED HEPARIN IN 11 COUNTRIES.txt,0.8051758706569672,0.9734784933653745,10,44,54
Facing North Korea_s Loud Challenge.txt,/content/drive/MyDrive/extracted_files/gwbush_01-08/Facing North Korea_s Loud Challenge.txt,0.9157388309637705,0.9790546516092812,12,41,53
"Factories Shut, China Workers Are Suffering.txt","/content/drive/MyDrive/extracted_files/gwbush_01-08/Factories Shut, China Workers Are Suffering.txt",0.9784165674989874,0.9703140182928606,11,55,66
Factory Dispute Tests China_s Loyalty to Workers Rights.txt,/content/drive/MyDrive/extracted_files/gwbush_01-08/Factory Dispute Tests China_s Loyalty to Workers Rights.txt,0.766889770825704,0.9530538564378565,3,22,25
Faith Sprouts In Arid Soil Of China.txt,/content/drive/MyDrive/extracted_files/gwbush_01-08/Faith Sprouts In Arid Soil Of China.txt,0.9167891616622607,0.9471222886017391,24,14,38
False Report Cited in Shift Of Torch Route.txt,/content/drive/MyDrive/extracted_files/gwbush_01-08/False Report Cited in Shift Of Torch Route.txt,0.9508519172668457,0.9939385544170033,3,11,14
"FAMILY FARE_Dear, I Have A Secret.txt","/content/drive/MyDrive/extracted_files/gwbush_01-08/FAMILY FARE_Dear, I Have A Secret.txt",0.9517221212387085,0.9328306959225581,35,13,48
Fans and Foes Greet Former Taiwan Leader in Visit to Cornell.txt,/content/drive/MyDrive/extracted_files/gwbush_01-08/Fans and Foes Greet Former Taiwan Leader in Visit to Cornell.txt,0.962501589457194,0.977656826376915,15,8,23
Farmers Being Moved Aside By China_s Real Estate Boom.txt,/content/drive/MyDrive/extracted_files/gwbush_01-08/Farmers Being Moved Aside By China_s Real Estate Boom.txt,0.9423645046250574,0.9607187062501907,58,140,198
"Farming Bluefin Tuna, Through Thick Stocks and Thin.txt","/content/drive/MyDrive/extracted_files/gwbush_01-08/Farming Bluefin Tuna, Through Thick Stocks and Thin.txt",0.9657124817371369,0.9682083631816664,20,38,58
Fatherly Advice To the President On North Korea.txt,/content/drive/MyDrive/extracted_files/gwbush_01-08/Fatherly Advice To the President On North Korea.txt,0.9652186141294592,0.9157465126203455,17,23,40
Feasting At the Table Of the Other China.txt,/content/drive/MyDrive/extracted_files/gwbush_01-08/Feasting At the Table Of the Other China.txt,0.9472136463917477,0.90774167293594,71,42,113
February 18-24_A Chinese Connection.txt,/content/drive/MyDrive/extracted_files/gwbush_01-08/February 18-24_A Chinese Connection.txt,0.9882696866989136,0.9875883857409159,1,3,4
Fed_s Expected Rate RiseMay Well Offer a Respite For Other Central Banks.txt,/content/drive/MyDrive/extracted_files/gwbush_01-08/Fed_s Expected Rate RiseMay Well Offer a Respite For Other Central Banks.txt,0.9380084661876454,0.96957961221536,17,36,53
Figure Skater Is New Envoy Of Good Will Overseas.txt,/content/drive/MyDrive/extracted_files/gwbush_01-08/Figure Skater Is New Envoy Of Good Will Overseas.txt,0.9682122133672237,0.9852232038974762,16,6,22
Fine China.txt,/content/drive/MyDrive/extracted_files/gwbush_01-08/Fine China.txt,0.9454191426436106,0.9733146209465829,30,38,68
"Fire Breathing, a Dragon and a World of Geopolitics for the Lunar New Year.txt","/content/drive/MyDrive/extracted_files/gwbush_01-08/Fire Breathing, a Dragon and a World of Geopolitics for the Lunar New Year.txt",0.9782876241952181,0.976678056376321,32,21,53
Fire in Bar Kills 25 In Southern China.txt,/content/drive/MyDrive/extracted_files/gwbush_01-08/Fire in Bar Kills 25 In Southern China.txt,0.6943588852882385,0.98139488697052,1,3,4
"Fish Wrap, Bird Cage Liner, Still Life.txt","/content/drive/MyDrive/extracted_files/gwbush_01-08/Fish Wrap, Bird Cage Liner, Still Life.txt",0.9771004992146646,0.9735721548398336,31,12,43
Five Arrested in Collapse of China Aviation Oil in 2004.txt,/content/drive/MyDrive/extracted_files/gwbush_01-08/Five Arrested in Collapse of China Aviation Oil in 2004.txt,0.9112664858500162,0.9595644734799862,6,16,22
Fixing Our Economy By Fixing Up Our Workers_Paul Krugman.txt,/content/drive/MyDrive/extracted_files/gwbush_01-08/Fixing Our Economy By Fixing Up Our Workers_Paul Krugman.txt,0.9465414452552795,0.9544495181603865,25,55,80
"Flush With Cash, More Asian Tourists Flock to Japan.txt","/content/drive/MyDrive/extracted_files/gwbush_01-08/Flush With Cash, More Asian Tourists Flock to Japan.txt",0.9824989053510851,0.9583850673266819,31,21,52
Flying Avatars Admire the Artwork.txt,/content/drive/MyDrive/extracted_files/gwbush_01-08/Flying Avatars Admire the Artwork.txt,0.9827812989552815,0.9403158873319626,30,12,42
FOOD STUFF_China Extends Olive Branch to Chatham Square.txt,/content/drive/MyDrive/extracted_files/gwbush_01-08/FOOD STUFF_China Extends Olive Branch to Chatham Square.txt,0.8520896633466085,0.9549376606941223,3,5,8
Food-Safety Crackdown In China.txt,/content/drive/MyDrive/extracted_files/gwbush_01-08/Food-Safety Crackdown In China.txt,0.9881664216518402,0.9615263815583854,2,29,31
"For American Investors, New Paths to South Africa.txt","/content/drive/MyDrive/extracted_files/gwbush_01-08/For American Investors, New Paths to South Africa.txt",0.9807518942411556,0.9459723114967347,43,10,53
"For Bush, Loss of Jobs May Erode Support.txt","/content/drive/MyDrive/extracted_files/gwbush_01-08/For Bush, Loss of Jobs May Erode Support.txt",0.9540449470281601,0.9797809345381601,20,35,55
"For Foreign Companies in China, a Rising Yuan Is Hard to Swallow.txt","/content/drive/MyDrive/extracted_files/gwbush_01-08/For Foreign Companies in China, a Rising Yuan Is Hard to Swallow.txt",0.9670020028164512,0.96075439453125,19,25,44
"For Japan and China, Strains From a Line in the Sea.txt","/content/drive/MyDrive/extracted_files/gwbush_01-08/For Japan and China, Strains From a Line in the Sea.txt",0.9678483066104707,0.9320657327771187,21,32,53
"For Schilling, A Premier Pitching Line.txt","/content/drive/MyDrive/extracted_files/gwbush_01-08/For Schilling, A Premier Pitching Line.txt",0.9904542530284208,0.9502566183606783,17,24,41
"Foreign Enrollment Declines At Universities, Surveys Say.txt","/content/drive/MyDrive/extracted_files/gwbush_01-08/Foreign Enrollment Declines At Universities, Surveys Say.txt",0.951313279569149,0.9822920846939087,8,25,33
Fortune_s Sisters.txt,/content/drive/MyDrive/extracted_files/gwbush_01-08/Fortune_s Sisters.txt,0.9397658185525374,0.9405015489229789,55,52,107
Four Strong Emerging Markets. But How to Play Them_.txt,/content/drive/MyDrive/extracted_files/gwbush_01-08/Four Strong Emerging Markets. But How to Play Them_.txt,0.9466033232839484,0.9556161133866561,19,38,57
Free Trade Pact in Americas Faces Trouble.txt,/content/drive/MyDrive/extracted_files/gwbush_01-08/Free Trade Pact in Americas Faces Trouble.txt,0.9149623555796487,0.9626159690893613,14,26,40
Freed From Guantanamo but Stranded Far From Home.txt,/content/drive/MyDrive/extracted_files/gwbush_01-08/Freed From Guantanamo but Stranded Far From Home.txt,0.9646806692083677,0.9397867783904076,24,40,64
French Envoys To Try to Patch Ties to China.txt,/content/drive/MyDrive/extracted_files/gwbush_01-08/French Envoys To Try to Patch Ties to China.txt,0.9618569016456604,0.9742855727672577,5,2,7
FRESH CONCERNS ON ATOMIC MOVES BY NORTH KOREA.txt,/content/drive/MyDrive/extracted_files/gwbush_01-08/FRESH CONCERNS ON ATOMIC MOVES BY NORTH KOREA.txt,0.8921897241047451,0.9561795875430107,7,40,47
Freud Meets Buddha_ Therapy for Immigrants_Disorders From the East Emerge Here.txt,/content/drive/MyDrive/extracted_files/gwbush_01-08/Freud Meets Buddha_ Therapy for Immigrants_Disorders From the East Emerge Here.txt,0.9544652038150363,0.9692232370376587,27,35,62
From a Lead Role in a Cage to Freedom and Anomie.txt,/content/drive/MyDrive/extracted_files/gwbush_01-08/From a Lead Role in a Cage to Freedom and Anomie.txt,0.948875496784846,0.972940032075091,24,41,65
"From Asian Needles, a Wonder of Stitches.txt","/content/drive/MyDrive/extracted_files/gwbush_01-08/From Asian Needles, a Wonder of Stitches.txt",0.9217924237251282,0.8786417733539235,15,11,26
"From the North, He Brings Secrets of China, and Some of His Own.txt","/content/drive/MyDrive/extracted_files/gwbush_01-08/From the North, He Brings Secrets of China, and Some of His Own.txt",0.9913427025079727,0.8279744386672974,20,4,24
G.M. Is Expected to Announce Expansion in Thailand.txt,/content/drive/MyDrive/extracted_files/gwbush_01-08/G.M. Is Expected to Announce Expansion in Thailand.txt,0.9492629265785217,0.9140725100741667,25,17,42
"G.M. Thrives in China With Small, Thrifty Vans.txt","/content/drive/MyDrive/extracted_files/gwbush_01-08/G.M. Thrives in China With Small, Thrifty Vans.txt",0.9767895977605473,0.9602877724738348,44,42,86
"Gain Experience, Then Look Abroad.txt","/content/drive/MyDrive/extracted_files/gwbush_01-08/Gain Experience, Then Look Abroad.txt",0.992201179265976,0.9426886558532714,6,10,16
Galloping in the Hoofprints of Genghis Khan.txt,/content/drive/MyDrive/extracted_files/gwbush_01-08/Galloping in the Hoofprints of Genghis Khan.txt,0.94125063930239,0.9636327849059808,49,61,110
Gas Producer Posts Profit.txt,/content/drive/MyDrive/extracted_files/gwbush_01-08/Gas Producer Posts Profit.txt,0.9970396757125854,0.9963444173336029,3,2,5
Germans Seek Role in China Rail Project.txt,/content/drive/MyDrive/extracted_files/gwbush_01-08/Germans Seek Role in China Rail Project.txt,0.9880415030888149,0.9656127360132005,7,9,16
"Gingerly, U.S. and China Plan To Strengthen Military Ties.txt","/content/drive/MyDrive/extracted_files/gwbush_01-08/Gingerly, U.S. and China Plan To Strengthen Military Ties.txt",0.9860424300034841,0.9419108141552318,6,11,17
Global Reaction to Missile Plan Is Cautious.txt,/content/drive/MyDrive/extracted_files/gwbush_01-08/Global Reaction to Missile Plan Is Cautious.txt,0.9209549129009247,0.9549593644983628,14,17,31
Global Survey Finds Shift In Attitudes Toward U.S.txt,/content/drive/MyDrive/extracted_files/gwbush_01-08/Global Survey Finds Shift In Attitudes Toward U.S.txt,0.9436864972114563,0.9455121755599976,15,18,33
Goal in Injury Time Makes U.S. Men Wait to Clinch.txt,/content/drive/MyDrive/extracted_files/gwbush_01-08/Goal in Injury Time Makes U.S. Men Wait to Clinch.txt,0.9460528303276409,0.9227899819612503,22,20,42
Good Guy Is Forgotten In Bad Week for Sports.txt,/content/drive/MyDrive/extracted_files/gwbush_01-08/Good Guy Is Forgotten In Bad Week for Sports.txt,0.9196061525079939,0.9269430908289823,18,22,40
Google Makes Another Investment in the Internet in China.txt,/content/drive/MyDrive/extracted_files/gwbush_01-08/Google Makes Another Investment in the Internet in China.txt,0.9534306406974793,0.9490803196316674,20,21,41
Gore Warns Congressional Panels of _Planetary Emergency_ on Global Warming.txt,/content/drive/MyDrive/extracted_files/gwbush_01-08/Gore Warns Congressional Panels of _Planetary Emergency_ on Global Warming.txt,0.9925381757996299,0.9390435218811035,11,24,35
GRASS-ROOTS BUSINESS_The Capital of Oom-Pah-Pah.txt,/content/drive/MyDrive/extracted_files/gwbush_01-08/GRASS-ROOTS BUSINESS_The Capital of Oom-Pah-Pah.txt,0.9332933227221171,0.9229830230985369,30,35,65
Green Tinge Is Attracting Seed Money To Ventures.txt,/content/drive/MyDrive/extracted_files/gwbush_01-08/Green Tinge Is Attracting Seed Money To Ventures.txt,0.956380802042344,0.943137131355427,34,27,61
HACKERS_Government Tells Vigilantes Their _Help_ Isn_t Necessary.txt,/content/drive/MyDrive/extracted_files/gwbush_01-08/HACKERS_Government Tells Vigilantes Their _Help_ Isn_t Necessary.txt,0.9671260118484497,0.987207775314649,3,12,15
Happy to Be Working and Ready to Spend Some Money.txt,/content/drive/MyDrive/extracted_files/gwbush_01-08/Happy to Be Working and Ready to Spend Some Money.txt,0.9307175986468792,0.9574487623961075,16,23,39
Have Frequent-Flier Miles_ Use Them or Lose Them.txt,/content/drive/MyDrive/extracted_files/gwbush_01-08/Have Frequent-Flier Miles_ Use Them or Lose Them.txt,0.9322221113575829,0.9458934613636562,18,35,53
"Have Supercomputer, Will Travel.txt","/content/drive/MyDrive/extracted_files/gwbush_01-08/Have Supercomputer, Will Travel.txt",0.9638222505648931,0.9459939002990723,36,22,58
Help With Reactor Included In European Offer to Iran.txt,/content/drive/MyDrive/extracted_files/gwbush_01-08/Help With Reactor Included In European Offer to Iran.txt,0.9777103066444397,0.972430619597435,7,20,27
Hip Side of an Old-Style Street.txt,/content/drive/MyDrive/extracted_files/gwbush_01-08/Hip Side of an Old-Style Street.txt,0.9792474017423742,0.9615250130494436,17,12,29
Historian Sentenced to 13 Years in Chinese Prison.txt,/content/drive/MyDrive/extracted_files/gwbush_01-08/Historian Sentenced to 13 Years in Chinese Prison.txt,0.968093141913414,0.9804758787155151,4,15,19
Hollywood Movie Studios See the Chinese Film Market as Their Next Rising Star.txt,/content/drive/MyDrive/extracted_files/gwbush_01-08/Hollywood Movie Studios See the Chinese Film Market as Their Next Rising Star.txt,0.9777916358275847,0.9561549644721182,44,19,63
"HOME FRONT_Job Training That Works, and It_s Free.txt","/content/drive/MyDrive/extracted_files/gwbush_01-08/HOME FRONT_Job Training That Works, and It_s Free.txt",0.9636171181996663,0.9448762834072113,15,12,27
HOME VIDEO_A Spiritual Trek For Salt in Tibet.txt,/content/drive/MyDrive/extracted_files/gwbush_01-08/HOME VIDEO_A Spiritual Trek For Salt in Tibet.txt,0.9943098480051215,0.9628565137585005,11,24,35
"Homeowner Stares Down Wreckers, at Least for a While.txt","/content/drive/MyDrive/extracted_files/gwbush_01-08/Homeowner Stares Down Wreckers, at Least for a While.txt",0.9766874578264024,0.9626362543357047,27,19,46
Hong Kong Chief Resigns_ Deputy Will Assume Post.txt,/content/drive/MyDrive/extracted_files/gwbush_01-08/Hong Kong Chief Resigns_ Deputy Will Assume Post.txt,0.9425536502491344,0.9831771585676405,22,9,31
Hong Kong Democracy Forces Earn Modest Gains in Vote.txt,/content/drive/MyDrive/extracted_files/gwbush_01-08/Hong Kong Democracy Forces Earn Modest Gains in Vote.txt,0.9246271451314291,0.9354698601223174,18,21,39
"Hong Kong Journal_For Raising Skyscrapers, Bamboo Does Nicely.txt","/content/drive/MyDrive/extracted_files/gwbush_01-08/Hong Kong Journal_For Raising Skyscrapers, Bamboo Does Nicely.txt",0.9217491000890732,0.9495627345709965,32,29,61
Hong Kong Moves Ahead On Tightening Security Laws.txt,/content/drive/MyDrive/extracted_files/gwbush_01-08/Hong Kong Moves Ahead On Tightening Security Laws.txt,0.8787423729896545,0.9424026399850846,5,20,25
Hong Kong Protesters Demand Free Elections.txt,/content/drive/MyDrive/extracted_files/gwbush_01-08/Hong Kong Protesters Demand Free Elections.txt,0.9068794101476669,0.9934953588705796,4,13,17
Hong Kong Ready to Involve Beijing in Coming Vote for Executive.txt,/content/drive/MyDrive/extracted_files/gwbush_01-08/Hong Kong Ready to Involve Beijing in Coming Vote for Executive.txt,0.8193745374679565,0.9514735080301762,5,16,21
"Hong Kong Set to Be No. 1 in 2006 Offerings, Surpassing London and New York.txt","/content/drive/MyDrive/extracted_files/gwbush_01-08/Hong Kong Set to Be No. 1 in 2006 Offerings, Surpassing London and New York.txt",0.9425732273804514,0.9742955971847881,19,22,41
Hong Kong Warns of Strong Storm Ahead of Games.txt,/content/drive/MyDrive/extracted_files/gwbush_01-08/Hong Kong Warns of Strong Storm Ahead of Games.txt,0.9605528265237808,0.8854156533877054,4,12,16
HONG KONG_ FOUR SEASONS.txt,/content/drive/MyDrive/extracted_files/gwbush_01-08/HONG KONG_ FOUR SEASONS.txt,0.9583073116484142,0.9707676023244858,21,4,25
Hong Kong_s Luxury Alley.txt,/content/drive/MyDrive/extracted_files/gwbush_01-08/Hong Kong_s Luxury Alley.txt,0.982850615467344,0.9304452498753866,14,15,29
Hong Kong_s Queen of Pulp Moves On.txt,/content/drive/MyDrive/extracted_files/gwbush_01-08/Hong Kong_s Queen of Pulp Moves On.txt,0.9939189496494475,0.9565420746803284,21,15,36
How a Stronger Yuan Could Hurt the U.S.txt,/content/drive/MyDrive/extracted_files/gwbush_01-08/How a Stronger Yuan Could Hurt the U.S.txt,0.9243912249803543,0.9487186512526344,8,34,42
How Do You Say Shank in Mandarin_.txt,/content/drive/MyDrive/extracted_files/gwbush_01-08/How Do You Say Shank in Mandarin_.txt,0.9646204024289562,0.963498220815287,113,77,190
How to Outwit the World_s Internet Censors.txt,/content/drive/MyDrive/extracted_files/gwbush_01-08/How to Outwit the World_s Internet Censors.txt,0.9225986174174717,0.9968478778998057,7,12,19
How_s China Doing_ Yardsticks You Never Thought Of.txt,/content/drive/MyDrive/extracted_files/gwbush_01-08/How_s China Doing_ Yardsticks You Never Thought Of.txt,0.9621306737263997,0.9466075504368002,15,44,59
HSBC and Partner Offer Credit Card in China.txt,/content/drive/MyDrive/extracted_files/gwbush_01-08/HSBC and Partner Offer Credit Card in China.txt,0.9167196187708113,0.8412446439266205,18,10,28
Hundreds Feared Dead in Chinese Floods.txt,/content/drive/MyDrive/extracted_files/gwbush_01-08/Hundreds Feared Dead in Chinese Floods.txt,,0.9946513043509589,0,9,9
"I.B.M. Sought a China Partnership, Not Just a Sale.txt","/content/drive/MyDrive/extracted_files/gwbush_01-08/I.B.M. Sought a China Partnership, Not Just a Sale.txt",0.9667057044922359,0.9460577045877775,63,48,111
"Ideas & Trends_ When Lies Kill_In China, the Right to Truth Meets Life and Death.txt","/content/drive/MyDrive/extracted_files/gwbush_01-08/Ideas & Trends_ When Lies Kill_In China, the Right to Truth Meets Life and Death.txt",0.8818485396248954,0.9695072642394474,14,42,56
"In a First, the Stones Rock China, but Hold the Brown Sugar.txt","/content/drive/MyDrive/extracted_files/gwbush_01-08/In a First, the Stones Rock China, but Hold the Brown Sugar.txt",0.987452651325025,0.9361972458222333,19,17,36
"In a New Merger, Evidence of How Much the Gaming World Has Changed.txt","/content/drive/MyDrive/extracted_files/gwbush_01-08/In a New Merger, Evidence of How Much the Gaming World Has Changed.txt",0.9443703861463637,0.928061609918421,21,11,32
"In a Surprise, Chief Who Steered Vodafone Toward Growth Resigns.txt","/content/drive/MyDrive/extracted_files/gwbush_01-08/In a Surprise, Chief Who Steered Vodafone Toward Growth Resigns.txt",0.9921502641269139,0.9910516192515691,14,12,26
"In Ancient Alleys, Modern Comforts.txt","/content/drive/MyDrive/extracted_files/gwbush_01-08/In Ancient Alleys, Modern Comforts.txt",0.9726619807685294,0.9438369907438755,41,32,73
"In Blow to President, Judge Orders 17 Detainees at Guantanamo Freed.txt","/content/drive/MyDrive/extracted_files/gwbush_01-08/In Blow to President, Judge Orders 17 Detainees at Guantanamo Freed.txt",0.9109262355736324,0.9600807229677836,14,36,50
"In Ceremony With No Surprises, China Formally Changes Leaders.txt","/content/drive/MyDrive/extracted_files/gwbush_01-08/In Ceremony With No Surprises, China Formally Changes Leaders.txt",0.939203177179609,0.8629659215609232,7,6,13
"In China, a Musical Star Is Waiting to Be Born.txt","/content/drive/MyDrive/extracted_files/gwbush_01-08/In China, a Musical Star Is Waiting to Be Born.txt",0.9512127935886383,0.9166176822036505,38,32,70
"In Global Race, G.M. Wins by a Day of Pickup Sales.txt","/content/drive/MyDrive/extracted_files/gwbush_01-08/In Global Race, G.M. Wins by a Day of Pickup Sales.txt",0.9578423798084259,0.9543620414204068,32,27,59
"In Japan, a Leadership Vacuum.txt","/content/drive/MyDrive/extracted_files/gwbush_01-08/In Japan, a Leadership Vacuum.txt",0.88820099234581,0.9886769435622476,10,11,21
"In Koreas, High Hopes for an Industrial Marriage.txt","/content/drive/MyDrive/extracted_files/gwbush_01-08/In Koreas, High Hopes for an Industrial Marriage.txt",0.9376788713313915,0.9501136299222708,27,32,59
"In Magazine Interview, Kerry Says He Owns Assault Rifle.txt","/content/drive/MyDrive/extracted_files/gwbush_01-08/In Magazine Interview, Kerry Says He Owns Assault Rifle.txt",0.9246338340971205,0.9558190760158357,9,21,30
"In Major Shift, China May Let Peasants Sell Rights to Farmland.txt","/content/drive/MyDrive/extracted_files/gwbush_01-08/In Major Shift, China May Let Peasants Sell Rights to Farmland.txt",0.9441293134139135,0.9644012649854025,26,27,53
"In Party_s Afterglow, Instant Nostalgia Reigns.txt","/content/drive/MyDrive/extracted_files/gwbush_01-08/In Party_s Afterglow, Instant Nostalgia Reigns.txt",0.9939855366945267,0.9566991283343389,20,26,46
"In Reversal, Graduate School Applications From Foreigners Rise.txt","/content/drive/MyDrive/extracted_files/gwbush_01-08/In Reversal, Graduate School Applications From Foreigners Rise.txt",0.9763629181044442,0.9835305724825177,7,7,14
"In Shift, China Says It Is Ready To Meet Envoys of Dalai Lama.txt","/content/drive/MyDrive/extracted_files/gwbush_01-08/In Shift, China Says It Is Ready To Meet Envoys of Dalai Lama.txt",0.9299955823842216,0.951673251209837,17,33,50
"In Taiwan Ballot, Ties With Beijing Seem to Be a Winner.txt","/content/drive/MyDrive/extracted_files/gwbush_01-08/In Taiwan Ballot, Ties With Beijing Seem to Be a Winner.txt",0.94930150359869,0.9812639113515615,8,32,40
"In the Eyes of a Sickly Baby Girl, My First Lesson in Motherhood.txt","/content/drive/MyDrive/extracted_files/gwbush_01-08/In the Eyes of a Sickly Baby Girl, My First Lesson in Motherhood.txt",0.9468035155108997,0.9631884232873008,56,84,140
"In Their Adopted Land, Discovering the Land of Their Birth.txt","/content/drive/MyDrive/extracted_files/gwbush_01-08/In Their Adopted Land, Discovering the Land of Their Birth.txt",0.9211594689460028,0.9198322415351867,21,20,41
"In Tight Security, Olympic Torch Passes Through Delhi.txt","/content/drive/MyDrive/extracted_files/gwbush_01-08/In Tight Security, Olympic Torch Passes Through Delhi.txt",0.971489143371582,0.9085666494710105,5,14,19
"In Vietnam, Forbidden Love and Literature.txt","/content/drive/MyDrive/extracted_files/gwbush_01-08/In Vietnam, Forbidden Love and Literature.txt",0.9336792899341118,0.9609041619808116,41,47,88
"In Vietnam, Putin Finds An Old Ally In a New Role.txt","/content/drive/MyDrive/extracted_files/gwbush_01-08/In Vietnam, Putin Finds An Old Ally In a New Role.txt",0.9417954683303833,0.9702668562531471,7,16,23
"In Winter, The City Almost Sleeps_Reaping the Harvest Of a Snowy Garden.txt","/content/drive/MyDrive/extracted_files/gwbush_01-08/In Winter, The City Almost Sleeps_Reaping the Harvest Of a Snowy Garden.txt",0.9872880280017853,0.9587553831247183,14,13,27
India Test-Fires a Nuclear-Capable Missile.txt,/content/drive/MyDrive/extracted_files/gwbush_01-08/India Test-Fires a Nuclear-Capable Missile.txt,0.992615208029747,0.9706720113754272,4,5,9
Indian Turbine Maker Becomes World Class as Rising Economies Discover New Source of Wealth.txt,/content/drive/MyDrive/extracted_files/gwbush_01-08/Indian Turbine Maker Becomes World Class as Rising Economies Discover New Source of Wealth.txt,0.9661523269282447,0.9529269337654114,36,39,75
Indonesian Food Giant Undergoes a Transformation as the Political Winds Shift.txt,/content/drive/MyDrive/extracted_files/gwbush_01-08/Indonesian Food Giant Undergoes a Transformation as the Political Winds Shift.txt,0.9781219814762925,0.9498347306251526,33,25,58
"Inflation in Most Everything, Except the Dollar.txt","/content/drive/MyDrive/extracted_files/gwbush_01-08/Inflation in Most Everything, Except the Dollar.txt",0.8898181617259979,0.9390982650220394,14,32,46
"INSIDE THE TIMES_ JULY 22, 2008.txt","/content/drive/MyDrive/extracted_files/gwbush_01-08/INSIDE THE TIMES_ JULY 22, 2008.txt",0.9348929524421692,0.9577588168057528,9,11,20
Insurance Seems the Hinge On China_s W.T.O. Entry.txt,/content/drive/MyDrive/extracted_files/gwbush_01-08/Insurance Seems the Hinge On China_s W.T.O. Entry.txt,0.9498069956898689,0.9810822904109955,16,16,32
International Business_A Hangover in South Korea After a Binge on Credit.txt,/content/drive/MyDrive/extracted_files/gwbush_01-08/International Business_A Hangover in South Korea After a Binge on Credit.txt,0.9301953474680583,0.9627075118403281,15,31,46
INTERNATIONAL BUSINESS_China Feud Has New Risks For Taiwan.txt,/content/drive/MyDrive/extracted_files/gwbush_01-08/INTERNATIONAL BUSINESS_China Feud Has New Risks For Taiwan.txt,0.9670852706545875,0.9779678217826351,21,31,52
INTERNATIONAL BUSINESS_Japan_s Premier Tours Asia to Promote Trade Bloc.txt,/content/drive/MyDrive/extracted_files/gwbush_01-08/INTERNATIONAL BUSINESS_Japan_s Premier Tours Asia to Promote Trade Bloc.txt,0.9459404312074184,0.9662778211964501,16,18,34
Internet Firms Facing Questions About Censoring Online Searches in China.txt,/content/drive/MyDrive/extracted_files/gwbush_01-08/Internet Firms Facing Questions About Censoring Online Searches in China.txt,0.9362912699580193,0.9679775536060333,8,36,44
Internet Lions Turn Paper Tiger in China.txt,/content/drive/MyDrive/extracted_files/gwbush_01-08/Internet Lions Turn Paper Tiger in China.txt,0.9526273257592145,0.9859988468033927,17,35,52
Internet Portal in China Buys Share of Ad Firm.txt,/content/drive/MyDrive/extracted_files/gwbush_01-08/Internet Portal in China Buys Share of Ad Firm.txt,0.9839239493012428,0.9674665223468434,8,11,19
Internet-Age Detective on the Trail of Gymnasts.txt,/content/drive/MyDrive/extracted_files/gwbush_01-08/Internet-Age Detective on the Trail of Gymnasts.txt,0.9375791549682617,0.9727032172913644,16,51,67
Investigation Into Ages of Gymnasts Still Under Way.txt,/content/drive/MyDrive/extracted_files/gwbush_01-08/Investigation Into Ages of Gymnasts Still Under Way.txt,0.9311173193984561,0.9486871957778931,18,11,29
INVESTING WITH_ Anthony L.T. Cragg_Strong Asia Pacific Fund.txt,/content/drive/MyDrive/extracted_files/gwbush_01-08/INVESTING WITH_ Anthony L.T. Cragg_Strong Asia Pacific Fund.txt,0.9476170778274536,0.9604659453034401,15,16,31
Iran Displays a Softer Side.txt,/content/drive/MyDrive/extracted_files/gwbush_01-08/Iran Displays a Softer Side.txt,0.9470529699325562,0.9280738681554794,25,12,37
Iran Seeks Talks But Rejects Nuclear Freeze.txt,/content/drive/MyDrive/extracted_files/gwbush_01-08/Iran Seeks Talks But Rejects Nuclear Freeze.txt,0.9837417721748352,0.9666840488260443,10,22,32
Iran Warns Against Sanctions As Move in Nuclear Standoff.txt,/content/drive/MyDrive/extracted_files/gwbush_01-08/Iran Warns Against Sanctions As Move in Nuclear Standoff.txt,0.9710388680299123,0.9840467401913234,6,21,27
Iranian Official Pushes Nuclear Talks Back to Square 1.txt,/content/drive/MyDrive/extracted_files/gwbush_01-08/Iranian Official Pushes Nuclear Talks Back to Square 1.txt,0.9272360920906066,0.9753540930924592,5,27,32
Ireland Uses Incentives To Help Start-Ups Flourish.txt,/content/drive/MyDrive/extracted_files/gwbush_01-08/Ireland Uses Incentives To Help Start-Ups Flourish.txt,0.9342579465163382,0.9184820983144972,38,9,47
Italian Bridge Team Leads Bermuda Bowl.txt,/content/drive/MyDrive/extracted_files/gwbush_01-08/Italian Bridge Team Leads Bermuda Bowl.txt,0.9553080038590864,0.9914864301681519,11,1,12
Italians Show Why They_re World Champions.txt,/content/drive/MyDrive/extracted_files/gwbush_01-08/Italians Show Why They_re World Champions.txt,0.950343519449234,0.9898953914642334,26,15,41
It_s a Dog_s Life. And a Chimp_s. And Feb. 11-17.txt,/content/drive/MyDrive/extracted_files/gwbush_01-08/It_s a Dog_s Life. And a Chimp_s. And Feb. 11-17.txt,0.8787445525328318,0.9563441493294456,6,11,17
Japan and China Near Agreement on Offshore Gas Fields.txt,/content/drive/MyDrive/extracted_files/gwbush_01-08/Japan and China Near Agreement on Offshore Gas Fields.txt,0.8958440124988556,0.9188029964764913,8,12,20
Japan and China_ National Character Writ Large.txt,/content/drive/MyDrive/extracted_files/gwbush_01-08/Japan and China_ National Character Writ Large.txt,0.9063407027203104,0.9777693033218384,23,30,53
Japan and Korea Like Taste of World Cup.txt,/content/drive/MyDrive/extracted_files/gwbush_01-08/Japan and Korea Like Taste of World Cup.txt,0.973581251502037,0.9468891223271688,20,12,32
"Japan Detains 2 North Korean Ships, Part of Pressure Strategy.txt","/content/drive/MyDrive/extracted_files/gwbush_01-08/Japan Detains 2 North Korean Ships, Part of Pressure Strategy.txt",0.989321380853653,0.9604606429735819,2,18,20
Japan Joins South Korea in Advancing.txt,/content/drive/MyDrive/extracted_files/gwbush_01-08/Japan Joins South Korea in Advancing.txt,0.9498050014177958,,9,0,9
Japan Now Seems Likely to Rally Behind New Prime Minister_s Call for a Stronger Military.txt,/content/drive/MyDrive/extracted_files/gwbush_01-08/Japan Now Seems Likely to Rally Behind New Prime Minister_s Call for a Stronger Military.txt,0.9831458131472269,0.9638431320587794,9,24,33
Japanese Premier Makes Gift to War Shrine But Does Not Visit.txt,/content/drive/MyDrive/extracted_files/gwbush_01-08/Japanese Premier Makes Gift to War Shrine But Does Not Visit.txt,0.9441812038421631,0.9416362004620689,11,14,25
Japanese Shift Cash Out of U.S. Investments.txt,/content/drive/MyDrive/extracted_files/gwbush_01-08/Japanese Shift Cash Out of U.S. Investments.txt,0.9161438242248867,0.959121045741168,23,22,45
Japan_s Foreign Minister Is Fired After Months of Feuding.txt,/content/drive/MyDrive/extracted_files/gwbush_01-08/Japan_s Foreign Minister Is Fired After Months of Feuding.txt,0.9399186313152313,0.9644561280374941,10,23,33
Japan_s Retooling Is Distinctly Japanese.txt,/content/drive/MyDrive/extracted_files/gwbush_01-08/Japan_s Retooling Is Distinctly Japanese.txt,0.916747944355011,0.9273841258357552,25,34,59
Japan_s Used Cars Find New Lives On Russian Roads.txt,/content/drive/MyDrive/extracted_files/gwbush_01-08/Japan_s Used Cars Find New Lives On Russian Roads.txt,0.9154289841651917,0.9504084878779472,25,47,72
Jeans Engineering.txt,/content/drive/MyDrive/extracted_files/gwbush_01-08/Jeans Engineering.txt,0.9374572436014811,0.9858253053996874,9,23,32
July 8-14_2008 Olympics for China.txt,/content/drive/MyDrive/extracted_files/gwbush_01-08/July 8-14_2008 Olympics for China.txt,0.9967274864514669,0.9765412509441376,3,2,5
"Just Another Quick-Witted, Egg-Roll-Joke-Making, Insult-Hurling Chinese-American Rapper.txt","/content/drive/MyDrive/extracted_files/gwbush_01-08/Just Another Quick-Witted, Egg-Roll-Joke-Making, Insult-Hurling Chinese-American Rapper.txt",0.9679895729729624,0.95427081361413,99,96,195
Kazmir Says He_s Happy With Outing.txt,/content/drive/MyDrive/extracted_files/gwbush_01-08/Kazmir Says He_s Happy With Outing.txt,0.9256706039110819,0.9891293048858643,9,1,10
Keflezighi and Liu to Run In Races in New York.txt,/content/drive/MyDrive/extracted_files/gwbush_01-08/Keflezighi and Liu to Run In Races in New York.txt,0.9967492307935443,,7,0,7
Kleiner Perkins to Expand With Two Offices in China.txt,/content/drive/MyDrive/extracted_files/gwbush_01-08/Kleiner Perkins to Expand With Two Offices in China.txt,0.9635789340192621,0.9996024966239929,11,1,12
Koizumi Aide Hints at Change to No-Nuclear Policy.txt,/content/drive/MyDrive/extracted_files/gwbush_01-08/Koizumi Aide Hints at Change to No-Nuclear Policy.txt,0.9473413129647573,0.9747376561164856,6,10,16
"Lacking in Big Names, Greece and Croatia Move On to Beijing.txt","/content/drive/MyDrive/extracted_files/gwbush_01-08/Lacking in Big Names, Greece and Croatia Move On to Beijing.txt",0.9846102197964987,0.9586312890052795,15,10,25
Language Boot Camp Fills a Void.txt,/content/drive/MyDrive/extracted_files/gwbush_01-08/Language Boot Camp Fills a Void.txt,0.919842474600848,0.9049056257520404,17,21,38
LAS VEGAS PUSH.txt,/content/drive/MyDrive/extracted_files/gwbush_01-08/LAS VEGAS PUSH.txt,0.759571835398674,0.9593693614006042,4,9,13
"Last Stop, Lhasa_ Rail Link Ties Remote Tibet to China.txt","/content/drive/MyDrive/extracted_files/gwbush_01-08/Last Stop, Lhasa_ Rail Link Ties Remote Tibet to China.txt",0.9739156645887038,0.965787931283315,17,15,32
"Latin America -- Hey, Remember Us, Right Next Door_.txt","/content/drive/MyDrive/extracted_files/gwbush_01-08/Latin America -- Hey, Remember Us, Right Next Door_.txt",0.9542521178722382,0.9841230937412807,10,7,17
Lawsuit Involving Bribery Preceded Bank Resignation.txt,/content/drive/MyDrive/extracted_files/gwbush_01-08/Lawsuit Involving Bribery Preceded Bank Resignation.txt,,0.9663552939891815,0,12,12
Leaders of Europe and Asia Call for Joint Economic Action.txt,/content/drive/MyDrive/extracted_files/gwbush_01-08/Leaders of Europe and Asia Call for Joint Economic Action.txt,0.9132734753868796,0.973869780699412,11,6,17
Leading Chinese Advocate of Democracy and Human Rights Wins European Prize.txt,/content/drive/MyDrive/extracted_files/gwbush_01-08/Leading Chinese Advocate of Democracy and Human Rights Wins European Prize.txt,0.9689724037521764,0.9466089121997356,19,32,51
Leading Chinese TV Exporter Has Huge Loss.txt,/content/drive/MyDrive/extracted_files/gwbush_01-08/Leading Chinese TV Exporter Has Huge Loss.txt,0.981086790561676,0.9727537711461385,8,30,38
Legacy of Growth and Tight Control.txt,/content/drive/MyDrive/extracted_files/gwbush_01-08/Legacy of Growth and Tight Control.txt,0.9900729443345752,0.9546144038438797,28,20,48
Lenovo Evolves With Its I.B.M. PC Unit in Tow.txt,/content/drive/MyDrive/extracted_files/gwbush_01-08/Lenovo Evolves With Its I.B.M. PC Unit in Tow.txt,0.9488790212450801,0.910203605890274,37,20,57
Leshan Journal_Lending an Ear to a Professional Can Be Relaxing.txt,/content/drive/MyDrive/extracted_files/gwbush_01-08/Leshan Journal_Lending an Ear to a Professional Can Be Relaxing.txt,0.9587804362887428,0.9607471585273742,21,20,41
LETTER FROM ASIA_China Is Romping With the Neighbors (U.S. Is Distracted).txt,/content/drive/MyDrive/extracted_files/gwbush_01-08/LETTER FROM ASIA_China Is Romping With the Neighbors (U.S. Is Distracted).txt,0.9424484644617354,0.9159229119618734,35,15,50
"LETTER FROM ASIA_Seoul Has Big Plans for North Korea (Nightmares, Too).txt","/content/drive/MyDrive/extracted_files/gwbush_01-08/LETTER FROM ASIA_Seoul Has Big Plans for North Korea (Nightmares, Too).txt",0.9413003253936768,0.9605906820297241,25,25,50
Life Term in China Sect Case.txt,/content/drive/MyDrive/extracted_files/gwbush_01-08/Life Term in China Sect Case.txt,,0.9921878337860107,0,5,5
"Like 76 Trombones, Multiple Pianos Make a Formidable Sound.txt","/content/drive/MyDrive/extracted_files/gwbush_01-08/Like 76 Trombones, Multiple Pianos Make a Formidable Sound.txt",0.9744002511424403,0.9647425327982221,31,21,52
Limits Are Seen to a Decade of Expansion as Japan_s Growth Is Revised Downward.txt,/content/drive/MyDrive/extracted_files/gwbush_01-08/Limits Are Seen to a Decade of Expansion as Japan_s Growth Is Revised Downward.txt,0.9414977182944616,0.9804875073225602,12,23,35
"Living With Cancer, and Swimming in Its Shadow.txt","/content/drive/MyDrive/extracted_files/gwbush_01-08/Living With Cancer, and Swimming in Its Shadow.txt",0.9838746734287428,0.9356000754568312,23,27,50
Loan to Georgia Illustrates Asian Dismay With Russia.txt,/content/drive/MyDrive/extracted_files/gwbush_01-08/Loan to Georgia Illustrates Asian Dismay With Russia.txt,0.957237320286887,0.9336082004010677,7,16,23
Long-Distance Train Expeditions on the Grand Scale.txt,/content/drive/MyDrive/extracted_files/gwbush_01-08/Long-Distance Train Expeditions on the Grand Scale.txt,0.9446869691212972,0.9284548163414001,9,4,13
"Looking for Friendly Overseas Base, Pentagon Finds It Already Has One.txt","/content/drive/MyDrive/extracted_files/gwbush_01-08/Looking for Friendly Overseas Base, Pentagon Finds It Already Has One.txt",0.9421770787901349,0.9390534393249019,36,31,67
"Lucent, Motorola and 8 More to Supply China Cellular Growth.txt","/content/drive/MyDrive/extracted_files/gwbush_01-08/Lucent, Motorola and 8 More to Supply China Cellular Growth.txt",0.8780365075383868,0.9251456531611356,7,11,18
"Macao, Famously Seedy, Now Bets on Vegas Plush.txt","/content/drive/MyDrive/extracted_files/gwbush_01-08/Macao, Famously Seedy, Now Bets on Vegas Plush.txt",0.9765886149623177,0.9632865956851414,22,35,57
"Macy_s Has Competition, and Not Just in Housewares.txt","/content/drive/MyDrive/extracted_files/gwbush_01-08/Macy_s Has Competition, and Not Just in Housewares.txt",0.9335975076841272,0.8811959257492652,23,13,36
Made in India vs. Made in China.txt,/content/drive/MyDrive/extracted_files/gwbush_01-08/Made in India vs. Made in China.txt,0.9741905621580176,0.9534372176442828,37,42,79
"Made in U.S., Shunned in China.txt","/content/drive/MyDrive/extracted_files/gwbush_01-08/Made in U.S., Shunned in China.txt",0.9310650030771891,0.9778406814653047,24,49,73
Make Your Pledge Now_ Call 1-800-NPR-SPOOF.txt,/content/drive/MyDrive/extracted_files/gwbush_01-08/Make Your Pledge Now_ Call 1-800-NPR-SPOOF.txt,0.9213323755697771,0.9187138591493879,11,7,18
Manufacturing Jobs Are Exiting Mexico.txt,/content/drive/MyDrive/extracted_files/gwbush_01-08/Manufacturing Jobs Are Exiting Mexico.txt,0.898557698726654,0.971065115597513,20,36,56
Manufaketure.txt,/content/drive/MyDrive/extracted_files/gwbush_01-08/Manufaketure.txt,0.9615721466212437,0.966299602100926,58,124,182
March 18-24_China Holding U.S. Scholar.txt,/content/drive/MyDrive/extracted_files/gwbush_01-08/March 18-24_China Holding U.S. Scholar.txt,0.9292075634002686,0.9733860294024149,1,3,4
Markets & Investing_Global Investors Expect Still More Gains.txt,/content/drive/MyDrive/extracted_files/gwbush_01-08/Markets & Investing_Global Investors Expect Still More Gains.txt,0.9455842208862305,0.9618589878082275,25,27,52
"Marry Me at 8 on the 8th, O.K._.txt","/content/drive/MyDrive/extracted_files/gwbush_01-08/Marry Me at 8 on the 8th, O.K._.txt",0.9355799635251363,0.8282731622457504,15,8,23
Martial Law Declared as Nearly 150 Die in Clashes in Central China.txt,/content/drive/MyDrive/extracted_files/gwbush_01-08/Martial Law Declared as Nearly 150 Die in Clashes in Central China.txt,0.8732625097036362,0.9907279014587402,4,17,21
"MEANWHILE, IN CHINA.txt","/content/drive/MyDrive/extracted_files/gwbush_01-08/MEANWHILE, IN CHINA.txt",0.9987847208976746,0.9572964310646057,1,4,5
Melamine Traces Found In U.S. Infant Formula.txt,/content/drive/MyDrive/extracted_files/gwbush_01-08/Melamine Traces Found In U.S. Infant Formula.txt,0.5856687625249227,0.9846281436356631,3,22,25
Melting Mountain Majesties_ Warming in Austrian Alps.txt,/content/drive/MyDrive/extracted_files/gwbush_01-08/Melting Mountain Majesties_ Warming in Austrian Alps.txt,0.9381605891081003,0.9598704711957411,13,22,35
"MEMO FROM SHANGHAI_ As Chinese Media Grow, Foreign News Is Left Out.txt","/content/drive/MyDrive/extracted_files/gwbush_01-08/MEMO FROM SHANGHAI_ As Chinese Media Grow, Foreign News Is Left Out.txt",0.9406382196089801,0.9672783136367797,17,25,42
"Military Action Against Iran Would Be _Disastrous,_ Annan Says.txt","/content/drive/MyDrive/extracted_files/gwbush_01-08/Military Action Against Iran Would Be _Disastrous,_ Annan Says.txt",0.8755346089601517,0.9701370928022597,4,18,22
Milk Scandal Pushes China To Set Limits on Melamine.txt,/content/drive/MyDrive/extracted_files/gwbush_01-08/Milk Scandal Pushes China To Set Limits on Melamine.txt,0.7866726517677307,0.9821295523643494,2,25,27
Missing Chinese Girl Found With Relatives.txt,/content/drive/MyDrive/extracted_files/gwbush_01-08/Missing Chinese Girl Found With Relatives.txt,0.996487557888031,0.9900465309619904,2,4,6
Mongolians and Koreans_ Twins With Minimal Sibling Rivalry.txt,/content/drive/MyDrive/extracted_files/gwbush_01-08/Mongolians and Koreans_ Twins With Minimal Sibling Rivalry.txt,0.9733811934789022,0.9369331134690179,15,9,24
"More Candy From China, Tainted, Is in U.S.txt","/content/drive/MyDrive/extracted_files/gwbush_01-08/More Candy From China, Tainted, Is in U.S.txt",,0.9920574250044646,0,27,27
"More Say Yes to Foreign Service, But Not to Hardship Assignments.txt","/content/drive/MyDrive/extracted_files/gwbush_01-08/More Say Yes to Foreign Service, But Not to Hardship Assignments.txt",0.9421781301498413,0.964085825111555,16,46,62
Morgan Hamm Receives Final Clearance.txt,/content/drive/MyDrive/extracted_files/gwbush_01-08/Morgan Hamm Receives Final Clearance.txt,0.9574667546484206,0.9795003512810017,18,29,47
Morgan Stanley Hires New Chief for China.txt,/content/drive/MyDrive/extracted_files/gwbush_01-08/Morgan Stanley Hires New Chief for China.txt,0.9905582666397095,,8,0,8
MOST WANTED_ DRILLING DOWN_SEMICONDUCTORS_China_s Chip Appetite.txt,/content/drive/MyDrive/extracted_files/gwbush_01-08/MOST WANTED_ DRILLING DOWN_SEMICONDUCTORS_China_s Chip Appetite.txt,0.9566436409950256,,8,0,8
MOVIES_ CRITIC_S CHOICE.txt,/content/drive/MyDrive/extracted_files/gwbush_01-08/MOVIES_ CRITIC_S CHOICE.txt,0.9966350462701585,0.9879233638445536,18,9,27
"Moving House, With 2,000 Chinese Parts.txt","/content/drive/MyDrive/extracted_files/gwbush_01-08/Moving House, With 2,000 Chinese Parts.txt",0.9712804431139037,0.965480160096596,43,58,101
Mr. Vengeance.txt,/content/drive/MyDrive/extracted_files/gwbush_01-08/Mr. Vengeance.txt,0.9568606344136324,0.9618385756822457,143,133,276
Multinationals at the Gate.txt,/content/drive/MyDrive/extracted_files/gwbush_01-08/Multinationals at the Gate.txt,0.9401466304605658,0.9703486905648158,11,26,37
Murdoch Makes Offer to China.txt,/content/drive/MyDrive/extracted_files/gwbush_01-08/Murdoch Makes Offer to China.txt,0.9829117506742477,0.9431386590003967,4,8,12
National Briefing Science And Health_ Researchers Link Famine And Schizophrenia.txt,/content/drive/MyDrive/extracted_files/gwbush_01-08/National Briefing Science And Health_ Researchers Link Famine And Schizophrenia.txt,0.9788798838853836,0.9533888697624207,4,2,6
Negotiations On Tibet To Resume In Beijing.txt,/content/drive/MyDrive/extracted_files/gwbush_01-08/Negotiations On Tibet To Resume In Beijing.txt,0.844569376536778,0.981066957116127,7,12,19
"NEIGHBORHOOD REPORT_ NEW YORK UP CLOSE_The Elderly Face an Abyss, But They Remain Unbowed.txt","/content/drive/MyDrive/extracted_files/gwbush_01-08/NEIGHBORHOOD REPORT_ NEW YORK UP CLOSE_The Elderly Face an Abyss, But They Remain Unbowed.txt",0.9700249552726745,0.9348365623375465,25,29,54
"New Challengers Emerge, Threatening to Take the Lead.txt","/content/drive/MyDrive/extracted_files/gwbush_01-08/New Challengers Emerge, Threatening to Take the Lead.txt",0.9605242186977018,0.9308358952403069,31,32,63
New Chapters in the Dinosaur Chronicles.txt,/content/drive/MyDrive/extracted_files/gwbush_01-08/New Chapters in the Dinosaur Chronicles.txt,0.9697823172265833,0.948706865310669,44,23,67
New Kind of Settler Finding a Way in Japan.txt,/content/drive/MyDrive/extracted_files/gwbush_01-08/New Kind of Settler Finding a Way in Japan.txt,0.9677247405052185,0.966974875330925,12,20,32
New Pentagon Report Sees Rapid Buildup by China.txt,/content/drive/MyDrive/extracted_files/gwbush_01-08/New Pentagon Report Sees Rapid Buildup by China.txt,0.9281009495258331,0.9197525031426373,10,17,27
New Products Enliven Nokia_ Profit Up 43_.txt,/content/drive/MyDrive/extracted_files/gwbush_01-08/New Products Enliven Nokia_ Profit Up 43_.txt,0.9360409021377564,0.9854085922241211,10,5,15
New SARS Tests Ordered for Chinese Man.txt,/content/drive/MyDrive/extracted_files/gwbush_01-08/New SARS Tests Ordered for Chinese Man.txt,0.9649043828248978,0.964401920636495,8,27,35
New Tarantino Film to Be Released in 2 Parts.txt,/content/drive/MyDrive/extracted_files/gwbush_01-08/New Tarantino Film to Be Released in 2 Parts.txt,0.947837926092602,0.9815923392772674,21,20,41
News Corp. Trims TV Stake In Hong Kong.txt,/content/drive/MyDrive/extracted_files/gwbush_01-08/News Corp. Trims TV Stake In Hong Kong.txt,0.9696843127409617,0.9789014193746779,12,9,21
News Summary.txt,/content/drive/MyDrive/extracted_files/gwbush_01-08/News Summary.txt,0.9908452332019806,0.8801736959389278,4,14,18
Next Envoy to China.txt,/content/drive/MyDrive/extracted_files/gwbush_01-08/Next Envoy to China.txt,0.9305761456489563,0.9955987930297852,2,1,3
Next Step for Counterfeiters_ Faking the Whole Company.txt,/content/drive/MyDrive/extracted_files/gwbush_01-08/Next Step for Counterfeiters_ Faking the Whole Company.txt,0.9821972591536385,0.9698566183447838,7,40,47
Nissan to Halt Auto Output At 3 Plants in Japan for 5 Days.txt,/content/drive/MyDrive/extracted_files/gwbush_01-08/Nissan to Halt Auto Output At 3 Plants in Japan for 5 Days.txt,0.9822312494119009,0.9722658566066197,6,14,20
No End in Sight to Supply of Cheap TV_s.txt,/content/drive/MyDrive/extracted_files/gwbush_01-08/No End in Sight to Supply of Cheap TV_s.txt,0.9527001210621425,0.9705715609151263,7,43,50
No Interest In Bonds_ The Union Is Curious.txt,/content/drive/MyDrive/extracted_files/gwbush_01-08/No Interest In Bonds_ The Union Is Curious.txt,0.889565666516622,0.9124816705783209,6,12,18
No Ordinary Counterfeit.txt,/content/drive/MyDrive/extracted_files/gwbush_01-08/No Ordinary Counterfeit.txt,0.8980117745515777,0.964799850976386,41,147,188
No Sale for Mao Portrait.txt,/content/drive/MyDrive/extracted_files/gwbush_01-08/No Sale for Mao Portrait.txt,0.9374081492424011,0.9868995547294617,2,4,6
No Voice Is Too Small for a China Still Nervous About Dissent.txt,/content/drive/MyDrive/extracted_files/gwbush_01-08/No Voice Is Too Small for a China Still Nervous About Dissent.txt,0.869284532286904,0.9561455775709713,11,34,45
Non-Asians Show A Growing Interest In Chinese Courses.txt,/content/drive/MyDrive/extracted_files/gwbush_01-08/Non-Asians Show A Growing Interest In Chinese Courses.txt,0.9228492831361705,0.7849512046033685,29,11,40
"Nortel, Under Deep Scrutiny, Now Faces Chinese Competition.txt","/content/drive/MyDrive/extracted_files/gwbush_01-08/Nortel, Under Deep Scrutiny, Now Faces Chinese Competition.txt",0.9878255128860474,0.9614319904990818,13,23,36
North Korea Adding a Pinch Of Capitalism to Its Economy.txt,/content/drive/MyDrive/extracted_files/gwbush_01-08/North Korea Adding a Pinch Of Capitalism to Its Economy.txt,0.9192678247179303,0.944243559331605,21,33,54
North Korea Calls Japan_s Sinking of Mystery Boat _Brutal Piracy_.txt,/content/drive/MyDrive/extracted_files/gwbush_01-08/North Korea Calls Japan_s Sinking of Mystery Boat _Brutal Piracy_.txt,0.885011613368988,0.9791489135135304,2,22,24
North Korea Denounces Seoul for Welcoming Defectors.txt,/content/drive/MyDrive/extracted_files/gwbush_01-08/North Korea Denounces Seoul for Welcoming Defectors.txt,0.8247355222702026,0.9577132176469874,6,27,33
North Korea Disdains More Nuclear Talks.txt,/content/drive/MyDrive/extracted_files/gwbush_01-08/North Korea Disdains More Nuclear Talks.txt,0.9170886278152466,0.9774077119249286,5,33,38
North Korea Is Defiant Over U.N. Council Nuclear Resolution.txt,/content/drive/MyDrive/extracted_files/gwbush_01-08/North Korea Is Defiant Over U.N. Council Nuclear Resolution.txt,0.997333288192749,0.9665828384459019,4,16,20
North Korea Is Reported to Hint at Talks.txt,/content/drive/MyDrive/extracted_files/gwbush_01-08/North Korea Is Reported to Hint at Talks.txt,0.9193767011165619,0.9471440623546469,10,29,39
North Korea Leader Kicks the Tires in Shanghai.txt,/content/drive/MyDrive/extracted_files/gwbush_01-08/North Korea Leader Kicks the Tires in Shanghai.txt,0.9228086471557617,0.9035292863845825,9,7,16
North Korea May Test Long-Range Missile.txt,/content/drive/MyDrive/extracted_files/gwbush_01-08/North Korea May Test Long-Range Missile.txt,0.9393947780132293,0.9717727641264597,10,30,40
NORTH KOREA SAYS IT HAS MADE FUEL FOR ATOM BOMBS.txt,/content/drive/MyDrive/extracted_files/gwbush_01-08/NORTH KOREA SAYS IT HAS MADE FUEL FOR ATOM BOMBS.txt,0.9733967284361521,0.9650358925847446,6,34,40
North Korea Says Nuclear Fuel Rods Processed.txt,/content/drive/MyDrive/extracted_files/gwbush_01-08/North Korea Says Nuclear Fuel Rods Processed.txt,0.9950826168060303,0.9883942766623064,1,11,12
North Koreans in China Now Live in Fear of Dragnet.txt,/content/drive/MyDrive/extracted_files/gwbush_01-08/North Koreans in China Now Live in Fear of Dragnet.txt,0.9140831927458445,0.9691261322725386,12,42,54
North Korea_s Leader Says He_s Ready To Resume Talks to End Nuclear Standoff.txt,/content/drive/MyDrive/extracted_files/gwbush_01-08/North Korea_s Leader Says He_s Ready To Resume Talks to End Nuclear Standoff.txt,0.9368000944455465,0.9742962588434634,15,23,38
North Korea_s Very Cautious Cinematic Thaw.txt,/content/drive/MyDrive/extracted_files/gwbush_01-08/North Korea_s Very Cautious Cinematic Thaw.txt,0.9539485757167523,0.9532390133194302,26,23,49
North_s Test Seen as Failure For Korea Policy China Followed.txt,/content/drive/MyDrive/extracted_files/gwbush_01-08/North_s Test Seen as Failure For Korea Policy China Followed.txt,0.9795961380004883,0.8762904480099678,4,8,12
"Notes on 5_14 Column, _Divided Over Trade__Paul Krugman.txt","/content/drive/MyDrive/extracted_files/gwbush_01-08/Notes on 5_14 Column, _Divided Over Trade__Paul Krugman.txt",0.8900975074086871,0.9725814412037531,7,24,31
Nuclear Hypocrisy and Outsourcing Pains_Paul Krugman.txt,/content/drive/MyDrive/extracted_files/gwbush_01-08/Nuclear Hypocrisy and Outsourcing Pains_Paul Krugman.txt,0.9321278035640717,0.9622964895501429,22,49,71
Of Musical Import.txt,/content/drive/MyDrive/extracted_files/gwbush_01-08/Of Musical Import.txt,0.977774722741382,0.9462024609247843,202,90,292
OFF THE MENU.txt,/content/drive/MyDrive/extracted_files/gwbush_01-08/OFF THE MENU.txt,0.994446803223003,0.9219235082467397,11,6,17
"Offended by the V-Word, China Mutes _Monologues_.txt","/content/drive/MyDrive/extracted_files/gwbush_01-08/Offended by the V-Word, China Mutes _Monologues_.txt",0.9091905057430267,0.9781714379787445,16,26,42
Oil Company From China Is Weighing Bid for Unocal.txt,/content/drive/MyDrive/extracted_files/gwbush_01-08/Oil Company From China Is Weighing Bid for Unocal.txt,0.8193099754197257,0.9555746237436931,7,15,22
Oil Up and Stocks Fall on Missile Worries.txt,/content/drive/MyDrive/extracted_files/gwbush_01-08/Oil Up and Stocks Fall on Missile Worries.txt,0.9622620145479838,0.9843954240020952,3,38,41
Olympic Timeout By Literati Of China.txt,/content/drive/MyDrive/extracted_files/gwbush_01-08/Olympic Timeout By Literati Of China.txt,0.9415229521691799,0.9732506550275363,16,13,29
Olympic Torch Protesters Attacked in South Korea.txt,/content/drive/MyDrive/extracted_files/gwbush_01-08/Olympic Torch Protesters Attacked in South Korea.txt,0.9180409525121961,0.9458943834671607,14,26,40
OLYMPICS_ TV_MARKETING_You_ll Be Looking Live At Some Morning Events.txt,/content/drive/MyDrive/extracted_files/gwbush_01-08/OLYMPICS_ TV_MARKETING_You_ll Be Looking Live At Some Morning Events.txt,0.9851207534472147,0.947275181611379,21,21,42
"On an Infested River, Battling Invaders Eye to Eye.txt","/content/drive/MyDrive/extracted_files/gwbush_01-08/On an Infested River, Battling Invaders Eye to Eye.txt",0.9230290042029486,0.9441332162880316,45,41,86
"On Iraq and North Korea, Two Interpretations of Diplomacy and Coalitions.txt","/content/drive/MyDrive/extracted_files/gwbush_01-08/On Iraq and North Korea, Two Interpretations of Diplomacy and Coalitions.txt",0.9306270155039701,0.9407250611555009,11,42,53
ON PRO BASKETBALL_Seeking an Epiphany at Center.txt,/content/drive/MyDrive/extracted_files/gwbush_01-08/ON PRO BASKETBALL_Seeking an Epiphany at Center.txt,0.9277706055930166,0.9587042484964643,33,35,68
On the Art Trail In Rural Japan.txt,/content/drive/MyDrive/extracted_files/gwbush_01-08/On the Art Trail In Rural Japan.txt,0.9716107682748274,0.9420271983333662,88,51,139
"On the Potomac, a Cultural Evolution.txt","/content/drive/MyDrive/extracted_files/gwbush_01-08/On the Potomac, a Cultural Evolution.txt",0.973233884778516,0.9439356510455792,29,13,42
"Once Sizzling, China_s Economy Shows Rapid Signs of Fizzling.txt","/content/drive/MyDrive/extracted_files/gwbush_01-08/Once Sizzling, China_s Economy Shows Rapid Signs of Fizzling.txt",0.9545400738716125,0.9771092954803916,2,34,36
Oops_Nicholas Kristof.txt,/content/drive/MyDrive/extracted_files/gwbush_01-08/Oops_Nicholas Kristof.txt,0.9784054756164551,0.9333707690238953,1,4,5
"Opening Door to U.S., China Allows Import of Genetically Modified Crops.txt","/content/drive/MyDrive/extracted_files/gwbush_01-08/Opening Door to U.S., China Allows Import of Genetically Modified Crops.txt",0.8736538887023926,0.9671075940132141,4,6,10
OPINION_The Island as Worldwide Icon.txt,/content/drive/MyDrive/extracted_files/gwbush_01-08/OPINION_The Island as Worldwide Icon.txt,0.9077250540256501,0.9642427047093709,10,15,25
Orbitz Slips on Its First Day As China LifeMoves Higher.txt,/content/drive/MyDrive/extracted_files/gwbush_01-08/Orbitz Slips on Its First Day As China LifeMoves Higher.txt,0.9549046375534751,0.9710051938891411,11,8,19
"Our Currency, Your Problem.txt","/content/drive/MyDrive/extracted_files/gwbush_01-08/Our Currency, Your Problem.txt",0.9337368081597721,0.9745911105915352,17,54,71
Our Financial Future_ The Prognosis Is Grim_Paul Krugman.txt,/content/drive/MyDrive/extracted_files/gwbush_01-08/Our Financial Future_ The Prognosis Is Grim_Paul Krugman.txt,0.9614380093721243,0.9732039396355792,13,41,54
"Out of Thin Air, Nigel Short Conjures Up a Crushing Attack.txt","/content/drive/MyDrive/extracted_files/gwbush_01-08/Out of Thin Air, Nigel Short Conjures Up a Crushing Attack.txt",0.9722528398036957,0.9515252087427222,10,23,33
Pace and Scope of Protest in China Accelerated in _05.txt,/content/drive/MyDrive/extracted_files/gwbush_01-08/Pace and Scope of Protest in China Accelerated in _05.txt,0.9929624001185099,0.8970414797465006,3,9,12
Page Two_ Oct. 5-11 -- The Week Ahead_CHINA_S LAUNCH.txt,/content/drive/MyDrive/extracted_files/gwbush_01-08/Page Two_ Oct. 5-11 -- The Week Ahead_CHINA_S LAUNCH.txt,0.8963248133659363,0.7595000267028809,2,1,3
"Pakistan President to Visit China, a Valued Ally.txt","/content/drive/MyDrive/extracted_files/gwbush_01-08/Pakistan President to Visit China, a Valued Ally.txt",0.9285104431604084,0.939605127362644,19,17,36
Panda Trip Delayed.txt,/content/drive/MyDrive/extracted_files/gwbush_01-08/Panda Trip Delayed.txt,,0.7965850035349528,0,3,3
Parsing The Nixon And Kissinger Pas de Deux.txt,/content/drive/MyDrive/extracted_files/gwbush_01-08/Parsing The Nixon And Kissinger Pas de Deux.txt,0.9597034553686777,0.9615221000634707,30,26,56
"Passport, Mask, Thermometer.txt","/content/drive/MyDrive/extracted_files/gwbush_01-08/Passport, Mask, Thermometer.txt",0.9126670360565186,0.954619965037784,13,37,50
Pastoral Scenes of Yore Make Way for Political Statements for the Wall.txt,/content/drive/MyDrive/extracted_files/gwbush_01-08/Pastoral Scenes of Yore Make Way for Political Statements for the Wall.txt,0.9724103435873985,0.9805319905281067,8,3,11
Patchwork Team Wears Its Bronze With Pride.txt,/content/drive/MyDrive/extracted_files/gwbush_01-08/Patchwork Team Wears Its Bronze With Pride.txt,0.9891322255134583,0.9585227966308594,33,13,46
"Paulson, Warning About Trade Barriers, Says Economy Is Slowing but Healthy.txt","/content/drive/MyDrive/extracted_files/gwbush_01-08/Paulson, Warning About Trade Barriers, Says Economy Is Slowing but Healthy.txt",0.9803855717182159,0.9631677985191345,6,5,11
Pentagon Says China_s Boost To Space Plan Poses a Threat.txt,/content/drive/MyDrive/extracted_files/gwbush_01-08/Pentagon Says China_s Boost To Space Plan Poses a Threat.txt,0.9398017883300781,0.9809172948201498,5,9,14
People in Streets of Taiwan Are Underwhelmed by It All.txt,/content/drive/MyDrive/extracted_files/gwbush_01-08/People in Streets of Taiwan Are Underwhelmed by It All.txt,0.9508149259620242,0.9749154026309649,18,24,42
Persian Gulf States Are Asked To Increase Bailout Financing.txt,/content/drive/MyDrive/extracted_files/gwbush_01-08/Persian Gulf States Are Asked To Increase Bailout Financing.txt,0.8715894903455462,0.9135091339840609,7,17,24
"Plane Crashes in Frozen Lake In Northern China, Killing 55.txt","/content/drive/MyDrive/extracted_files/gwbush_01-08/Plane Crashes in Frozen Lake In Northern China, Killing 55.txt",0.9781018793582916,0.9742576042811076,4,15,19
"Playboy Makes Move in India, But Without the Centerfold.txt","/content/drive/MyDrive/extracted_files/gwbush_01-08/Playboy Makes Move in India, But Without the Centerfold.txt",0.9702461983846582,0.9447027417746457,23,22,45
PLUS_ BASKETBALL_China Loses Final In Asian Games.txt,/content/drive/MyDrive/extracted_files/gwbush_01-08/PLUS_ BASKETBALL_China Loses Final In Asian Games.txt,0.9327722191810608,0.9371345490217209,7,8,15
PLUS_ FIGURE SKATING_Ina and Zimmerman Win Bronze for U.S.txt,/content/drive/MyDrive/extracted_files/gwbush_01-08/PLUS_ FIGURE SKATING_Ina and Zimmerman Win Bronze for U.S.txt,0.9971022307872772,0.9879554986953736,6,5,11
PLUS_ OLYMPICS_Beijing Will Expel Drug Cheats.txt,/content/drive/MyDrive/extracted_files/gwbush_01-08/PLUS_ OLYMPICS_Beijing Will Expel Drug Cheats.txt,0.993695080280304,0.9885978102684021,2,2,4
PLUS_ OLYMPICS_Martial Arts Form Seeks Approval.txt,/content/drive/MyDrive/extracted_files/gwbush_01-08/PLUS_ OLYMPICS_Martial Arts Form Seeks Approval.txt,0.8734360535939535,0.949664443731308,3,2,5
PLUS_ SOCCER_Women_s Qualifiers Set for World Cup.txt,/content/drive/MyDrive/extracted_files/gwbush_01-08/PLUS_ SOCCER_Women_s Qualifiers Set for World Cup.txt,0.980451762676239,,8,0,8
PLUS_ SPEEDSKATING_Chinese Win Short-Track Titles.txt,/content/drive/MyDrive/extracted_files/gwbush_01-08/PLUS_ SPEEDSKATING_Chinese Win Short-Track Titles.txt,0.9977340698242188,,3,0,3
PLUS_ SWIMMING_U.S. Earns Bye In Men_s Water Polo.txt,/content/drive/MyDrive/extracted_files/gwbush_01-08/PLUS_ SWIMMING_U.S. Earns Bye In Men_s Water Polo.txt,0.9980724255243937,,6,0,6
PLUS_ UNIVERSITY GAMES_U.S. Streak Is Ended At 46 by China.txt,/content/drive/MyDrive/extracted_files/gwbush_01-08/PLUS_ UNIVERSITY GAMES_U.S. Streak Is Ended At 46 by China.txt,0.8723277449607849,,4,0,4
PLUS_ WOMEN_S BASKETBALL_U.S. Team Clinches Quarterfinals Berth.txt,/content/drive/MyDrive/extracted_files/gwbush_01-08/PLUS_ WOMEN_S BASKETBALL_U.S. Team Clinches Quarterfinals Berth.txt,0.996102339691586,,9,0,9
"Pope Picks 15 Cardinals, One a China Critic.txt","/content/drive/MyDrive/extracted_files/gwbush_01-08/Pope Picks 15 Cardinals, One a China Critic.txt",0.9471350113550822,0.9268198162317276,21,8,29
Powell Disappoints Critics of Arrests.txt,/content/drive/MyDrive/extracted_files/gwbush_01-08/Powell Disappoints Critics of Arrests.txt,0.8773288726806641,0.9437443494796753,6,5,11
Powell Upbeat About Relations After a Visit With Chinese.txt,/content/drive/MyDrive/extracted_files/gwbush_01-08/Powell Upbeat About Relations After a Visit With Chinese.txt,0.98051185409228,0.9531448132851544,18,17,35
Powell_s Term of Triumphs and Troubles.txt,/content/drive/MyDrive/extracted_files/gwbush_01-08/Powell_s Term of Triumphs and Troubles.txt,0.9845920746976679,0.986633355418841,22,24,46
Premature anti-Bushism_Paul Krugman.txt,/content/drive/MyDrive/extracted_files/gwbush_01-08/Premature anti-Bushism_Paul Krugman.txt,0.9097539952823094,0.9606841032703718,7,24,31
Premier Defends China_s Economic Policies but Notes Rural Poverty.txt,/content/drive/MyDrive/extracted_files/gwbush_01-08/Premier Defends China_s Economic Policies but Notes Rural Poverty.txt,0.9752290411428972,0.9685513657682082,11,17,28
President of China Warns Hong Kong_s Leader to Do a Better Job.txt,/content/drive/MyDrive/extracted_files/gwbush_01-08/President of China Warns Hong Kong_s Leader to Do a Better Job.txt,0.9525701488767352,0.9070794264475505,7,15,22
Press Center Drops Plan For Training.txt,/content/drive/MyDrive/extracted_files/gwbush_01-08/Press Center Drops Plan For Training.txt,0.9249669994626727,0.985586724111012,7,14,21
Press Group Hails Jailed Chinese Journalist.txt,/content/drive/MyDrive/extracted_files/gwbush_01-08/Press Group Hails Jailed Chinese Journalist.txt,0.9478703439235687,0.9742536842823029,2,6,8
Prices of Food And Gas Take A Toll in Asia.txt,/content/drive/MyDrive/extracted_files/gwbush_01-08/Prices of Food And Gas Take A Toll in Asia.txt,0.8979158633285098,0.9466624855995178,18,28,46
PRIME NUMBERS.txt,/content/drive/MyDrive/extracted_files/gwbush_01-08/PRIME NUMBERS.txt,0.957817086151668,0.928253124741947,7,17,24
PRIVATE SECTOR_Golden Boy to Visit Middle Kingdom.txt,/content/drive/MyDrive/extracted_files/gwbush_01-08/PRIVATE SECTOR_Golden Boy to Visit Middle Kingdom.txt,0.9661036789417267,0.9128918200731277,10,4,14
PRO BASKETBALL_Record of Defeat Doesn_t Matter to Knicks.txt,/content/drive/MyDrive/extracted_files/gwbush_01-08/PRO BASKETBALL_Record of Defeat Doesn_t Matter to Knicks.txt,0.9609335150037494,0.9634856700897216,21,20,41
PRO BASKETBALL_Van Gundy to Run Yao Practice.txt,/content/drive/MyDrive/extracted_files/gwbush_01-08/PRO BASKETBALL_Van Gundy to Run Yao Practice.txt,0.9698900580406189,0.9283680021762848,6,2,8
Prosecutor to Pursue Rebels In Next Case on Darfur Crisis.txt,/content/drive/MyDrive/extracted_files/gwbush_01-08/Prosecutor to Pursue Rebels In Next Case on Darfur Crisis.txt,0.9637050926685333,0.9894738528463576,4,9,13
Protesting Monks Interrupt a Scripted Press Tour in Tibet.txt,/content/drive/MyDrive/extracted_files/gwbush_01-08/Protesting Monks Interrupt a Scripted Press Tour in Tibet.txt,0.9792767763137817,0.9761233042787623,1,27,28
Putin Greets North Korean Leader on Russia_s Pacific Coast.txt,/content/drive/MyDrive/extracted_files/gwbush_01-08/Putin Greets North Korean Leader on Russia_s Pacific Coast.txt,0.9780784696340561,0.8933963869747362,12,19,31
Putin Is Said To Offer Idea On Standoff Over Iran.txt,/content/drive/MyDrive/extracted_files/gwbush_01-08/Putin Is Said To Offer Idea On Standoff Over Iran.txt,0.9473973198940879,0.9361667666170332,19,18,37
Putin Will Focus on Energy in Visit to China This Week.txt,/content/drive/MyDrive/extracted_files/gwbush_01-08/Putin Will Focus on Energy in Visit to China This Week.txt,0.9119186649719874,0.9571112444003423,12,12,24
Quake Revealed Deficiencies of China_s Military.txt,/content/drive/MyDrive/extracted_files/gwbush_01-08/Quake Revealed Deficiencies of China_s Military.txt,0.8784410427598393,0.9614652335643769,17,40,57
Quarterly Trade Gap Hits $195 Billion.txt,/content/drive/MyDrive/extracted_files/gwbush_01-08/Quarterly Trade Gap Hits $195 Billion.txt,0.947955812726702,0.9629343556506293,7,28,35
Quest for Male _Pill_ Is Gaining Momentum.txt,/content/drive/MyDrive/extracted_files/gwbush_01-08/Quest for Male _Pill_ Is Gaining Momentum.txt,0.9635770122210184,0.953880732258161,9,24,33
Race to Lead Japan May Turn on Asia Ties.txt,/content/drive/MyDrive/extracted_files/gwbush_01-08/Race to Lead Japan May Turn on Asia Ties.txt,0.9666570243628129,0.9247610855985571,23,27,50
Racial _Handicaps_ and a Great Sprint Forward.txt,/content/drive/MyDrive/extracted_files/gwbush_01-08/Racial _Handicaps_ and a Great Sprint Forward.txt,0.943203223102233,0.8759296735127767,34,18,52
"Rays and Neutrons, for Art_s Sake.txt","/content/drive/MyDrive/extracted_files/gwbush_01-08/Rays and Neutrons, for Art_s Sake.txt",0.9486068602531187,0.9653509452062494,62,34,96
"Reaching for Moon, China Works to Put Astronauts in Orbit.txt","/content/drive/MyDrive/extracted_files/gwbush_01-08/Reaching for Moon, China Works to Put Astronauts in Orbit.txt",0.9696758985519409,0.9504524184898897,30,44,74
"Reaching Overseas, China Tries to Tether Its Own.txt","/content/drive/MyDrive/extracted_files/gwbush_01-08/Reaching Overseas, China Tries to Tether Its Own.txt",0.8756581544876099,0.9727871903666744,10,27,37
Reaction From Around the World.txt,/content/drive/MyDrive/extracted_files/gwbush_01-08/Reaction From Around the World.txt,0.9432153829506466,0.9641712307929993,14,17,31
Real Estate Getting Its Turn To Share in India_s Boom.txt,/content/drive/MyDrive/extracted_files/gwbush_01-08/Real Estate Getting Its Turn To Share in India_s Boom.txt,0.9718689123789469,0.9465634226799011,21,13,34
"Rearranging Pantries, Aid Groups Favor Potato.txt","/content/drive/MyDrive/extracted_files/gwbush_01-08/Rearranging Pantries, Aid Groups Favor Potato.txt",0.9632772326469421,0.9563779922632071,25,26,51
Recent Spread of Bird Flu Confounds Experts.txt,/content/drive/MyDrive/extracted_files/gwbush_01-08/Recent Spread of Bird Flu Confounds Experts.txt,0.822604755560557,0.9494250228530482,3,38,41
Recourse Grows Slim for Immigrants Who Fall Ill.txt,/content/drive/MyDrive/extracted_files/gwbush_01-08/Recourse Grows Slim for Immigrants Who Fall Ill.txt,0.8971041830686423,0.9697913253893617,26,122,148
Relative of American Coach Is Stabbed to Death in Beijing.txt,/content/drive/MyDrive/extracted_files/gwbush_01-08/Relative of American Coach Is Stabbed to Death in Beijing.txt,0.9457267545736753,0.9553387606585467,26,27,53
Release of 17 Guantanamo Detainees Sputters as Officials Debate the Risk.txt,/content/drive/MyDrive/extracted_files/gwbush_01-08/Release of 17 Guantanamo Detainees Sputters as Officials Debate the Risk.txt,0.856652706861496,0.9794235251567982,2,27,29
Release Set for Man Accused of Spying for North Korea.txt,/content/drive/MyDrive/extracted_files/gwbush_01-08/Release Set for Man Accused of Spying for North Korea.txt,0.9923398594061533,0.9391878887459084,6,27,33
Relic of War Adds to Strain In Beijing Ties With Tokyo.txt,/content/drive/MyDrive/extracted_files/gwbush_01-08/Relic of War Adds to Strain In Beijing Ties With Tokyo.txt,0.9355066180229187,0.9547876656055451,10,20,30
Report Accuses Officials In China of Embezzlement.txt,/content/drive/MyDrive/extracted_files/gwbush_01-08/Report Accuses Officials In China of Embezzlement.txt,0.9919357101122538,0.9714587059887972,3,22,25
Report Identifies North Korea_s _First Lady_.txt,/content/drive/MyDrive/extracted_files/gwbush_01-08/Report Identifies North Korea_s _First Lady_.txt,0.9975940585136414,0.9515476723512014,3,6,9
REPORTER_S NOTEBOOK_Equality at Trade Talks_ No Country Gets a Vote.txt,/content/drive/MyDrive/extracted_files/gwbush_01-08/REPORTER_S NOTEBOOK_Equality at Trade Talks_ No Country Gets a Vote.txt,0.9791766802469889,0.9796199851176318,24,34,58
Researcher for The Times in China Is Detained.txt,/content/drive/MyDrive/extracted_files/gwbush_01-08/Researcher for The Times in China Is Detained.txt,0.9868446469306946,0.9827517100742885,5,14,19
Researchers Put a Microscope on Food Allergies.txt,/content/drive/MyDrive/extracted_files/gwbush_01-08/Researchers Put a Microscope on Food Allergies.txt,0.9736578897996382,0.9696730247565678,11,28,39
"Restaurant Equipment, Dents Included, on the Block.txt","/content/drive/MyDrive/extracted_files/gwbush_01-08/Restaurant Equipment, Dents Included, on the Block.txt",0.9411904156208039,0.959086241040911,20,35,55
"Rice Floats the Idea of U.N. Sanctions on Iran, but China and Russia Reject It.txt","/content/drive/MyDrive/extracted_files/gwbush_01-08/Rice Floats the Idea of U.N. Sanctions on Iran, but China and Russia Reject It.txt",0.968311627705892,0.9799218863248825,6,20,26
Rice Seeks To Balance China_s Power.txt,/content/drive/MyDrive/extracted_files/gwbush_01-08/Rice Seeks To Balance China_s Power.txt,0.9813038587570191,0.9146263500054678,5,6,11
Rights Figure Illicitly Aided The Chinese.txt,/content/drive/MyDrive/extracted_files/gwbush_01-08/Rights Figure Illicitly Aided The Chinese.txt,0.9956103165944418,0.9809563557306925,3,15,18
Rising Yuan Pushes China Upmarket.txt,/content/drive/MyDrive/extracted_files/gwbush_01-08/Rising Yuan Pushes China Upmarket.txt,0.944576621055603,0.9313620108145254,17,27,44
"Risking Limbs for Height, and Success, in China.txt","/content/drive/MyDrive/extracted_files/gwbush_01-08/Risking Limbs for Height, and Success, in China.txt",0.9036932438611984,0.9444018935048303,24,43,67
"Rogge On Doping, Betting and China.txt","/content/drive/MyDrive/extracted_files/gwbush_01-08/Rogge On Doping, Betting and China.txt",0.9310753047466278,0.9570978085199991,2,3,5
Ruling Could Lead to Tariffs on Chinese Goods.txt,/content/drive/MyDrive/extracted_files/gwbush_01-08/Ruling Could Lead to Tariffs on Chinese Goods.txt,0.980171799659729,0.9501865126869895,3,11,14
Russia Finds in North Korea a Source of Cheap Labor.txt,/content/drive/MyDrive/extracted_files/gwbush_01-08/Russia Finds in North Korea a Source of Cheap Labor.txt,0.9444158862937581,0.949323993590143,22,36,58
S.&P. Raises a Rating for Thailand.txt,/content/drive/MyDrive/extracted_files/gwbush_01-08/S.&P. Raises a Rating for Thailand.txt,0.9515852663252089,0.9485372142358259,9,22,31
Safe Food for Japan.txt,/content/drive/MyDrive/extracted_files/gwbush_01-08/Safe Food for Japan.txt,0.9679446299870809,0.9203106351196766,15,32,47
Sales in China Help Push Quarterly Profit Up 16_ at Yum Brands.txt,/content/drive/MyDrive/extracted_files/gwbush_01-08/Sales in China Help Push Quarterly Profit Up 16_ at Yum Brands.txt,0.9909322957197825,0.9900955612009222,6,11,17
SALT LAKE CITY 2002_ THE 19TH OLYMPIC WINTER GAMES_SHORT-TRACK SPEEDSKATING.txt,/content/drive/MyDrive/extracted_files/gwbush_01-08/SALT LAKE CITY 2002_ THE 19TH OLYMPIC WINTER GAMES_SHORT-TRACK SPEEDSKATING.txt,0.9586835652589798,0.9248430397775438,16,9,25
"SARS Ebbs in East Asia, but Financial Recovery Is Slow.txt","/content/drive/MyDrive/extracted_files/gwbush_01-08/SARS Ebbs in East Asia, but Financial Recovery Is Slow.txt",0.9034746343439276,0.9739335608482361,11,25,36
SARS Scare Casts Pall on Las Vegas of Siberia.txt,/content/drive/MyDrive/extracted_files/gwbush_01-08/SARS Scare Casts Pall on Las Vegas of Siberia.txt,0.9585781196753184,0.9638302900961467,18,28,46
Satellite Maker Fined $20 Million in China Trade Secrets Case.txt,/content/drive/MyDrive/extracted_files/gwbush_01-08/Satellite Maker Fined $20 Million in China Trade Secrets Case.txt,0.9375494718551636,0.9879900366067886,8,12,20
Schooling the Artists_ Republic of China.txt,/content/drive/MyDrive/extracted_files/gwbush_01-08/Schooling the Artists_ Republic of China.txt,0.9808394865556197,0.9376934947389545,55,33,88
Search for Climbers in China Gains Focus.txt,/content/drive/MyDrive/extracted_files/gwbush_01-08/Search for Climbers in China Gains Focus.txt,0.9645715585121741,0.9894501010576884,13,15,28
Secret Papers About China Are Released By the C.I.A.txt,/content/drive/MyDrive/extracted_files/gwbush_01-08/Secret Papers About China Are Released By the C.I.A.txt,0.989401196440061,0.9411499987949025,12,11,23
Security Council Approves Sanctions Against Iran Over Nuclear Program.txt,/content/drive/MyDrive/extracted_files/gwbush_01-08/Security Council Approves Sanctions Against Iran Over Nuclear Program.txt,0.90999968846639,0.9414358707991514,18,22,40
Security for 2008 Olympic Equestrian Events Is Questioned.txt,/content/drive/MyDrive/extracted_files/gwbush_01-08/Security for 2008 Olympic Equestrian Events Is Questioned.txt,0.8953346047136519,0.9646018060242257,18,41,59
Security Laws Target of Huge Hong Kong Protest.txt,/content/drive/MyDrive/extracted_files/gwbush_01-08/Security Laws Target of Huge Hong Kong Protest.txt,0.9665991578783307,0.9645902033775083,21,31,52
"Seeking Control of Technology, G.M. Will Build Its Own Research Center in China.txt","/content/drive/MyDrive/extracted_files/gwbush_01-08/Seeking Control of Technology, G.M. Will Build Its Own Research Center in China.txt",0.9506674562731097,0.9081092658250228,31,23,54
"Seeking the Missing, Chinese Find Hope Online.txt","/content/drive/MyDrive/extracted_files/gwbush_01-08/Seeking the Missing, Chinese Find Hope Online.txt",0.932841069996357,0.978234960752375,16,34,50
Senate Votes to Relax Rules On the Exporting of Computers.txt,/content/drive/MyDrive/extracted_files/gwbush_01-08/Senate Votes to Relax Rules On the Exporting of Computers.txt,0.9388043085734049,0.9679284529252485,3,11,14
Sentiment Is Rising in Japan for a More Muscular Military.txt,/content/drive/MyDrive/extracted_files/gwbush_01-08/Sentiment Is Rising in Japan for a More Muscular Military.txt,0.9593096027771632,0.9004867214422959,12,13,25
"Sentimental or Not, a Steam-Powered Journey Is Ending.txt","/content/drive/MyDrive/extracted_files/gwbush_01-08/Sentimental or Not, a Steam-Powered Journey Is Ending.txt",0.9573949104861209,0.9313887046731036,19,23,42
Setting Politics Aside to Help Victims of China Earthquake.txt,/content/drive/MyDrive/extracted_files/gwbush_01-08/Setting Politics Aside to Help Victims of China Earthquake.txt,0.962259873267143,0.8873419548783984,31,14,45
Settling Down in a City in Motion.txt,/content/drive/MyDrive/extracted_files/gwbush_01-08/Settling Down in a City in Motion.txt,0.9454429332287081,0.9566167749856648,62,76,138
Shakespeare Brushes Up on His Chinese.txt,/content/drive/MyDrive/extracted_files/gwbush_01-08/Shakespeare Brushes Up on His Chinese.txt,0.9608953977003694,0.9305974052798364,64,31,95
"Shanghai Journal_Neither Snow Nor Rain Nor, for That Matter, Mao.txt","/content/drive/MyDrive/extracted_files/gwbush_01-08/Shanghai Journal_Neither Snow Nor Rain Nor, for That Matter, Mao.txt",0.933252670548179,0.967761238416036,22,18,40
Shanghai Party Boss Held for Corruption in Crackdown by President Against Opponents.txt,/content/drive/MyDrive/extracted_files/gwbush_01-08/Shanghai Party Boss Held for Corruption in Crackdown by President Against Opponents.txt,0.9418424367904663,0.9173643400794581,9,19,28
Shanghai_s Boom_ A Building Frenzy.txt,/content/drive/MyDrive/extracted_files/gwbush_01-08/Shanghai_s Boom_ A Building Frenzy.txt,0.9932078100167788,0.9633764386177063,26,30,56
Shares Slip As Dell Sees Cutbacks In Its Sector.txt,/content/drive/MyDrive/extracted_files/gwbush_01-08/Shares Slip As Dell Sees Cutbacks In Its Sector.txt,0.9122329771518707,0.9673947529359297,10,22,32
Sharp Words From China For Leader Of Taiwan.txt,/content/drive/MyDrive/extracted_files/gwbush_01-08/Sharp Words From China For Leader Of Taiwan.txt,0.9779918968677521,0.9385833938916525,10,21,31
"She Sleeps Like a Rock, On a Jade Pillow.txt","/content/drive/MyDrive/extracted_files/gwbush_01-08/She Sleeps Like a Rock, On a Jade Pillow.txt",0.9897787533700466,0.9640953948623255,16,19,35
SHELF LIFE_The Story of Islam_s Gift of Paper to the West.txt,/content/drive/MyDrive/extracted_files/gwbush_01-08/SHELF LIFE_The Story of Islam_s Gift of Paper to the West.txt,0.9636563293395504,0.8943902045488358,31,20,51
Shenyang Journal_The G.I._s Were Japan_s Worker Slaves. Believe It.txt,/content/drive/MyDrive/extracted_files/gwbush_01-08/Shenyang Journal_The G.I._s Were Japan_s Worker Slaves. Believe It.txt,0.977509155869484,0.9583688696225484,20,30,50
Showcase for New Talent Opens Its Winter Season.txt,/content/drive/MyDrive/extracted_files/gwbush_01-08/Showcase for New Talent Opens Its Winter Season.txt,0.9787784814834595,0.8813473582267761,14,6,20
Shutdown of West Coast Ports Puts Asian Businesses on Edge.txt,/content/drive/MyDrive/extracted_files/gwbush_01-08/Shutdown of West Coast Ports Puts Asian Businesses on Edge.txt,0.9786462967212384,0.9659935162991894,13,49,62
"Siberian Tiger Hunt Seeks To Save, Not Shoot, the Big Cats.txt","/content/drive/MyDrive/extracted_files/gwbush_01-08/Siberian Tiger Hunt Seeks To Save, Not Shoot, the Big Cats.txt",0.9663586616516113,0.9387472934193082,23,27,50
Silk Road.txt,/content/drive/MyDrive/extracted_files/gwbush_01-08/Silk Road.txt,0.9490611342395224,0.9444147429223788,82,59,141
SINO VISIONS.txt,/content/drive/MyDrive/extracted_files/gwbush_01-08/SINO VISIONS.txt,0.8961030691862106,0.9951871037483215,4,1,5
Sites for the Socially Conscious.txt,/content/drive/MyDrive/extracted_files/gwbush_01-08/Sites for the Socially Conscious.txt,0.8774721076091131,0.9854972461859385,12,24,36
Skype Text Is Monitored In China.txt,/content/drive/MyDrive/extracted_files/gwbush_01-08/Skype Text Is Monitored In China.txt,0.905110239982605,0.971587178658466,5,49,54
"So Many Hepatitis Cases, So Many Cures.txt","/content/drive/MyDrive/extracted_files/gwbush_01-08/So Many Hepatitis Cases, So Many Cures.txt",0.9038315663735071,0.9687579556515342,12,38,50
"So Many Stores, So Little Time and Money.txt","/content/drive/MyDrive/extracted_files/gwbush_01-08/So Many Stores, So Little Time and Money.txt",0.9044899427890778,0.9286785112185911,50,44,94
SOCCER_Chinese Goalkeeper Stands With U.S. Women_s Stars.txt,/content/drive/MyDrive/extracted_files/gwbush_01-08/SOCCER_Chinese Goalkeeper Stands With U.S. Women_s Stars.txt,0.9846944933136305,0.9851640701293946,24,5,29
SOCCER_The Questions Are Fading After Hamm_s 2 Goals.txt,/content/drive/MyDrive/extracted_files/gwbush_01-08/SOCCER_The Questions Are Fading After Hamm_s 2 Goals.txt,0.988679537267396,0.9392948597669601,33,12,45
SOCCOR_ NOTEBOOK_MetroStars_ Rookie Makes an Impact.txt,/content/drive/MyDrive/extracted_files/gwbush_01-08/SOCCOR_ NOTEBOOK_MetroStars_ Rookie Makes an Impact.txt,0.9299617280130801,0.9135827936909415,23,22,45
Some Close Matches as Championships Progress.txt,/content/drive/MyDrive/extracted_files/gwbush_01-08/Some Close Matches as Championships Progress.txt,0.9826308126034944,0.878547055380685,23,7,30
Some Gum to Go With the Candy.txt,/content/drive/MyDrive/extracted_files/gwbush_01-08/Some Gum to Go With the Candy.txt,0.9689168060819308,0.895335853099823,24,16,40
Some Words About Interpreting.txt,/content/drive/MyDrive/extracted_files/gwbush_01-08/Some Words About Interpreting.txt,0.9239337974124484,0.9419957891754482,27,23,50
South African Swimmer Wins Her Fourth Gold Medal.txt,/content/drive/MyDrive/extracted_files/gwbush_01-08/South African Swimmer Wins Her Fourth Gold Medal.txt,0.9830039620399476,0.9968832492828369,20,5,25
South Korea Becoming a Big Asian Investor.txt,/content/drive/MyDrive/extracted_files/gwbush_01-08/South Korea Becoming a Big Asian Investor.txt,0.9809406238633234,0.9307339034582439,37,19,56
"South Korea Cuts Interest Rate to 3_, a Record.txt","/content/drive/MyDrive/extracted_files/gwbush_01-08/South Korea Cuts Interest Rate to 3_, a Record.txt",0.8835640698671341,0.9470308927389292,4,13,17
South Korea Ponders A Five-Day Workweek.txt,/content/drive/MyDrive/extracted_files/gwbush_01-08/South Korea Ponders A Five-Day Workweek.txt,0.8305089015227097,0.9578329309439048,13,39,52
South Korea Urges the North To Rejoin Talks on Weapons.txt,/content/drive/MyDrive/extracted_files/gwbush_01-08/South Korea Urges the North To Rejoin Talks on Weapons.txt,0.9885844985644022,0.9676529223268683,3,11,14
South Korea_s New Problem_ Where to Send Chinese Garlic_.txt,/content/drive/MyDrive/extracted_files/gwbush_01-08/South Korea_s New Problem_ Where to Send Chinese Garlic_.txt,0.8124252706766129,0.9406897333952097,4,13,17
Spaghetti Stir-Fry and Hambagoo_ Japan Looks West.txt,/content/drive/MyDrive/extracted_files/gwbush_01-08/Spaghetti Stir-Fry and Hambagoo_ Japan Looks West.txt,0.9383676255621561,0.9402841533485212,41,38,79
Special Olympics in China_Nicholas Kristof.txt,/content/drive/MyDrive/extracted_files/gwbush_01-08/Special Olympics in China_Nicholas Kristof.txt,0.9727462629477183,0.9850894862955267,24,11,35
Specter of a Rearmed Japan Stirs Its Wartime Generation.txt,/content/drive/MyDrive/extracted_files/gwbush_01-08/Specter of a Rearmed Japan Stirs Its Wartime Generation.txt,0.9618386301127347,0.9557037163864482,33,44,77
Sports of The Times_Few Answers As Yao Enters Long Season.txt,/content/drive/MyDrive/extracted_files/gwbush_01-08/Sports of The Times_Few Answers As Yao Enters Long Season.txt,0.9574233011195534,0.9721358383403105,19,17,36
"Spy Suspect May Have Told Chinese of Bugs, U.S. Says.txt","/content/drive/MyDrive/extracted_files/gwbush_01-08/Spy Suspect May Have Told Chinese of Bugs, U.S. Says.txt",0.8435583810011545,0.954763773990714,18,46,64
Standoff Brings Calls to Boycott Chinese Goods.txt,/content/drive/MyDrive/extracted_files/gwbush_01-08/Standoff Brings Calls to Boycott Chinese Goods.txt,0.9579776099749974,0.9568410463955092,14,23,37
"Start a New Career at 50_ In Syracuse, Life After Layoffs.txt","/content/drive/MyDrive/extracted_files/gwbush_01-08/Start a New Career at 50_ In Syracuse, Life After Layoffs.txt",0.9794179430374732,0.9721867425101144,26,35,61
Staying One Step Ahead of the Crowd.txt,/content/drive/MyDrive/extracted_files/gwbush_01-08/Staying One Step Ahead of the Crowd.txt,0.9819614495101728,0.8393841981887817,38,6,44
Steel Shortage Squeezes Asia_s Manufacturers.txt,/content/drive/MyDrive/extracted_files/gwbush_01-08/Steel Shortage Squeezes Asia_s Manufacturers.txt,0.921927829583486,0.973142979045709,18,24,42
Stepping Off Soapbox As China Mourns.txt,/content/drive/MyDrive/extracted_files/gwbush_01-08/Stepping Off Soapbox As China Mourns.txt,0.9527476151784261,0.97011974785063,15,18,33
"Still Wary, Taiwan Split Over Change On Mainland.txt","/content/drive/MyDrive/extracted_files/gwbush_01-08/Still Wary, Taiwan Split Over Change On Mainland.txt",0.9585437859807696,0.9530524492263794,14,10,24
STOCKS & BONDS_ Hesitancy Makes for Mixed Results.txt,/content/drive/MyDrive/extracted_files/gwbush_01-08/STOCKS & BONDS_ Hesitancy Makes for Mixed Results.txt,0.9894856214523315,0.9402438324430714,3,23,26
"Study Counts The Years, Asians Count The Reasons.txt","/content/drive/MyDrive/extracted_files/gwbush_01-08/Study Counts The Years, Asians Count The Reasons.txt",0.9860854582353071,0.9348849560085096,33,19,52
Study Says Software Makers Supply Tools to Censor Web.txt,/content/drive/MyDrive/extracted_files/gwbush_01-08/Study Says Software Makers Supply Tools to Censor Web.txt,0.9095525741577148,0.9605067491531372,5,15,20
Subversion Charges for China Labor Leaders.txt,/content/drive/MyDrive/extracted_files/gwbush_01-08/Subversion Charges for China Labor Leaders.txt,0.7148528099060059,0.988243838151296,1,3,4
Suppose We Just Let Iran Have The Bomb.txt,/content/drive/MyDrive/extracted_files/gwbush_01-08/Suppose We Just Let Iran Have The Bomb.txt,0.9048622161149978,0.9494139014220819,20,41,61
Surgeons Transplant Nearly All Of a Face.txt,/content/drive/MyDrive/extracted_files/gwbush_01-08/Surgeons Transplant Nearly All Of a Face.txt,0.8774100840091705,0.9198732044961717,8,18,26
Surprising Gold for China Leaves Questions in Its Wake.txt,/content/drive/MyDrive/extracted_files/gwbush_01-08/Surprising Gold for China Leaves Questions in Its Wake.txt,0.9817758422148856,0.9585800837067997,19,34,53
Suspected Chinese SARS Case Baffles Experts.txt,/content/drive/MyDrive/extracted_files/gwbush_01-08/Suspected Chinese SARS Case Baffles Experts.txt,0.8871717623301915,0.965784877538681,7,30,37
Tainted Blood Drug to Face Import Tests.txt,/content/drive/MyDrive/extracted_files/gwbush_01-08/Tainted Blood Drug to Face Import Tests.txt,0.8493637204170227,0.9540728671210152,5,35,40
"Taipei, Taiwan.txt","/content/drive/MyDrive/extracted_files/gwbush_01-08/Taipei, Taiwan.txt",0.940425584924982,0.9487147080270868,47,19,66
Taiwan Is Trying to Limit Its Engineers_ Work in China.txt,/content/drive/MyDrive/extracted_files/gwbush_01-08/Taiwan Is Trying to Limit Its Engineers_ Work in China.txt,0.95307115146092,0.9522719245690566,7,26,33
Taiwan Maker of Cellphones for Others Is Venturing Out on Its Own.txt,/content/drive/MyDrive/extracted_files/gwbush_01-08/Taiwan Maker of Cellphones for Others Is Venturing Out on Its Own.txt,0.9535559117794037,0.9633596196319117,22,33,55
Taiwan Market Falls in Wake of Disputed Election.txt,/content/drive/MyDrive/extracted_files/gwbush_01-08/Taiwan Market Falls in Wake of Disputed Election.txt,0.8200157582759857,0.9737623963091109,8,36,44
"Taiwan Moves Closer to Mainland, Pulled by Forces That Molded Its Mountains.txt","/content/drive/MyDrive/extracted_files/gwbush_01-08/Taiwan Moves Closer to Mainland, Pulled by Forces That Molded Its Mountains.txt",0.9609272900749656,0.9423389456101826,34,28,62
"Taiwan President_s Ally to Carry Message to China, Hinting at Cross-Strait Thaw.txt","/content/drive/MyDrive/extracted_files/gwbush_01-08/Taiwan President_s Ally to Carry Message to China, Hinting at Cross-Strait Thaw.txt",0.9793257798467364,0.993934846841372,7,13,20
Taiwanese PC Maker on Verge Of Sales Push Into U.S. and China.txt,/content/drive/MyDrive/extracted_files/gwbush_01-08/Taiwanese PC Maker on Verge Of Sales Push Into U.S. and China.txt,0.9616116666793824,0.9613729898746197,25,13,38
Taiwan_s Puppeteers Perform Without Strings.txt,/content/drive/MyDrive/extracted_files/gwbush_01-08/Taiwan_s Puppeteers Perform Without Strings.txt,0.992967834839454,0.9720280399689307,13,13,26
Take Aid From China and Take a Pass on Human Rights.txt,/content/drive/MyDrive/extracted_files/gwbush_01-08/Take Aid From China and Take a Pass on Human Rights.txt,0.9721106863021851,0.9771130204200744,25,25,50
Tale of Sin On West Coast With Asians Smuggled In.txt,/content/drive/MyDrive/extracted_files/gwbush_01-08/Tale of Sin On West Coast With Asians Smuggled In.txt,0.9858745336532593,0.9573316325743993,1,12,13
Talks Don_t Calm Foes of Antimissile Plan.txt,/content/drive/MyDrive/extracted_files/gwbush_01-08/Talks Don_t Calm Foes of Antimissile Plan.txt,0.9354115389287472,0.9397298287261616,16,22,38
"Tax Increase Batters Chinese Stocks, but There_s Little Wider Damage.txt","/content/drive/MyDrive/extracted_files/gwbush_01-08/Tax Increase Batters Chinese Stocks, but There_s Little Wider Damage.txt",0.9358136653900146,0.9627480285508292,14,35,49
TECHNOLOGY_I.B.M. Explores Shift of Some Jobs Overseas.txt,/content/drive/MyDrive/extracted_files/gwbush_01-08/TECHNOLOGY_I.B.M. Explores Shift of Some Jobs Overseas.txt,0.9441625983626755,0.9506085475285848,27,45,72
TECHNOLOGY_Technology_s Toxic Trash Is Sent to Poor Nations.txt,/content/drive/MyDrive/extracted_files/gwbush_01-08/TECHNOLOGY_Technology_s Toxic Trash Is Sent to Poor Nations.txt,0.8615361601114273,0.9715919402929453,4,39,43
Testing the Empty Nest.txt,/content/drive/MyDrive/extracted_files/gwbush_01-08/Testing the Empty Nest.txt,0.989543581450427,0.9873844558993975,27,24,51
Textile Industry Seeks Trade Limits on Chinese.txt,/content/drive/MyDrive/extracted_files/gwbush_01-08/Textile Industry Seeks Trade Limits on Chinese.txt,0.9629237055778503,0.9429376392528929,8,29,37
The Ambassador.txt,/content/drive/MyDrive/extracted_files/gwbush_01-08/The Ambassador.txt,0.9784889877706334,0.9336658783678738,69,53,122
The Attraction That Is Southern China.txt,/content/drive/MyDrive/extracted_files/gwbush_01-08/The Attraction That Is Southern China.txt,0.9712547449504628,0.9726741909980774,17,11,28
THE BUSINESS WORLD_A Hong Kong Point Man Redefines Allegiance.txt,/content/drive/MyDrive/extracted_files/gwbush_01-08/THE BUSINESS WORLD_A Hong Kong Point Man Redefines Allegiance.txt,0.9806264291206995,0.9570586188086148,36,29,65
The Changing of the Guard.txt,/content/drive/MyDrive/extracted_files/gwbush_01-08/The Changing of the Guard.txt,0.989749014377594,0.9775872826576233,1,1,2
"The Dalai Lama on Tour, an Exile on Main Street.txt","/content/drive/MyDrive/extracted_files/gwbush_01-08/The Dalai Lama on Tour, an Exile on Main Street.txt",0.9845302777905618,0.9561894755614432,31,19,50
"The Dissident Prince_ Public, Prickly and Very Political.txt","/content/drive/MyDrive/extracted_files/gwbush_01-08/The Dissident Prince_ Public, Prickly and Very Political.txt",0.9494556188583374,0.9727744747852457,9,29,38
The Games Began. Hearts Swelled.txt,/content/drive/MyDrive/extracted_files/gwbush_01-08/The Games Began. Hearts Swelled.txt,0.9594052606507352,0.9441975133091796,38,51,89
The Industry_ The Gambler.txt,/content/drive/MyDrive/extracted_files/gwbush_01-08/The Industry_ The Gambler.txt,0.9416658764793759,0.9405895370548054,42,59,101
THE MARKETS_Trade Deficit Falls on Rise In Exports.txt,/content/drive/MyDrive/extracted_files/gwbush_01-08/THE MARKETS_Trade Deficit Falls on Rise In Exports.txt,0.9919589672769819,0.9844455401102702,7,15,22
The Meaning of Life.txt,/content/drive/MyDrive/extracted_files/gwbush_01-08/The Meaning of Life.txt,0.9641939419688601,0.9746222297350565,33,18,51
The Medal Winners.txt,/content/drive/MyDrive/extracted_files/gwbush_01-08/The Medal Winners.txt,0.99378768603007,,3,0,3
The Modern Moves With a Bang (Several).txt,/content/drive/MyDrive/extracted_files/gwbush_01-08/The Modern Moves With a Bang (Several).txt,0.9271963958938917,0.9319189637899399,24,8,32
The Mongolians Are Coming to China! With Heavy Metal!.txt,/content/drive/MyDrive/extracted_files/gwbush_01-08/The Mongolians Are Coming to China! With Heavy Metal!.txt,0.9692933405599287,0.9667606949806213,31,23,54
The N.B.A. and China Are Fans of Each Other.txt,/content/drive/MyDrive/extracted_files/gwbush_01-08/The N.B.A. and China Are Fans of Each Other.txt,0.9354782325250132,0.9263488126523567,54,33,87
The Nation_ Party of the Rich_China_s Congress of Crony Capitalists.txt,/content/drive/MyDrive/extracted_files/gwbush_01-08/The Nation_ Party of the Rich_China_s Congress of Crony Capitalists.txt,0.9471512593721089,0.9595136976823574,19,41,60
The New Chinatown_ Try the Asian Mall.txt,/content/drive/MyDrive/extracted_files/gwbush_01-08/The New Chinatown_ Try the Asian Mall.txt,0.9731613360345364,0.9427821715672811,32,15,47
The New Global Dance Card.txt,/content/drive/MyDrive/extracted_files/gwbush_01-08/The New Global Dance Card.txt,0.9376254151849186,0.9614326904217402,17,36,53
The Next Challenges_Times Topics.txt,/content/drive/MyDrive/extracted_files/gwbush_01-08/The Next Challenges_Times Topics.txt,0.8760677576065063,0.9038673894745963,8,7,15
The Pinch of Piracy Wakes China Up On Copyright Issue_It_s More Than a Trade Dispute When the Victim.txt,/content/drive/MyDrive/extracted_files/gwbush_01-08/The Pinch of Piracy Wakes China Up On Copyright Issue_It_s More Than a Trade Dispute When the Victim.txt,0.9310054570436478,0.9713977245574302,20,47,67
THE PRESIDENT_S TRIP_ GROUP OF 8_BUSH PRESSES CASE ON IRAN AND KOREA AT ECONOMIC TALKS.txt,/content/drive/MyDrive/extracted_files/gwbush_01-08/THE PRESIDENT_S TRIP_ GROUP OF 8_BUSH PRESSES CASE ON IRAN AND KOREA AT ECONOMIC TALKS.txt,0.9480538773536682,0.9530063752944653,25,26,51
The Prosecution Unravels_ The Case of Wen Ho Lee.txt,/content/drive/MyDrive/extracted_files/gwbush_01-08/The Prosecution Unravels_ The Case of Wen Ho Lee.txt,0.9140899482593742,0.9653711047555719,93,224,317
The Recalls_ Aftershocks.txt,/content/drive/MyDrive/extracted_files/gwbush_01-08/The Recalls_ Aftershocks.txt,0.8807856291532516,0.9819146132830417,4,66,70
The Ripples Of Punishing One Bank.txt,/content/drive/MyDrive/extracted_files/gwbush_01-08/The Ripples Of Punishing One Bank.txt,0.8620926380157471,0.9751014485955238,10,32,42
THE SARS EPIDEMIC_ HONG KONG_12 SARS PATIENTS REPORT RELAPSES.txt,/content/drive/MyDrive/extracted_files/gwbush_01-08/THE SARS EPIDEMIC_ HONG KONG_12 SARS PATIENTS REPORT RELAPSES.txt,0.8664427134725783,0.9572204152743021,9,39,48
THE SARS EPIDEMIC_ STATISTICS_Health Group Relies on a Time-Tested Rule to Determine Last New Case.txt,/content/drive/MyDrive/extracted_files/gwbush_01-08/THE SARS EPIDEMIC_ STATISTICS_Health Group Relies on a Time-Tested Rule to Determine Last New Case.txt,0.9309365073839824,0.9797515630722046,15,30,45
THE SATURDAY PROFILE_A Prescription for China_ Self-Help and Self-Love.txt,/content/drive/MyDrive/extracted_files/gwbush_01-08/THE SATURDAY PROFILE_A Prescription for China_ Self-Help and Self-Love.txt,0.9663250626939716,0.9665767898162206,33,24,57
THE SATURDAY PROFILE_Shouting the Pain From Japan_s Germ Attacks.txt,/content/drive/MyDrive/extracted_files/gwbush_01-08/THE SATURDAY PROFILE_Shouting the Pain From Japan_s Germ Attacks.txt,0.9439102359440016,0.9670348048210144,23,50,73
The Secrets Behind Many Chefs_ Not-So-Secret Ingredient.txt,/content/drive/MyDrive/extracted_files/gwbush_01-08/The Secrets Behind Many Chefs_ Not-So-Secret Ingredient.txt,0.9319859357441173,0.8711808919906616,34,24,58
The Sheltered Children of Beijing.txt,/content/drive/MyDrive/extracted_files/gwbush_01-08/The Sheltered Children of Beijing.txt,0.9834458998271397,0.9745600053242275,7,35,42
The Ship of State Shall Not Rock _n_ Roll.txt,/content/drive/MyDrive/extracted_files/gwbush_01-08/The Ship of State Shall Not Rock _n_ Roll.txt,0.9709248448673048,0.9696524876814622,19,26,45
The Smugglers_ Due.txt,/content/drive/MyDrive/extracted_files/gwbush_01-08/The Smugglers_ Due.txt,0.9364004666740829,0.9662270035743713,111,250,361
The Sound Of New Music Is Often Chinese_A New Contingent Of American Composers.txt,/content/drive/MyDrive/extracted_files/gwbush_01-08/The Sound Of New Music Is Often Chinese_A New Contingent Of American Composers.txt,0.9608900161350474,0.9467173157594143,68,39,107
The Thinkable.txt,/content/drive/MyDrive/extracted_files/gwbush_01-08/The Thinkable.txt,0.9412721263037788,0.9533137059306719,99,251,350
The Ultimate Luxury Item Is Now Made in China.txt,/content/drive/MyDrive/extracted_files/gwbush_01-08/The Ultimate Luxury Item Is Now Made in China.txt,0.9387791355450948,0.9699880847564111,30,39,69
The United Nations of Brooklyn.txt,/content/drive/MyDrive/extracted_files/gwbush_01-08/The United Nations of Brooklyn.txt,0.9704416010339382,0.9346124451115446,59,53,112
"The Wisconsin Of China_ Got Milk, but Hold The Cheese.txt","/content/drive/MyDrive/extracted_files/gwbush_01-08/The Wisconsin Of China_ Got Milk, but Hold The Cheese.txt",0.9584105474608285,0.9548705866996278,35,47,82
The World_ Flying Blind_The Cold War Left No Maps for This Face-Off.txt,/content/drive/MyDrive/extracted_files/gwbush_01-08/The World_ Flying Blind_The Cold War Left No Maps for This Face-Off.txt,0.9491945665616256,0.9759444762021303,26,32,58
The World_ Fruits of Democracy_Guess Who_s a Chinese Nationalist Now_.txt,/content/drive/MyDrive/extracted_files/gwbush_01-08/The World_ Fruits of Democracy_Guess Who_s a Chinese Nationalist Now_.txt,0.9094662641485532,0.9545847791613955,24,33,57
"The World_ Over There_A New Front Opens, but It_s Still One War.txt","/content/drive/MyDrive/extracted_files/gwbush_01-08/The World_ Over There_A New Front Opens, but It_s Still One War.txt",0.9405994695775649,0.9246047180274437,17,29,46
"The World_ Toe-to-Toe_In Diplomacy, It_s One Step at a Time.txt","/content/drive/MyDrive/extracted_files/gwbush_01-08/The World_ Toe-to-Toe_In Diplomacy, It_s One Step at a Time.txt",0.975110325548384,0.9746167302131653,18,10,28
The World_Britain_s Odd Last Gift To Hong Kong_ Bad Laws.txt,/content/drive/MyDrive/extracted_files/gwbush_01-08/The World_Britain_s Odd Last Gift To Hong Kong_ Bad Laws.txt,0.8390219722475324,0.9928813108376094,7,14,21
The World_In the Secret-Detentions Club.txt,/content/drive/MyDrive/extracted_files/gwbush_01-08/The World_In the Secret-Detentions Club.txt,0.8663937389850617,0.964230998474009,10,34,44
The World_Taming a Seasonal Swell.txt,/content/drive/MyDrive/extracted_files/gwbush_01-08/The World_Taming a Seasonal Swell.txt,0.9308684915304184,0.9990168213844299,8,3,11
The World_The Shield_s Tough Sell.txt,/content/drive/MyDrive/extracted_files/gwbush_01-08/The World_The Shield_s Tough Sell.txt,0.9587039291858673,0.9604272055625915,20,25,45
THEATER.txt,/content/drive/MyDrive/extracted_files/gwbush_01-08/THEATER.txt,0.9673706889152527,0.9104113101959228,10,5,15
"This Management Wants Investors_ Money, Not Their Opinions.txt","/content/drive/MyDrive/extracted_files/gwbush_01-08/This Management Wants Investors_ Money, Not Their Opinions.txt",0.9442573748528957,0.9442320466041565,16,19,35
"THREATS AND RESPONSES_ AN OVERVIEW -- MARCH 8, 2003_Squabbling Diplomats, a Mixed Report Card From I.txt","/content/drive/MyDrive/extracted_files/gwbush_01-08/THREATS AND RESPONSES_ AN OVERVIEW -- MARCH 8, 2003_Squabbling Diplomats, a Mixed Report Card From I.txt",0.9326934963464737,0.9377988811050143,8,28,36
THREATS AND RESPONSES_ DIPLOMACY_SECURITY COUNCIL GETS U.S. PROPOSAL ON DISARMING IRAQ.txt,/content/drive/MyDrive/extracted_files/gwbush_01-08/THREATS AND RESPONSES_ DIPLOMACY_SECURITY COUNCIL GETS U.S. PROPOSAL ON DISARMING IRAQ.txt,0.9455638527870178,0.9497313499450684,17,26,43
"THREATS AND RESPONSES_ DISRUPTIONS_Slowdown on U.S. Visas Stalls Business, Science And Personal Trav.txt","/content/drive/MyDrive/extracted_files/gwbush_01-08/THREATS AND RESPONSES_ DISRUPTIONS_Slowdown on U.S. Visas Stalls Business, Science And Personal Trav.txt",0.8709566056728363,0.965897728476608,10,57,67
THREATS AND RESPONSES_ IN WASHINGTON_U.S. IS DISMISSING RUSSIA_S CRITICISM OF STRIKES IN IRAQ.txt,/content/drive/MyDrive/extracted_files/gwbush_01-08/THREATS AND RESPONSES_ IN WASHINGTON_U.S. IS DISMISSING RUSSIA_S CRITICISM OF STRIKES IN IRAQ.txt,0.9503401301123879,0.9597837788718088,11,35,46
"THREATS AND RESPONSES_ KOREA_U.S. to Resume Food Aid to North Korea, at a Reduced Level.txt","/content/drive/MyDrive/extracted_files/gwbush_01-08/THREATS AND RESPONSES_ KOREA_U.S. to Resume Food Aid to North Korea, at a Reduced Level.txt",0.9352242350578308,0.9578446383061616,13,23,36
THREATS AND RESPONSES_ NORTH KOREA_China Asserts It Has Worked to End Nuclear Crisis.txt,/content/drive/MyDrive/extracted_files/gwbush_01-08/THREATS AND RESPONSES_ NORTH KOREA_China Asserts It Has Worked to End Nuclear Crisis.txt,0.8184768781065941,0.9700559129317602,8,24,32
THREATS AND RESPONSES_ NUCLEAR DIPLOMACY_Bush Urges Chinese President To Press North Korea on Arms.txt,/content/drive/MyDrive/extracted_files/gwbush_01-08/THREATS AND RESPONSES_ NUCLEAR DIPLOMACY_Bush Urges Chinese President To Press North Korea on Arms.txt,0.8168829530477524,0.9795848635526804,4,13,17
"THREATS AND RESPONSES_ THE ASIAN ARENA_North Korea Issues Warning, And Seoul Seeks Compromise.txt","/content/drive/MyDrive/extracted_files/gwbush_01-08/THREATS AND RESPONSES_ THE ASIAN ARENA_North Korea Issues Warning, And Seoul Seeks Compromise.txt",0.9098093032836914,0.9327483047609744,10,23,33
THREATS AND RESPONSES_ THE DEMOCRATS_Criticism of Bush_s Policy on Korea Sharpens.txt,/content/drive/MyDrive/extracted_files/gwbush_01-08/THREATS AND RESPONSES_ THE DEMOCRATS_Criticism of Bush_s Policy on Korea Sharpens.txt,0.7642552629113197,0.9412387609481812,8,28,36
THREATS AND RESPONSES_ UNITED NATIONS_Chief Weapons Inspector Urges Iraq to Accept New Rules as Team.txt,/content/drive/MyDrive/extracted_files/gwbush_01-08/THREATS AND RESPONSES_ UNITED NATIONS_Chief Weapons Inspector Urges Iraq to Accept New Rules as Team.txt,0.904227743546168,0.9602401235273906,12,28,40
THREATS AND RESPONSES_ UNITED NATIONS_POWELL SAYS U.N. OUGHT TO HOLD UP IRAQ INSPECTIONS.txt,/content/drive/MyDrive/extracted_files/gwbush_01-08/THREATS AND RESPONSES_ UNITED NATIONS_POWELL SAYS U.N. OUGHT TO HOLD UP IRAQ INSPECTIONS.txt,0.9485127677520117,0.9601609672818865,12,35,47
"Tianjin Journal_For a Fee, This Chinese Firm Will Beg Pardon for Anyone.txt","/content/drive/MyDrive/extracted_files/gwbush_01-08/Tianjin Journal_For a Fee, This Chinese Firm Will Beg Pardon for Anyone.txt",0.9361602067947388,0.9583809095270494,16,34,50
"Tibet, Past and Present_ Conflict Rages From Beijing to Durham.txt","/content/drive/MyDrive/extracted_files/gwbush_01-08/Tibet, Past and Present_ Conflict Rages From Beijing to Durham.txt",0.87800086628307,0.9715051296211424,11,42,53
"Tide of China_s Migrants_ Flowing to Boom, or Bust_.txt","/content/drive/MyDrive/extracted_files/gwbush_01-08/Tide of China_s Migrants_ Flowing to Boom, or Bust_.txt",0.9401202076359799,0.9753942959236376,38,66,104
Times Report Miscounted Refusals of Foreign Shipments.txt,/content/drive/MyDrive/extracted_files/gwbush_01-08/Times Report Miscounted Refusals of Foreign Shipments.txt,0.9231522977352142,0.9748724371194839,2,20,22
"To an Olympian, Beijing by Bike Is but a Dream.txt","/content/drive/MyDrive/extracted_files/gwbush_01-08/To an Olympian, Beijing by Bike Is but a Dream.txt",0.955241741672639,0.9379753154866836,31,34,65
"To Be Rich, Chinese and in Trouble_ 3 Tales.txt","/content/drive/MyDrive/extracted_files/gwbush_01-08/To Be Rich, Chinese and in Trouble_ 3 Tales.txt",0.9725486511407897,0.963493324816227,43,48,91
"To Rally Stocks, China Moves To Ease Foreign Trading Rules.txt","/content/drive/MyDrive/extracted_files/gwbush_01-08/To Rally Stocks, China Moves To Ease Foreign Trading Rules.txt",0.968185019493103,0.9709181348482768,10,15,25
"To Supply China, South African Mines Want More Trains.txt","/content/drive/MyDrive/extracted_files/gwbush_01-08/To Supply China, South African Mines Want More Trains.txt",0.9619778618216515,0.9584639638662338,8,20,28
"Tobacco Company Downplayed Risks in China, Report Says.txt","/content/drive/MyDrive/extracted_files/gwbush_01-08/Tobacco Company Downplayed Risks in China, Report Says.txt",0.8333155274391174,0.9177995026111603,5,18,23
Today In Business Delay In China Subsidy Case.txt,/content/drive/MyDrive/extracted_files/gwbush_01-08/Today In Business Delay In China Subsidy Case.txt,,0.9711198657751083,0,4,4
"Top Charge Dropped, but China Gives Times Researcher 3 Years.txt","/content/drive/MyDrive/extracted_files/gwbush_01-08/Top Charge Dropped, but China Gives Times Researcher 3 Years.txt",0.8775360303766587,0.9722328064618287,17,54,71
Top Hong Kong Official Is Said to Be Close to Resigning Post.txt,/content/drive/MyDrive/extracted_files/gwbush_01-08/Top Hong Kong Official Is Said to Be Close to Resigning Post.txt,0.9598524911063058,0.9559376381692433,7,21,28
Town in China Returns to Normal a Day After a Bold Attack Kills 16 Policemen.txt,/content/drive/MyDrive/extracted_files/gwbush_01-08/Town in China Returns to Normal a Day After a Bold Attack Kills 16 Policemen.txt,0.9007822722196579,0.9681453271345659,4,22,26
Toyota and Chinese Carmaker in Venture.txt,/content/drive/MyDrive/extracted_files/gwbush_01-08/Toyota and Chinese Carmaker in Venture.txt,0.9470113775004512,0.9675261411401961,23,18,41
"Trade Center Tenant Deal, Once Hailed, Is in Dispute.txt","/content/drive/MyDrive/extracted_files/gwbush_01-08/Trade Center Tenant Deal, Once Hailed, Is in Dispute.txt",0.9376304195477412,0.9645725786685944,13,14,27
Trade Rules Power Up Motorcycles Of Taiwan.txt,/content/drive/MyDrive/extracted_files/gwbush_01-08/Trade Rules Power Up Motorcycles Of Taiwan.txt,0.9840158224105835,0.9682523464334423,10,29,39
Trans-Atlantic Exchange to Be Listed Today.txt,/content/drive/MyDrive/extracted_files/gwbush_01-08/Trans-Atlantic Exchange to Be Listed Today.txt,0.9725252707799276,0.917370875676473,15,9,24
Treasury Dept. Declines To Press China on Yuan.txt,/content/drive/MyDrive/extracted_files/gwbush_01-08/Treasury Dept. Declines To Press China on Yuan.txt,0.9289042552312216,0.9646173460142953,6,7,13
Treaty_s End Would Ruffle Russia_s Politics.txt,/content/drive/MyDrive/extracted_files/gwbush_01-08/Treaty_s End Would Ruffle Russia_s Politics.txt,0.947107203801473,0.9607190907001495,15,20,35
Turkey_s Quest to Join Europe Collides With Its Textile Dreams.txt,/content/drive/MyDrive/extracted_files/gwbush_01-08/Turkey_s Quest to Join Europe Collides With Its Textile Dreams.txt,0.955481317308214,0.9910556636750698,9,16,25
"Two Pianos, Four Hands But One Heart.txt","/content/drive/MyDrive/extracted_files/gwbush_01-08/Two Pianos, Four Hands But One Heart.txt",0.9767961955070495,0.997041654586792,25,5,30
Two Renowned History Scholars Are to Split $1 Million Humanities Award.txt,/content/drive/MyDrive/extracted_files/gwbush_01-08/Two Renowned History Scholars Are to Split $1 Million Humanities Award.txt,0.9873156820734342,0.9682064255078634,24,3,27
U.N. Approves Special Court To Prosecute Hariri Killing.txt,/content/drive/MyDrive/extracted_files/gwbush_01-08/U.N. Approves Special Court To Prosecute Hariri Killing.txt,0.8396714727083842,0.9067258962563106,3,14,17
U.N. Council Gets New Draft Decree on Iran Nuclear Sanctions.txt,/content/drive/MyDrive/extracted_files/gwbush_01-08/U.N. Council Gets New Draft Decree on Iran Nuclear Sanctions.txt,0.9151986241340637,0.9219340546564623,7,22,29
U.N. Official Urges China to Deepen Commitment to Rights.txt,/content/drive/MyDrive/extracted_files/gwbush_01-08/U.N. Official Urges China to Deepen Commitment to Rights.txt,0.9282319876882765,0.955851599574089,9,16,25
U.N. Tackles Issue of Imbalance of Power.txt,/content/drive/MyDrive/extracted_files/gwbush_01-08/U.N. Tackles Issue of Imbalance of Power.txt,0.9493340975359866,0.9329922479741714,19,17,36
"U.N. to Keep Darfur Force, But U.S. Withholds Its Vote.txt","/content/drive/MyDrive/extracted_files/gwbush_01-08/U.N. to Keep Darfur Force, But U.S. Withholds Its Vote.txt",0.9561349809169769,0.9822581954624342,10,23,33
U.N. to Open Rights Review With U.S. On Sidelines.txt,/content/drive/MyDrive/extracted_files/gwbush_01-08/U.N. to Open Rights Review With U.S. On Sidelines.txt,0.8915617227554321,0.9745848774909973,5,22,27
U.S. and China Resume High-Level Military Talks After 20 Months.txt,/content/drive/MyDrive/extracted_files/gwbush_01-08/U.S. and China Resume High-Level Military Talks After 20 Months.txt,0.944997767607371,0.9541272997856141,9,10,19
U.S. and China Set Up Teams for Economic Talks.txt,/content/drive/MyDrive/extracted_files/gwbush_01-08/U.S. and China Set Up Teams for Economic Talks.txt,0.9306092006819588,0.912099027633667,7,25,32
U.S. and Europe Put Off Referral Of Iran Case to Security Council.txt,/content/drive/MyDrive/extracted_files/gwbush_01-08/U.S. and Europe Put Off Referral Of Iran Case to Security Council.txt,0.9446250200271606,0.8672797812355889,2,9,11
U.S. and Europe Say Tariff By China Is Discriminatory.txt,/content/drive/MyDrive/extracted_files/gwbush_01-08/U.S. and Europe Say Tariff By China Is Discriminatory.txt,0.9597306996583939,0.9723093623206729,16,21,37
U.S. and North Korea Are Said To End Frozen-Funds Impasse.txt,/content/drive/MyDrive/extracted_files/gwbush_01-08/U.S. and North Korea Are Said To End Frozen-Funds Impasse.txt,0.9699777483940124,0.9278261022908347,5,14,19
U.S. BLOCKS MONEY FOR FAMILY CLINICS PROMOTED BY U.N.txt,/content/drive/MyDrive/extracted_files/gwbush_01-08/U.S. BLOCKS MONEY FOR FAMILY CLINICS PROMOTED BY U.N.txt,0.8939242243766785,0.9854357171058655,10,25,35
U.S. Cautious as China Offers Details on Political Prisoners.txt,/content/drive/MyDrive/extracted_files/gwbush_01-08/U.S. Cautious as China Offers Details on Political Prisoners.txt,0.9774244129657745,0.9604122768277708,2,23,25
U.S. Courts Become Arbiters Of Global Rights and Wrongs.txt,/content/drive/MyDrive/extracted_files/gwbush_01-08/U.S. Courts Become Arbiters Of Global Rights and Wrongs.txt,0.9354835423556241,0.9132879681703521,22,41,63
U.S. Envoy Asks Hong Kong For Text of Anti-Sedition Law.txt,/content/drive/MyDrive/extracted_files/gwbush_01-08/U.S. Envoy Asks Hong Kong For Text of Anti-Sedition Law.txt,,0.9035474260648092,0,15,15
U.S. Files A Complaint Against China At the W.T.O.txt,/content/drive/MyDrive/extracted_files/gwbush_01-08/U.S. Files A Complaint Against China At the W.T.O.txt,0.9612798790136973,0.9829256897387297,6,23,29
U.S. HITS OBSTACLE TO ACTION BY U.N. ON NORTH KOREA.txt,/content/drive/MyDrive/extracted_files/gwbush_01-08/U.S. HITS OBSTACLE TO ACTION BY U.N. ON NORTH KOREA.txt,0.962026983499527,0.9458677857010452,12,27,39
U.S. Is Losing Its Dominance In the Sciences.txt,/content/drive/MyDrive/extracted_files/gwbush_01-08/U.S. Is Losing Its Dominance In the Sciences.txt,0.9499219323313514,0.9777215944754111,43,37,80
U.S. Men_s Gymnasts Capture Silver Medal.txt,/content/drive/MyDrive/extracted_files/gwbush_01-08/U.S. Men_s Gymnasts Capture Silver Medal.txt,0.963628667852153,0.9687466218191034,23,34,57
"U.S. Needs Japan_s Diplomacy, but Tokyo Isn_t Talking.txt","/content/drive/MyDrive/extracted_files/gwbush_01-08/U.S. Needs Japan_s Diplomacy, but Tokyo Isn_t Talking.txt",0.9814517773114718,0.9332752047163068,13,33,46
U.S. Negotiator Notes an Improved Tone in Talks on North Korea.txt,/content/drive/MyDrive/extracted_files/gwbush_01-08/U.S. Negotiator Notes an Improved Tone in Talks on North Korea.txt,0.9859730700651804,0.9503060792173658,6,14,20
U.S. Nurtures Growing Bond With India On Defense.txt,/content/drive/MyDrive/extracted_files/gwbush_01-08/U.S. Nurtures Growing Bond With India On Defense.txt,0.9488862156867981,0.861170768737793,7,10,17
U.S. Officials Try to Interpret China_s Silence Over Satellite.txt,/content/drive/MyDrive/extracted_files/gwbush_01-08/U.S. Officials Try to Interpret China_s Silence Over Satellite.txt,0.8923961743712425,0.9750630927808357,8,33,41
U.S. PLANE IN CHINA AFTER IT COLLIDES WITH CHINESE JET.txt,/content/drive/MyDrive/extracted_files/gwbush_01-08/U.S. PLANE IN CHINA AFTER IT COLLIDES WITH CHINESE JET.txt,0.9256532192230225,0.9724776542186737,19,50,69
U.S. Property Prices Too High_ Some Funds Look Abroad.txt,/content/drive/MyDrive/extracted_files/gwbush_01-08/U.S. Property Prices Too High_ Some Funds Look Abroad.txt,0.9486220547786126,0.9633254977789792,26,22,48
U.S. Proposes A Softer Threat On Sudan_s Oil.txt,/content/drive/MyDrive/extracted_files/gwbush_01-08/U.S. Proposes A Softer Threat On Sudan_s Oil.txt,0.9001958817243576,0.9510728981759813,4,9,13
U.S. Questions China on Arms Buildup.txt,/content/drive/MyDrive/extracted_files/gwbush_01-08/U.S. Questions China on Arms Buildup.txt,0.9640829477991376,0.8354203484275124,14,11,25
"U.S. Quiet on China Trade Tax, but Europe Welcomes It.txt","/content/drive/MyDrive/extracted_files/gwbush_01-08/U.S. Quiet on China Trade Tax, but Europe Welcomes It.txt",0.9715706814419139,0.9257767383868878,11,26,37
U.S. Rebukes Chinese General for His Threat of Nuclear Arms Use.txt,/content/drive/MyDrive/extracted_files/gwbush_01-08/U.S. Rebukes Chinese General for His Threat of Nuclear Arms Use.txt,0.95216237505277,0.9394362643361092,6,8,14
U.S. Resumes Its Spy Flights Close to China.txt,/content/drive/MyDrive/extracted_files/gwbush_01-08/U.S. Resumes Its Spy Flights Close to China.txt,0.8513457973798116,0.9761478196490895,6,22,28
U.S. Retailers Feel the Pinch Of Cargo Caught In Transit Snags.txt,/content/drive/MyDrive/extracted_files/gwbush_01-08/U.S. Retailers Feel the Pinch Of Cargo Caught In Transit Snags.txt,0.9418666362762451,0.9691757162412008,22,42,64
U.S. SAID TO SHIFT APPROACH IN TALKS WITH NORTH KOREA.txt,/content/drive/MyDrive/extracted_files/gwbush_01-08/U.S. SAID TO SHIFT APPROACH IN TALKS WITH NORTH KOREA.txt,0.9579730721620413,0.9633927893638611,13,25,38
U.S. SAID TO WEIGH A NEW APPROACH ON NORTH KOREA.txt,/content/drive/MyDrive/extracted_files/gwbush_01-08/U.S. SAID TO WEIGH A NEW APPROACH ON NORTH KOREA.txt,0.861517574105944,0.9241591411478379,7,34,41
U.S. Sanctions on 2 Chinese Producers.txt,/content/drive/MyDrive/extracted_files/gwbush_01-08/U.S. Sanctions on 2 Chinese Producers.txt,,0.9888868927955627,0,5,5
U.S. Says China Is Stepping Up Short-Range Missile Production.txt,/content/drive/MyDrive/extracted_files/gwbush_01-08/U.S. Says China Is Stepping Up Short-Range Missile Production.txt,0.9646347761154175,0.9469751761509821,8,13,21
U.S. Seeks _52 Spy Plane.txt,/content/drive/MyDrive/extracted_files/gwbush_01-08/U.S. Seeks _52 Spy Plane.txt,,0.936841199795405,0,6,6
U.S. Stand on Piracy in China.txt,/content/drive/MyDrive/extracted_files/gwbush_01-08/U.S. Stand on Piracy in China.txt,0.967596173286438,0.9910168392317635,2,7,9
U.S. Stand On Quotas Deadlocks Climate Talks.txt,/content/drive/MyDrive/extracted_files/gwbush_01-08/U.S. Stand On Quotas Deadlocks Climate Talks.txt,0.9005485706859164,0.9095179667839637,9,13,22
"U.S. Tech Exports Slide, but Trash Sales Are Up.txt","/content/drive/MyDrive/extracted_files/gwbush_01-08/U.S. Tech Exports Slide, but Trash Sales Are Up.txt",0.9612653777003288,0.9593357330276853,8,21,29
U.S. Urges China to Open Markets and Help Break an Impasse in Global Trade Talks.txt,/content/drive/MyDrive/extracted_files/gwbush_01-08/U.S. Urges China to Open Markets and Help Break an Impasse in Global Trade Talks.txt,0.9763432374367347,0.9228454557332125,13,22,35
U.S. Voices Concern on Chinese Detainee.txt,/content/drive/MyDrive/extracted_files/gwbush_01-08/U.S. Voices Concern on Chinese Detainee.txt,0.9901947379112244,0.8850100636482239,1,4,5
U.S. Warns North Koreans About Nuclear-Weapon Test.txt,/content/drive/MyDrive/extracted_files/gwbush_01-08/U.S. Warns North Koreans About Nuclear-Weapon Test.txt,0.9751860839979989,0.9786597516225732,7,23,30
U.S. Women_s Team Looks Back And Looks Ahead.txt,/content/drive/MyDrive/extracted_files/gwbush_01-08/U.S. Women_s Team Looks Back And Looks Ahead.txt,0.9729067410031954,0.971423202753067,24,20,44
U.S.-French Rift Reopened As Powell Arrives for Talks.txt,/content/drive/MyDrive/extracted_files/gwbush_01-08/U.S.-French Rift Reopened As Powell Arrives for Talks.txt,0.8720850944519043,0.9377932199116411,10,29,39
"Unfazed by Risk, Investors Pour Money Into Faraway Markets.txt","/content/drive/MyDrive/extracted_files/gwbush_01-08/Unfazed by Risk, Investors Pour Money Into Faraway Markets.txt",0.9794654629447244,0.9228450224317354,22,29,51
"Unloved, but Not Unbuilt.txt","/content/drive/MyDrive/extracted_files/gwbush_01-08/Unloved, but Not Unbuilt.txt",0.9766340622535119,0.986182632446289,13,25,38
"Up the Mountain Slowly, Very Slowly.txt","/content/drive/MyDrive/extracted_files/gwbush_01-08/Up the Mountain Slowly, Very Slowly.txt",0.9535037308490922,0.9541396832993989,203,271,474
Venezuela Cautions U.S. It May Curtail Oil Exports.txt,/content/drive/MyDrive/extracted_files/gwbush_01-08/Venezuela Cautions U.S. It May Curtail Oil Exports.txt,0.950652920282804,0.9171579437596458,13,14,27
Venezuela Seeks to Cut Oil Output.txt,/content/drive/MyDrive/extracted_files/gwbush_01-08/Venezuela Seeks to Cut Oil Output.txt,0.9639651854832967,0.9654341850961957,15,21,36
VICARIOUS CONSUMPTION_Boots Made for Walking On Pennsylvania Avenue.txt,/content/drive/MyDrive/extracted_files/gwbush_01-08/VICARIOUS CONSUMPTION_Boots Made for Walking On Pennsylvania Avenue.txt,0.9446738464076344,0.9633698873221874,41,32,73
Visions of Bonus Heaven In Goldman Sachs Profit.txt,/content/drive/MyDrive/extracted_files/gwbush_01-08/Visions of Bonus Heaven In Goldman Sachs Profit.txt,0.9685796757002134,0.9298497495197114,37,21,58
Visiting Asia Without Crossing the Pacific.txt,/content/drive/MyDrive/extracted_files/gwbush_01-08/Visiting Asia Without Crossing the Pacific.txt,0.9761134213871426,0.9751936288980337,45,13,58
Visiting Chinese to Urge Bush Not to Sell Arms to Taiwan.txt,/content/drive/MyDrive/extracted_files/gwbush_01-08/Visiting Chinese to Urge Bush Not to Sell Arms to Taiwan.txt,0.9215398345674787,0.8877878080714833,14,11,25
"Visiting Korea Base, Rice Sends Forceful Reminder to the North.txt","/content/drive/MyDrive/extracted_files/gwbush_01-08/Visiting Korea Base, Rice Sends Forceful Reminder to the North.txt",0.9444670259952546,0.9813315187181745,20,21,41
VISTEON TO HELP BUILD AUTO PARTS FACTORY IN CHINA.txt,/content/drive/MyDrive/extracted_files/gwbush_01-08/VISTEON TO HELP BUILD AUTO PARTS FACTORY IN CHINA.txt,0.8280281126499176,0.9444471001625061,2,2,4
VITAL SIGNS_ REMEDIES_Relief From an Herbal Compound.txt,/content/drive/MyDrive/extracted_files/gwbush_01-08/VITAL SIGNS_ REMEDIES_Relief From an Herbal Compound.txt,0.936741304397583,0.9843981464703878,5,6,11
Volkswagen Reverses Slide As Earnings Nearly Triple.txt,/content/drive/MyDrive/extracted_files/gwbush_01-08/Volkswagen Reverses Slide As Earnings Nearly Triple.txt,0.8956872820854187,0.9765938699245453,11,10,21
VW Reports a 6.7_ Decline In Profit in Second Quarter.txt,/content/drive/MyDrive/extracted_files/gwbush_01-08/VW Reports a 6.7_ Decline In Profit in Second Quarter.txt,0.9084281722704569,0.9909900682313102,6,7,13
W.H.O. Lifts SARS Alert in China Regions.txt,/content/drive/MyDrive/extracted_files/gwbush_01-08/W.H.O. Lifts SARS Alert in China Regions.txt,0.9196166396141052,0.9071930348873138,3,6,9
W.H.O. Urges China to Use Caution While Killing Civet Cats.txt,/content/drive/MyDrive/extracted_files/gwbush_01-08/W.H.O. Urges China to Use Caution While Killing Civet Cats.txt,0.9268480956554412,0.9419398128986358,10,30,40
W.H.O. Urges Effort to Fight Fast-Spreading New Diseases.txt,/content/drive/MyDrive/extracted_files/gwbush_01-08/W.H.O. Urges Effort to Fight Fast-Spreading New Diseases.txt,0.8721921443939209,0.9597516894340515,9,10,19
"Waiters, Cooks to Go.txt","/content/drive/MyDrive/extracted_files/gwbush_01-08/Waiters, Cooks to Go.txt",0.9851189466083751,0.9629364100898185,17,41,58
WAL-MART WILL ALLOW UNIONS AT ITS STORES IN CHINA.txt,/content/drive/MyDrive/extracted_files/gwbush_01-08/WAL-MART WILL ALLOW UNIONS AT ITS STORES IN CHINA.txt,0.9200042486190796,0.9061175982157389,1,3,4
"Wall Street Has Worst Week In Years, as Stocks Fall Again.txt","/content/drive/MyDrive/extracted_files/gwbush_01-08/Wall Street Has Worst Week In Years, as Stocks Fall Again.txt",0.9652389379648062,0.9628032126596996,13,28,41
War Shrine Gift By Japan Leader Prompts Concern.txt,/content/drive/MyDrive/extracted_files/gwbush_01-08/War Shrine Gift By Japan Leader Prompts Concern.txt,0.9147959351539612,0.9870730876922608,2,10,12
Wary of Neighbors.txt,/content/drive/MyDrive/extracted_files/gwbush_01-08/Wary of Neighbors.txt,0.9477713918685913,0.9370179308785332,25,9,34
"Washington Memo_Now for Bush, a Novelty_ Having to Face Novelty.txt","/content/drive/MyDrive/extracted_files/gwbush_01-08/Washington Memo_Now for Bush, a Novelty_ Having to Face Novelty.txt",0.9600594830513001,0.9695637053564975,25,38,63
We Are (Aren_t) Safer With India in the Nuclear Club.txt,/content/drive/MyDrive/extracted_files/gwbush_01-08/We Are (Aren_t) Safer With India in the Nuclear Club.txt,0.9783112891018391,0.9772130432336227,16,23,39
Web Portal Fined for Movie Piracy.txt,/content/drive/MyDrive/extracted_files/gwbush_01-08/Web Portal Fined for Movie Piracy.txt,0.9981778860092163,0.9599852040410042,1,8,9
"Wed to Strangers, Vietnamese Wives Build Korean Lives.txt","/content/drive/MyDrive/extracted_files/gwbush_01-08/Wed to Strangers, Vietnamese Wives Build Korean Lives.txt",0.9343429227670034,0.9576521137586007,30,52,82
"WEDDINGS_Sarah Jessup, James Bennet.txt","/content/drive/MyDrive/extracted_files/gwbush_01-08/WEDDINGS_Sarah Jessup, James Bennet.txt",0.9299483001232147,,14,0,14
WFAN Said to Be Replacing Imus With an Ex-Quarterback and a _Jersey Guy_.txt,/content/drive/MyDrive/extracted_files/gwbush_01-08/WFAN Said to Be Replacing Imus With an Ex-Quarterback and a _Jersey Guy_.txt,0.9841110348701477,0.9686507085959116,5,18,23
What Are Koreans Up To_ U.S. Agencies Can_t Agree.txt,/content/drive/MyDrive/extracted_files/gwbush_01-08/What Are Koreans Up To_ U.S. Agencies Can_t Agree.txt,0.9409967831202916,0.9823771754900614,7,30,37
What I Did On My Summer Vacation.txt,/content/drive/MyDrive/extracted_files/gwbush_01-08/What I Did On My Summer Vacation.txt,0.9546047797742879,0.9531292448172698,53,37,90
What Is the Seventh Potter Book Called in China_ A Start.txt,/content/drive/MyDrive/extracted_files/gwbush_01-08/What Is the Seventh Potter Book Called in China_ A Start.txt,0.969240104450899,0.9666519491903244,17,31,48
What It Takes to Keep the Jazz Hot.txt,/content/drive/MyDrive/extracted_files/gwbush_01-08/What It Takes to Keep the Jazz Hot.txt,0.9807776270374176,0.8782563209533691,31,22,53
What Should A Chinese Car Look Like_.txt,/content/drive/MyDrive/extracted_files/gwbush_01-08/What Should A Chinese Car Look Like_.txt,0.9019621653216225,0.9550744692484537,28,27,55
What the World Wants From America.txt,/content/drive/MyDrive/extracted_files/gwbush_01-08/What the World Wants From America.txt,0.9707938465807173,0.8996327381867629,18,13,31
What_s On Tonight.txt,/content/drive/MyDrive/extracted_files/gwbush_01-08/What_s On Tonight.txt,0.89258546095628,0.9625488122304281,13,12,25
"Wheels of Fortune, on a Roll.txt","/content/drive/MyDrive/extracted_files/gwbush_01-08/Wheels of Fortune, on a Roll.txt",0.9661020572121078,0.9428080916404724,37,29,66
"When Dinosaurs Ruled, a Mammal Ate (a Little) One.txt","/content/drive/MyDrive/extracted_files/gwbush_01-08/When Dinosaurs Ruled, a Mammal Ate (a Little) One.txt",0.9201726175489879,0.9230521321296692,21,25,46
When Fakery Turns Fatal.txt,/content/drive/MyDrive/extracted_files/gwbush_01-08/When Fakery Turns Fatal.txt,0.9241034746170044,0.977000500335068,10,61,71
When Poets Turned Their Hands To Clay.txt,/content/drive/MyDrive/extracted_files/gwbush_01-08/When Poets Turned Their Hands To Clay.txt,0.925061559677124,0.838083028793335,5,2,7
Where Developers Are Gambling on Gambling.txt,/content/drive/MyDrive/extracted_files/gwbush_01-08/Where Developers Are Gambling on Gambling.txt,0.9408609930505144,0.9406529704729716,47,30,77
Who Owns Art_.txt,/content/drive/MyDrive/extracted_files/gwbush_01-08/Who Owns Art_.txt,0.9391939752506759,0.9623758972815748,53,53,106
Who Really Cooks Your Food_.txt,/content/drive/MyDrive/extracted_files/gwbush_01-08/Who Really Cooks Your Food_.txt,0.9712015920215182,0.9690044720967611,36,24,60
Why Democracy Defies the Urge to Implant It.txt,/content/drive/MyDrive/extracted_files/gwbush_01-08/Why Democracy Defies the Urge to Implant It.txt,0.9660161000031692,0.9575497525579789,26,34,60
Why Not A Strike On Iran_.txt,/content/drive/MyDrive/extracted_files/gwbush_01-08/Why Not A Strike On Iran_.txt,0.906715789437294,0.9626706916352977,20,46,66
Wife Says Jailed Reporter Had Been Helping China.txt,/content/drive/MyDrive/extracted_files/gwbush_01-08/Wife Says Jailed Reporter Had Been Helping China.txt,0.9486537754535675,0.9613358676433563,10,16,26
Will a Fed Pause on Rates End at the Water_s Edge_.txt,/content/drive/MyDrive/extracted_files/gwbush_01-08/Will a Fed Pause on Rates End at the Water_s Edge_.txt,0.943808662891388,0.9714825941670325,10,31,41
"WINE TALK_Bubbles That Are Red, White and Blue.txt","/content/drive/MyDrive/extracted_files/gwbush_01-08/WINE TALK_Bubbles That Are Red, White and Blue.txt",0.9553811939863058,0.9004115624861284,26,22,48
"With a Mogul_s Touch, a Chinese Media Man Connects to the West.txt","/content/drive/MyDrive/extracted_files/gwbush_01-08/With a Mogul_s Touch, a Chinese Media Man Connects to the West.txt",0.9477038979530334,0.9195941459564936,31,21,52
"With ABN Amro, Barclays Sees Asia Growth Atoning for Cuts Elsewhere.txt","/content/drive/MyDrive/extracted_files/gwbush_01-08/With ABN Amro, Barclays Sees Asia Growth Atoning for Cuts Elsewhere.txt",0.9691401751417863,0.9421389194635245,19,13,32
"With Egg Roll, You Might Get Advertisement.txt","/content/drive/MyDrive/extracted_files/gwbush_01-08/With Egg Roll, You Might Get Advertisement.txt",0.9658675417304039,0.949933652083079,16,15,31
"With Ignorance as the Fuel, AIDS Speeds Across China.txt","/content/drive/MyDrive/extracted_files/gwbush_01-08/With Ignorance as the Fuel, AIDS Speeds Across China.txt",0.9150139178548541,0.9688698791745883,21,67,88
"With One Eye on China, Bush Receives Dalai Lama.txt","/content/drive/MyDrive/extracted_files/gwbush_01-08/With One Eye on China, Bush Receives Dalai Lama.txt",0.9613341093063354,0.968022596091032,14,16,30
Women in China Embrace Divorce as Stigma Eases.txt,/content/drive/MyDrive/extracted_files/gwbush_01-08/Women in China Embrace Divorce as Stigma Eases.txt,0.9232394384301227,0.9443165052611873,23,53,76
"Word for Word_Cyberdiplomacy_Mr. Qaddafi, You_ve Got Mail_ _Hope 2cu Soon Again in the Desert_.txt","/content/drive/MyDrive/extracted_files/gwbush_01-08/Word for Word_Cyberdiplomacy_Mr. Qaddafi, You_ve Got Mail_ _Hope 2cu Soon Again in the Desert_.txt",0.9759020118249787,0.9846979907967828,72,44,116
"Word for Word_We the Peoples_Awaiting the Iraqi Framers, A World of Constitutional Lessons.txt","/content/drive/MyDrive/extracted_files/gwbush_01-08/Word for Word_We the Peoples_Awaiting the Iraqi Framers, A World of Constitutional Lessons.txt",0.9498657703399658,0.955473377424128,35,17,52
Workers_ Rights Are Suffering in China as Manufacturing Goes Capitalist.txt,/content/drive/MyDrive/extracted_files/gwbush_01-08/Workers_ Rights Are Suffering in China as Manufacturing Goes Capitalist.txt,0.9487267765733931,0.9803129805458917,18,45,63
Working All Corners In a Global Talent Hunt.txt,/content/drive/MyDrive/extracted_files/gwbush_01-08/Working All Corners In a Global Talent Hunt.txt,0.9514255970716476,0.9788732013919137,24,22,46
World Bank Calls on Sovereign Funds to Invest in Africa.txt,/content/drive/MyDrive/extracted_files/gwbush_01-08/World Bank Calls on Sovereign Funds to Invest in Africa.txt,0.9035715274512768,0.9719280451536179,16,4,20
"World Bank Raises Record Aid, but U.S. Slips as Donor.txt","/content/drive/MyDrive/extracted_files/gwbush_01-08/World Bank Raises Record Aid, but U.S. Slips as Donor.txt",0.9489739572300631,0.9348617371390847,17,17,34
World Nuclear Panel Meets Today on Iran_ Possible Concession Is in the Works.txt,/content/drive/MyDrive/extracted_files/gwbush_01-08/World Nuclear Panel Meets Today on Iran_ Possible Concession Is in the Works.txt,0.8376306017239888,0.9509236759999219,15,34,49
Worried Parents in China Wait for Answers on Tainted Formula.txt,/content/drive/MyDrive/extracted_files/gwbush_01-08/Worried Parents in China Wait for Answers on Tainted Formula.txt,,0.9754537809978832,0,55,55
"Worrying About Traffic, Not Who Wins the Gold.txt","/content/drive/MyDrive/extracted_files/gwbush_01-08/Worrying About Traffic, Not Who Wins the Gold.txt",0.9773814265544598,0.9865737967193127,13,32,45
Wrestler Crashes His S.U.V. In Airport.txt,/content/drive/MyDrive/extracted_files/gwbush_01-08/Wrestler Crashes His S.U.V. In Airport.txt,0.9948367050715855,0.9539286238806588,14,21,35
Yankees Are Hoping to Get A Good Jump in China.txt,/content/drive/MyDrive/extracted_files/gwbush_01-08/Yankees Are Hoping to Get A Good Jump in China.txt,0.9862443416014962,0.9561501575840844,23,18,41
Your Comments on my China-Guantanamo Column_Nicholas Kristof.txt,/content/drive/MyDrive/extracted_files/gwbush_01-08/Your Comments on my China-Guantanamo Column_Nicholas Kristof.txt,0.9507390260696411,0.9881892204284668,1,1,2
Your Comments on my Darfur Column_Nicholas Kristof.txt,/content/drive/MyDrive/extracted_files/gwbush_01-08/Your Comments on my Darfur Column_Nicholas Kristof.txt,0.8394057353337606,0.9229833646254106,3,11,14
Your Comments on my North Korea Column_Nicholas Kristof.txt,/content/drive/MyDrive/extracted_files/gwbush_01-08/Your Comments on my North Korea Column_Nicholas Kristof.txt,0.9275624851385752,0.9574254989624024,12,20,32
Yum Brands Reports Profit and Sales Rose.txt,/content/drive/MyDrive/extracted_files/gwbush_01-08/Yum Brands Reports Profit and Sales Rose.txt,0.8990704913934072,0.9964967966079712,6,3,9
_Made in U.S.A._ Isn_t a Hot Label On Goods in China.txt,/content/drive/MyDrive/extracted_files/gwbush_01-08/_Made in U.S.A._ Isn_t a Hot Label On Goods in China.txt,0.8896242380142212,0.995285302400589,4,6,10
_No Contest_ Plea in China-McDonnell Case.txt,/content/drive/MyDrive/extracted_files/gwbush_01-08/_No Contest_ Plea in China-McDonnell Case.txt,,0.9531409806675382,0,9,9
