file,file_path,avg_positive,avg_negative,positive_count,negative_count,num_sentences
Ad Set in China Is Withdrawn.txt,/content/drive/MyDrive/extracted_files/hwbush_89-92/Ad Set in China Is Withdrawn.txt,,0.9960984332220895,0,7,7
"Adrift, Taiwan Loses Urge for Firmer Footing.txt","/content/drive/MyDrive/extracted_files/hwbush_89-92/Adrift, Taiwan Loses Urge for Firmer Footing.txt",0.9405337827546256,0.950159065425396,14,24,38
ADVANCE GUARD FOR THE Y.M.C.A.txt,/content/drive/MyDrive/extracted_files/hwbush_89-92/ADVANCE GUARD FOR THE Y.M.C.A.txt,0.9744764119386673,0.9355967870125403,28,13,41
AFRICANS IN BEIJING BOYCOTT CLASSES.txt,/content/drive/MyDrive/extracted_files/hwbush_89-92/AFRICANS IN BEIJING BOYCOTT CLASSES.txt,0.8761823574701945,0.9740621993939081,3,12,15
AFRICANS IN CHINA ARE FINALLY FREED.txt,/content/drive/MyDrive/extracted_files/hwbush_89-92/AFRICANS IN CHINA ARE FINALLY FREED.txt,0.7070129960775375,0.9544097743928432,4,16,20
"After the Cold War -- Views From Japan_Tokyo in the New Epoch_ Heady Future, With Fear.txt","/content/drive/MyDrive/extracted_files/hwbush_89-92/After the Cold War -- Views From Japan_Tokyo in the New Epoch_ Heady Future, With Fear.txt",0.9113327860832214,0.959251086476823,34,71,105
After the Summit_The Soviets and South Korea_ At Odds Since Day 1.txt,/content/drive/MyDrive/extracted_files/hwbush_89-92/After the Summit_The Soviets and South Korea_ At Odds Since Day 1.txt,0.9132918746847856,0.9574049440297213,19,22,41
AFTER THE WAR_Bush May Seek U.N. Ruling For Force in Kurdish Zone.txt,/content/drive/MyDrive/extracted_files/hwbush_89-92/AFTER THE WAR_Bush May Seek U.N. Ruling For Force in Kurdish Zone.txt,0.8921835252216884,0.9559813837210337,7,12,19
"Aided by U.S. Waiver, China Launches First Foreign Satellite.txt","/content/drive/MyDrive/extracted_files/hwbush_89-92/Aided by U.S. Waiver, China Launches First Foreign Satellite.txt",0.8649635091423988,0.9222023222181532,8,9,17
AIDS Outbreak Is Forcing China To Confront Virus and Drug Use.txt,/content/drive/MyDrive/extracted_files/hwbush_89-92/AIDS Outbreak Is Forcing China To Confront Virus and Drug Use.txt,0.9457113966345787,0.9623091816902161,8,29,37
"ALL P.O.W._s FREED, EX-ADMIRAL SAYS.txt","/content/drive/MyDrive/extracted_files/hwbush_89-92/ALL P.O.W._s FREED, EX-ADMIRAL SAYS.txt",0.8811334541865757,0.9094946980476379,7,9,16
American on Their Own Terms_The Complete Other Side of the World_.txt,/content/drive/MyDrive/extracted_files/hwbush_89-92/American on Their Own Terms_The Complete Other Side of the World_.txt,0.9676167955765358,0.9318513854956015,65,39,104
American Women In Final In Soccer.txt,/content/drive/MyDrive/extracted_files/hwbush_89-92/American Women In Final In Soccer.txt,0.9729598516767676,0.9898632764816284,22,2,24
An Empire Run Amid Rice Paddies.txt,/content/drive/MyDrive/extracted_files/hwbush_89-92/An Empire Run Amid Rice Paddies.txt,0.9801001701599512,0.9676868342436277,39,26,65
Angel Island Journal_Saving Voices of the Other Ellis Island.txt,/content/drive/MyDrive/extracted_files/hwbush_89-92/Angel Island Journal_Saving Voices of the Other Ellis Island.txt,0.9405533711115519,0.940357657996091,15,22,37
ANTIQUES_Ancient Chinese Alchemy_ Turning Bronze Into Art.txt,/content/drive/MyDrive/extracted_files/hwbush_89-92/ANTIQUES_Ancient Chinese Alchemy_ Turning Bronze Into Art.txt,0.9603045667920794,0.9614386320114136,21,20,41
ANTIQUES_Basins and Bowls From the Palaces Of Imperial China.txt,/content/drive/MyDrive/extracted_files/hwbush_89-92/ANTIQUES_Basins and Bowls From the Palaces Of Imperial China.txt,0.9491225855691092,0.8388627469539642,35,6,41
ANTIQUES_BELONGINGS OF THE THUNDER DRAGON.txt,/content/drive/MyDrive/extracted_files/hwbush_89-92/ANTIQUES_BELONGINGS OF THE THUNDER DRAGON.txt,0.9312615633010864,0.9108092463933505,25,13,38
ANTIQUES_Decoration in a Lavish Style.txt,/content/drive/MyDrive/extracted_files/hwbush_89-92/ANTIQUES_Decoration in a Lavish Style.txt,0.9577006237073378,0.9284422861205207,22,18,40
Army Tests Defenses Against Biological Weapons.txt,/content/drive/MyDrive/extracted_files/hwbush_89-92/Army Tests Defenses Against Biological Weapons.txt,0.9804661870002747,0.9622083306312561,11,40,51
"Arriving in Tokyo, Baker Starts 3-Nation Asia Tour.txt","/content/drive/MyDrive/extracted_files/hwbush_89-92/Arriving in Tokyo, Baker Starts 3-Nation Asia Tour.txt",0.901538701618419,0.9670474502173337,17,22,39
"ART_Nurture and Nature, for Asian-Americans.txt","/content/drive/MyDrive/extracted_files/hwbush_89-92/ART_Nurture and Nature, for Asian-Americans.txt",0.9635099458694458,0.9187517779714921,25,34,59
"As China_s Economy Thrives, The Public Sector Flounders.txt","/content/drive/MyDrive/extracted_files/hwbush_89-92/As China_s Economy Thrives, The Public Sector Flounders.txt",0.9505729754765828,0.9637908549375938,15,71,86
"As Hong Kong Elite Are Leaving, Japanese Investors Are Moving In.txt","/content/drive/MyDrive/extracted_files/hwbush_89-92/As Hong Kong Elite Are Leaving, Japanese Investors Are Moving In.txt",0.9541823729872704,0.9526778910611127,40,37,77
"As Things Ease in China, an Envoy Departs.txt","/content/drive/MyDrive/extracted_files/hwbush_89-92/As Things Ease in China, an Envoy Departs.txt",0.977634452856504,0.9471103961651142,13,13,26
Asian Games_Chinese Athletes Stun Their Foes.txt,/content/drive/MyDrive/extracted_files/hwbush_89-92/Asian Games_Chinese Athletes Stun Their Foes.txt,0.9770386086569892,0.8877563889210041,18,13,31
Aspiring Party Leaders At Forefront of Revolt.txt,/content/drive/MyDrive/extracted_files/hwbush_89-92/Aspiring Party Leaders At Forefront of Revolt.txt,0.9748549196455214,0.958641955727025,18,19,37
"At Bush_s Beijing Villa, Marxists Pursue Profit.txt","/content/drive/MyDrive/extracted_files/hwbush_89-92/At Bush_s Beijing Villa, Marxists Pursue Profit.txt",0.9757074884005955,0.9586152364225948,21,17,38
AUG. 30 - SEPT. 5_ New Abuses Charged_More Democracy Activists Detained in China.txt,/content/drive/MyDrive/extracted_files/hwbush_89-92/AUG. 30 - SEPT. 5_ New Abuses Charged_More Democracy Activists Detained in China.txt,0.9592807292938232,0.9870162435940334,1,7,8
"AUGUST 16-22_ A Haiti Connection_Smuggling Chinese, Trawler Tries the East Coast.txt","/content/drive/MyDrive/extracted_files/hwbush_89-92/AUGUST 16-22_ A Haiti Connection_Smuggling Chinese, Trawler Tries the East Coast.txt",0.9514698386192322,0.9654930979013443,3,4,7
Baker Denounces Executions of Chinese Protesters.txt,/content/drive/MyDrive/extracted_files/hwbush_89-92/Baker Denounces Executions of Chinese Protesters.txt,0.9613005816936493,0.9721076563000679,8,16,24
BAKER FAILS TO WIN ANY COMMITMENTS IN TALKS IN BEIJING.txt,/content/drive/MyDrive/extracted_files/hwbush_89-92/BAKER FAILS TO WIN ANY COMMITMENTS IN TALKS IN BEIJING.txt,0.9579070607821146,0.9601049332907705,24,33,57
Baker to Visit China.txt,/content/drive/MyDrive/extracted_files/hwbush_89-92/Baker to Visit China.txt,0.7557902932167053,,2,0,2
Baker Warns China Against Selling New Missiles.txt,/content/drive/MyDrive/extracted_files/hwbush_89-92/Baker Warns China Against Selling New Missiles.txt,0.9768707156181335,0.9283243900253659,3,21,24
BAKER WILL VISIT CHINA THIS MONTH.txt,/content/drive/MyDrive/extracted_files/hwbush_89-92/BAKER WILL VISIT CHINA THIS MONTH.txt,0.9483619057215177,0.969301686837123,13,13,26
Ban on Chinese Mushrooms Is Announced by the F.D.A.txt,/content/drive/MyDrive/extracted_files/hwbush_89-92/Ban on Chinese Mushrooms Is Announced by the F.D.A.txt,0.876926526427269,0.9976582924524943,4,6,10
Banks Follow Immigrants to Flushing.txt,/content/drive/MyDrive/extracted_files/hwbush_89-92/Banks Follow Immigrants to Flushing.txt,0.9538120474570837,0.8937781137578628,39,17,56
BARCELONA_ BASKETBALL_U.S. Women Run Past Chinese to Win by 93-67.txt,/content/drive/MyDrive/extracted_files/hwbush_89-92/BARCELONA_ BASKETBALL_U.S. Women Run Past Chinese to Win by 93-67.txt,0.9945808384153578,0.9792449048587254,9,14,23
BARCELONA_ DIVING_China and U.S. Divers Make Different Splashes.txt,/content/drive/MyDrive/extracted_files/hwbush_89-92/BARCELONA_ DIVING_China and U.S. Divers Make Different Splashes.txt,0.9544003968653472,0.9677954758916583,23,35,58
BARCELONA_ SWIMMING_Too Good_ Too Fast_ Drug Rumors Stalk Chinese.txt,/content/drive/MyDrive/extracted_files/hwbush_89-92/BARCELONA_ SWIMMING_Too Good_ Too Fast_ Drug Rumors Stalk Chinese.txt,0.954155425230662,0.9621783551715669,9,21,30
BARCELONA_Chinese Beam With Pride.txt,/content/drive/MyDrive/extracted_files/hwbush_89-92/BARCELONA_Chinese Beam With Pride.txt,0.9680410292413499,0.9400221499903448,18,29,47
Beijing Aims Jail Releases at Influencing U.S.txt,/content/drive/MyDrive/extracted_files/hwbush_89-92/Beijing Aims Jail Releases at Influencing U.S.txt,0.9257768094539642,0.9504015340524561,8,17,25
Beijing and Singapore Agree To Set Up Diplomatic Links.txt,/content/drive/MyDrive/extracted_files/hwbush_89-92/Beijing and Singapore Agree To Set Up Diplomatic Links.txt,0.9928535670042038,0.993050217628479,4,1,5
Beijing Calls for a _New Pattern_ In Its Relations With Washington.txt,/content/drive/MyDrive/extracted_files/hwbush_89-92/Beijing Calls for a _New Pattern_ In Its Relations With Washington.txt,0.911321587032742,0.8730442253026095,9,11,20
Beijing Denounces Defector.txt,/content/drive/MyDrive/extracted_files/hwbush_89-92/Beijing Denounces Defector.txt,0.9862512350082397,0.9955577552318573,1,2,3
Beijing Frees 97 Held in Protests To Try to Ease Domestic Tension.txt,/content/drive/MyDrive/extracted_files/hwbush_89-92/Beijing Frees 97 Held in Protests To Try to Ease Domestic Tension.txt,0.9875004546982902,0.9107624143362045,7,16,23
Beijing Invites Chinese Abroad to Return Home.txt,/content/drive/MyDrive/extracted_files/hwbush_89-92/Beijing Invites Chinese Abroad to Return Home.txt,0.9475415050983429,0.9543449838956197,12,15,27
Beijing Is Resolute on Terms For the Dalai Lama_s Return.txt,/content/drive/MyDrive/extracted_files/hwbush_89-92/Beijing Is Resolute on Terms For the Dalai Lama_s Return.txt,,0.9204946309328079,0,4,4
"Beijing Journal_A Weekly Bath, and a Good Brain-Scrubbing Too.txt","/content/drive/MyDrive/extracted_files/hwbush_89-92/Beijing Journal_A Weekly Bath, and a Good Brain-Scrubbing Too.txt",0.962848037481308,0.9415397895009894,16,38,54
Beijing Journal_Army_s Business Sideline_ These Guns for Fun.txt,/content/drive/MyDrive/extracted_files/hwbush_89-92/Beijing Journal_Army_s Business Sideline_ These Guns for Fun.txt,0.9764382727444172,0.9819085183350936,16,23,39
"Beijing Journal_As Daily Toes the Line, Readers Turn Their Backs.txt","/content/drive/MyDrive/extracted_files/hwbush_89-92/Beijing Journal_As Daily Toes the Line, Readers Turn Their Backs.txt",0.9649827011993953,0.9384498370104822,14,29,43
Beijing Journal_At Work Where the Cold War_s Ice Still Lingers.txt,/content/drive/MyDrive/extracted_files/hwbush_89-92/Beijing Journal_At Work Where the Cold War_s Ice Still Lingers.txt,0.934231814585234,0.9333319726743197,19,19,38
Beijing Journal_China Is Fighting for Its Soul_ Its Looted Antiques.txt,/content/drive/MyDrive/extracted_files/hwbush_89-92/Beijing Journal_China Is Fighting for Its Soul_ Its Looted Antiques.txt,0.9740960051616033,0.9765133142471314,12,25,37
Beijing Journal_China_s Campus Life_ A Torrent of Self-Criticism.txt,/content/drive/MyDrive/extracted_files/hwbush_89-92/Beijing Journal_China_s Campus Life_ A Torrent of Self-Criticism.txt,0.9823922355969746,0.9739581755229405,15,35,50
Beijing Journal_Chinese Cartoonist Is the Master of the Fine Line.txt,/content/drive/MyDrive/extracted_files/hwbush_89-92/Beijing Journal_Chinese Cartoonist Is the Master of the Fine Line.txt,0.9542901775111323,0.9560110886891683,23,30,53
Beijing Journal_Counterfeit Train Ticket_ No Problem. It_s China.txt,/content/drive/MyDrive/extracted_files/hwbush_89-92/Beijing Journal_Counterfeit Train Ticket_ No Problem. It_s China.txt,0.9525704652070999,0.9690478463326732,20,31,51
Beijing Journal_English Spoken Here (by Would-Be Expatriates).txt,/content/drive/MyDrive/extracted_files/hwbush_89-92/Beijing Journal_English Spoken Here (by Would-Be Expatriates).txt,0.848312724720348,0.9837208147402163,11,27,38
"Beijing Journal_For Chinese Spies, the Enemies Are Everywhere.txt","/content/drive/MyDrive/extracted_files/hwbush_89-92/Beijing Journal_For Chinese Spies, the Enemies Are Everywhere.txt",0.9876990275723594,0.9265943920170819,14,27,41
"Beijing Journal_For Jailed Scholar, a Wife_s Daring Voice on Rights.txt","/content/drive/MyDrive/extracted_files/hwbush_89-92/Beijing Journal_For Jailed Scholar, a Wife_s Daring Voice on Rights.txt",0.9023345708847046,0.9612757410321917,20,35,55
Beijing Journal_Freshest Nuance in China_s Art Is (Blush) Nudes.txt,/content/drive/MyDrive/extracted_files/hwbush_89-92/Beijing Journal_Freshest Nuance in China_s Art Is (Blush) Nudes.txt,0.955484252423048,0.9430654227733613,16,30,46
Beijing Journal_Marxism Died and Left a Big Hole in Their Lives.txt,/content/drive/MyDrive/extracted_files/hwbush_89-92/Beijing Journal_Marxism Died and Left a Big Hole in Their Lives.txt,0.8846617376103121,0.9665544714246478,17,28,45
"Beijing Journal_No Praise, Please! He Wants to Be the Premier.txt","/content/drive/MyDrive/extracted_files/hwbush_89-92/Beijing Journal_No Praise, Please! He Wants to Be the Premier.txt",0.9725700333004906,0.977462493456327,21,26,47
"Beijing Journal_On the Stifled Campuses, Faint Echoes of Dissent.txt","/content/drive/MyDrive/extracted_files/hwbush_89-92/Beijing Journal_On the Stifled Campuses, Faint Echoes of Dissent.txt",0.951162758995505,0.9743800773177036,17,43,60
"Beijing Journal_Stilled by the Unthinkable, a Singer Tries His Voice.txt","/content/drive/MyDrive/extracted_files/hwbush_89-92/Beijing Journal_Stilled by the Unthinkable, a Singer Tries His Voice.txt",0.9410703877607981,0.9478764002387589,18,37,55
"Beijing Journal_Tiny Counterrevolutionaries Facing Reform From 200,000 Fly Swatters.txt","/content/drive/MyDrive/extracted_files/hwbush_89-92/Beijing Journal_Tiny Counterrevolutionaries Facing Reform From 200,000 Fly Swatters.txt",0.9427495082219441,0.9673942309968612,15,34,49
"Beijing Journal_Whatever the High Walls Hide, It Isn_t Opulence.txt","/content/drive/MyDrive/extracted_files/hwbush_89-92/Beijing Journal_Whatever the High Walls Hide, It Isn_t Opulence.txt",0.9397972191081327,0.9830154909027947,17,18,35
Beijing Marks 40 Years of Tibet_s _Liberation_.txt,/content/drive/MyDrive/extracted_files/hwbush_89-92/Beijing Marks 40 Years of Tibet_s _Liberation_.txt,0.9478331486384074,0.9294771552085876,15,10,25
"Beijing Memo_As the Crackdown Continues, China Starts to Seem Just Like Old Times.txt","/content/drive/MyDrive/extracted_files/hwbush_89-92/Beijing Memo_As the Crackdown Continues, China Starts to Seem Just Like Old Times.txt",0.9177756637334824,0.9396267393056084,20,34,54
Beijing Memo_Is the Crackdown a Legacy of Traditional China or of 20th-Century Communism_.txt,/content/drive/MyDrive/extracted_files/hwbush_89-92/Beijing Memo_Is the Crackdown a Legacy of Traditional China or of 20th-Century Communism_.txt,0.9735131313403448,0.9533144961232725,12,23,35
Beijing Orders 2 More Americans to Leave China.txt,/content/drive/MyDrive/extracted_files/hwbush_89-92/Beijing Orders 2 More Americans to Leave China.txt,0.9177975058555603,0.9866216201936046,6,31,37
Beijing Orders Its Ambassadors Home for a Meeting.txt,/content/drive/MyDrive/extracted_files/hwbush_89-92/Beijing Orders Its Ambassadors Home for a Meeting.txt,0.8405012488365173,0.9177519433638629,9,17,26
Beijing Ousts Governor Tied to Zhao.txt,/content/drive/MyDrive/extracted_files/hwbush_89-92/Beijing Ousts Governor Tied to Zhao.txt,0.9705547461142907,0.966247809784753,13,14,27
Beijing Puts Khmer Rouge on Shorter Leash.txt,/content/drive/MyDrive/extracted_files/hwbush_89-92/Beijing Puts Khmer Rouge on Shorter Leash.txt,0.9419318258762359,0.9687536093923781,10,18,28
"Beijing Regime to Fall, Student Leader Asserts.txt","/content/drive/MyDrive/extracted_files/hwbush_89-92/Beijing Regime to Fall, Student Leader Asserts.txt",0.983106404542923,0.9422938227653503,6,4,10
Beijing Rejects Deadline for Talks And Students March in Defiance.txt,/content/drive/MyDrive/extracted_files/hwbush_89-92/Beijing Rejects Deadline for Talks And Students March in Defiance.txt,0.958436444401741,0.9898149544994036,8,24,32
Beijing Seals Off Square_ Protest Fizzles.txt,/content/drive/MyDrive/extracted_files/hwbush_89-92/Beijing Seals Off Square_ Protest Fizzles.txt,0.969409167766571,0.9694242609871758,4,9,13
"BEIJING SENTENCES, THEN RELEASES FOE.txt","/content/drive/MyDrive/extracted_files/hwbush_89-92/BEIJING SENTENCES, THEN RELEASES FOE.txt",0.9414803018936744,0.9820829573131743,13,21,34
Beijing Stops Key Dissident From Meeting With Bush.txt,/content/drive/MyDrive/extracted_files/hwbush_89-92/Beijing Stops Key Dissident From Meeting With Bush.txt,0.9247342293912714,0.9588443522269909,11,26,37
Beijing to Limit More Posts In Hong Kong to the Chinese.txt,/content/drive/MyDrive/extracted_files/hwbush_89-92/Beijing to Limit More Posts In Hong Kong to the Chinese.txt,,0.8269376158714294,0,3,3
Beijing University Students Mark the 1989 Crackdown.txt,/content/drive/MyDrive/extracted_files/hwbush_89-92/Beijing University Students Mark the 1989 Crackdown.txt,0.9477076927820841,0.9291408737500508,3,15,18
BEIJING UNMOVED BY STUDENT_S PLEA.txt,/content/drive/MyDrive/extracted_files/hwbush_89-92/BEIJING UNMOVED BY STUDENT_S PLEA.txt,0.874450167020162,0.9484330156575078,6,23,29
Beijing Voices _Indignation_ Over U.S. Remarks on Tibet.txt,/content/drive/MyDrive/extracted_files/hwbush_89-92/Beijing Voices _Indignation_ Over U.S. Remarks on Tibet.txt,0.9914588928222656,0.9616450816392899,1,4,5
"Beijing Welcomes _Old Friend_ Nixon, Hoping for Thaw With U.S.txt","/content/drive/MyDrive/extracted_files/hwbush_89-92/Beijing Welcomes _Old Friend_ Nixon, Hoping for Thaw With U.S.txt",0.9629282703002294,0.8761520832777023,12,4,16
BEIJING_S LEADERS REPORTED TO MEET.txt,/content/drive/MyDrive/extracted_files/hwbush_89-92/BEIJING_S LEADERS REPORTED TO MEET.txt,0.9754825962914361,0.9528150490352085,27,35,62
Beijing_s Top Priority_ Maintain Communism.txt,/content/drive/MyDrive/extracted_files/hwbush_89-92/Beijing_s Top Priority_ Maintain Communism.txt,0.9265631172392104,0.9557005278766155,9,16,25
BETTER TIMES IN BEIJING.txt,/content/drive/MyDrive/extracted_files/hwbush_89-92/BETTER TIMES IN BEIJING.txt,0.9784545610027928,0.9750872055689493,31,18,49
"Big Board Contends Company Is Hong Kong, Not Chinese.txt","/content/drive/MyDrive/extracted_files/hwbush_89-92/Big Board Contends Company Is Hong Kong, Not Chinese.txt",0.9913500299056371,0.9643097281455993,12,15,27
"Big Classes, Little Space in Elmhurst.txt","/content/drive/MyDrive/extracted_files/hwbush_89-92/Big Classes, Little Space in Elmhurst.txt",0.9317732900381088,0.9126403249543289,32,29,61
"Bogota Chief, at U.N., Asks U.S. to Curb Drug Demand.txt","/content/drive/MyDrive/extracted_files/hwbush_89-92/Bogota Chief, at U.N., Asks U.S. to Curb Drug Demand.txt",0.9678627133369446,0.9589722071375165,15,7,22
Bootleg Tape of Aide_s Jab Is Hit in China.txt,/content/drive/MyDrive/extracted_files/hwbush_89-92/Bootleg Tape of Aide_s Jab Is Hit in China.txt,0.9416925690390847,0.9602067690146597,11,19,30
Bridge(2).txt,/content/drive/MyDrive/extracted_files/hwbush_89-92/Bridge(2).txt,0.9439219410220782,0.9813427885373434,24,15,39
Bridge--.txt,/content/drive/MyDrive/extracted_files/hwbush_89-92/Bridge--.txt,0.9869590244795147,0.9554835828867826,19,11,30
Bridge.txt,/content/drive/MyDrive/extracted_files/hwbush_89-92/Bridge.txt,0.9646462301413218,0.9688752605801537,12,21,33
Britain and China Publish Secret Hong Kong Files.txt,/content/drive/MyDrive/extracted_files/hwbush_89-92/Britain and China Publish Secret Hong Kong Files.txt,0.9005532397164239,0.9622651826251637,9,11,20
Britain Seeks U.S. Visa Aid in Hong Kong.txt,/content/drive/MyDrive/extracted_files/hwbush_89-92/Britain Seeks U.S. Visa Aid in Hong Kong.txt,0.850007692972819,0.8649575859308243,3,4,7
British Debate Entry of Hong Kong Refugees.txt,/content/drive/MyDrive/extracted_files/hwbush_89-92/British Debate Entry of Hong Kong Refugees.txt,0.9748081117868423,0.941339598460631,8,22,30
British Foreign Secretary Is Booed By Angry Crowds in Hong Kong.txt,/content/drive/MyDrive/extracted_files/hwbush_89-92/British Foreign Secretary Is Booed By Angry Crowds in Hong Kong.txt,0.950999116897583,0.9772035479545593,5,29,34
Briton Pledges Hong Kong Changes.txt,/content/drive/MyDrive/extracted_files/hwbush_89-92/Briton Pledges Hong Kong Changes.txt,0.9513720671335856,0.946790443526374,6,18,24
"BRITON, IN CHINA, CALLS TIES NORMAL.txt","/content/drive/MyDrive/extracted_files/hwbush_89-92/BRITON, IN CHINA, CALLS TIES NORMAL.txt",0.9228960805469089,0.9367745220661163,18,10,28
Broadcasting Awards Given For Coverage of Disasters.txt,/content/drive/MyDrive/extracted_files/hwbush_89-92/Broadcasting Awards Given For Coverage of Disasters.txt,0.9680464113200152,0.8957707087198893,27,9,36
Buddha and Genghis Khan Back in Mongolia.txt,/content/drive/MyDrive/extracted_files/hwbush_89-92/Buddha and Genghis Khan Back in Mongolia.txt,0.9788126905759176,0.9405634274353852,30,37,67
Building a Voice for Chinese in the U.S.txt,/content/drive/MyDrive/extracted_files/hwbush_89-92/Building a Voice for Chinese in the U.S.txt,0.9396104301725116,0.9701950505927757,21,27,48
BURMESE WARNING ON ARMS BUILDUP.txt,/content/drive/MyDrive/extracted_files/hwbush_89-92/BURMESE WARNING ON ARMS BUILDUP.txt,0.9769557396570842,0.9058158993721008,15,17,32
BUSH IS DEFENDING ON CHINA.txt,/content/drive/MyDrive/extracted_files/hwbush_89-92/BUSH IS DEFENDING ON CHINA.txt,0.8228126615285873,0.9650949727405201,8,11,19
BUSH IS SET BACK BY HOUSE OVERRIDE OF VETO ON CHINA.txt,/content/drive/MyDrive/extracted_files/hwbush_89-92/BUSH IS SET BACK BY HOUSE OVERRIDE OF VETO ON CHINA.txt,0.9220967512381705,0.9595841897858514,19,27,46
Bush Nudges China on Anniversary of Crackdown.txt,/content/drive/MyDrive/extracted_files/hwbush_89-92/Bush Nudges China on Anniversary of Crackdown.txt,0.9062466025352478,0.9521171450614929,8,12,20
Bush Order May Affect Grumman.txt,/content/drive/MyDrive/extracted_files/hwbush_89-92/Bush Order May Affect Grumman.txt,0.893247766154153,0.9906322685155001,7,11,18
Bush Said to Order China Import-Barrier Inquiry.txt,/content/drive/MyDrive/extracted_files/hwbush_89-92/Bush Said to Order China Import-Barrier Inquiry.txt,0.9950437545776367,0.9636955291032792,2,20,22
Bush Says _Common Ground Was Found_ in Asia Trip.txt,/content/drive/MyDrive/extracted_files/hwbush_89-92/Bush Says _Common Ground Was Found_ in Asia Trip.txt,0.9339362628319684,0.9565255820751191,17,10,27
Bush Takes Upbeat Tone on Scheduling a Meeting With Gorbachev.txt,/content/drive/MyDrive/extracted_files/hwbush_89-92/Bush Takes Upbeat Tone on Scheduling a Meeting With Gorbachev.txt,0.945984674351556,0.9408413276952856,14,17,31
Bush to Formalize Shield for Chinese in U.S.txt,/content/drive/MyDrive/extracted_files/hwbush_89-92/Bush to Formalize Shield for Chinese in U.S.txt,0.9467030823230743,0.9143149046336904,10,17,27
Bush Vetoes Conditions on Trade Status of China.txt,/content/drive/MyDrive/extracted_files/hwbush_89-92/Bush Vetoes Conditions on Trade Status of China.txt,0.9308611750602722,0.9493174105882645,7,16,23
BUSH_S ARMS PLAN_China Welcomes Bush_s Proposal on Arms.txt,/content/drive/MyDrive/extracted_files/hwbush_89-92/BUSH_S ARMS PLAN_China Welcomes Bush_s Proposal on Arms.txt,0.9246025085449219,0.9713635245958964,3,3,6
Business Wary About End Of Martial Law in Beijing.txt,/content/drive/MyDrive/extracted_files/hwbush_89-92/Business Wary About End Of Martial Law in Beijing.txt,0.8445018157362938,0.9696018730892855,8,17,25
"By the Sea, China_s Leaders Chart the Nation_s Path.txt","/content/drive/MyDrive/extracted_files/hwbush_89-92/By the Sea, China_s Leaders Chart the Nation_s Path.txt",0.9353801267487662,0.9638847374916076,21,25,46
Calls for Economic Changes Rise Among Chinese Officials.txt,/content/drive/MyDrive/extracted_files/hwbush_89-92/Calls for Economic Changes Rise Among Chinese Officials.txt,0.9566940115048335,0.9886678827219996,26,29,55
Cambodian Factions to Meet Today.txt,/content/drive/MyDrive/extracted_files/hwbush_89-92/Cambodian Factions to Meet Today.txt,0.9474074880282084,0.9533875259486112,15,11,26
Cambodian Rivals Said to Accept U.N. Peace Plan.txt,/content/drive/MyDrive/extracted_files/hwbush_89-92/Cambodian Rivals Said to Accept U.N. Peace Plan.txt,0.9151687848156896,0.9064006964365642,29,30,59
CAMPUS LIFE_ Berkeley_Scholars in China Discover a Meal By Early Man.txt,/content/drive/MyDrive/extracted_files/hwbush_89-92/CAMPUS LIFE_ Berkeley_Scholars in China Discover a Meal By Early Man.txt,0.9613762199878693,0.8829344969529372,10,13,23
Campus Life_ M.I.T._Officials Seeking Grant to Establish Course in Chinese.txt,/content/drive/MyDrive/extracted_files/hwbush_89-92/Campus Life_ M.I.T._Officials Seeking Grant to Establish Course in Chinese.txt,0.9381169766187668,0.9014460325241089,20,25,45
Can Choosing Form of Care Become Neglect_.txt,/content/drive/MyDrive/extracted_files/hwbush_89-92/Can Choosing Form of Care Become Neglect_.txt,0.9050913254419962,0.9622624796979568,12,34,46
"Canton Journal_The Pastor_s Good for a Sermon, Even in Prison.txt","/content/drive/MyDrive/extracted_files/hwbush_89-92/Canton Journal_The Pastor_s Good for a Sermon, Even in Prison.txt",0.9821322560310364,0.9481465369462967,14,40,54
Capital Flees an Edgy Hong Kong.txt,/content/drive/MyDrive/extracted_files/hwbush_89-92/Capital Flees an Edgy Hong Kong.txt,0.8958251774311066,0.9533046586760159,12,29,41
Capitalist-Style Layoffs Ignite Sabotage and Strikes in China.txt,/content/drive/MyDrive/extracted_files/hwbush_89-92/Capitalist-Style Layoffs Ignite Sabotage and Strikes in China.txt,0.9426219562689463,0.9689367956585354,12,45,57
Celebrating Chinese New Year.txt,/content/drive/MyDrive/extracted_files/hwbush_89-92/Celebrating Chinese New Year.txt,0.9619480073451996,0.8893262892961502,8,4,12
Changes in China Offer Lessons for East Europe.txt,/content/drive/MyDrive/extracted_files/hwbush_89-92/Changes in China Offer Lessons for East Europe.txt,0.9812740311026573,0.9264110654592514,8,20,28
CHANGES IN CHINA STIR FEAR OF U.S.txt,/content/drive/MyDrive/extracted_files/hwbush_89-92/CHANGES IN CHINA STIR FEAR OF U.S.txt,0.9226019428326533,0.9624627765856291,13,19,32
"Changsha Journal_In China_s Cities, the Busybodies Are Organized.txt","/content/drive/MyDrive/extracted_files/hwbush_89-92/Changsha Journal_In China_s Cities, the Busybodies Are Organized.txt",0.937963043942171,0.951885215614153,17,23,40
Cheney Presses Israeli on China Missile-Aid Issue.txt,/content/drive/MyDrive/extracted_files/hwbush_89-92/Cheney Presses Israeli on China Missile-Aid Issue.txt,0.8959595710039139,0.9532911589271144,4,19,23
Chengdu Journal_China_s 50 Million Migrants Slip the Short Leash.txt,/content/drive/MyDrive/extracted_files/hwbush_89-92/Chengdu Journal_China_s 50 Million Migrants Slip the Short Leash.txt,0.937886118888855,0.9463696144521236,15,16,31
Children_s Books.txt,/content/drive/MyDrive/extracted_files/hwbush_89-92/Children_s Books.txt,0.937919686237971,0.9522626766791711,24,13,37
China Above Growth Plan.txt,/content/drive/MyDrive/extracted_files/hwbush_89-92/China Above Growth Plan.txt,0.8971475958824158,0.6513708829879761,6,2,8
China Accepts U.S. Insurer.txt,/content/drive/MyDrive/extracted_files/hwbush_89-92/China Accepts U.S. Insurer.txt,0.9625377476215362,0.8057818412780762,10,2,12
China Acts to Restrict Study Abroad.txt,/content/drive/MyDrive/extracted_files/hwbush_89-92/China Acts to Restrict Study Abroad.txt,0.8643236027823554,0.946999403146597,9,26,35
China Again Cuts Off TV News Transmission.txt,/content/drive/MyDrive/extracted_files/hwbush_89-92/China Again Cuts Off TV News Transmission.txt,0.9619259138902029,0.9702126781145731,6,21,27
China Aide Vows to Halt Hong Kong Reform.txt,/content/drive/MyDrive/extracted_files/hwbush_89-92/China Aide Vows to Halt Hong Kong Reform.txt,0.9685123562812805,0.9576163172721863,1,5,6
China and Indonesia Agree to Renew Ties Suspended in 1967.txt,/content/drive/MyDrive/extracted_files/hwbush_89-92/China and Indonesia Agree to Renew Ties Suspended in 1967.txt,0.9698468744754791,0.9157494902610779,8,5,13
China and Indonesia Sign a Pact To Restore Ties Severed in 60_s.txt,/content/drive/MyDrive/extracted_files/hwbush_89-92/China and Indonesia Sign a Pact To Restore Ties Severed in 60_s.txt,0.977339886702024,0.9331079622109731,13,6,19
China and South Korea Planning To Establish Diplomatic Relations.txt,/content/drive/MyDrive/extracted_files/hwbush_89-92/China and South Korea Planning To Establish Diplomatic Relations.txt,0.9885274584476764,0.9671366254488627,13,30,43
China and U.S. Agree on Prison-Export Curbs.txt,/content/drive/MyDrive/extracted_files/hwbush_89-92/China and U.S. Agree on Prison-Export Curbs.txt,0.7742985188961029,0.9760956295898983,2,14,16
CHINA AND VIETNAM REPORTED IN PACT.txt,/content/drive/MyDrive/extracted_files/hwbush_89-92/CHINA AND VIETNAM REPORTED IN PACT.txt,0.9003916581471761,0.9528874429789457,3,11,14
China Announces Nixon Visit.txt,/content/drive/MyDrive/extracted_files/hwbush_89-92/China Announces Nixon Visit.txt,0.9908173680305481,,2,0,2
CHINA ANNOUNCES RELEASE FROM JAIL OF 211 DISSIDENTS.txt,/content/drive/MyDrive/extracted_files/hwbush_89-92/CHINA ANNOUNCES RELEASE FROM JAIL OF 211 DISSIDENTS.txt,0.9094172716140747,0.9571529141178837,7,27,34
CHINA ANNOUNCES RELEASE FROM JAIL OF 211 DISSIDENTS_U.S. Welcomes Move.txt,/content/drive/MyDrive/extracted_files/hwbush_89-92/CHINA ANNOUNCES RELEASE FROM JAIL OF 211 DISSIDENTS_U.S. Welcomes Move.txt,0.9443240523338318,0.9269204959273338,10,8,18
China Arrests a Student Leader Back From Exile in the U.S.txt,/content/drive/MyDrive/extracted_files/hwbush_89-92/China Arrests a Student Leader Back From Exile in the U.S.txt,0.861074599954817,0.9501117194692293,9,24,33
China Austerity Cools Economy.txt,/content/drive/MyDrive/extracted_files/hwbush_89-92/China Austerity Cools Economy.txt,0.5971606969833374,0.95236257314682,1,5,6
CHINA BACKS PACT ON NUCLEAR ARMS.txt,/content/drive/MyDrive/extracted_files/hwbush_89-92/CHINA BACKS PACT ON NUCLEAR ARMS.txt,0.924500048160553,0.9584978268696711,27,26,53
China Bankruptcies Up.txt,/content/drive/MyDrive/extracted_files/hwbush_89-92/China Bankruptcies Up.txt,0.9081372618675232,0.9239414930343628,2,2,4
China Bans Pro-Student Newspaper.txt,/content/drive/MyDrive/extracted_files/hwbush_89-92/China Bans Pro-Student Newspaper.txt,0.9736049771308899,0.9843395214814407,4,26,30
China Begins Trial Operation of Its First Atomic Power Plant.txt,/content/drive/MyDrive/extracted_files/hwbush_89-92/China Begins Trial Operation of Its First Atomic Power Plant.txt,0.9144766926765442,0.9504165138517108,5,14,19
China Buys More Wheat(2).txt,/content/drive/MyDrive/extracted_files/hwbush_89-92/China Buys More Wheat(2).txt,,0.8533435165882111,0,2,2
China Buys U.S. Wheat(2).txt,/content/drive/MyDrive/extracted_files/hwbush_89-92/China Buys U.S. Wheat(2).txt,0.8117691278457642,0.9693405628204346,1,2,3
China Buys U.S. Wheat.txt,/content/drive/MyDrive/extracted_files/hwbush_89-92/China Buys U.S. Wheat.txt,,0.9435039609670639,0,4,4
China Called Top Copyright Pirate.txt,/content/drive/MyDrive/extracted_files/hwbush_89-92/China Called Top Copyright Pirate.txt,0.9058654546737671,0.9840128653579288,10,18,28
China Calls TV Tale Subversive.txt,/content/drive/MyDrive/extracted_files/hwbush_89-92/China Calls TV Tale Subversive.txt,0.9863620950625493,0.9590864952872781,13,17,30
China Charges 8 Dissidents In 1989 Tiananmen Protests.txt,/content/drive/MyDrive/extracted_files/hwbush_89-92/China Charges 8 Dissidents In 1989 Tiananmen Protests.txt,0.5925189852714539,0.979720950126648,1,3,4
CHINA CHIEFS SEEM EDGY AND DIVIDED.txt,/content/drive/MyDrive/extracted_files/hwbush_89-92/CHINA CHIEFS SEEM EDGY AND DIVIDED.txt,0.9572060704231262,0.9444058184270505,4,27,31
China Concerns Face Inquiry.txt,/content/drive/MyDrive/extracted_files/hwbush_89-92/China Concerns Face Inquiry.txt,,0.9724895507097244,0,4,4
China Cracking Down on Sale of Women as Wives.txt,/content/drive/MyDrive/extracted_files/hwbush_89-92/China Cracking Down on Sale of Women as Wives.txt,0.9198549866676331,0.9371699914336205,5,24,29
China Cracks Down Harder on Christian Activities Outside Official Church.txt,/content/drive/MyDrive/extracted_files/hwbush_89-92/China Cracks Down Harder on Christian Activities Outside Official Church.txt,0.9675399836371926,0.945220737080825,17,38,55
China Denies Hunger Strike.txt,/content/drive/MyDrive/extracted_files/hwbush_89-92/China Denies Hunger Strike.txt,,0.9956353306770325,0,1,1
China Denounces Petition Drive For Political Prisoners_ Amnesty.txt,/content/drive/MyDrive/extracted_files/hwbush_89-92/China Denounces Petition Drive For Political Prisoners_ Amnesty.txt,0.9189825654029846,0.968627487619718,8,12,20
China Detains Four Members Of U.S.-Based Rights Group.txt,/content/drive/MyDrive/extracted_files/hwbush_89-92/China Detains Four Members Of U.S.-Based Rights Group.txt,0.9652237296104431,0.978622555732727,1,2,3
China Detains Two Dissidents During Baker Visit.txt,/content/drive/MyDrive/extracted_files/hwbush_89-92/China Detains Two Dissidents During Baker Visit.txt,0.8634411454200744,0.9513202980160713,5,16,21
"China Dismisses Culture Minister, An Advocate of Artistic Freedom.txt","/content/drive/MyDrive/extracted_files/hwbush_89-92/China Dismisses Culture Minister, An Advocate of Artistic Freedom.txt",0.9543221213600852,0.9330365224318071,11,22,33
China Disputes Western Accounts Of Secret Trials of Demonstrators.txt,/content/drive/MyDrive/extracted_files/hwbush_89-92/China Disputes Western Accounts Of Secret Trials of Demonstrators.txt,0.9800934195518494,0.9808615207672119,1,10,11
China Dissidents Lose Sway in Exile.txt,/content/drive/MyDrive/extracted_files/hwbush_89-92/China Dissidents Lose Sway in Exile.txt,0.9435736040274302,0.9553346753120422,12,20,32
China Draws Investors.txt,/content/drive/MyDrive/extracted_files/hwbush_89-92/China Draws Investors.txt,0.9773961305618286,0.788894772529602,2,2,4
CHINA ENDS PURGE OF PARTY_S RANKS.txt,/content/drive/MyDrive/extracted_files/hwbush_89-92/CHINA ENDS PURGE OF PARTY_S RANKS.txt,0.9923059542973837,0.9661492090071401,6,31,37
China Ends Silence on Deal U.S. Rescinded.txt,/content/drive/MyDrive/extracted_files/hwbush_89-92/China Ends Silence on Deal U.S. Rescinded.txt,0.9050170739491781,0.9663319518932929,15,26,41
China Enlivens Hong Kong_s First Direct Vote.txt,/content/drive/MyDrive/extracted_files/hwbush_89-92/China Enlivens Hong Kong_s First Direct Vote.txt,0.9125162230597602,0.9653779976069927,9,16,25
China Exile Starts Life in Britain.txt,/content/drive/MyDrive/extracted_files/hwbush_89-92/China Exile Starts Life in Britain.txt,0.9801701605319977,0.9804483413696289,8,5,13
China Expels Briton Amid Signs of Crackdown on Journalists.txt,/content/drive/MyDrive/extracted_files/hwbush_89-92/China Expels Briton Amid Signs of Crackdown on Journalists.txt,0.9411406815052032,0.9837438265482584,2,18,20
China Extends a Friendly Loan to Moscow.txt,/content/drive/MyDrive/extracted_files/hwbush_89-92/China Extends a Friendly Loan to Moscow.txt,0.9121007819970449,0.8194906626428876,6,7,13
China Factories Ordered Closed.txt,/content/drive/MyDrive/extracted_files/hwbush_89-92/China Factories Ordered Closed.txt,0.952356219291687,0.9278398007154465,1,4,5
China Faults Report on 2 Rebels.txt,/content/drive/MyDrive/extracted_files/hwbush_89-92/China Faults Report on 2 Rebels.txt,0.7459673086802164,0.9819275975227356,3,10,13
China Fights an Academy Award Nomination.txt,/content/drive/MyDrive/extracted_files/hwbush_89-92/China Fights an Academy Award Nomination.txt,0.9488017303603036,0.9736315011978149,21,19,40
China Gains in Mideast Crisis But Loses Cold War Benefits.txt,/content/drive/MyDrive/extracted_files/hwbush_89-92/China Gains in Mideast Crisis But Loses Cold War Benefits.txt,0.933837503194809,0.9615523402507489,28,26,54
China Gets Canon Plant.txt,/content/drive/MyDrive/extracted_files/hwbush_89-92/China Gets Canon Plant.txt,0.9689064919948578,,2,0,2
China Gives Light Sentences To Advocates of Democracy.txt,/content/drive/MyDrive/extracted_files/hwbush_89-92/China Gives Light Sentences To Advocates of Democracy.txt,0.9781842629114786,0.9713140882943806,3,19,22
China Hails Mazowiecki.txt,/content/drive/MyDrive/extracted_files/hwbush_89-92/China Hails Mazowiecki.txt,0.9773410558700562,,1,0,1
China Imposes Tighter Curbs on Foreign Reporters.txt,/content/drive/MyDrive/extracted_files/hwbush_89-92/China Imposes Tighter Curbs on Foreign Reporters.txt,0.8790189027786255,0.9909357683999198,5,21,26
CHINA IS PLANNING 2 YEARS OF LABOR FOR ITS GRADUATES.txt,/content/drive/MyDrive/extracted_files/hwbush_89-92/CHINA IS PLANNING 2 YEARS OF LABOR FOR ITS GRADUATES.txt,0.9192993268370628,0.9748305430014929,8,24,32
China Is Said to Execute 500 to Reduce Crime.txt,/content/drive/MyDrive/extracted_files/hwbush_89-92/China Is Said to Execute 500 to Reduce Crime.txt,0.7491196990013123,0.9286718845367432,2,10,12
CHINA IS SOFTENING ITS ECONOMIC LINE.txt,/content/drive/MyDrive/extracted_files/hwbush_89-92/CHINA IS SOFTENING ITS ECONOMIC LINE.txt,0.9662720843365318,0.9661032449115406,19,22,41
China Issues _61 Deng Speech Stressing Shift From Ideology.txt,/content/drive/MyDrive/extracted_files/hwbush_89-92/China Issues _61 Deng Speech Stressing Shift From Ideology.txt,0.5266696810722351,0.9773203347410474,1,14,15
China Legal Scholar Faces Death Penalty In Democracy Trial.txt,/content/drive/MyDrive/extracted_files/hwbush_89-92/China Legal Scholar Faces Death Penalty In Democracy Trial.txt,0.9944336613019308,0.8757652309205797,3,9,12
China Limits Money Moves.txt,/content/drive/MyDrive/extracted_files/hwbush_89-92/China Limits Money Moves.txt,0.6755454540252686,0.8958814740180969,1,8,9
China Loosens Free-Enterprise Rules.txt,/content/drive/MyDrive/extracted_files/hwbush_89-92/China Loosens Free-Enterprise Rules.txt,0.9864248633384705,0.9460900773604711,7,12,19
CHINA MAKES A BID TO HOLD OLYMPICS.txt,/content/drive/MyDrive/extracted_files/hwbush_89-92/CHINA MAKES A BID TO HOLD OLYMPICS.txt,0.9369930293824937,0.8766647577285767,9,3,12
China Offers Cautious Economic Plan.txt,/content/drive/MyDrive/extracted_files/hwbush_89-92/China Offers Cautious Economic Plan.txt,0.9761909916996956,0.9428177736699581,8,16,24
CHINA OFFERS PEEK AT FAMED PRISONER.txt,/content/drive/MyDrive/extracted_files/hwbush_89-92/CHINA OFFERS PEEK AT FAMED PRISONER.txt,0.8878132917664268,0.9625812098383904,11,16,27
China Orders Expulsion of Hong Kong Journalist.txt,/content/drive/MyDrive/extracted_files/hwbush_89-92/China Orders Expulsion of Hong Kong Journalist.txt,0.956685870885849,0.9601943492889404,4,19,23
China Orders Students Going Abroad to Pay Fees.txt,/content/drive/MyDrive/extracted_files/hwbush_89-92/China Orders Students Going Abroad to Pay Fees.txt,0.9943872690200806,0.968213609286717,1,21,22
China Ousts 2 Aides and Raises Drug Penalties.txt,/content/drive/MyDrive/extracted_files/hwbush_89-92/China Ousts 2 Aides and Raises Drug Penalties.txt,0.9457168777783712,0.9573055803775787,3,12,15
China Ousts Writer Who Advised Dissident.txt,/content/drive/MyDrive/extracted_files/hwbush_89-92/China Ousts Writer Who Advised Dissident.txt,0.8941196203231812,0.9480012282729149,1,8,9
CHINA OUSTS ZHAO AND PICKS LEADERS TOUGH ON DISSENT.txt,/content/drive/MyDrive/extracted_files/hwbush_89-92/CHINA OUSTS ZHAO AND PICKS LEADERS TOUGH ON DISSENT.txt,0.9639385457222278,0.9591165133884975,26,35,61
China Output Up 7.5_.txt,/content/drive/MyDrive/extracted_files/hwbush_89-92/China Output Up 7.5_.txt,0.9964598417282104,0.6738030910491943,2,1,3
CHINA PARTY CHIEF APPEARS TO GAIN IN POWER STRUGGLE.txt,/content/drive/MyDrive/extracted_files/hwbush_89-92/CHINA PARTY CHIEF APPEARS TO GAIN IN POWER STRUGGLE.txt,0.9195437660584083,0.9018894371233488,13,19,32
China Party Chief Visits Japan Amid Tensions in Relations.txt,/content/drive/MyDrive/extracted_files/hwbush_89-92/China Party Chief Visits Japan Amid Tensions in Relations.txt,0.9767048358917236,0.9270276264710859,8,11,19
China Party Chief_s Son Keeps Low Profile at a U.S. School.txt,/content/drive/MyDrive/extracted_files/hwbush_89-92/China Party Chief_s Son Keeps Low Profile at a U.S. School.txt,0.9889249855821783,0.9278669953346252,11,15,26
CHINA PARTY PLANS PARLEY ON ECONOMY.txt,/content/drive/MyDrive/extracted_files/hwbush_89-92/CHINA PARTY PLANS PARLEY ON ECONOMY.txt,0.9292184242180416,0.987602690855662,14,18,32
China Plans Big Layoffs Of Coal Mine Workers.txt,/content/drive/MyDrive/extracted_files/hwbush_89-92/China Plans Big Layoffs Of Coal Mine Workers.txt,0.9883359244891575,0.9682024078709739,7,28,35
China Plant For Motorola.txt,/content/drive/MyDrive/extracted_files/hwbush_89-92/China Plant For Motorola.txt,0.8720260709524155,0.8767025669415792,4,3,7
China Pledges to Keep Close U.S. Ties.txt,/content/drive/MyDrive/extracted_files/hwbush_89-92/China Pledges to Keep Close U.S. Ties.txt,0.9463266765370089,0.9363047778606415,17,16,33
CHINA POLICE SAID TO BEAT AFRICANS.txt,/content/drive/MyDrive/extracted_files/hwbush_89-92/CHINA POLICE SAID TO BEAT AFRICANS.txt,0.7894684871037801,0.9514807959397634,3,18,21
China Posts Criminal Trials For 2 Tiananmen Dissidents.txt,/content/drive/MyDrive/extracted_files/hwbush_89-92/China Posts Criminal Trials For 2 Tiananmen Dissidents.txt,,0.9908178647359213,0,3,3
China Premier Quits Top Panel.txt,/content/drive/MyDrive/extracted_files/hwbush_89-92/China Premier Quits Top Panel.txt,0.9963104128837585,0.9970293385641915,1,7,8
CHINA PREPARING FOR PARTY PARLEY.txt,/content/drive/MyDrive/extracted_files/hwbush_89-92/CHINA PREPARING FOR PARTY PARLEY.txt,0.9590908959507942,0.9508828073740005,8,8,16
CHINA PUTS LHASA UNDER ARMY RULE.txt,/content/drive/MyDrive/extracted_files/hwbush_89-92/CHINA PUTS LHASA UNDER ARMY RULE.txt,0.8666363954544067,0.9579040375020769,6,18,24
China Puzzle_ Why a Panel Doesn_t Meet.txt,/content/drive/MyDrive/extracted_files/hwbush_89-92/China Puzzle_ Why a Panel Doesn_t Meet.txt,0.9485023419062296,0.9782422590255737,12,25,37
China Ready to Try (and Forget) Dissidents.txt,/content/drive/MyDrive/extracted_files/hwbush_89-92/China Ready to Try (and Forget) Dissidents.txt,0.9529861311117808,0.9487605722326982,6,19,25
China Rebuff Seems Unlikely to Hurt Trade Status.txt,/content/drive/MyDrive/extracted_files/hwbush_89-92/China Rebuff Seems Unlikely to Hurt Trade Status.txt,0.9439407706260681,0.9711916943391165,5,18,23
China Rebuffs U.S. Scrutiny Of Policy on Family Planning.txt,/content/drive/MyDrive/extracted_files/hwbush_89-92/China Rebuffs U.S. Scrutiny Of Policy on Family Planning.txt,0.9484560787677765,0.9321499798032973,4,9,13
China Rejects U.S. Inquiry.txt,/content/drive/MyDrive/extracted_files/hwbush_89-92/China Rejects U.S. Inquiry.txt,,0.9946463629603386,0,8,8
China Rejects U.S. Protest And Hints at More Purges.txt,/content/drive/MyDrive/extracted_files/hwbush_89-92/China Rejects U.S. Protest And Hints at More Purges.txt,0.9614578038454056,0.9377021406378064,4,14,18
China Rejects Vote by House Tying Trade to Human Rights.txt,/content/drive/MyDrive/extracted_files/hwbush_89-92/China Rejects Vote by House Tying Trade to Human Rights.txt,0.994867205619812,0.9959930032491684,1,4,5
China Reports Release of 573 Held in Revolt.txt,/content/drive/MyDrive/extracted_files/hwbush_89-92/China Reports Release of 573 Held in Revolt.txt,0.9979041814804077,0.9678061902523041,1,22,23
China Revives Its Test of Capitalism.txt,/content/drive/MyDrive/extracted_files/hwbush_89-92/China Revives Its Test of Capitalism.txt,0.9539918918763438,0.9409330371887453,31,31,62
China Rushes From Mao to Markets.txt,/content/drive/MyDrive/extracted_files/hwbush_89-92/China Rushes From Mao to Markets.txt,0.9414781832695007,0.9385703962023665,25,41,66
China Said to Offer $25 Million For Tyson-Foreman in Beijing.txt,/content/drive/MyDrive/extracted_files/hwbush_89-92/China Said to Offer $25 Million For Tyson-Foreman in Beijing.txt,0.9736243089040121,0.8954309821128845,6,13,19
CHINA SAID TO PLAN NEW ARMS SALES_ U.S. IS CONCERNED.txt,/content/drive/MyDrive/extracted_files/hwbush_89-92/CHINA SAID TO PLAN NEW ARMS SALES_ U.S. IS CONCERNED.txt,0.8572533130645752,0.9406580626964569,4,30,34
CHINA SAID TO SELL PARTS FOR MISSILES.txt,/content/drive/MyDrive/extracted_files/hwbush_89-92/CHINA SAID TO SELL PARTS FOR MISSILES.txt,0.8794764677683512,0.8853329933922867,6,29,35
China Says Hong Kong Apologized in Dispute.txt,/content/drive/MyDrive/extracted_files/hwbush_89-92/China Says Hong Kong Apologized in Dispute.txt,0.845721885561943,0.942517852081972,8,17,25
China Says It Executed Four In the Trafficking of Women.txt,/content/drive/MyDrive/extracted_files/hwbush_89-92/China Says It Executed Four In the Trafficking of Women.txt,,0.9308071434497833,0,6,6
China Says Its Post Offices Will End Money Order Ban.txt,/content/drive/MyDrive/extracted_files/hwbush_89-92/China Says Its Post Offices Will End Money Order Ban.txt,,0.9164697627226511,0,6,6
China Says Its President Is Ill.txt,/content/drive/MyDrive/extracted_files/hwbush_89-92/China Says Its President Is Ill.txt,0.9707514643669128,0.9972727000713348,1,2,3
China Says One of Its Boeing 737_s Crashed.txt,/content/drive/MyDrive/extracted_files/hwbush_89-92/China Says One of Its Boeing 737_s Crashed.txt,,0.9444503039121628,0,8,8
China Says Soviets Erred Earlier in Picking Leader.txt,/content/drive/MyDrive/extracted_files/hwbush_89-92/China Says Soviets Erred Earlier in Picking Leader.txt,0.8893429381506783,0.924202885478735,7,16,23
China Says Taiwan Is _Buying Hearts_ Abroad.txt,/content/drive/MyDrive/extracted_files/hwbush_89-92/China Says Taiwan Is _Buying Hearts_ Abroad.txt,0.8921743233998617,0.976115060704095,6,14,20
China Seeks New Image as Asian Games Host.txt,/content/drive/MyDrive/extracted_files/hwbush_89-92/China Seeks New Image as Asian Games Host.txt,0.9235209375619888,0.9853832821051279,12,12,24
China Sees a Greater Role For Free Market in 1990_s.txt,/content/drive/MyDrive/extracted_files/hwbush_89-92/China Sees a Greater Role For Free Market in 1990_s.txt,0.9163439406288995,0.9470050876790826,9,11,20
China Sentences 2 Ex-Aides To Life Terms for Corruption.txt,/content/drive/MyDrive/extracted_files/hwbush_89-92/China Sentences 2 Ex-Aides To Life Terms for Corruption.txt,0.6609100699424744,0.9881160656611124,2,3,5
China Sentences 8 Leading Dissidents.txt,/content/drive/MyDrive/extracted_files/hwbush_89-92/China Sentences 8 Leading Dissidents.txt,0.8967206701636314,0.9785506703235485,8,27,35
China Sentences an Ex-Official to 7 Years Over Tiananmen Leaks.txt,/content/drive/MyDrive/extracted_files/hwbush_89-92/China Sentences an Ex-Official to 7 Years Over Tiananmen Leaks.txt,0.933891661465168,0.9756702686610975,8,19,27
China Signs Boeing Pact.txt,/content/drive/MyDrive/extracted_files/hwbush_89-92/China Signs Boeing Pact.txt,0.9880833029747009,0.9574649482965469,1,4,5
China Taking A Harsh Line With Vendors.txt,/content/drive/MyDrive/extracted_files/hwbush_89-92/China Taking A Harsh Line With Vendors.txt,0.9588885373539395,0.9581176945657441,9,33,42
China Threatens Contracts Reached by Hong Kong.txt,/content/drive/MyDrive/extracted_files/hwbush_89-92/China Threatens Contracts Reached by Hong Kong.txt,0.9144984036684036,0.9630643935764537,8,17,25
CHINA THREATENS HONG KONG TREATY.txt,/content/drive/MyDrive/extracted_files/hwbush_89-92/CHINA THREATENS HONG KONG TREATY.txt,0.9294316867987314,0.9850868758033303,12,17,29
China Ties New Demand to Dissident_s Fate.txt,/content/drive/MyDrive/extracted_files/hwbush_89-92/China Ties New Demand to Dissident_s Fate.txt,0.967168927192688,0.9684228390455246,8,20,28
China to Begin Plan to Cut Exodus of Top Researchers.txt,/content/drive/MyDrive/extracted_files/hwbush_89-92/China to Begin Plan to Cut Exodus of Top Researchers.txt,,0.8924665302038193,0,4,4
China to Deal In Futures.txt,/content/drive/MyDrive/extracted_files/hwbush_89-92/China to Deal In Futures.txt,0.8934450626373291,0.9240105628967286,5,5,10
China to Raise Arms Spending Again.txt,/content/drive/MyDrive/extracted_files/hwbush_89-92/China to Raise Arms Spending Again.txt,0.9584287106990814,0.9587519198656083,6,20,26
China to Repay More Bonds.txt,/content/drive/MyDrive/extracted_files/hwbush_89-92/China to Repay More Bonds.txt,0.9545942544937134,0.9516435265541077,2,2,4
China to Reward Army With 13_ Increase in Military Budget.txt,/content/drive/MyDrive/extracted_files/hwbush_89-92/China to Reward Army With 13_ Increase in Military Budget.txt,0.9401416530211767,0.8905890583992004,12,13,25
China to Tighten Controls.txt,/content/drive/MyDrive/extracted_files/hwbush_89-92/China to Tighten Controls.txt,0.9935898780822754,0.9887973964214325,1,8,9
CHINA TRADE PACT WITH U.S. IS SIGNED.txt,/content/drive/MyDrive/extracted_files/hwbush_89-92/CHINA TRADE PACT WITH U.S. IS SIGNED.txt,0.9288303405046463,0.9524041754858834,12,14,26
China Tries to Win Back Tourists.txt,/content/drive/MyDrive/extracted_files/hwbush_89-92/China Tries to Win Back Tourists.txt,0.9649121363957723,0.9337433532970708,30,41,71
China Venture by Mitsui.txt,/content/drive/MyDrive/extracted_files/hwbush_89-92/China Venture by Mitsui.txt,0.9922163486480713,,3,0,3
China Vows to Stay on the Communist Road.txt,/content/drive/MyDrive/extracted_files/hwbush_89-92/China Vows to Stay on the Communist Road.txt,0.9850088477134704,0.9736234049002329,10,6,16
China Waits Anxiously for Ruling On Its Trade Status With the U.S.txt,/content/drive/MyDrive/extracted_files/hwbush_89-92/China Waits Anxiously for Ruling On Its Trade Status With the U.S.txt,0.8574209979602269,0.9690608330394911,7,23,30
China Warns On Luxuries.txt,/content/drive/MyDrive/extracted_files/hwbush_89-92/China Warns On Luxuries.txt,0.8185855348904928,0.9931215941905975,3,4,7
China Warns U.S. on Taiwan Jet Deal.txt,/content/drive/MyDrive/extracted_files/hwbush_89-92/China Warns U.S. on Taiwan Jet Deal.txt,0.919223427772522,0.9604435761769613,11,21,32
China Wary On Stocks.txt,/content/drive/MyDrive/extracted_files/hwbush_89-92/China Wary On Stocks.txt,0.9585081934928894,0.9835841059684753,2,3,5
China Whispers of Plots and Man Called Yang.txt,/content/drive/MyDrive/extracted_files/hwbush_89-92/China Whispers of Plots and Man Called Yang.txt,0.9646629095077515,0.9191592298448086,8,16,24
CHINA WILL ALLOW FEWER STUDENTS TO STUDY IN U.S.txt,/content/drive/MyDrive/extracted_files/hwbush_89-92/CHINA WILL ALLOW FEWER STUDENTS TO STUDY IN U.S.txt,0.9021847477326026,0.9335673570632934,13,25,38
CHINA WILL BUILD A-PLANT FOR IRAN.txt,/content/drive/MyDrive/extracted_files/hwbush_89-92/CHINA WILL BUILD A-PLANT FOR IRAN.txt,0.9473748207092285,0.9727059091840472,10,14,24
China Will Lower Barriers to Trade In Accord With U.S.txt,/content/drive/MyDrive/extracted_files/hwbush_89-92/China Will Lower Barriers to Trade In Accord With U.S.txt,0.9164112955331802,0.9434314966201782,12,24,36
China Will Try Official Linked to Tiananmen.txt,/content/drive/MyDrive/extracted_files/hwbush_89-92/China Will Try Official Linked to Tiananmen.txt,0.9287245670954386,0.9730829766818455,6,14,20
China Wins a Bigger Say in Hong Kong.txt,/content/drive/MyDrive/extracted_files/hwbush_89-92/China Wins a Bigger Say in Hong Kong.txt,0.9250275823805068,0.9547332582019624,18,21,39
China Wins Two Loans Backed by U.S.txt,/content/drive/MyDrive/extracted_files/hwbush_89-92/China Wins Two Loans Backed by U.S.txt,0.8736917575200399,0.9406214539821331,9,13,22
China Worried by Clinton_s Linking of Trade to Human Rights.txt,/content/drive/MyDrive/extracted_files/hwbush_89-92/China Worried by Clinton_s Linking of Trade to Human Rights.txt,0.9588532490389687,0.9506364631652832,14,25,39
"China, in Crackdown, Orders Many Companies to Close.txt","/content/drive/MyDrive/extracted_files/hwbush_89-92/China, in Crackdown, Orders Many Companies to Close.txt",0.9834200739860535,0.9699442887306213,4,25,29
"China, in Shift, Accepts U.S. Shipping Concerns.txt","/content/drive/MyDrive/extracted_files/hwbush_89-92/China, in Shift, Accepts U.S. Shipping Concerns.txt",0.8598879831177848,0.9688592766012464,7,14,21
"China, Uzbekistan Form Ties.txt","/content/drive/MyDrive/extracted_files/hwbush_89-92/China, Uzbekistan Form Ties.txt",0.9962455183267593,,4,0,4
China-Hong Kong Dispute Rattles Colony_s Stock Index.txt,/content/drive/MyDrive/extracted_files/hwbush_89-92/China-Hong Kong Dispute Rattles Colony_s Stock Index.txt,0.9260237216949463,0.9656847678124905,3,16,19
CHINA-JAPAN LINK ON MISSILES SEEN.txt,/content/drive/MyDrive/extracted_files/hwbush_89-92/CHINA-JAPAN LINK ON MISSILES SEEN.txt,0.6265015006065369,0.9657769672798387,1,33,34
China-Korea TV Deal.txt,/content/drive/MyDrive/extracted_files/hwbush_89-92/China-Korea TV Deal.txt,,0.9052330851554871,0,3,3
China-South Africa Deal.txt,/content/drive/MyDrive/extracted_files/hwbush_89-92/China-South Africa Deal.txt,,0.981818214058876,0,4,4
China-Soviet Ventures.txt,/content/drive/MyDrive/extracted_files/hwbush_89-92/China-Soviet Ventures.txt,0.9723880290985107,0.9385158121585846,1,2,3
China_s Airlines Warned.txt,/content/drive/MyDrive/extracted_files/hwbush_89-92/China_s Airlines Warned.txt,,0.9943288862705231,0,2,2
China_s Army Is Cared For in a Lean Budget.txt,/content/drive/MyDrive/extracted_files/hwbush_89-92/China_s Army Is Cared For in a Lean Budget.txt,0.9049346446990967,0.9883908125070425,7,13,20
China_s Babies_ Better _Elegant_ Than _Red_.txt,/content/drive/MyDrive/extracted_files/hwbush_89-92/China_s Babies_ Better _Elegant_ Than _Red_.txt,0.9233965497267874,0.9423793703317642,19,24,43
China_s Coal Output Up.txt,/content/drive/MyDrive/extracted_files/hwbush_89-92/China_s Coal Output Up.txt,0.9768418669700623,0.9989990592002869,1,1,2
China_s Communists Prepare Party Congress.txt,/content/drive/MyDrive/extracted_files/hwbush_89-92/China_s Communists Prepare Party Congress.txt,0.945305198431015,0.8738986849784851,12,12,24
China_s Credit Rating Downgraded by Moody_s.txt,/content/drive/MyDrive/extracted_files/hwbush_89-92/China_s Credit Rating Downgraded by Moody_s.txt,0.8947255114714304,0.9322073970522199,6,14,20
China_s Debt Rises 27_.txt,/content/drive/MyDrive/extracted_files/hwbush_89-92/China_s Debt Rises 27_.txt,0.9648443758487701,0.9839951992034912,2,2,4
China_s Divided Economy.txt,/content/drive/MyDrive/extracted_files/hwbush_89-92/China_s Divided Economy.txt,0.9382328305925641,0.8926526784896851,7,5,12
"China_s Films_ More Propaganda, Less Art.txt","/content/drive/MyDrive/extracted_files/hwbush_89-92/China_s Films_ More Propaganda, Less Art.txt",0.9474423433604994,0.9288758773070115,19,13,32
China_s Frontier_ The Search for Development.txt,/content/drive/MyDrive/extracted_files/hwbush_89-92/China_s Frontier_ The Search for Development.txt,0.9076495596340725,0.9281791716814041,7,20,27
CHINA_S INDUSTRIES QUITTING THE HILLS.txt,/content/drive/MyDrive/extracted_files/hwbush_89-92/CHINA_S INDUSTRIES QUITTING THE HILLS.txt,0.9610044130912194,0.8744979290401235,13,17,30
China_s Intense Love of Education Cools Off.txt,/content/drive/MyDrive/extracted_files/hwbush_89-92/China_s Intense Love of Education Cools Off.txt,0.9127757996320724,0.9748924270920132,8,23,31
"China_s Newspapers, After Crackdown by Beijing, Revert to a Single Voice.txt","/content/drive/MyDrive/extracted_files/hwbush_89-92/China_s Newspapers, After Crackdown by Beijing, Revert to a Single Voice.txt",0.9333841138415866,0.9655392915010452,9,40,49
China_s No. 2 Didn_t Invoke Jack Kennedy.txt,/content/drive/MyDrive/extracted_files/hwbush_89-92/China_s No. 2 Didn_t Invoke Jack Kennedy.txt,0.935691241423289,0.9364609122276306,15,18,33
China_s Open-Door Stock Policy.txt,/content/drive/MyDrive/extracted_files/hwbush_89-92/China_s Open-Door Stock Policy.txt,0.9322955482884457,0.9586370640330845,19,45,64
China_s Peasantry Takes Measure of Its Prosperity.txt,/content/drive/MyDrive/extracted_files/hwbush_89-92/China_s Peasantry Takes Measure of Its Prosperity.txt,0.919473063487273,0.9704453615765822,26,38,64
China_s Premier Sees Progress on Cambodia.txt,/content/drive/MyDrive/extracted_files/hwbush_89-92/China_s Premier Sees Progress on Cambodia.txt,0.9521762629350027,0.9858925938606262,6,1,7
China_s Premier Talks Of Economic Distress.txt,/content/drive/MyDrive/extracted_files/hwbush_89-92/China_s Premier Talks Of Economic Distress.txt,0.783955916762352,0.9582969844341278,4,2,6
China_s Premier Urges Tighter Control.txt,/content/drive/MyDrive/extracted_files/hwbush_89-92/China_s Premier Urges Tighter Control.txt,0.9102551208602058,0.9418360122612545,9,14,23
China_s Prime Minister Arrives in India.txt,/content/drive/MyDrive/extracted_files/hwbush_89-92/China_s Prime Minister Arrives in India.txt,0.9704169631004333,0.9709841926892598,12,15,27
China_s Private Business Drops.txt,/content/drive/MyDrive/extracted_files/hwbush_89-92/China_s Private Business Drops.txt,,0.9705195426940918,0,4,4
China_s Private Businesses Face Inspection.txt,/content/drive/MyDrive/extracted_files/hwbush_89-92/China_s Private Businesses Face Inspection.txt,0.9355134831534492,0.9768908811467034,9,28,37
China_s Showcase Company.txt,/content/drive/MyDrive/extracted_files/hwbush_89-92/China_s Showcase Company.txt,0.9412803435936953,0.9765526837772793,39,45,84
China_s Students Seek To Avoid Ban on Travel.txt,/content/drive/MyDrive/extracted_files/hwbush_89-92/China_s Students Seek To Avoid Ban on Travel.txt,0.9821637471516927,0.9696922872377478,12,23,35
China_s Trade Surplus.txt,/content/drive/MyDrive/extracted_files/hwbush_89-92/China_s Trade Surplus.txt,,0.9854635298252106,0,2,2
China_s Trade With Taiwan.txt,/content/drive/MyDrive/extracted_files/hwbush_89-92/China_s Trade With Taiwan.txt,0.9573292136192322,0.9488566517829895,2,2,4
China_s Tranquillity Is Seen as Only Skin Deep.txt,/content/drive/MyDrive/extracted_files/hwbush_89-92/China_s Tranquillity Is Seen as Only Skin Deep.txt,0.9888424947857857,0.9580079533837058,8,11,19
China_s Upheaval_ Five Weeks of Student Demonstrations.txt,/content/drive/MyDrive/extracted_files/hwbush_89-92/China_s Upheaval_ Five Weeks of Student Demonstrations.txt,0.9673934313986037,0.9486647681756453,18,22,40
Chinese Aide May Seek U.S. Refuge.txt,/content/drive/MyDrive/extracted_files/hwbush_89-92/Chinese Aide May Seek U.S. Refuge.txt,0.9853455168860299,0.9422528783480326,7,15,22
"Chinese Aide, Visiting U.S., Sees Room for Compromise.txt","/content/drive/MyDrive/extracted_files/hwbush_89-92/Chinese Aide, Visiting U.S., Sees Room for Compromise.txt",0.9581908219390445,0.974829783042272,18,12,30
Chinese Aim to Harness Yangtze and Yellow Rivers.txt,/content/drive/MyDrive/extracted_files/hwbush_89-92/Chinese Aim to Harness Yangtze and Yellow Rivers.txt,0.9493411235187365,0.9267896654758048,23,47,70
Chinese Angered by French Arms Sale to Taiwan.txt,/content/drive/MyDrive/extracted_files/hwbush_89-92/Chinese Angered by French Arms Sale to Taiwan.txt,0.9169061183929443,0.9446577383921697,4,13,17
Chinese Apparently Halt Rights Talks With U.S.txt,/content/drive/MyDrive/extracted_files/hwbush_89-92/Chinese Apparently Halt Rights Talks With U.S.txt,0.9760246753692627,0.9672158257714634,20,29,49
Chinese Army Major Defects To South Korea With His Wife.txt,/content/drive/MyDrive/extracted_files/hwbush_89-92/Chinese Army Major Defects To South Korea With His Wife.txt,,0.8947997093200684,0,4,4
Chinese at Grumman Plant Lose Jobs Under New Policy.txt,/content/drive/MyDrive/extracted_files/hwbush_89-92/Chinese at Grumman Plant Lose Jobs Under New Policy.txt,0.8790558278560638,0.9164951324462891,2,5,7
Chinese at the U.N. Seeking to Keep Jobs.txt,/content/drive/MyDrive/extracted_files/hwbush_89-92/Chinese at the U.N. Seeking to Keep Jobs.txt,0.9406570593516032,0.9795017065825286,6,27,33
Chinese Banks Plan to Lend $27 Billion to Aid Businesses.txt,/content/drive/MyDrive/extracted_files/hwbush_89-92/Chinese Banks Plan to Lend $27 Billion to Aid Businesses.txt,0.9318540791670481,0.9404510892927647,6,16,22
Chinese Boxers in U.S.txt,/content/drive/MyDrive/extracted_files/hwbush_89-92/Chinese Boxers in U.S.txt,0.939145565032959,,10,0,10
CHINESE CHIEF SETS HARD POLICY LINE.txt,/content/drive/MyDrive/extracted_files/hwbush_89-92/CHINESE CHIEF SETS HARD POLICY LINE.txt,0.9215479365416935,0.9478901624679565,14,13,27
Chinese College Freshmen to Join Army First.txt,/content/drive/MyDrive/extracted_files/hwbush_89-92/Chinese College Freshmen to Join Army First.txt,0.9025107522805532,0.9210236397656527,6,11,17
Chinese Communists Call for Party Purge.txt,/content/drive/MyDrive/extracted_files/hwbush_89-92/Chinese Communists Call for Party Purge.txt,0.9394299536943436,0.9780404738017491,12,21,33
Chinese Crowd Stock Sellers.txt,/content/drive/MyDrive/extracted_files/hwbush_89-92/Chinese Crowd Stock Sellers.txt,0.9750304420789083,0.9102946162223816,3,5,8
Chinese Deny Export Of Prison-Made Goods.txt,/content/drive/MyDrive/extracted_files/hwbush_89-92/Chinese Deny Export Of Prison-Made Goods.txt,0.9947342872619629,0.9606927235921224,1,6,7
Chinese Dissident Criticizes U.S. on Human Rights.txt,/content/drive/MyDrive/extracted_files/hwbush_89-92/Chinese Dissident Criticizes U.S. on Human Rights.txt,0.9457090795040131,0.9647720916704698,12,22,34
Chinese Dissident to Study in U.S. (and to Speak Out).txt,/content/drive/MyDrive/extracted_files/hwbush_89-92/Chinese Dissident to Study in U.S. (and to Speak Out).txt,0.9584962001868657,0.9512839443755873,14,33,47
"Chinese Dissident, in West, Tells Of Underground Rights Network.txt","/content/drive/MyDrive/extracted_files/hwbush_89-92/Chinese Dissident, in West, Tells Of Underground Rights Network.txt",0.8962827250361443,0.9366568028926849,8,6,14
Chinese Dissidents As Visiting Scholars.txt,/content/drive/MyDrive/extracted_files/hwbush_89-92/Chinese Dissidents As Visiting Scholars.txt,0.9626876498971667,0.9228299930691719,14,24,38
CHINESE EXECUTE 3 IN PUBLIC DISPLAY FOR PROTEST ROLE.txt,/content/drive/MyDrive/extracted_files/hwbush_89-92/CHINESE EXECUTE 3 IN PUBLIC DISPLAY FOR PROTEST ROLE.txt,0.8168980975945791,0.9802823431637823,6,49,55
Chinese Execute an Official Convicted of Taking Bribes.txt,/content/drive/MyDrive/extracted_files/hwbush_89-92/Chinese Execute an Official Convicted of Taking Bribes.txt,,0.9952958524227142,0,4,4
Chinese Exiles Form Worldwide Opposition Group.txt,/content/drive/MyDrive/extracted_files/hwbush_89-92/Chinese Exiles Form Worldwide Opposition Group.txt,0.9834509526982027,0.9790843352675438,17,8,25
Chinese Face Epochal Wait For Housing.txt,/content/drive/MyDrive/extracted_files/hwbush_89-92/Chinese Face Epochal Wait For Housing.txt,0.9367419481277466,0.9474228819211324,10,24,34
Chinese Hold Rally in Manhattan.txt,/content/drive/MyDrive/extracted_files/hwbush_89-92/Chinese Hold Rally in Manhattan.txt,0.9806413888931275,0.9672212998072306,5,9,14
Chinese in U.S. Lament Bush Victory.txt,/content/drive/MyDrive/extracted_files/hwbush_89-92/Chinese in U.S. Lament Bush Victory.txt,0.9035905500253042,0.9647986127270592,12,36,48
Chinese Jumbo Jet Flying to New York Is Hijacked.txt,/content/drive/MyDrive/extracted_files/hwbush_89-92/Chinese Jumbo Jet Flying to New York Is Hijacked.txt,0.9979952573776245,0.9670684209891728,1,14,15
Chinese Leadership Names 2 Deputy Premiers.txt,/content/drive/MyDrive/extracted_files/hwbush_89-92/Chinese Leadership Names 2 Deputy Premiers.txt,0.9515353395388677,0.9763144056002299,13,3,16
Chinese Lose_ U.S. Boat Sinks.txt,/content/drive/MyDrive/extracted_files/hwbush_89-92/Chinese Lose_ U.S. Boat Sinks.txt,0.9777579179831913,0.9223163947463036,14,8,22
Chinese March in Beijing in Defiance of Ban.txt,/content/drive/MyDrive/extracted_files/hwbush_89-92/Chinese March in Beijing in Defiance of Ban.txt,0.89706951379776,0.7696316540241241,2,2,4
Chinese Mushrooms Barred.txt,/content/drive/MyDrive/extracted_files/hwbush_89-92/Chinese Mushrooms Barred.txt,0.9919977784156799,0.9920914173126221,1,5,6
Chinese Official Rules Out an Amnesty for Political Prisoners.txt,/content/drive/MyDrive/extracted_files/hwbush_89-92/Chinese Official Rules Out an Amnesty for Political Prisoners.txt,0.920201763510704,0.9363095651973378,4,11,15
Chinese Oilfield Policy.txt,/content/drive/MyDrive/extracted_files/hwbush_89-92/Chinese Oilfield Policy.txt,0.961969256401062,0.5688437819480896,3,1,4
Chinese Opera.txt,/content/drive/MyDrive/extracted_files/hwbush_89-92/Chinese Opera.txt,0.99546679854393,0.9538475871086121,2,1,3
Chinese Party Calls for Closer Ties to Masses.txt,/content/drive/MyDrive/extracted_files/hwbush_89-92/Chinese Party Calls for Closer Ties to Masses.txt,0.9732042104005814,0.9377919501728482,8,9,17
Chinese Party Holding Closed Session This Week.txt,/content/drive/MyDrive/extracted_files/hwbush_89-92/Chinese Party Holding Closed Session This Week.txt,0.9669499737875802,0.9232077811445508,7,14,21
Chinese Police Halt Tiananmen Square Memorial.txt,/content/drive/MyDrive/extracted_files/hwbush_89-92/Chinese Police Halt Tiananmen Square Memorial.txt,0.9923053234815598,0.9849782556295394,4,20,24
Chinese Reformer Quitting as Governor in Canton Area.txt,/content/drive/MyDrive/extracted_files/hwbush_89-92/Chinese Reformer Quitting as Governor in Canton Area.txt,0.9919739365577698,0.8023421168327332,1,2,3
Chinese Region Uses New Law to Sterilize Mentally Retarded.txt,/content/drive/MyDrive/extracted_files/hwbush_89-92/Chinese Region Uses New Law to Sterilize Mentally Retarded.txt,0.9211686700582504,0.9777819568460638,8,33,41
Chinese Satellite Planned.txt,/content/drive/MyDrive/extracted_files/hwbush_89-92/Chinese Satellite Planned.txt,0.9961791336536407,0.8953134417533875,2,2,4
Chinese Seem to Be Risking More Open Protests.txt,/content/drive/MyDrive/extracted_files/hwbush_89-92/Chinese Seem to Be Risking More Open Protests.txt,0.8964037506476693,0.9754817630305435,23,33,56
Chinese Set Off Their Biggest Nuclear Explosion.txt,/content/drive/MyDrive/extracted_files/hwbush_89-92/Chinese Set Off Their Biggest Nuclear Explosion.txt,0.9836578794888088,0.9371772936412266,7,35,42
Chinese Smugglers_ Lucrative Cargo_ Humans.txt,/content/drive/MyDrive/extracted_files/hwbush_89-92/Chinese Smugglers_ Lucrative Cargo_ Humans.txt,0.9166247129440308,0.9286466439565023,15,30,45
Chinese Soldiers Dance for a New Image.txt,/content/drive/MyDrive/extracted_files/hwbush_89-92/Chinese Soldiers Dance for a New Image.txt,,0.8840826551119486,0,3,3
Chinese Stocks For Foreigners.txt,/content/drive/MyDrive/extracted_files/hwbush_89-92/Chinese Stocks For Foreigners.txt,0.6807641685009003,0.9250093251466751,2,4,6
Chinese Students in U.S. Say Beijing Has Harassed Them.txt,/content/drive/MyDrive/extracted_files/hwbush_89-92/Chinese Students in U.S. Say Beijing Has Harassed Them.txt,0.9536070227622986,0.9821494511195592,11,35,46
"Chinese Tale of Betrayal, With a Twist.txt","/content/drive/MyDrive/extracted_files/hwbush_89-92/Chinese Tale of Betrayal, With a Twist.txt",0.959097720682621,0.9436831391519971,8,36,44
Chinese Thanks Bush on Trade.txt,/content/drive/MyDrive/extracted_files/hwbush_89-92/Chinese Thanks Bush on Trade.txt,0.9904933869838715,0.9589823285738627,6,3,9
Chinese Trade Practices Raising Concern in U.S.txt,/content/drive/MyDrive/extracted_files/hwbush_89-92/Chinese Trade Practices Raising Concern in U.S.txt,0.9161868929862976,0.9532578308135271,10,32,42
Chinese Trials End_ Fate of Hundreds Unclear.txt,/content/drive/MyDrive/extracted_files/hwbush_89-92/Chinese Trials End_ Fate of Hundreds Unclear.txt,0.7685173749923706,0.9745511438535608,2,23,25
Chinese Upheaval Shakes Italy_s Communists.txt,/content/drive/MyDrive/extracted_files/hwbush_89-92/Chinese Upheaval Shakes Italy_s Communists.txt,0.8695912599563599,0.9739770476634686,10,13,23
CHINESE VISA BILL MAY FACE A VETO.txt,/content/drive/MyDrive/extracted_files/hwbush_89-92/CHINESE VISA BILL MAY FACE A VETO.txt,0.9407436549663544,0.9240412026643753,6,20,26
Chinese Workers Demonstrate for Better Jobs.txt,/content/drive/MyDrive/extracted_files/hwbush_89-92/Chinese Workers Demonstrate for Better Jobs.txt,0.8799843788146973,,1,0,1
Chinese Workers Join Students in Protests.txt,/content/drive/MyDrive/extracted_files/hwbush_89-92/Chinese Workers Join Students in Protests.txt,0.9272886315981547,,3,0,3
Chinese-Indian Talks Seem to Favor Beijing.txt,/content/drive/MyDrive/extracted_files/hwbush_89-92/Chinese-Indian Talks Seem to Favor Beijing.txt,0.9284231265385946,0.9538512110710144,12,20,32
Chongqing Journal_China_s Dismal Truth_ 100 Million Out of Work.txt,/content/drive/MyDrive/extracted_files/hwbush_89-92/Chongqing Journal_China_s Dismal Truth_ 100 Million Out of Work.txt,0.9303440749645233,0.9737421342959771,8,26,34
Chronicle.txt,/content/drive/MyDrive/extracted_files/hwbush_89-92/Chronicle.txt,0.9844424298831395,0.9975698590278625,7,1,8
Citicorp_s Hong Kong Deal Called Vote of Confidence.txt,/content/drive/MyDrive/extracted_files/hwbush_89-92/Citicorp_s Hong Kong Deal Called Vote of Confidence.txt,0.9798729802880969,0.9703981876373291,14,11,25
Clamor in Europe_Czech Students Belatedly Assail China Crackdown.txt,/content/drive/MyDrive/extracted_files/hwbush_89-92/Clamor in Europe_Czech Students Belatedly Assail China Crackdown.txt,0.992886483669281,0.9747649590174358,7,15,22
"CLAMOR IN THE EAST_ China_Disgust With the West Is Reported, But Beijing Ignores the Wall_s End.txt","/content/drive/MyDrive/extracted_files/hwbush_89-92/CLAMOR IN THE EAST_ China_Disgust With the West Is Reported, But Beijing Ignores the Wall_s End.txt",0.9276606440544128,0.9078615754842758,3,16,19
CLAMOR IN THE EAST_ The White House_Exchange With Gorbachev Leaves Bush Hopeful.txt,/content/drive/MyDrive/extracted_files/hwbush_89-92/CLAMOR IN THE EAST_ The White House_Exchange With Gorbachev Leaves Bush Hopeful.txt,0.9741001595621523,0.9141529062215019,23,17,40
CLAMOR IN THE EAST_Chinese Premier Sees No Effect From Europe.txt,/content/drive/MyDrive/extracted_files/hwbush_89-92/CLAMOR IN THE EAST_Chinese Premier Sees No Effect From Europe.txt,0.9939246475696564,0.8859907984733582,2,1,3
CNN Basks in Reaction to Its Beijing Coverage.txt,/content/drive/MyDrive/extracted_files/hwbush_89-92/CNN Basks in Reaction to Its Beijing Coverage.txt,0.9724104716664269,0.9701707143532602,21,19,40
Columbia Journal_Doolittle Raiders Recall 30 Seconds in History.txt,/content/drive/MyDrive/extracted_files/hwbush_89-92/Columbia Journal_Doolittle Raiders Recall 30 Seconds in History.txt,0.9671626336434308,0.9373212489816878,17,18,35
Companies Expect Benefits From U.S.-China Trade Pact.txt,/content/drive/MyDrive/extracted_files/hwbush_89-92/Companies Expect Benefits From U.S.-China Trade Pact.txt,0.9778721556067467,0.886563527584076,8,5,13
Companies Speeding Beijing Exodus.txt,/content/drive/MyDrive/extracted_files/hwbush_89-92/Companies Speeding Beijing Exodus.txt,0.8424508422613144,0.9678176563719044,8,23,31
COMPANY NEWS_7-ELEVEN CHAIN IS READY FOR A MOVE INTO CHINA.txt,/content/drive/MyDrive/extracted_files/hwbush_89-92/COMPANY NEWS_7-ELEVEN CHAIN IS READY FOR A MOVE INTO CHINA.txt,0.813236802816391,0.8944775462150574,2,1,3
COMPANY NEWS_7-ELEVEN ENTERS THE CHINESE MARKET.txt,/content/drive/MyDrive/extracted_files/hwbush_89-92/COMPANY NEWS_7-ELEVEN ENTERS THE CHINESE MARKET.txt,0.8599182764689127,0.9859240452448527,3,3,6
COMPANY NEWS_ARCO-China Gas Venture.txt,/content/drive/MyDrive/extracted_files/hwbush_89-92/COMPANY NEWS_ARCO-China Gas Venture.txt,0.827947735786438,0.7369778901338577,4,4,8
COMPANY NEWS_Cell Technology In China Venture.txt,/content/drive/MyDrive/extracted_files/hwbush_89-92/COMPANY NEWS_Cell Technology In China Venture.txt,0.8721452057361603,0.9386628270149231,4,1,5
COMPANY NEWS_China Will Launch U.S.-Built Satellite.txt,/content/drive/MyDrive/extracted_files/hwbush_89-92/COMPANY NEWS_China Will Launch U.S.-Built Satellite.txt,0.9616332153479258,0.921427883207798,6,8,14
COMPANY NEWS_Chinese Army In A.T.&T. Pact.txt,/content/drive/MyDrive/extracted_files/hwbush_89-92/COMPANY NEWS_Chinese Army In A.T.&T. Pact.txt,0.9015381634235382,0.9834064543247223,4,4,8
COMPANY NEWS_Chrysler to Export Axles to China.txt,/content/drive/MyDrive/extracted_files/hwbush_89-92/COMPANY NEWS_Chrysler to Export Axles to China.txt,0.806564450263977,0.8644960671663284,1,4,5
COMPANY NEWS_Colgate Deal With China.txt,/content/drive/MyDrive/extracted_files/hwbush_89-92/COMPANY NEWS_Colgate Deal With China.txt,0.9786053538322449,0.9104906618595123,5,2,7
COMPANY NEWS_G.M. and Fuji Out.txt,/content/drive/MyDrive/extracted_files/hwbush_89-92/COMPANY NEWS_G.M. and Fuji Out.txt,0.9322839379310608,0.9992517630259196,1,3,4
COMPANY NEWS_G.M. Sets Venture in China To Assemble Pickup Trucks.txt,/content/drive/MyDrive/extracted_files/hwbush_89-92/COMPANY NEWS_G.M. Sets Venture in China To Assemble Pickup Trucks.txt,0.9265907021129832,0.9544616682188851,17,14,31
COMPANY NEWS_Grumman at Work On China Project.txt,/content/drive/MyDrive/extracted_files/hwbush_89-92/COMPANY NEWS_Grumman at Work On China Project.txt,0.9718855023384094,0.9986069798469543,2,1,3
COMPANY NEWS_Hewlett-Packard In China Venture.txt,/content/drive/MyDrive/extracted_files/hwbush_89-92/COMPANY NEWS_Hewlett-Packard In China Venture.txt,0.8457212646802267,0.9872146248817444,3,2,5
COMPANY NEWS_McDonald_s Has First China Outlet.txt,/content/drive/MyDrive/extracted_files/hwbush_89-92/COMPANY NEWS_McDonald_s Has First China Outlet.txt,0.956924706697464,0.9699832002321879,2,3,5
COMPANY NEWS_McDonnell May Build More Jets With China.txt,/content/drive/MyDrive/extracted_files/hwbush_89-92/COMPANY NEWS_McDonnell May Build More Jets With China.txt,0.8891777396202087,0.927679431438446,5,10,15
COMPANY NEWS_Mobile Phone System for Beijing.txt,/content/drive/MyDrive/extracted_files/hwbush_89-92/COMPANY NEWS_Mobile Phone System for Beijing.txt,0.7907609641551971,0.801815390586853,2,2,4
COMPANY NEWS_Philips Reports Chinese Venture.txt,/content/drive/MyDrive/extracted_files/hwbush_89-92/COMPANY NEWS_Philips Reports Chinese Venture.txt,0.8706118067105612,0.8391082584857941,3,2,5
COMPANY NEWS_PPG-China Talks.txt,/content/drive/MyDrive/extracted_files/hwbush_89-92/COMPANY NEWS_PPG-China Talks.txt,0.9969948530197144,0.9907130599021912,1,3,4
COMPANY NEWS_Sara Lee Pursuing Venture in China.txt,/content/drive/MyDrive/extracted_files/hwbush_89-92/COMPANY NEWS_Sara Lee Pursuing Venture in China.txt,0.9980471134185791,0.9066113531589508,1,4,5
COMPANY NEWS_U.S. COMPANY TO INSTALL JAPAN-CHINA CABLE.txt,/content/drive/MyDrive/extracted_files/hwbush_89-92/COMPANY NEWS_U.S. COMPANY TO INSTALL JAPAN-CHINA CABLE.txt,0.8961921036243439,0.8618809382120768,2,3,5
COMPANY NEWS_UNITED AIR TO BEGIN FIRST NONSTOP U.S.-CHINA FLIGHTS.txt,/content/drive/MyDrive/extracted_files/hwbush_89-92/COMPANY NEWS_UNITED AIR TO BEGIN FIRST NONSTOP U.S.-CHINA FLIGHTS.txt,0.9855892509222031,,4,0,4
COMPANY NEWS_W.R. GRACE WILL LOOK TO CHINA FOR SALES GROWTH.txt,/content/drive/MyDrive/extracted_files/hwbush_89-92/COMPANY NEWS_W.R. GRACE WILL LOOK TO CHINA FOR SALES GROWTH.txt,0.9955850124359131,0.8147473335266113,5,2,7
Confrontation in the Games_Iraq and the Asian Games.txt,/content/drive/MyDrive/extracted_files/hwbush_89-92/Confrontation in the Games_Iraq and the Asian Games.txt,0.9982853829860687,0.9874859750270844,2,8,10
Confrontation in the Gulf_China Gives Its View.txt,/content/drive/MyDrive/extracted_files/hwbush_89-92/Confrontation in the Gulf_China Gives Its View.txt,0.9120473762353262,0.9841711322466532,6,3,9
CONFRONTATION IN THE GULF_Iraq Voted Out of Asian Games.txt,/content/drive/MyDrive/extracted_files/hwbush_89-92/CONFRONTATION IN THE GULF_Iraq Voted Out of Asian Games.txt,0.8901926279067993,0.9428663320011563,3,9,12
"Congress, Angry at China, Moves to Impose Sanctions.txt","/content/drive/MyDrive/extracted_files/hwbush_89-92/Congress, Angry at China, Moves to Impose Sanctions.txt",0.8473143685947765,0.879009089049171,11,17,28
Congressional Attempt to Impose Higher Tariffs on China Collapses.txt,/content/drive/MyDrive/extracted_files/hwbush_89-92/Congressional Attempt to Impose Higher Tariffs on China Collapses.txt,0.9406056801478068,0.9666989222168922,3,8,11
Congressional Roundup_Senate Sustains China-Trade Veto.txt,/content/drive/MyDrive/extracted_files/hwbush_89-92/Congressional Roundup_Senate Sustains China-Trade Veto.txt,0.8961650252342224,0.8601088722546896,5,6,11
"Congressmen, in China, Warn on Human Rights.txt","/content/drive/MyDrive/extracted_files/hwbush_89-92/Congressmen, in China, Warn on Human Rights.txt",0.9332990795373917,0.9377216175198555,8,8,16
CONNECTICUT GUIDE(2).txt,/content/drive/MyDrive/extracted_files/hwbush_89-92/CONNECTICUT GUIDE(2).txt,0.9677171133182667,0.9708740619512705,27,13,40
CONNECTICUT GUIDE.txt,/content/drive/MyDrive/extracted_files/hwbush_89-92/CONNECTICUT GUIDE.txt,0.9711045883595943,0.9274635116259257,32,9,41
Cosmetics From the West Help to Change the Face of China.txt,/content/drive/MyDrive/extracted_files/hwbush_89-92/Cosmetics From the West Help to Change the Face of China.txt,0.9615619778633118,0.9383185160787482,18,19,37
CRACKDOWN IN BEIJING_300 Irate Protesters Besiege China_s New York Consulate.txt,/content/drive/MyDrive/extracted_files/hwbush_89-92/CRACKDOWN IN BEIJING_300 Irate Protesters Besiege China_s New York Consulate.txt,0.9952220320701599,0.987845666706562,1,8,9
Crackdown in Beijing_Administration Ponders Steps on China.txt,/content/drive/MyDrive/extracted_files/hwbush_89-92/Crackdown in Beijing_Administration Ponders Steps on China.txt,0.9057999372482299,0.928330354830798,15,34,49
CRACKDOWN IN BEIJING_An Army With Its Own Grievances.txt,/content/drive/MyDrive/extracted_files/hwbush_89-92/CRACKDOWN IN BEIJING_An Army With Its Own Grievances.txt,0.9594852511699383,0.9614086151123047,13,17,30
CRACKDOWN IN BEIJING_CBS Says Its Correspondent Is Seized by Chinese Soldiers.txt,/content/drive/MyDrive/extracted_files/hwbush_89-92/CRACKDOWN IN BEIJING_CBS Says Its Correspondent Is Seized by Chinese Soldiers.txt,0.9871292114257812,0.9472502072652181,1,6,7
"Crackdown in Beijing_For Students in U.S., Grief and Fury.txt","/content/drive/MyDrive/extracted_files/hwbush_89-92/Crackdown in Beijing_For Students in U.S., Grief and Fury.txt",0.9466119964917501,0.9338404893875122,15,20,35
CRACKDOWN IN BEIJING_Groups Postpone China Trips.txt,/content/drive/MyDrive/extracted_files/hwbush_89-92/CRACKDOWN IN BEIJING_Groups Postpone China Trips.txt,0.9570050636927286,0.9474428574244181,3,15,18
"CRACKDOWN IN BEIJING_In the Streets, Anguish, Fury and Tears.txt","/content/drive/MyDrive/extracted_files/hwbush_89-92/CRACKDOWN IN BEIJING_In the Streets, Anguish, Fury and Tears.txt",0.9669509870665414,0.935800913721323,14,48,62
CRACKDOWN IN BEIJING_PRESIDENT SPURNS OTHER SANCTIONS.txt,/content/drive/MyDrive/extracted_files/hwbush_89-92/CRACKDOWN IN BEIJING_PRESIDENT SPURNS OTHER SANCTIONS.txt,0.90648391133263,0.9676847010850906,21,36,57
"CRACKDOWN IN BEIJING_TROOPS ATTACK AND CRUSH BEIJING PROTEST_ THOUSANDS FIGHT BACK, SCORES ARE KILLE.txt","/content/drive/MyDrive/extracted_files/hwbush_89-92/CRACKDOWN IN BEIJING_TROOPS ATTACK AND CRUSH BEIJING PROTEST_ THOUSANDS FIGHT BACK, SCORES ARE KILLE.txt",0.9400815410273415,0.9563929934006232,14,77,91
"CRACKDOWN IN CHINA_ Reporter_s Notebook_In Beijing, It_s Difficult To Find Facts or Truth.txt","/content/drive/MyDrive/extracted_files/hwbush_89-92/CRACKDOWN IN CHINA_ Reporter_s Notebook_In Beijing, It_s Difficult To Find Facts or Truth.txt",0.9359216349465507,0.9493351519107819,14,30,44
Crackdown in China_An Army_s Agony.txt,/content/drive/MyDrive/extracted_files/hwbush_89-92/Crackdown in China_An Army_s Agony.txt,0.940004030863444,0.9542850028900873,12,21,33
CRACKDOWN IN CHINA_China_s Strife Brings Uncertainty To Exchange Programs With U.S.txt,/content/drive/MyDrive/extracted_files/hwbush_89-92/CRACKDOWN IN CHINA_China_s Strife Brings Uncertainty To Exchange Programs With U.S.txt,0.936496764421463,0.9736819733744082,24,46,70
Crackdown in China_Foley Says U.S. Should Consider Further Sanctions Against China.txt,/content/drive/MyDrive/extracted_files/hwbush_89-92/Crackdown in China_Foley Says U.S. Should Consider Further Sanctions Against China.txt,0.780600871358599,0.9903846263885498,7,10,17
"CRACKDOWN IN CHINA_In the Surface Calm of Beijing, What_s _Normal_ Isn_t Quite.txt","/content/drive/MyDrive/extracted_files/hwbush_89-92/CRACKDOWN IN CHINA_In the Surface Calm of Beijing, What_s _Normal_ Isn_t Quite.txt",0.9078903794288635,0.968469183187227,15,37,52
CRACKDOWN IN CHINA_More Chinese Diplomats Seek Refuge.txt,/content/drive/MyDrive/extracted_files/hwbush_89-92/CRACKDOWN IN CHINA_More Chinese Diplomats Seek Refuge.txt,0.819488450884819,0.9354804621802436,4,18,22
CRACKDOWN IN CHINA_Pronouncing The Names.txt,/content/drive/MyDrive/extracted_files/hwbush_89-92/CRACKDOWN IN CHINA_Pronouncing The Names.txt,,0.9901008009910583,0,1,1
CRAFTS_Sumptuous Silk Robes From China.txt,/content/drive/MyDrive/extracted_files/hwbush_89-92/CRAFTS_Sumptuous Silk Robes From China.txt,0.9534225791692734,0.9015988821075076,40,21,61
"Critic_s Choice_An Opera In Chinese, With Titles.txt","/content/drive/MyDrive/extracted_files/hwbush_89-92/Critic_s Choice_An Opera In Chinese, With Titles.txt",0.958871399362882,0.8916167616844177,12,3,15
"CRITIC_S NOTEBOOK_Relax, but Don_t Leave Your Mind Behind.txt","/content/drive/MyDrive/extracted_files/hwbush_89-92/CRITIC_S NOTEBOOK_Relax, but Don_t Leave Your Mind Behind.txt",0.9749535335434808,0.9263957915482698,90,27,117
"Crops Occupy Rural China, Not Unrest.txt","/content/drive/MyDrive/extracted_files/hwbush_89-92/Crops Occupy Rural China, Not Unrest.txt",0.9780714809894562,0.9620463583204482,8,18,26
CROWDS IN STREET ASK DENG_S OUSTER.txt,/content/drive/MyDrive/extracted_files/hwbush_89-92/CROWDS IN STREET ASK DENG_S OUSTER.txt,0.959013070911169,0.9567842506445371,16,26,42
Crystalline Ice Fantasies In Frozen Manchuria.txt,/content/drive/MyDrive/extracted_files/hwbush_89-92/Crystalline Ice Fantasies In Frozen Manchuria.txt,0.9677842837922713,0.9199438608925918,68,58,126
Dalai Lama Hopeful on Self-Rule for Tibet.txt,/content/drive/MyDrive/extracted_files/hwbush_89-92/Dalai Lama Hopeful on Self-Rule for Tibet.txt,0.9348169366518656,0.8890709429979324,3,4,7
Dalai Lama Says Beijing Can_t Crush Hopes.txt,/content/drive/MyDrive/extracted_files/hwbush_89-92/Dalai Lama Says Beijing Can_t Crush Hopes.txt,0.9439771129534795,0.9065050572156906,13,20,33
Dam Break Kills 38 in China.txt,/content/drive/MyDrive/extracted_files/hwbush_89-92/Dam Break Kills 38 in China.txt,,0.991690456867218,0,2,2
Daqiuzhuang Journal_A Chinese Village Discovers the Road to Riches.txt,/content/drive/MyDrive/extracted_files/hwbush_89-92/Daqiuzhuang Journal_A Chinese Village Discovers the Road to Riches.txt,0.9108385419845582,0.9524527297300451,25,17,42
"DE GUSTIBUS_Older Than Forks, Safer Than Knives.txt","/content/drive/MyDrive/extracted_files/hwbush_89-92/DE GUSTIBUS_Older Than Forks, Safer Than Knives.txt",0.9117033144702082,0.9428867436036831,23,41,64
DE GUSTIBUS_Peanut Butter at 100 Still Loves Jelly.txt,/content/drive/MyDrive/extracted_files/hwbush_89-92/DE GUSTIBUS_Peanut Butter at 100 Still Loves Jelly.txt,0.9448721430919789,0.9249293964083601,27,41,68
Deadline Eased on Order Voiding Sale of a U.S. Company to China.txt,/content/drive/MyDrive/extracted_files/hwbush_89-92/Deadline Eased on Order Voiding Sale of a U.S. Company to China.txt,0.7728440165519714,0.979903511206309,5,15,20
Debut at the Polls Delights Opposition in Taiwan.txt,/content/drive/MyDrive/extracted_files/hwbush_89-92/Debut at the Polls Delights Opposition in Taiwan.txt,0.9754957715670268,0.9674302836259207,15,12,27
"Defiant Still, Chinese Dissident Ends Prison Term.txt","/content/drive/MyDrive/extracted_files/hwbush_89-92/Defiant Still, Chinese Dissident Ends Prison Term.txt",0.966480587209974,0.9555167431632677,7,24,31
Democracy Backers In Hong Kong Win Election Landslide.txt,/content/drive/MyDrive/extracted_files/hwbush_89-92/Democracy Backers In Hong Kong Win Election Landslide.txt,0.9367167824193051,0.9507168206301603,19,11,30
"Democracy_ In China, Write Morality.txt","/content/drive/MyDrive/extracted_files/hwbush_89-92/Democracy_ In China, Write Morality.txt",0.9309965670108795,0.9427720952033997,10,25,35
Democratic Leaders Divided on China Trade.txt,/content/drive/MyDrive/extracted_files/hwbush_89-92/Democratic Leaders Divided on China Trade.txt,0.9660172462463379,0.9394671201705933,4,15,19
DENG CITES A NEED TO REPAIR U.S. TIES.txt,/content/drive/MyDrive/extracted_files/hwbush_89-92/DENG CITES A NEED TO REPAIR U.S. TIES.txt,0.9658644556999206,0.9546444974839687,15,16,31
Deng Reappears to Cast Vote in Beijing.txt,/content/drive/MyDrive/extracted_files/hwbush_89-92/Deng Reappears to Cast Vote in Beijing.txt,0.9352831780910492,0.9606791590822155,10,29,39
Deng Warns Against Own Senility.txt,/content/drive/MyDrive/extracted_files/hwbush_89-92/Deng Warns Against Own Senility.txt,0.9082558836255755,0.95041709807184,7,18,25
"Deng, After Absence, Is Reported in Public.txt","/content/drive/MyDrive/extracted_files/hwbush_89-92/Deng, After Absence, Is Reported in Public.txt",0.9754606088002523,0.9705049594243368,6,6,12
"Deng, Looking Fit, Sees a Japanese Politician.txt","/content/drive/MyDrive/extracted_files/hwbush_89-92/Deng, Looking Fit, Sees a Japanese Politician.txt",0.9597679922978083,0.9936974942684174,12,4,16
"Despite Rights Issue, Chinese Hope U.S. Trade Status Stays.txt","/content/drive/MyDrive/extracted_files/hwbush_89-92/Despite Rights Issue, Chinese Hope U.S. Trade Status Stays.txt",0.9346681654453277,0.9575648069381714,10,25,35
"Did Women, or Politics, Put A Chinese Democrat in Jail_.txt","/content/drive/MyDrive/extracted_files/hwbush_89-92/Did Women, or Politics, Put A Chinese Democrat in Jail_.txt",0.9904249509175619,0.9323296860644692,6,19,25
Diplomats Report China_s Premier Will Visit Soviet Union in April.txt,/content/drive/MyDrive/extracted_files/hwbush_89-92/Diplomats Report China_s Premier Will Visit Soviet Union in April.txt,0.9747749418020248,0.8967064678668976,4,10,14
Dissident Chinese Gather in the West.txt,/content/drive/MyDrive/extracted_files/hwbush_89-92/Dissident Chinese Gather in the West.txt,0.9607708046310827,0.9306260082456801,19,18,37
Dissidents in China Are Reported Arrested.txt,/content/drive/MyDrive/extracted_files/hwbush_89-92/Dissidents in China Are Reported Arrested.txt,0.9827439188957214,0.9768814444541931,1,7,8
Draft Law for Chinese Rule Stirs Protest in Hong Kong.txt,/content/drive/MyDrive/extracted_files/hwbush_89-92/Draft Law for Chinese Rule Stirs Protest in Hong Kong.txt,0.938812411748446,0.9786819971126058,26,23,49
Dungeon Is Fate for a Chinese Who Tilted Inside the System.txt,/content/drive/MyDrive/extracted_files/hwbush_89-92/Dungeon Is Fate for a Chinese Who Tilted Inside the System.txt,0.9558602408929304,0.9848475575447082,11,15,26
DYNASTY DEFIED_China_s Leaders Hear the Roar of the Crowd.txt,/content/drive/MyDrive/extracted_files/hwbush_89-92/DYNASTY DEFIED_China_s Leaders Hear the Roar of the Crowd.txt,0.968887564383055,0.9614026813671507,19,29,48
Economic Penalties Are Placed on China By Italy and Belgium.txt,/content/drive/MyDrive/extracted_files/hwbush_89-92/Economic Penalties Are Placed on China By Italy and Belgium.txt,0.8694342970848083,0.9954100979699029,1,9,10
Economic Progress in China Has a Seedy Side.txt,/content/drive/MyDrive/extracted_files/hwbush_89-92/Economic Progress in China Has a Seedy Side.txt,0.9452585399150848,0.9558907009306408,10,21,31
Economic Scene_Turbulent Days For Communism.txt,/content/drive/MyDrive/extracted_files/hwbush_89-92/Economic Scene_Turbulent Days For Communism.txt,0.9775631725788116,0.9768573952757794,6,23,29
Economy Is a Pawn In China_s Power Game.txt,/content/drive/MyDrive/extracted_files/hwbush_89-92/Economy Is a Pawn In China_s Power Game.txt,0.8998805965696063,0.9807753307478768,21,21,42
EDUCATION_ABOUT EDUCATION.txt,/content/drive/MyDrive/extracted_files/hwbush_89-92/EDUCATION_ABOUT EDUCATION.txt,0.9925462365150451,0.9553453709397998,15,14,29
EDUCATION_Capitalism Course May Be Canceled.txt,/content/drive/MyDrive/extracted_files/hwbush_89-92/EDUCATION_Capitalism Course May Be Canceled.txt,0.9696718624659947,0.9796382162881934,7,23,30
EDUCATION_Remodeling Plan for China_s Colleges Is Pressed.txt,/content/drive/MyDrive/extracted_files/hwbush_89-92/EDUCATION_Remodeling Plan for China_s Colleges Is Pressed.txt,0.9326234374727521,0.9671864076094194,14,11,25
EDUCATION_Scholar Exchanges Jolted by Tremors in Beijing.txt,/content/drive/MyDrive/extracted_files/hwbush_89-92/EDUCATION_Scholar Exchanges Jolted by Tremors in Beijing.txt,0.9557015664047666,0.9406443199803752,18,31,49
EDUCATION_Scholars Creating Archives of China Unrest.txt,/content/drive/MyDrive/extracted_files/hwbush_89-92/EDUCATION_Scholars Creating Archives of China Unrest.txt,0.9348177234331767,0.9410309791564941,15,12,27
Empire of the Day and Night Creams.txt,/content/drive/MyDrive/extracted_files/hwbush_89-92/Empire of the Day and Night Creams.txt,0.9612799233623913,0.9617613623308581,56,43,99
End Paper_ Letters from China_They Misjudged The Dragon.txt,/content/drive/MyDrive/extracted_files/hwbush_89-92/End Paper_ Letters from China_They Misjudged The Dragon.txt,0.9681945898953606,0.9639926426338427,17,33,50
Escape From Tiananmen Square_ A Chinese Odyssey.txt,/content/drive/MyDrive/extracted_files/hwbush_89-92/Escape From Tiananmen Square_ A Chinese Odyssey.txt,0.9460634346147185,0.9698109090661203,103,179,282
"EVOLUTION IN EUROPE_Bush Accepts Japanese Aid to China, With Limits.txt","/content/drive/MyDrive/extracted_files/hwbush_89-92/EVOLUTION IN EUROPE_Bush Accepts Japanese Aid to China, With Limits.txt",0.9174734694617135,0.9491723716259003,14,20,34
Evolution in Europe_Chinese Prime Minister Is in Moscow for Talks.txt,/content/drive/MyDrive/extracted_files/hwbush_89-92/Evolution in Europe_Chinese Prime Minister Is in Moscow for Talks.txt,0.9264079481363297,0.9977237582206726,4,1,5
EVOLUTION IN EUROPE_Hundreds Rally in Mongolia As Their Leader Tours China.txt,/content/drive/MyDrive/extracted_files/hwbush_89-92/EVOLUTION IN EUROPE_Hundreds Rally in Mongolia As Their Leader Tours China.txt,0.9971231818199158,0.9357713758945465,1,2,3
EVOLUTION IN EUROPE_Poll Finds Americans Give Soviets Priority Over the Chinese on Trade.txt,/content/drive/MyDrive/extracted_files/hwbush_89-92/EVOLUTION IN EUROPE_Poll Finds Americans Give Soviets Priority Over the Chinese on Trade.txt,0.9574897170066834,0.9565720454506252,5,23,28
Ex-Im Bank Resumes Aid to China.txt,/content/drive/MyDrive/extracted_files/hwbush_89-92/Ex-Im Bank Resumes Aid to China.txt,0.9199651154604825,0.9202550301949183,11,12,23
Exiles Urge Trade Sanctions Against Beijing.txt,/content/drive/MyDrive/extracted_files/hwbush_89-92/Exiles Urge Trade Sanctions Against Beijing.txt,0.974186110496521,0.8229758640130361,5,6,11
Exiting Cabinet Member Leading China Trip.txt,/content/drive/MyDrive/extracted_files/hwbush_89-92/Exiting Cabinet Member Leading China Trip.txt,0.9259293178717295,0.966899037361145,12,16,28
EXPLOSION IN CHINA SHAKES HONG KONG.txt,/content/drive/MyDrive/extracted_files/hwbush_89-92/EXPLOSION IN CHINA SHAKES HONG KONG.txt,0.7244853178660074,0.972582995891571,3,8,11
Fear of Chaos Grows as China_s Leaders Age.txt,/content/drive/MyDrive/extracted_files/hwbush_89-92/Fear of Chaos Grows as China_s Leaders Age.txt,0.9500669836997986,0.9494335412979126,8,20,28
Feudal China_s Evil Revived_ Wives for Sale.txt,/content/drive/MyDrive/extracted_files/hwbush_89-92/Feudal China_s Evil Revived_ Wives for Sale.txt,0.8091495699352689,0.9645171076059341,9,20,29
Few in Hong Kong Ask to Be British.txt,/content/drive/MyDrive/extracted_files/hwbush_89-92/Few in Hong Kong Ask to Be British.txt,0.9454145431518555,0.9914173510941592,10,22,32
Field Biologist With Daunting Mission_ Saving a Corner of the World.txt,/content/drive/MyDrive/extracted_files/hwbush_89-92/Field Biologist With Daunting Mission_ Saving a Corner of the World.txt,0.9822311980856789,0.9323164224624634,36,21,57
Fighting in Panama_ Beijing_China Calls U.S. Strike in Panama A Violation of International Law.txt,/content/drive/MyDrive/extracted_files/hwbush_89-92/Fighting in Panama_ Beijing_China Calls U.S. Strike in Panama A Violation of International Law.txt,0.9806472659111023,0.9728586395581563,7,15,22
"FILM VIEW_What_s Adultery_ A Little Sex, A Lot of Politics.txt","/content/drive/MyDrive/extracted_files/hwbush_89-92/FILM VIEW_What_s Adultery_ A Little Sex, A Lot of Politics.txt",0.9554776748021444,0.9059382729670581,42,34,76
FILM_An Old Eli Performs As Kung Fu Star in China.txt,/content/drive/MyDrive/extracted_files/hwbush_89-92/FILM_An Old Eli Performs As Kung Fu Star in China.txt,0.9548624347556721,0.9648789621534801,44,42,86
FILM_Back to China Laden With New Ideas.txt,/content/drive/MyDrive/extracted_files/hwbush_89-92/FILM_Back to China Laden With New Ideas.txt,0.9630776105857477,0.9843354225158691,41,44,85
FILM_China_s Shadow Falls Across Hong Kong_s Films.txt,/content/drive/MyDrive/extracted_files/hwbush_89-92/FILM_China_s Shadow Falls Across Hong Kong_s Films.txt,0.9676713256732278,0.975054131104396,46,65,111
FILM_Grappling With Modern China.txt,/content/drive/MyDrive/extracted_files/hwbush_89-92/FILM_Grappling With Modern China.txt,0.9690363912871389,0.9318533451468857,33,27,60
FINANCE_NEW ISSUES_Unrest Blocks China Offer Of Fixed-Rate Debt in Japan.txt,/content/drive/MyDrive/extracted_files/hwbush_89-92/FINANCE_NEW ISSUES_Unrest Blocks China Offer Of Fixed-Rate Debt in Japan.txt,0.9994811415672302,0.9923357665538788,2,10,12
FINANCE_NEW ISSUE_Chinese Seeking to Avoid Reduction of Debt Rating.txt,/content/drive/MyDrive/extracted_files/hwbush_89-92/FINANCE_NEW ISSUE_Chinese Seeking to Avoid Reduction of Debt Rating.txt,0.991096019744873,0.9891942838827769,1,6,7
"Flood Toll in China Nears 1,000.txt","/content/drive/MyDrive/extracted_files/hwbush_89-92/Flood Toll in China Nears 1,000.txt",0.612932562828064,0.9804752833313413,1,18,19
Flushing_ Where The World Twice Met and Newcomers Dwell.txt,/content/drive/MyDrive/extracted_files/hwbush_89-92/Flushing_ Where The World Twice Met and Newcomers Dwell.txt,0.9465152716383021,0.9050488211214542,94,32,126
Folk Remedy Demand May Wipe Out Tigers.txt,/content/drive/MyDrive/extracted_files/hwbush_89-92/Folk Remedy Demand May Wipe Out Tigers.txt,0.9143565893173218,0.9492272668414645,4,18,22
"For China_s Entrepreneurs, a Mood of Uncertainty.txt","/content/drive/MyDrive/extracted_files/hwbush_89-92/For China_s Entrepreneurs, a Mood of Uncertainty.txt",0.9445816529424567,0.9620317438753639,19,41,60
"FOR HER PAINS, SHE WAS CALLED OLD SHAMEFUL.txt","/content/drive/MyDrive/extracted_files/hwbush_89-92/FOR HER PAINS, SHE WAS CALLED OLD SHAMEFUL.txt",0.9506311460777566,0.9665754664511907,27,21,48
"For Khmer Rouge, There_s Gold in the Ruby Mines.txt","/content/drive/MyDrive/extracted_files/hwbush_89-92/For Khmer Rouge, There_s Gold in the Ruby Mines.txt",0.8727936943372091,0.9612027406692505,6,14,20
"For New Year, Fish, Hong kong Style.txt","/content/drive/MyDrive/extracted_files/hwbush_89-92/For New Year, Fish, Hong kong Style.txt",0.9326826851322966,0.9257966524934116,53,73,126
"For Taiwan, New Access to Western Arms.txt","/content/drive/MyDrive/extracted_files/hwbush_89-92/For Taiwan, New Access to Western Arms.txt",0.8924041655328538,0.9890588136280284,9,17,26
Foreign Passports Tell of a Desperate Hong Kong.txt,/content/drive/MyDrive/extracted_files/hwbush_89-92/Foreign Passports Tell of a Desperate Hong Kong.txt,0.9641319910685221,0.9547031419030552,18,29,47
FOREIGN REPORTERS COMPLAIN TO CHINA.txt,/content/drive/MyDrive/extracted_files/hwbush_89-92/FOREIGN REPORTERS COMPLAIN TO CHINA.txt,,0.986412797655378,0,14,14
Former Chinese Party Chief Reportedly Has Heart Attack.txt,/content/drive/MyDrive/extracted_files/hwbush_89-92/Former Chinese Party Chief Reportedly Has Heart Attack.txt,,0.9818069934844971,0,5,5
Free-Market _Dragon_ Gains In the Fight for China_s Soul.txt,/content/drive/MyDrive/extracted_files/hwbush_89-92/Free-Market _Dragon_ Gains In the Fight for China_s Soul.txt,0.9621727701389429,0.9626155197620392,33,36,69
"From China_s Provinces, Rare Voice of Dissent.txt","/content/drive/MyDrive/extracted_files/hwbush_89-92/From China_s Provinces, Rare Voice of Dissent.txt",0.9450402408838272,0.9420520873630748,4,17,21
From the Stone Age to Tiananmen Square.txt,/content/drive/MyDrive/extracted_files/hwbush_89-92/From the Stone Age to Tiananmen Square.txt,0.9597829706741102,0.9302561248050016,33,17,50
Frustrated Chinese Look to U.S. as a Haven.txt,/content/drive/MyDrive/extracted_files/hwbush_89-92/Frustrated Chinese Look to U.S. as a Haven.txt,0.9086225737224926,0.9472538307309151,11,16,27
Furor Erupts Over Hong Kong Plan.txt,/content/drive/MyDrive/extracted_files/hwbush_89-92/Furor Erupts Over Hong Kong Plan.txt,0.9733932018280029,0.9462152043978374,7,15,22
FUTURES_OPTIONS_Cotton Prices Soar on Cut In Estimate of Chinese Crop.txt,/content/drive/MyDrive/extracted_files/hwbush_89-92/FUTURES_OPTIONS_Cotton Prices Soar on Cut In Estimate of Chinese Crop.txt,,0.986114827486185,0,13,13
FUTURES_OPTIONS_Cotton Surges on Reports Of Export Curb by Pakistan.txt,/content/drive/MyDrive/extracted_files/hwbush_89-92/FUTURES_OPTIONS_Cotton Surges on Reports Of Export Curb by Pakistan.txt,0.8645903170108795,0.9196331351995468,2,12,14
Gains Toward Cambodia Settlement Are Seen.txt,/content/drive/MyDrive/extracted_files/hwbush_89-92/Gains Toward Cambodia Settlement Are Seen.txt,0.9497192203998566,0.898868237222944,12,14,26
"GALLERY VIEW_A Painting Prodigy, but Still a Child.txt","/content/drive/MyDrive/extracted_files/hwbush_89-92/GALLERY VIEW_A Painting Prodigy, but Still a Child.txt",0.9811581319837428,0.9530283725923963,67,36,103
Games Offering China a Chance To Polish Image.txt,/content/drive/MyDrive/extracted_files/hwbush_89-92/Games Offering China a Chance To Polish Image.txt,0.9679762413424831,0.9680632375753843,31,26,57
GATT Weighs China_s Entry.txt,/content/drive/MyDrive/extracted_files/hwbush_89-92/GATT Weighs China_s Entry.txt,0.8978025317192078,0.836731207370758,1,5,6
Genghis Khan Ruled First.txt,/content/drive/MyDrive/extracted_files/hwbush_89-92/Genghis Khan Ruled First.txt,0.9186201095581055,0.9362832903862,10,3,13
Getting Out of China Harder Than Going In.txt,/content/drive/MyDrive/extracted_files/hwbush_89-92/Getting Out of China Harder Than Going In.txt,0.9360259105177486,0.981695204121726,17,35,52
Getty Trust And Chinese.txt,/content/drive/MyDrive/extracted_files/hwbush_89-92/Getty Trust And Chinese.txt,0.9207780673390343,0.9688731034596761,21,9,30
Giving the Official Spin_ 6 Scenes on Chinese TV.txt,/content/drive/MyDrive/extracted_files/hwbush_89-92/Giving the Official Spin_ 6 Scenes on Chinese TV.txt,0.9360830889028662,0.9629049352237157,17,35,52
GLOBAL DEALS_ THE FAUX PAS FACTOR.txt,/content/drive/MyDrive/extracted_files/hwbush_89-92/GLOBAL DEALS_ THE FAUX PAS FACTOR.txt,0.944674687726157,0.9551475916771178,98,94,192
Going Above and Beyond the Call.txt,/content/drive/MyDrive/extracted_files/hwbush_89-92/Going Above and Beyond the Call.txt,0.9758946195244789,0.8943392742763866,40,22,62
GORBACHEV ENDS CHINA AMITY TALKS.txt,/content/drive/MyDrive/extracted_files/hwbush_89-92/GORBACHEV ENDS CHINA AMITY TALKS.txt,0.9132396429777145,0.9575941887768832,12,11,23
Governmental Candor Now Shortwave Staple.txt,/content/drive/MyDrive/extracted_files/hwbush_89-92/Governmental Candor Now Shortwave Staple.txt,0.9095025828906468,0.9458505064249039,21,20,41
GRUMBLING GROWS IN CHINA_S MILITARY.txt,/content/drive/MyDrive/extracted_files/hwbush_89-92/GRUMBLING GROWS IN CHINA_S MILITARY.txt,0.9052223232057359,0.9448383165442426,9,23,32
Guidepost_Fireworks and Soy Sauce.txt,/content/drive/MyDrive/extracted_files/hwbush_89-92/Guidepost_Fireworks and Soy Sauce.txt,0.9866748690605164,0.963072250286738,5,6,11
Gulag Comes to Haunt Chinese Area.txt,/content/drive/MyDrive/extracted_files/hwbush_89-92/Gulag Comes to Haunt Chinese Area.txt,0.9672105193138123,0.9826441121101379,5,25,30
Gulf Crisis Stirs Concern on Asian Games_ Fate.txt,/content/drive/MyDrive/extracted_files/hwbush_89-92/Gulf Crisis Stirs Concern on Asian Games_ Fate.txt,0.9566114942232767,0.9772511860903572,9,17,26
Hanoi Leaders to Visit China as Ties Revive.txt,/content/drive/MyDrive/extracted_files/hwbush_89-92/Hanoi Leaders to Visit China as Ties Revive.txt,0.9597150768552508,0.8921508491039276,7,8,15
Hard Line in Beijing Fails to Kill Boom.txt,/content/drive/MyDrive/extracted_files/hwbush_89-92/Hard Line in Beijing Fails to Kill Boom.txt,0.9607618736724058,0.945988107919693,48,50,98
Headliners_Adding to the Mix.txt,/content/drive/MyDrive/extracted_files/hwbush_89-92/Headliners_Adding to the Mix.txt,0.9942963123321533,0.998327910900116,7,1,8
Headliners_Chinas Syndrome.txt,/content/drive/MyDrive/extracted_files/hwbush_89-92/Headliners_Chinas Syndrome.txt,0.9655759185552597,0.9572874903678894,4,1,5
HEADLINERS_Free and Clear.txt,/content/drive/MyDrive/extracted_files/hwbush_89-92/HEADLINERS_Free and Clear.txt,0.9780063927173615,0.9889511913061142,2,4,6
HEADLINERS_Out of China.txt,/content/drive/MyDrive/extracted_files/hwbush_89-92/HEADLINERS_Out of China.txt,0.8683139532804489,0.9872913360595703,4,4,8
"HEALTH_ Medicine Abroad_In China, Billions of Bad Teeth but Just a Few Orthodontists.txt","/content/drive/MyDrive/extracted_files/hwbush_89-92/HEALTH_ Medicine Abroad_In China, Billions of Bad Teeth but Just a Few Orthodontists.txt",0.9220730304718018,0.9713094433148702,15,24,39
HEARINGS OPENED ON KOREA M.I.A._S.txt,/content/drive/MyDrive/extracted_files/hwbush_89-92/HEARINGS OPENED ON KOREA M.I.A._S.txt,0.9121524691581726,0.947010322411855,7,15,22
Heirs to Mao See Markets Trickle Down.txt,/content/drive/MyDrive/extracted_files/hwbush_89-92/Heirs to Mao See Markets Trickle Down.txt,0.927160382270813,0.9558772935586817,13,17,30
Hijacking Prompts Beijing Shake-Up.txt,/content/drive/MyDrive/extracted_files/hwbush_89-92/Hijacking Prompts Beijing Shake-Up.txt,0.95583575963974,0.9842679238319397,3,25,28
Hong Kong After 1997_ Blueprint for Rule Expected in March.txt,/content/drive/MyDrive/extracted_files/hwbush_89-92/Hong Kong After 1997_ Blueprint for Rule Expected in March.txt,0.980708251396815,0.9618115544319152,6,25,31
Hong Kong And China Get Closer.txt,/content/drive/MyDrive/extracted_files/hwbush_89-92/Hong Kong And China Get Closer.txt,0.9912016034126282,0.8805066777600182,20,18,38
HONG KONG BUOYED BY AIRPORT ACCORD.txt,/content/drive/MyDrive/extracted_files/hwbush_89-92/HONG KONG BUOYED BY AIRPORT ACCORD.txt,0.9843308074133736,0.925789865580472,14,11,25
Hong Kong Calls China Talks Useful but Sees No Progress.txt,/content/drive/MyDrive/extracted_files/hwbush_89-92/Hong Kong Calls China Talks Useful but Sees No Progress.txt,0.9807673437254769,0.9668219884236654,7,15,22
Hong Kong Empire_s _Junk_ Tactic.txt,/content/drive/MyDrive/extracted_files/hwbush_89-92/Hong Kong Empire_s _Junk_ Tactic.txt,0.9664211803012424,0.9829824658540579,36,26,62
HONG KONG FEELS RANCOR OF CHINA.txt,/content/drive/MyDrive/extracted_files/hwbush_89-92/HONG KONG FEELS RANCOR OF CHINA.txt,0.9835218787193298,0.9892804205417634,2,10,12
Hong Kong Gets Wider Voting Rights in _97.txt,/content/drive/MyDrive/extracted_files/hwbush_89-92/Hong Kong Gets Wider Voting Rights in _97.txt,0.9858071208000183,0.8636574149131775,4,4,8
Hong Kong Journal_A Plea to the Motherland_ Listen to Your Heart.txt,/content/drive/MyDrive/extracted_files/hwbush_89-92/Hong Kong Journal_A Plea to the Motherland_ Listen to Your Heart.txt,0.9345267526805401,0.9768860992931184,16,21,37
Hong Kong Journal_Colony_s Cold Shoulder for Democracy_s Goddess.txt,/content/drive/MyDrive/extracted_files/hwbush_89-92/Hong Kong Journal_Colony_s Cold Shoulder for Democracy_s Goddess.txt,0.9758780101935068,0.983372757434845,6,25,31
"Hong Kong Journal_For Gentry_s Old Home, an Outstanding New Face.txt","/content/drive/MyDrive/extracted_files/hwbush_89-92/Hong Kong Journal_For Gentry_s Old Home, an Outstanding New Face.txt",0.9786715724251487,0.9559773504734039,22,16,38
Hong Kong Journal_Frantic for Deliverance From China_s Clutches.txt,/content/drive/MyDrive/extracted_files/hwbush_89-92/Hong Kong Journal_Frantic for Deliverance From China_s Clutches.txt,0.955922265847524,0.951751908659935,12,20,32
"Hong Kong Journal_Out Go the Stolen Cars, On a Fast Boat to China.txt","/content/drive/MyDrive/extracted_files/hwbush_89-92/Hong Kong Journal_Out Go the Stolen Cars, On a Fast Boat to China.txt",0.969081828991572,0.9627184867858887,6,32,38
Hong Kong Money Shifts.txt,/content/drive/MyDrive/extracted_files/hwbush_89-92/Hong Kong Money Shifts.txt,0.9621190428733826,0.8919182538986206,2,5,7
HONG KONG OPINION AGAINST REFUGEES.txt,/content/drive/MyDrive/extracted_files/hwbush_89-92/HONG KONG OPINION AGAINST REFUGEES.txt,0.9793556928634644,0.9471290138634768,8,22,30
Hong Kong Risks China_s Anger in Giving Airport Go-Ahead.txt,/content/drive/MyDrive/extracted_files/hwbush_89-92/Hong Kong Risks China_s Anger in Giving Airport Go-Ahead.txt,0.9709159970283509,0.9878473144311172,5,13,18
Hong Kong Stocks Surge.txt,/content/drive/MyDrive/extracted_files/hwbush_89-92/Hong Kong Stocks Surge.txt,0.9924279749393463,0.9851890887532916,2,7,9
Hong Kong Symbol Looks Away.txt,/content/drive/MyDrive/extracted_files/hwbush_89-92/Hong Kong Symbol Looks Away.txt,0.9709287562540599,0.969996143471111,28,33,61
"Hong Kong Tastes Democracy, and China Chokes.txt","/content/drive/MyDrive/extracted_files/hwbush_89-92/Hong Kong Tastes Democracy, and China Chokes.txt",0.9919885496298472,0.964814046333576,12,29,41
Hong Kong_s _Hostage_ in China Won_t Give In.txt,/content/drive/MyDrive/extracted_files/hwbush_89-92/Hong Kong_s _Hostage_ in China Won_t Give In.txt,0.9954316445759365,0.9557907481988271,7,24,31
HOUSTON JOURNAL_Wedding Binds Students But Separates Families.txt,/content/drive/MyDrive/extracted_files/hwbush_89-92/HOUSTON JOURNAL_Wedding Binds Students But Separates Families.txt,0.9491977353353758,0.9432534885406494,37,25,62
How Taiwan Wins Friends and Miffs Beijing.txt,/content/drive/MyDrive/extracted_files/hwbush_89-92/How Taiwan Wins Friends and Miffs Beijing.txt,0.9706043340265751,0.9733427933284214,16,14,30
Huge Study Of Diet Indicts Fat And Meat.txt,/content/drive/MyDrive/extracted_files/hwbush_89-92/Huge Study Of Diet Indicts Fat And Meat.txt,0.9346694166843708,0.9337387540123679,26,55,81
HUMAN RIGHTS IN CHINA_ A JOURNEY OF CONSCIENCE.txt,/content/drive/MyDrive/extracted_files/hwbush_89-92/HUMAN RIGHTS IN CHINA_ A JOURNEY OF CONSCIENCE.txt,0.9445861063591422,0.9665663070928038,73,153,226
Hyundai Plans China Venture.txt,/content/drive/MyDrive/extracted_files/hwbush_89-92/Hyundai Plans China Venture.txt,0.8745117783546448,0.7499488194783529,4,3,7
ICN Sets Venture in China.txt,/content/drive/MyDrive/extracted_files/hwbush_89-92/ICN Sets Venture in China.txt,0.7303207218647003,0.8655451536178589,2,8,10
"IDEAS & TRENDS_A Debate About The Inevitability, And the Fragility, Of Democracy.txt","/content/drive/MyDrive/extracted_files/hwbush_89-92/IDEAS & TRENDS_A Debate About The Inevitability, And the Fragility, Of Democracy.txt",0.9468530802165761,0.9551250111489069,17,21,38
Immigrants From China Pay Dearly To Be Slaves.txt,/content/drive/MyDrive/extracted_files/hwbush_89-92/Immigrants From China Pay Dearly To Be Slaves.txt,0.9420781334241232,0.9621034171432257,15,32,47
"In a Shift, Beijing Shrugs at Fang_s Criticism.txt","/content/drive/MyDrive/extracted_files/hwbush_89-92/In a Shift, Beijing Shrugs at Fang_s Criticism.txt",0.9853899478912354,0.9442084857395717,1,7,8
"In Beijing, a Bold New Proposal_ End State Ownership of Industry.txt","/content/drive/MyDrive/extracted_files/hwbush_89-92/In Beijing, a Bold New Proposal_ End State Ownership of Industry.txt",0.8981631084492332,0.9558286476135254,19,25,44
"In Beijing, Wishful Whispers That Li Will Fall.txt","/content/drive/MyDrive/extracted_files/hwbush_89-92/In Beijing, Wishful Whispers That Li Will Fall.txt",0.9826461332184928,0.947596142689387,7,18,25
"In Canton, Investors See Hong Kong After 1997.txt","/content/drive/MyDrive/extracted_files/hwbush_89-92/In Canton, Investors See Hong Kong After 1997.txt",0.974508062005043,0.9856492739457351,8,13,21
"In China, a Disdain for Taiwan Turns to Envy.txt","/content/drive/MyDrive/extracted_files/hwbush_89-92/In China, a Disdain for Taiwan Turns to Envy.txt",0.9460555956913874,0.9436897883812586,39,12,51
"In China, Capitalism Inches On.txt","/content/drive/MyDrive/extracted_files/hwbush_89-92/In China, Capitalism Inches On.txt",0.9556819796562195,0.9272910800091055,14,43,57
"In China, Democracy Makes Yet Another Big Comeback.txt","/content/drive/MyDrive/extracted_files/hwbush_89-92/In China, Democracy Makes Yet Another Big Comeback.txt",0.9231597483158112,0.96708123530111,12,31,43
"In China, Protest Proves Easier Than Organization.txt","/content/drive/MyDrive/extracted_files/hwbush_89-92/In China, Protest Proves Easier Than Organization.txt",0.9794007651507854,0.975442354325895,16,27,43
"In Corner of Tibet, Chinese Now Predominate.txt","/content/drive/MyDrive/extracted_files/hwbush_89-92/In Corner of Tibet, Chinese Now Predominate.txt",0.9140420720495027,0.942135214805603,29,47,76
"In Hong Kong, a Deepening Sense of Despair and Betrayal.txt","/content/drive/MyDrive/extracted_files/hwbush_89-92/In Hong Kong, a Deepening Sense of Despair and Betrayal.txt",0.8910036153263516,0.9738040169080099,9,15,24
"In Hong Kong, a New Confidence.txt","/content/drive/MyDrive/extracted_files/hwbush_89-92/In Hong Kong, a New Confidence.txt",0.9657116478139703,0.9656011873278124,33,29,62
IN SHORT_ NONFICTION.txt,/content/drive/MyDrive/extracted_files/hwbush_89-92/IN SHORT_ NONFICTION.txt,0.985981710255146,0.9211753606796265,8,6,14
"India Is Reportedly Ready to Test Missile With Range of 1,500 Miles.txt","/content/drive/MyDrive/extracted_files/hwbush_89-92/India Is Reportedly Ready to Test Missile With Range of 1,500 Miles.txt",0.9262518957257271,0.9153936405976614,16,18,34
Industrial Countries to Aid Poorer Nations on Ozone.txt,/content/drive/MyDrive/extracted_files/hwbush_89-92/Industrial Countries to Aid Poorer Nations on Ozone.txt,0.9379058927297592,0.9535181559622288,4,16,20
INFERNO IN CHINA_ FINALLY THE RAINS CAME.txt,/content/drive/MyDrive/extracted_files/hwbush_89-92/INFERNO IN CHINA_ FINALLY THE RAINS CAME.txt,0.9475787043571472,0.9500248836619514,20,28,48
International Bankers Told of Soviet Reforms.txt,/content/drive/MyDrive/extracted_files/hwbush_89-92/International Bankers Told of Soviet Reforms.txt,0.898187552179609,0.9725465059280396,14,10,24
INTERNATIONAL REPORT_Airport Project Shows Hong Kong_s Unease.txt,/content/drive/MyDrive/extracted_files/hwbush_89-92/INTERNATIONAL REPORT_Airport Project Shows Hong Kong_s Unease.txt,0.958931585152944,0.9640830978751183,15,32,47
INTERNATIONAL REPORT_China Feels The Cuts in Its Economy.txt,/content/drive/MyDrive/extracted_files/hwbush_89-92/INTERNATIONAL REPORT_China Feels The Cuts in Its Economy.txt,0.9497072800346043,0.9718364874521891,23,33,56
INTERNATIONAL REPORT_China Opens Grain Market.txt,/content/drive/MyDrive/extracted_files/hwbush_89-92/INTERNATIONAL REPORT_China Opens Grain Market.txt,0.8056475122769674,0.9959876775741577,3,5,8
INTERNATIONAL REPORT_China Problems That Slow Economy Are Reflected in Lag for Port Project.txt,/content/drive/MyDrive/extracted_files/hwbush_89-92/INTERNATIONAL REPORT_China Problems That Slow Economy Are Reflected in Lag for Port Project.txt,0.9712820649147034,0.9789158983363045,13,36,49
INTERNATIONAL REPORT_China-Soviet Venture Seen.txt,/content/drive/MyDrive/extracted_files/hwbush_89-92/INTERNATIONAL REPORT_China-Soviet Venture Seen.txt,0.9736441274483999,0.8860103011131286,6,5,11
INTERNATIONAL REPORT_China_s Imports Jump.txt,/content/drive/MyDrive/extracted_files/hwbush_89-92/INTERNATIONAL REPORT_China_s Imports Jump.txt,0.9926369190216064,0.7668943405151367,1,2,3
INTERNATIONAL REPORT_Consumer Demand Drops in China.txt,/content/drive/MyDrive/extracted_files/hwbush_89-92/INTERNATIONAL REPORT_Consumer Demand Drops in China.txt,0.9648691341280937,0.9609766891508391,8,33,41
INTERNATIONAL REPORT_Developers in China Hit Hard Times.txt,/content/drive/MyDrive/extracted_files/hwbush_89-92/INTERNATIONAL REPORT_Developers in China Hit Hard Times.txt,0.9588565190633138,0.9843596265866206,15,26,41
INTERNATIONAL REPORT_Headaches in China for Investors.txt,/content/drive/MyDrive/extracted_files/hwbush_89-92/INTERNATIONAL REPORT_Headaches in China for Investors.txt,0.9405575054032462,0.9774656154607472,14,38,52
INTERNATIONAL REPORT_Hong Kong Builds for the Future_ Big Airport Project Is Under Way.txt,/content/drive/MyDrive/extracted_files/hwbush_89-92/INTERNATIONAL REPORT_Hong Kong Builds for the Future_ Big Airport Project Is Under Way.txt,0.9336207807064056,0.9736587405204773,14,21,35
INTERNATIONAL REPORT_Pessimism on Chinese Trade.txt,/content/drive/MyDrive/extracted_files/hwbush_89-92/INTERNATIONAL REPORT_Pessimism on Chinese Trade.txt,0.8474704878670829,0.974177385866642,7,40,47
INTERNATIONAL REPORT_Selling Planes to China_ High Stakes.txt,/content/drive/MyDrive/extracted_files/hwbush_89-92/INTERNATIONAL REPORT_Selling Planes to China_ High Stakes.txt,0.9604452507836478,0.9438135560069766,21,28,49
INTERNATIONAL REPORT_South Korea_s Hopes For China Trade Ebb.txt,/content/drive/MyDrive/extracted_files/hwbush_89-92/INTERNATIONAL REPORT_South Korea_s Hopes For China Trade Ebb.txt,0.9231238551437855,0.9541549338744237,16,26,42
INTERNATIONAL REPORT_State_s Share Of Businesses Falls in China.txt,/content/drive/MyDrive/extracted_files/hwbush_89-92/INTERNATIONAL REPORT_State_s Share Of Businesses Falls in China.txt,0.9500976023466691,0.9782883553277879,23,21,44
INTERNATIONAL REPORT_Still Uneasy After Beijing Turmoil.txt,/content/drive/MyDrive/extracted_files/hwbush_89-92/INTERNATIONAL REPORT_Still Uneasy After Beijing Turmoil.txt,0.9336399761113253,0.97033392681795,11,34,45
INTERNATIONAL REPORT_Stock Markets_ Role Grows in Chinese Economy.txt,/content/drive/MyDrive/extracted_files/hwbush_89-92/INTERNATIONAL REPORT_Stock Markets_ Role Grows in Chinese Economy.txt,0.9653108923331551,0.9740615458715529,23,42,65
Israeli Aide_s Trip Linked to China Ties.txt,/content/drive/MyDrive/extracted_files/hwbush_89-92/Israeli Aide_s Trip Linked to China Ties.txt,0.8843164592981339,0.8992913663387299,8,10,18
"It_s Year of the Monkey, and Good for Babies.txt","/content/drive/MyDrive/extracted_files/hwbush_89-92/It_s Year of the Monkey, and Good for Babies.txt",0.989509834183587,0.9511133208870888,9,16,25
"It_s _Henry_s Show,_ at Kissinger-Beijing Event.txt","/content/drive/MyDrive/extracted_files/hwbush_89-92/It_s _Henry_s Show,_ at Kissinger-Beijing Event.txt",0.976995297100233,0.9261660128831863,23,4,27
Jailed Chinese Dissidents Start Hunger Strike.txt,/content/drive/MyDrive/extracted_files/hwbush_89-92/Jailed Chinese Dissidents Start Hunger Strike.txt,0.8444134742021561,0.9741228289074368,4,18,22
"James Mitchell Stokes Jr.,a Trumpeter, Is Married to Laura Mae Chu in Ohio.txt","/content/drive/MyDrive/extracted_files/hwbush_89-92/James Mitchell Stokes Jr.,a Trumpeter, Is Married to Laura Mae Chu in Ohio.txt",0.986529141664505,,10,0,10
Japan and the War_ Debate on Censors Is Renewed.txt,/content/drive/MyDrive/extracted_files/hwbush_89-92/Japan and the War_ Debate on Censors Is Renewed.txt,0.9090854600071907,0.9714143244843734,8,19,27
Japan Banks in China Loan.txt,/content/drive/MyDrive/extracted_files/hwbush_89-92/Japan Banks in China Loan.txt,0.9930462837219238,0.9484856873750687,2,4,6
Japan Defends a Deportation.txt,/content/drive/MyDrive/extracted_files/hwbush_89-92/Japan Defends a Deportation.txt,0.9823495298624039,0.9755496780077616,4,9,13
Japan Deports Chinese but Others Are Hopeful.txt,/content/drive/MyDrive/extracted_files/hwbush_89-92/Japan Deports Chinese but Others Are Hopeful.txt,0.9107038527727127,0.969947526329442,8,19,27
Japan Loans To China.txt,/content/drive/MyDrive/extracted_files/hwbush_89-92/Japan Loans To China.txt,0.8486905813217163,0.8920734723409017,5,3,8
Japan Seen Easing on China.txt,/content/drive/MyDrive/extracted_files/hwbush_89-92/Japan Seen Easing on China.txt,0.7764827211697897,0.9640074173609415,3,6,9
JAPAN STILL WARY OF LOANS TO CHINA.txt,/content/drive/MyDrive/extracted_files/hwbush_89-92/JAPAN STILL WARY OF LOANS TO CHINA.txt,0.9492809176445007,0.9797733776709613,8,17,25
Japan Turns Away Chinese Dissidents_ Radio Ship.txt,/content/drive/MyDrive/extracted_files/hwbush_89-92/Japan Turns Away Chinese Dissidents_ Radio Ship.txt,0.7106630802154541,0.9880111482408311,1,9,10
Japanese Edgy Over Emperor_s Visit to China.txt,/content/drive/MyDrive/extracted_files/hwbush_89-92/Japanese Edgy Over Emperor_s Visit to China.txt,0.9126489609479904,0.9390856121715746,8,19,27
Japanese Say Their Country Has Sold Its Soul.txt,/content/drive/MyDrive/extracted_files/hwbush_89-92/Japanese Say Their Country Has Sold Its Soul.txt,0.9788166117668152,0.9613693468272686,25,16,41
Japan_s Emperor Tells China Only of His _Sadness_ on War.txt,/content/drive/MyDrive/extracted_files/hwbush_89-92/Japan_s Emperor Tells China Only of His _Sadness_ on War.txt,0.9429510712623597,0.9180250410680417,25,27,52
JIANG_S WARNING_ _NO FORGIVENESS_.txt,/content/drive/MyDrive/extracted_files/hwbush_89-92/JIANG_S WARNING_ _NO FORGIVENESS_.txt,0.8187044858932495,0.9332501075484536,2,11,13
Job Is Difficult But Pays Well In Hong Kong.txt,/content/drive/MyDrive/extracted_files/hwbush_89-92/Job Is Difficult But Pays Well In Hong Kong.txt,0.994620809952418,0.9480602145195007,18,13,31
Joffrey Cancels China Trip.txt,/content/drive/MyDrive/extracted_files/hwbush_89-92/Joffrey Cancels China Trip.txt,0.995113730430603,0.995722234249115,2,2,4
Journey to Isolation.txt,/content/drive/MyDrive/extracted_files/hwbush_89-92/Journey to Isolation.txt,0.9536000490188599,0.9662714004516602,89,136,225
"Just When Beijing Needs It, Farmers Have Bumper Crop.txt","/content/drive/MyDrive/extracted_files/hwbush_89-92/Just When Beijing Needs It, Farmers Have Bumper Crop.txt",0.9897156953811646,0.9747568547725678,4,30,34
KHMER ROUGE GET MORE CHINA ARMS.txt,/content/drive/MyDrive/extracted_files/hwbush_89-92/KHMER ROUGE GET MORE CHINA ARMS.txt,0.9340179562568665,0.9820088475942612,8,20,28
"Kissinger, in Beijing, Seeks to Mend Fences.txt","/content/drive/MyDrive/extracted_files/hwbush_89-92/Kissinger, in Beijing, Seeks to Mend Fences.txt",0.9142665863037109,0.8913091250828334,8,7,15
KITCHEN BOOKSHELF_New Cookbooks That Fortify The Spirit as Well as the Palate.txt,/content/drive/MyDrive/extracted_files/hwbush_89-92/KITCHEN BOOKSHELF_New Cookbooks That Fortify The Spirit as Well as the Palate.txt,0.967023777427958,0.9599569623286908,67,39,106
Koch Urges Diplomat To Defect From China.txt,/content/drive/MyDrive/extracted_files/hwbush_89-92/Koch Urges Diplomat To Defect From China.txt,0.8780420422554016,0.8544814189275106,4,3,7
Koch_s Stand on China Enrages Ambassador.txt,/content/drive/MyDrive/extracted_files/hwbush_89-92/Koch_s Stand on China Enrages Ambassador.txt,0.89915531873703,0.9931572125508235,8,13,21
KUNMING JOURNAL_China_s Disabled Get Helping Hand in High Places.txt,/content/drive/MyDrive/extracted_files/hwbush_89-92/KUNMING JOURNAL_China_s Disabled Get Helping Hand in High Places.txt,0.950876937193029,0.9512510746717453,17,16,33
Landmarks of Kuala Lumpur.txt,/content/drive/MyDrive/extracted_files/hwbush_89-92/Landmarks of Kuala Lumpur.txt,0.9628353745772921,0.9287022352218628,58,10,68
Large Gas Find in China.txt,/content/drive/MyDrive/extracted_files/hwbush_89-92/Large Gas Find in China.txt,0.8593035042285919,0.9667269587516785,2,2,4
Lawmakers Cheer Tibetan in Capitol Rotunda.txt,/content/drive/MyDrive/extracted_files/hwbush_89-92/Lawmakers Cheer Tibetan in Capitol Rotunda.txt,0.979014748876745,0.9836589694023132,22,6,28
LEADERS AT SUMMIT BACK FINANCIAL AID FOR EAST EUROPE.txt,/content/drive/MyDrive/extracted_files/hwbush_89-92/LEADERS AT SUMMIT BACK FINANCIAL AID FOR EAST EUROPE.txt,0.9671450853347778,0.9378982281684876,26,25,51
Leaders in Beijing Bar Their Kin From Using Family Ties for Profit.txt,/content/drive/MyDrive/extracted_files/hwbush_89-92/Leaders in Beijing Bar Their Kin From Using Family Ties for Profit.txt,0.9153353452682496,0.9685438245534896,5,20,25
License Lost for China Sale.txt,/content/drive/MyDrive/extracted_files/hwbush_89-92/License Lost for China Sale.txt,,0.9034010887145996,0,5,5
"LIFE STYLE_Every Day, 5,000 Chinese Meals.txt","/content/drive/MyDrive/extracted_files/hwbush_89-92/LIFE STYLE_Every Day, 5,000 Chinese Meals.txt",0.9654783979058266,0.9115088234345118,16,12,28
Light Is Trendy for China_s Beer.txt,/content/drive/MyDrive/extracted_files/hwbush_89-92/Light Is Trendy for China_s Beer.txt,0.9746338097672713,0.981212604045868,19,30,49
"Macao Journal_Tiny Piece of Empire, Cringing in Giant Shadow.txt","/content/drive/MyDrive/extracted_files/hwbush_89-92/Macao Journal_Tiny Piece of Empire, Cringing in Giant Shadow.txt",0.9303748653485224,0.9439503390055436,13,26,39
Making Trouble in Shanghai.txt,/content/drive/MyDrive/extracted_files/hwbush_89-92/Making Trouble in Shanghai.txt,0.9432792726315951,0.9828420774690036,19,29,48
Man in the News_Prophet of the Middle Way.txt,/content/drive/MyDrive/extracted_files/hwbush_89-92/Man in the News_Prophet of the Middle Way.txt,0.9652507222931961,0.9409675552294805,29,13,42
Mao_s Cable Explains Drive Into Korea.txt,/content/drive/MyDrive/extracted_files/hwbush_89-92/Mao_s Cable Explains Drive Into Korea.txt,0.91599340736866,0.9595090640442712,12,28,40
Market Place_Funds Cautious On Hong Kong.txt,/content/drive/MyDrive/extracted_files/hwbush_89-92/Market Place_Funds Cautious On Hong Kong.txt,0.9260185613082006,0.9855686913837086,26,22,48
"MARKET WATCH_Hong Kong, Star of 1992, Begins to Dim.txt","/content/drive/MyDrive/extracted_files/hwbush_89-92/MARKET WATCH_Hong Kong, Star of 1992, Begins to Dim.txt",0.9409496426582337,0.9623761574427286,10,15,25
MARTIAL LAW_S END IS SEEN IN CHINA.txt,/content/drive/MyDrive/extracted_files/hwbush_89-92/MARTIAL LAW_S END IS SEEN IN CHINA.txt,0.9899613658587137,0.8918909966945648,3,10,13
Mass Migration of Chinese Floods a Prosperous Canton.txt,/content/drive/MyDrive/extracted_files/hwbush_89-92/Mass Migration of Chinese Floods a Prosperous Canton.txt,0.9434835406450125,0.9541377402268924,13,26,39
Maxwell Halts China Daily.txt,/content/drive/MyDrive/extracted_files/hwbush_89-92/Maxwell Halts China Daily.txt,0.9225425918896993,0.8970134854316711,3,5,8
"MAY 31-JUNE 6_ China_As Usual, the President Favors the Trade Benefits.txt","/content/drive/MyDrive/extracted_files/hwbush_89-92/MAY 31-JUNE 6_ China_As Usual, the President Favors the Trade Benefits.txt",0.9958194494247437,0.9335349117006574,1,7,8
Microsoft Nails Some Pirates.txt,/content/drive/MyDrive/extracted_files/hwbush_89-92/Microsoft Nails Some Pirates.txt,0.9401174187660217,0.9509862922132015,15,48,63
MIDEAST TENSIONS_Baker Gets Help From China on Gulf.txt,/content/drive/MyDrive/extracted_files/hwbush_89-92/MIDEAST TENSIONS_Baker Gets Help From China on Gulf.txt,0.9513610330494967,0.9684675425291062,11,20,31
"MIDEAST TENSIONS_Bush, Meeting Foreign Minister, Lauds Beijing Stand Against Iraq.txt","/content/drive/MyDrive/extracted_files/hwbush_89-92/MIDEAST TENSIONS_Bush, Meeting Foreign Minister, Lauds Beijing Stand Against Iraq.txt",0.9783969108874981,0.9721128106117248,13,10,23
MIDEAST TENSIONS_Chinese and Soviet Ministers Meet Hastily on Gulf.txt,/content/drive/MyDrive/extracted_files/hwbush_89-92/MIDEAST TENSIONS_Chinese and Soviet Ministers Meet Hastily on Gulf.txt,0.9097351973707025,0.9599674493074417,11,12,23
MIDEAST TENSIONS_Chinese Official Is Invited to Washington in Response to Gulf Stance.txt,/content/drive/MyDrive/extracted_files/hwbush_89-92/MIDEAST TENSIONS_Chinese Official Is Invited to Washington in Response to Gulf Stance.txt,0.9580662196332758,0.8941781595349312,22,8,30
MIDEAST TENSIONS_Chinese Official Leaves in Doubt How He Will Vote on Iraq at U.N.txt,/content/drive/MyDrive/extracted_files/hwbush_89-92/MIDEAST TENSIONS_Chinese Official Leaves in Doubt How He Will Vote on Iraq at U.N.txt,0.8877751597991357,0.953622463502382,13,19,32
MIDEAST TENSIONS_Iraq Is Seen as Focus of Soviet-Chinese Talks.txt,/content/drive/MyDrive/extracted_files/hwbush_89-92/MIDEAST TENSIONS_Iraq Is Seen as Focus of Soviet-Chinese Talks.txt,0.9371720414895278,0.9637938961386681,13,8,21
MIDEAST TENSIONS_U.S. Reported Ready to Ask U.N. to Back a Gulf Assault.txt,/content/drive/MyDrive/extracted_files/hwbush_89-92/MIDEAST TENSIONS_U.S. Reported Ready to Ask U.N. to Back a Gulf Assault.txt,0.9036777317523956,0.9509927082061768,18,25,43
Missing Chinese Denies Seeking Asylum in U.S.txt,/content/drive/MyDrive/extracted_files/hwbush_89-92/Missing Chinese Denies Seeking Asylum in U.S.txt,0.9396975381033761,0.9725902676582336,7,8,15
MIYAZAWA ASSURES BUSH ON IMPORTS.txt,/content/drive/MyDrive/extracted_files/hwbush_89-92/MIYAZAWA ASSURES BUSH ON IMPORTS.txt,0.9037625849246979,0.9867822726567587,10,6,16
Modern Dance Imbued With Mountain Spirit.txt,/content/drive/MyDrive/extracted_files/hwbush_89-92/Modern Dance Imbued With Mountain Spirit.txt,0.9644254553012359,0.9622135843549456,39,7,46
Mongols to Elect New Parliament With China Watching the Results.txt,/content/drive/MyDrive/extracted_files/hwbush_89-92/Mongols to Elect New Parliament With China Watching the Results.txt,0.9438928323132652,0.9758796233397263,14,13,27
More Austerity Seen for China.txt,/content/drive/MyDrive/extracted_files/hwbush_89-92/More Austerity Seen for China.txt,0.831720232963562,0.8703500330448151,1,4,5
More in China Willingly Rear Just One Child.txt,/content/drive/MyDrive/extracted_files/hwbush_89-92/More in China Willingly Rear Just One Child.txt,0.9138034367561341,0.9789019571410285,25,45,70
More Soviet Workers at U.N. Are Really Working for U.N.txt,/content/drive/MyDrive/extracted_files/hwbush_89-92/More Soviet Workers at U.N. Are Really Working for U.N.txt,0.9857810363173485,0.9720975577831268,8,10,18
More Wheat to China.txt,/content/drive/MyDrive/extracted_files/hwbush_89-92/More Wheat to China.txt,,0.9338335593541464,0,3,3
"MOSCOW IS SELLING WEAPONS TO CHINA, U.S. OFFICIALS SAY.txt","/content/drive/MyDrive/extracted_files/hwbush_89-92/MOSCOW IS SELLING WEAPONS TO CHINA, U.S. OFFICIALS SAY.txt",0.9114636149671342,0.9826524373557832,18,36,54
Moves in China To Cut Incomes.txt,/content/drive/MyDrive/extracted_files/hwbush_89-92/Moves in China To Cut Incomes.txt,0.9934744238853455,0.9394282698631287,1,4,5
Ms. Shen Marries William Alford.txt,/content/drive/MyDrive/extracted_files/hwbush_89-92/Ms. Shen Marries William Alford.txt,0.9739733404583402,0.9938739538192749,9,1,10
Muscovites Welcome Peace But Lament Lack of Dessert.txt,/content/drive/MyDrive/extracted_files/hwbush_89-92/Muscovites Welcome Peace But Lament Lack of Dessert.txt,0.9837654362554136,0.9306252140265244,23,13,36
Nanchang Journal_China Embraces U.S. Experts but There_s a Limit.txt,/content/drive/MyDrive/extracted_files/hwbush_89-92/Nanchang Journal_China Embraces U.S. Experts but There_s a Limit.txt,0.9460359061917951,0.9556912709684933,31,17,48
"NATIONAL NOTEBOOK_ Atlanta_Asian Square, For Shopping.txt","/content/drive/MyDrive/extracted_files/hwbush_89-92/NATIONAL NOTEBOOK_ Atlanta_Asian Square, For Shopping.txt",0.9909923871358236,0.9683809195246015,12,7,19
NATIONALISTS WIN TAIWAN ELECTIONS.txt,/content/drive/MyDrive/extracted_files/hwbush_89-92/NATIONALISTS WIN TAIWAN ELECTIONS.txt,0.9236562592642648,0.9834301997633541,14,17,31
Neighborhood Politics_ Choosing the Council - An occasional look at the races for New York_s new Cit.txt,/content/drive/MyDrive/extracted_files/hwbush_89-92/Neighborhood Politics_ Choosing the Council - An occasional look at the races for New York_s new Cit.txt,0.9177004467873346,0.9406589461224419,21,28,49
"Nepal_s Economy Is Gasping as India, a Huge Neighbor, Squeezes It Hard.txt","/content/drive/MyDrive/extracted_files/hwbush_89-92/Nepal_s Economy Is Gasping as India, a Huge Neighbor, Squeezes It Hard.txt",0.9270109832286835,0.9361403917565065,16,34,50
New Goddess of Democracy To Haunt Beijing_s Leaders.txt,/content/drive/MyDrive/extracted_files/hwbush_89-92/New Goddess of Democracy To Haunt Beijing_s Leaders.txt,0.8915040748459953,0.9699020827970197,7,31,38
New Strategy Suggested in Battle on China Trade Status.txt,/content/drive/MyDrive/extracted_files/hwbush_89-92/New Strategy Suggested in Battle on China Trade Status.txt,0.9512007584174474,0.9550155202547709,12,15,27
New Tension Over Trade With China.txt,/content/drive/MyDrive/extracted_files/hwbush_89-92/New Tension Over Trade With China.txt,0.940877849405462,0.9377644909055609,11,19,30
New Yorkers Try to Defend Students Hunted in China.txt,/content/drive/MyDrive/extracted_files/hwbush_89-92/New Yorkers Try to Defend Students Hunted in China.txt,0.9612964987754822,0.9631681789954504,17,24,41
Nixon Meets With Chinese on Student Policy.txt,/content/drive/MyDrive/extracted_files/hwbush_89-92/Nixon Meets With Chinese on Student Policy.txt,0.9520686626434326,0.7880282998085022,5,2,7
Nixon Tells of China at White House Dinner.txt,/content/drive/MyDrive/extracted_files/hwbush_89-92/Nixon Tells of China at White House Dinner.txt,0.8898754878477617,0.946230030976809,11,13,24
No Headline In Original--.txt,/content/drive/MyDrive/extracted_files/hwbush_89-92/No Headline In Original--.txt,,0.9705387822219304,0,14,14
Noted With Pleasure.txt,/content/drive/MyDrive/extracted_files/hwbush_89-92/Noted With Pleasure.txt,0.954799556418469,0.9776775712768236,38,24,62
Notes on China_Beijing Hopes To Stamp Out The _6 Evils_.txt,/content/drive/MyDrive/extracted_files/hwbush_89-92/Notes on China_Beijing Hopes To Stamp Out The _6 Evils_.txt,0.9349617307836359,0.9562808136145274,11,30,41
Now Beijing Blames a Single Villain for All Its Ills.txt,/content/drive/MyDrive/extracted_files/hwbush_89-92/Now Beijing Blames a Single Villain for All Its Ills.txt,0.9652883580752781,0.965015709400177,7,13,20
"OCT, 18-24_Japanese Emperor Goes to China.txt","/content/drive/MyDrive/extracted_files/hwbush_89-92/OCT, 18-24_Japanese Emperor Goes to China.txt",0.8799843788146973,,1,0,1
Official China Mostly Hears A Party Line.txt,/content/drive/MyDrive/extracted_files/hwbush_89-92/Official China Mostly Hears A Party Line.txt,0.9243699652808053,0.9762710310794689,7,27,34
Official Says Beijing Won_t Copy Moscow_s Political Restructuring.txt,/content/drive/MyDrive/extracted_files/hwbush_89-92/Official Says Beijing Won_t Copy Moscow_s Political Restructuring.txt,0.9370415757099787,0.9019049576350621,12,7,19
Officials Brace for Exodus Of Foreigners from Panama.txt,/content/drive/MyDrive/extracted_files/hwbush_89-92/Officials Brace for Exodus Of Foreigners from Panama.txt,0.9550916155179342,0.9523623635371526,3,24,27
Officials Debate Asylum for Chinese Fleeing Abortion Policy.txt,/content/drive/MyDrive/extracted_files/hwbush_89-92/Officials Debate Asylum for Chinese Fleeing Abortion Policy.txt,0.9360263678762648,0.9817800941290679,9,27,36
"On China_s Bustling Coast, Profit Outpaces Politics.txt","/content/drive/MyDrive/extracted_files/hwbush_89-92/On China_s Bustling Coast, Profit Outpaces Politics.txt",0.9481660097837448,0.9229155500729879,20,30,50
On Language_Chinese Relations.txt,/content/drive/MyDrive/extracted_files/hwbush_89-92/On Language_Chinese Relations.txt,0.9593938697468151,0.9519291284837221,22,38,60
On Stage.txt,/content/drive/MyDrive/extracted_files/hwbush_89-92/On Stage.txt,0.9772265979221889,0.9412072539329529,28,20,48
"On the Trail Of a _Wildman,_ And Creatures Nearly as Elusive.txt","/content/drive/MyDrive/extracted_files/hwbush_89-92/On the Trail Of a _Wildman,_ And Creatures Nearly as Elusive.txt",0.9740555220180087,0.9216154752106502,18,29,47
Oscar-Nominated Film Wins Beijing Consent.txt,/content/drive/MyDrive/extracted_files/hwbush_89-92/Oscar-Nominated Film Wins Beijing Consent.txt,0.9409369485718864,0.966791957616806,7,14,21
"Outdoors_From China, Pheasants to Go.txt","/content/drive/MyDrive/extracted_files/hwbush_89-92/Outdoors_From China, Pheasants to Go.txt",0.9319650769233704,0.9423350393772125,10,22,32
Output in China Spurts.txt,/content/drive/MyDrive/extracted_files/hwbush_89-92/Output in China Spurts.txt,0.955172598361969,,3,0,3
"Output Rises, China Says.txt","/content/drive/MyDrive/extracted_files/hwbush_89-92/Output Rises, China Says.txt",0.9215561151504517,0.951311856508255,2,2,4
Pakistan Taking Steps to Modernize Its Air Force By BARBARA CROSSETTE.txt,/content/drive/MyDrive/extracted_files/hwbush_89-92/Pakistan Taking Steps to Modernize Its Air Force By BARBARA CROSSETTE.txt,0.9246353838178847,0.9184386730194092,9,20,29
Palaces of the Yi Kings.txt,/content/drive/MyDrive/extracted_files/hwbush_89-92/Palaces of the Yi Kings.txt,0.9753233654457226,0.9406020939350128,57,28,85
PASTIMES_ Bridge.txt,/content/drive/MyDrive/extracted_files/hwbush_89-92/PASTIMES_ Bridge.txt,0.9527734361196819,0.9346654159682137,19,14,33
Pastimes_Coins.txt,/content/drive/MyDrive/extracted_files/hwbush_89-92/Pastimes_Coins.txt,0.929542179291065,0.8836633215347925,13,12,25
PASTIMES_NUMISMATICS.txt,/content/drive/MyDrive/extracted_files/hwbush_89-92/PASTIMES_NUMISMATICS.txt,0.9460590283075968,0.9465105199813842,12,25,37
PATTERNS(2).txt,/content/drive/MyDrive/extracted_files/hwbush_89-92/PATTERNS(2).txt,0.9418017703753251,0.9764512022336324,26,15,41
Pay in China Is Criticized.txt,/content/drive/MyDrive/extracted_files/hwbush_89-92/Pay in China Is Criticized.txt,0.9870387613773346,0.9514186143875122,2,5,7
PEACE_S PROSPECTS IN CAMBODIA GROW.txt,/content/drive/MyDrive/extracted_files/hwbush_89-92/PEACE_S PROSPECTS IN CAMBODIA GROW.txt,0.9609596133232117,0.936630129814148,16,10,26
PEARL HARBOR REMEMBERED_History_s Refraction Illuminates 2 Views Of a Date of Infamy.txt,/content/drive/MyDrive/extracted_files/hwbush_89-92/PEARL HARBOR REMEMBERED_History_s Refraction Illuminates 2 Views Of a Date of Infamy.txt,0.9521157954420362,0.9687106995021596,14,34,48
Perils of America as Seen in a Chinese Novel.txt,/content/drive/MyDrive/extracted_files/hwbush_89-92/Perils of America as Seen in a Chinese Novel.txt,0.992944674058394,0.9620577394962311,22,16,38
Pessimism Is Growing on Saving Pandas From Extinction.txt,/content/drive/MyDrive/extracted_files/hwbush_89-92/Pessimism Is Growing on Saving Pandas From Extinction.txt,0.9092311588200656,0.9824365318798628,11,61,72
"Police in China Close Art Show After Artist Shoots Her Work_That must be performance art too,_ an.txt","/content/drive/MyDrive/extracted_files/hwbush_89-92/Police in China Close Art Show After Artist Shoots Her Work_That must be performance art too,_ an.txt",0.7782312035560608,0.9649256318807602,1,4,5
"Policeman Is Your Friend, Chinese Are Told.txt","/content/drive/MyDrive/extracted_files/hwbush_89-92/Policeman Is Your Friend, Chinese Are Told.txt",0.9848601321379343,0.9710311076857827,18,11,29
Political Sway of the Military Is Subtly Spreading in China.txt,/content/drive/MyDrive/extracted_files/hwbush_89-92/Political Sway of the Military Is Subtly Spreading in China.txt,0.9012281766959599,0.9558512241609635,14,31,45
POPULATION POLICY IN ASIA IS FAULTED.txt,/content/drive/MyDrive/extracted_files/hwbush_89-92/POPULATION POLICY IN ASIA IS FAULTED.txt,0.863305515050888,0.9801767576824535,10,22,32
Postings_ Chinatown_s Wall St._New Bank Tower.txt,/content/drive/MyDrive/extracted_files/hwbush_89-92/Postings_ Chinatown_s Wall St._New Bank Tower.txt,0.9958320657412211,0.906274288892746,6,12,18
PRACTICAL TRAVELER_Rerouting Asian Trips Away From China.txt,/content/drive/MyDrive/extracted_files/hwbush_89-92/PRACTICAL TRAVELER_Rerouting Asian Trips Away From China.txt,0.8992138014120215,0.9578264604012171,17,48,65
Practicing Acupuncture Made Easy.txt,/content/drive/MyDrive/extracted_files/hwbush_89-92/Practicing Acupuncture Made Easy.txt,0.9229401770760032,0.9491457426270773,34,43,77
PRESIDENT DEFENDS AIDES_ CHINA VISIT.txt,/content/drive/MyDrive/extracted_files/hwbush_89-92/PRESIDENT DEFENDS AIDES_ CHINA VISIT.txt,0.9194030653346669,0.9394509581958547,11,17,28
Project Helps China Modernize Eye Surgery.txt,/content/drive/MyDrive/extracted_files/hwbush_89-92/Project Helps China Modernize Eye Surgery.txt,0.9119223185947963,0.9247229832869309,7,13,20
Prominent Dissident Is Freed by Beijing.txt,/content/drive/MyDrive/extracted_files/hwbush_89-92/Prominent Dissident Is Freed by Beijing.txt,0.9387251883745193,0.9870463943481446,4,25,29
Prominent Dissident Is Seized in Shanghai.txt,/content/drive/MyDrive/extracted_files/hwbush_89-92/Prominent Dissident Is Seized in Shanghai.txt,,0.9796859100461006,0,8,8
Pursued by His Dead Stepmother.txt,/content/drive/MyDrive/extracted_files/hwbush_89-92/Pursued by His Dead Stepmother.txt,0.9713273336810451,0.9768992240230242,31,24,55
Q&A.txt,/content/drive/MyDrive/extracted_files/hwbush_89-92/Q&A.txt,0.938990960518519,0.9747891028722128,6,9,15
"Quiet Tibetan Influx_Devout, Exiled but Kept Out by U.S.txt","/content/drive/MyDrive/extracted_files/hwbush_89-92/Quiet Tibetan Influx_Devout, Exiled but Kept Out by U.S.txt",0.9542417810076759,0.9623965166863941,42,21,63
Record Harvest in China.txt,/content/drive/MyDrive/extracted_files/hwbush_89-92/Record Harvest in China.txt,0.9527270793914795,0.6422972083091736,2,1,3
REFORM MOVEMENT GROWS IN MONGOLIA.txt,/content/drive/MyDrive/extracted_files/hwbush_89-92/REFORM MOVEMENT GROWS IN MONGOLIA.txt,0.9780651330947876,0.9347382386525472,7,15,22
"Relations Require 2 Parties, China Tells Visiting U.S. Aide.txt","/content/drive/MyDrive/extracted_files/hwbush_89-92/Relations Require 2 Parties, China Tells Visiting U.S. Aide.txt",0.9208502769470215,0.9978431463241577,2,1,3
"Reporter_s Notebook_ Turmoil in China_Seeing Shadows Where Once There Were Leaders, Facts and Inform.txt","/content/drive/MyDrive/extracted_files/hwbush_89-92/Reporter_s Notebook_ Turmoil in China_Seeing Shadows Where Once There Were Leaders, Facts and Inform.txt",0.9499958530068398,0.9622994629400117,8,56,64
"Reporter_s Notebook_Deng to Retire in the U.S., And Other Chinese Rumors.txt","/content/drive/MyDrive/extracted_files/hwbush_89-92/Reporter_s Notebook_Deng to Retire in the U.S., And Other Chinese Rumors.txt",0.9463600077127156,0.946830465986922,19,37,56
Reporter_s Notebook_Spies Learn Students Can Be Stern Teachers.txt,/content/drive/MyDrive/extracted_files/hwbush_89-92/Reporter_s Notebook_Spies Learn Students Can Be Stern Teachers.txt,0.921334479536329,0.9237924943799558,14,23,37
Reporter_s Notebook_Tourist in China_ Akihito Does a Political Tiptoe.txt,/content/drive/MyDrive/extracted_files/hwbush_89-92/Reporter_s Notebook_Tourist in China_ Akihito Does a Political Tiptoe.txt,0.9422486610710621,0.9738450754772533,32,22,54
Restaurants.txt,/content/drive/MyDrive/extracted_files/hwbush_89-92/Restaurants.txt,0.9661225548812321,0.9500613491982222,42,32,74
Results Plus(3).txt,/content/drive/MyDrive/extracted_files/hwbush_89-92/Results Plus(3).txt,0.9883282303810119,,15,0,15
Results Plus.txt,/content/drive/MyDrive/extracted_files/hwbush_89-92/Results Plus.txt,0.9760249157746633,0.9700362682342529,12,6,18
Rights Group Says Chinese Jailed 10 Tibetans in Protest.txt,/content/drive/MyDrive/extracted_files/hwbush_89-92/Rights Group Says Chinese Jailed 10 Tibetans in Protest.txt,,0.9782946705818176,0,8,8
"Rights Panel Scolds Cuba, Not China.txt","/content/drive/MyDrive/extracted_files/hwbush_89-92/Rights Panel Scolds Cuba, Not China.txt",0.9595160143715995,0.9178502513812139,7,13,20
"ROWING_Dragons Are Off With Chants, Rice.txt","/content/drive/MyDrive/extracted_files/hwbush_89-92/ROWING_Dragons Are Off With Chants, Rice.txt",0.9058289304375648,0.920094907283783,16,2,18
Rural China Learns to Earn a Little Extra.txt,/content/drive/MyDrive/extracted_files/hwbush_89-92/Rural China Learns to Earn a Little Extra.txt,0.9795786738395691,0.9363261063893636,9,12,21
Russia and Ex-Soviet States Win Recognition From China.txt,/content/drive/MyDrive/extracted_files/hwbush_89-92/Russia and Ex-Soviet States Win Recognition From China.txt,0.9740410447120667,0.9107886910438537,1,5,6
"Salaxi Journal_For Chinese, an Ancient Scourge Loses Its Terror.txt","/content/drive/MyDrive/extracted_files/hwbush_89-92/Salaxi Journal_For Chinese, an Ancient Scourge Loses Its Terror.txt",0.9453887045383453,0.9729659056663513,12,25,37
Salem_s Seafaring Legacy.txt,/content/drive/MyDrive/extracted_files/hwbush_89-92/Salem_s Seafaring Legacy.txt,0.9640130712435796,0.9012008255178278,65,11,76
San Francisco Journal_Undercurrent of Ill Will Grows With Chinatown.txt,/content/drive/MyDrive/extracted_files/hwbush_89-92/San Francisco Journal_Undercurrent of Ill Will Grows With Chinatown.txt,0.9788832018772761,0.8994704251704009,12,23,35
Scholars_ Visits Bridge Differences Between Cultures.txt,/content/drive/MyDrive/extracted_files/hwbush_89-92/Scholars_ Visits Bridge Differences Between Cultures.txt,0.9607782160693948,0.952960005402565,44,20,64
Schools in China Try a Sideline_ Making Money.txt,/content/drive/MyDrive/extracted_files/hwbush_89-92/Schools in China Try a Sideline_ Making Money.txt,0.9655569553375244,0.9644095038666445,20,34,54
Science Fiction.txt,/content/drive/MyDrive/extracted_files/hwbush_89-92/Science Fiction.txt,0.9623754465061686,0.9730591401457787,23,16,39
SCIENCE WATCH_2 Endangered Cranes Hatch on Same Day.txt,/content/drive/MyDrive/extracted_files/hwbush_89-92/SCIENCE WATCH_2 Endangered Cranes Hatch on Same Day.txt,0.8429210856556892,0.8746591872639127,8,9,17
SCIENCE WATCH_How Indochina Moved.txt,/content/drive/MyDrive/extracted_files/hwbush_89-92/SCIENCE WATCH_How Indochina Moved.txt,0.9246056154370308,0.8223627507686615,8,2,10
Search Is Halted for 10 Men Lost on Barge in China Seas.txt,/content/drive/MyDrive/extracted_files/hwbush_89-92/Search Is Halted for 10 Men Lost on Barge in China Seas.txt,,0.9933287160737174,0,7,7
Searching for America_s _Big Money_.txt,/content/drive/MyDrive/extracted_files/hwbush_89-92/Searching for America_s _Big Money_.txt,0.9508957328467533,0.9513521972967653,29,49,78
"Secretly, Dissident Workers In China Press Their Cause.txt","/content/drive/MyDrive/extracted_files/hwbush_89-92/Secretly, Dissident Workers In China Press Their Cause.txt",0.9242635726928711,0.9445323061060023,10,27,37
Senate Backs Curbs On Beijing_s Access To Markets in U.S.txt,/content/drive/MyDrive/extracted_files/hwbush_89-92/Senate Backs Curbs On Beijing_s Access To Markets in U.S.txt,0.9388090968132019,0.8902771728379386,17,14,31
SENATE RESTRICTS TRADE WITH CHINA_ BUSH VETO LIKELY.txt,/content/drive/MyDrive/extracted_files/hwbush_89-92/SENATE RESTRICTS TRADE WITH CHINA_ BUSH VETO LIKELY.txt,0.9464813709259033,0.9408446490764618,15,30,45
Seoul Gets Some Diplomatic Backing in China.txt,/content/drive/MyDrive/extracted_files/hwbush_89-92/Seoul Gets Some Diplomatic Backing in China.txt,0.9535561859607696,0.9932529330253601,10,4,14
"Seoul Looks North, Balancing Hope and Anxiety.txt","/content/drive/MyDrive/extracted_files/hwbush_89-92/Seoul Looks North, Balancing Hope and Anxiety.txt",0.9224724313792061,0.9667179075380167,34,48,82
Session on Rights in China to Be Test for U.N.txt,/content/drive/MyDrive/extracted_files/hwbush_89-92/Session on Rights in China to Be Test for U.N.txt,0.8266069207872663,0.9450705005572393,7,13,20
Shaky Numbers Behind China_s Rosy Economic Picture.txt,/content/drive/MyDrive/extracted_files/hwbush_89-92/Shaky Numbers Behind China_s Rosy Economic Picture.txt,0.943411483484156,0.9579087128030493,17,47,64
Shanghai Editor Now a Rallying Cry.txt,/content/drive/MyDrive/extracted_files/hwbush_89-92/Shanghai Editor Now a Rallying Cry.txt,0.9601909688540867,0.9710131259191603,14,21,35
Shanghai Journal_China Slipping Into a More Comfortable Sex Life.txt,/content/drive/MyDrive/extracted_files/hwbush_89-92/Shanghai Journal_China Slipping Into a More Comfortable Sex Life.txt,0.9610166935359731,0.9362399918692452,17,21,38
Shanghai Journal_New Challenges for a City of Hope and Past Glory.txt,/content/drive/MyDrive/extracted_files/hwbush_89-92/Shanghai Journal_New Challenges for a City of Hope and Past Glory.txt,0.9311413280665874,0.9842667165009872,16,23,39
Shanghai Journal_Will Houses Blossom Along Capitalist Road_.txt,/content/drive/MyDrive/extracted_files/hwbush_89-92/Shanghai Journal_Will Houses Blossom Along Capitalist Road_.txt,0.9629684473787036,0.9712431736894556,14,37,51
Shanghai vs. Mah-Jongg_ What Odds_.txt,/content/drive/MyDrive/extracted_files/hwbush_89-92/Shanghai vs. Mah-Jongg_ What Odds_.txt,0.9473283120564052,0.9576479512102464,7,51,58
Shenyang Journal_A City That Undoes Mao Under His Steady Gaze.txt,/content/drive/MyDrive/extracted_files/hwbush_89-92/Shenyang Journal_A City That Undoes Mao Under His Steady Gaze.txt,0.9864587485790253,0.9187252837068894,16,17,33
Shevardnadze Flies to Beijing to Prepare Summit.txt,/content/drive/MyDrive/extracted_files/hwbush_89-92/Shevardnadze Flies to Beijing to Prepare Summit.txt,0.9665526662554059,0.9692173798878988,14,12,26
SHOPPER_S WORLD_Delicate Silk Lingerie From Hong Kong.txt,/content/drive/MyDrive/extracted_files/hwbush_89-92/SHOPPER_S WORLD_Delicate Silk Lingerie From Hong Kong.txt,0.9637372493743896,0.9764819319049517,16,24,40
"SHOPPER_S WORLD_For Cashmere, First Stop_ London.txt","/content/drive/MyDrive/extracted_files/hwbush_89-92/SHOPPER_S WORLD_For Cashmere, First Stop_ London.txt",0.9060384396350745,0.9487860945233128,33,57,90
"SHOPPER_S WORLD_Good Prices, and Caveats, in Hong Kong Pearls.txt","/content/drive/MyDrive/extracted_files/hwbush_89-92/SHOPPER_S WORLD_Good Prices, and Caveats, in Hong Kong Pearls.txt",0.9566220609765304,0.9645917662760106,38,41,79
"SHOPPER_S WORLD_In Hong Kong, Antique Silks Evoke a Patrician Past.txt","/content/drive/MyDrive/extracted_files/hwbush_89-92/SHOPPER_S WORLD_In Hong Kong, Antique Silks Evoke a Patrician Past.txt",0.947089252423267,0.9612741470336914,49,23,72
"Signs of Spring in China, and New Discontent.txt","/content/drive/MyDrive/extracted_files/hwbush_89-92/Signs of Spring in China, and New Discontent.txt",0.9254283308982849,0.9726728030613491,6,14,20
Sihanouk Agrees to Return to Cambodia Talks.txt,/content/drive/MyDrive/extracted_files/hwbush_89-92/Sihanouk Agrees to Return to Cambodia Talks.txt,0.9079180181026458,0.9667070718372569,10,17,27
Sihanouk Explains His High-Wire Role in Awkward Cambodian Coalition.txt,/content/drive/MyDrive/extracted_files/hwbush_89-92/Sihanouk Explains His High-Wire Role in Awkward Cambodian Coalition.txt,0.959794944524765,0.97735196352005,30,45,75
Snub Lies in Waiting for Gorbachev in Shanghai.txt,/content/drive/MyDrive/extracted_files/hwbush_89-92/Snub Lies in Waiting for Gorbachev in Shanghai.txt,0.9896686332566398,0.9648013640852535,7,17,24
SOCCER_U.S. Women Beat Norway To Capture World Cup.txt,/content/drive/MyDrive/extracted_files/hwbush_89-92/SOCCER_U.S. Women Beat Norway To Capture World Cup.txt,0.9720112284024557,0.9442304223775864,27,8,35
Social Events.txt,/content/drive/MyDrive/extracted_files/hwbush_89-92/Social Events.txt,0.9623553360763349,0.831928014755249,38,10,48
Some China Dissidents May Soon Be Released.txt,/content/drive/MyDrive/extracted_files/hwbush_89-92/Some China Dissidents May Soon Be Released.txt,,0.9511069059371948,0,9,9
Some of Hong Kong_s People Get Pledge of Post-_97 British Refuge.txt,/content/drive/MyDrive/extracted_files/hwbush_89-92/Some of Hong Kong_s People Get Pledge of Post-_97 British Refuge.txt,0.931720730331209,0.9406844552825478,18,17,35
SOVIET CRACKDOWN_ China_Few Hearts in Beijing Go Out To Lithuanians in Crackdown.txt,/content/drive/MyDrive/extracted_files/hwbush_89-92/SOVIET CRACKDOWN_ China_Few Hearts in Beijing Go Out To Lithuanians in Crackdown.txt,0.8945290446281433,0.979822039604187,1,16,17
SOVIET TURMOIL_Chinese Aides See Cooler Soviet Ties.txt,/content/drive/MyDrive/extracted_files/hwbush_89-92/SOVIET TURMOIL_Chinese Aides See Cooler Soviet Ties.txt,0.9617511359128085,0.9539138873418173,11,30,41
Soviets Accept Beijing Offer Of Summit Meeting in China.txt,/content/drive/MyDrive/extracted_files/hwbush_89-92/Soviets Accept Beijing Offer Of Summit Meeting in China.txt,0.9645881950855255,0.596014142036438,4,1,5
SOVIETS AND CHINA MAY SEE SOFTENING FROM U.S. ON GATT.txt,/content/drive/MyDrive/extracted_files/hwbush_89-92/SOVIETS AND CHINA MAY SEE SOFTENING FROM U.S. ON GATT.txt,0.9353406741505578,0.9540340304374695,21,18,39
Soviets and Chinese Sign Broad Pact.txt,/content/drive/MyDrive/extracted_files/hwbush_89-92/Soviets and Chinese Sign Broad Pact.txt,0.9748681095930246,0.8848081997462681,13,7,20
Spectacular Fossils Record Early Riot of Creation.txt,/content/drive/MyDrive/extracted_files/hwbush_89-92/Spectacular Fossils Record Early Riot of Creation.txt,0.9582822136580944,0.9009173875269683,32,23,55
SPORTS PEOPLE_ BOXING_Barkley to Fight in China.txt,/content/drive/MyDrive/extracted_files/hwbush_89-92/SPORTS PEOPLE_ BOXING_Barkley to Fight in China.txt,0.968828409910202,0.9563145041465759,4,1,5
Statements by Chinese Dissidents and Beijing.txt,/content/drive/MyDrive/extracted_files/hwbush_89-92/Statements by Chinese Dissidents and Beijing.txt,0.9760551197188241,0.9217483997344971,7,10,17
"Steam Rides Again! China Engines, U.S. Rails.txt","/content/drive/MyDrive/extracted_files/hwbush_89-92/Steam Rides Again! China Engines, U.S. Rails.txt",0.9425486698746681,0.9296449720859528,16,6,22
Stern British and Angry Chinese to Resume Hong Kong Talks.txt,/content/drive/MyDrive/extracted_files/hwbush_89-92/Stern British and Angry Chinese to Resume Hong Kong Talks.txt,0.9037318891949124,0.9590999931097031,9,16,25
Stocks Plummet Amid Concern on China.txt,/content/drive/MyDrive/extracted_files/hwbush_89-92/Stocks Plummet Amid Concern on China.txt,0.9807962626218796,0.9608595669269562,4,24,28
Stocks Take Taiwan on Giddy Ride.txt,/content/drive/MyDrive/extracted_files/hwbush_89-92/Stocks Take Taiwan on Giddy Ride.txt,0.9480737509398625,0.9676076173782349,29,34,63
Strong Sales to China.txt,/content/drive/MyDrive/extracted_files/hwbush_89-92/Strong Sales to China.txt,0.9378538727760315,0.9847377240657806,2,2,4
STUDENT CENSURED_ HERO OR DECEIVER_.txt,/content/drive/MyDrive/extracted_files/hwbush_89-92/STUDENT CENSURED_ HERO OR DECEIVER_.txt,0.9113438278436661,0.9525963343106784,8,26,34
Students Are Cool to Beijing_s Terms for Talks.txt,/content/drive/MyDrive/extracted_files/hwbush_89-92/Students Are Cool to Beijing_s Terms for Talks.txt,0.9989651044209799,0.8686235984166463,3,15,18
Students Find U.S. Embassy a Barrier.txt,/content/drive/MyDrive/extracted_files/hwbush_89-92/Students Find U.S. Embassy a Barrier.txt,0.9382570187250773,0.971886956691742,9,20,29
"Style Makers_Jennifer Freeman, Quilt Designer.txt","/content/drive/MyDrive/extracted_files/hwbush_89-92/Style Makers_Jennifer Freeman, Quilt Designer.txt",0.9784251153469086,0.9764294425646464,10,6,16
SUMMER FESTIVAL_ DANCE_New Movements in China.txt,/content/drive/MyDrive/extracted_files/hwbush_89-92/SUMMER FESTIVAL_ DANCE_New Movements in China.txt,0.9990356961886088,0.9494493305683136,6,2,8
SUMMIT AT THE U.N._Bush Asks Security Council To Put Sanctions on Libya.txt,/content/drive/MyDrive/extracted_files/hwbush_89-92/SUMMIT AT THE U.N._Bush Asks Security Council To Put Sanctions on Libya.txt,0.9102108081181844,0.9273804078499476,3,24,27
Taipei Journal_Castaway From China Lands in Trouble in Taiwan.txt,/content/drive/MyDrive/extracted_files/hwbush_89-92/Taipei Journal_Castaway From China Lands in Trouble in Taiwan.txt,0.9852756336331367,0.9440094674075091,8,27,35
TAIPEI JOURNAL_Taiwan Goes Fishing for Its Notion of Lost Souls.txt,/content/drive/MyDrive/extracted_files/hwbush_89-92/TAIPEI JOURNAL_Taiwan Goes Fishing for Its Notion of Lost Souls.txt,0.9553999871015548,0.965813580312227,20,19,39
Taipei Official Visits China Unofficially.txt,/content/drive/MyDrive/extracted_files/hwbush_89-92/Taipei Official Visits China Unofficially.txt,0.9806122481822968,0.9257275678894736,12,11,23
Taipei_s Unsettled Soul.txt,/content/drive/MyDrive/extracted_files/hwbush_89-92/Taipei_s Unsettled Soul.txt,0.9688510863945402,0.957525719434787,58,39,97
"Taiwan Ends Emergency Decree, Opening Way to Closer China Ties.txt","/content/drive/MyDrive/extracted_files/hwbush_89-92/Taiwan Ends Emergency Decree, Opening Way to Closer China Ties.txt",0.9720929004251957,0.9055963754653931,16,6,22
Taiwan Envoys Seeking Access on Mainland.txt,/content/drive/MyDrive/extracted_files/hwbush_89-92/Taiwan Envoys Seeking Access on Mainland.txt,0.9158048118863787,0.9408708082305061,7,18,25
Taiwan Investor Plans Chemical Plant in China.txt,/content/drive/MyDrive/extracted_files/hwbush_89-92/Taiwan Investor Plans Chemical Plant in China.txt,0.9008412446294513,0.9735099352323092,7,13,20
Taiwan Opposition Pushes for Independence.txt,/content/drive/MyDrive/extracted_files/hwbush_89-92/Taiwan Opposition Pushes for Independence.txt,0.94757194178445,0.935309214251382,7,14,21
Taiwan to Ease China Trade.txt,/content/drive/MyDrive/extracted_files/hwbush_89-92/Taiwan to Ease China Trade.txt,0.8976800243059794,0.9785300493240356,3,2,5
TAIWAN TO RELAX LIMITS ON SPEECH.txt,/content/drive/MyDrive/extracted_files/hwbush_89-92/TAIWAN TO RELAX LIMITS ON SPEECH.txt,0.9374626924594244,0.8816673345863819,12,16,28
Taiwan_s Chief Acknowledges Communist Control of China.txt,/content/drive/MyDrive/extracted_files/hwbush_89-92/Taiwan_s Chief Acknowledges Communist Control of China.txt,0.9940772354602814,0.9694236516952515,4,2,6
Taiwan_s Mainland Efforts Widen.txt,/content/drive/MyDrive/extracted_files/hwbush_89-92/Taiwan_s Mainland Efforts Widen.txt,0.985645055770874,0.9560196816921234,14,40,54
Taiwan_s New President Signals Major Softening in Relations With China.txt,/content/drive/MyDrive/extracted_files/hwbush_89-92/Taiwan_s New President Signals Major Softening in Relations With China.txt,0.8892712252480643,0.9690584279596806,21,16,37
"TALKING TO HIMSELF, BUT VERY LOUD.txt","/content/drive/MyDrive/extracted_files/hwbush_89-92/TALKING TO HIMSELF, BUT VERY LOUD.txt",0.9661260694265366,0.9601458356930659,40,39,79
Talks in Taiwan Urge a Popular Presidential Vote.txt,/content/drive/MyDrive/extracted_files/hwbush_89-92/Talks in Taiwan Urge a Popular Presidential Vote.txt,0.990149221249989,0.971649669110775,14,16,30
THE 99-YEAR ITCH.txt,/content/drive/MyDrive/extracted_files/hwbush_89-92/THE 99-YEAR ITCH.txt,0.9529503091521885,0.9115840707506452,23,14,37
"The Americanization of Bao Bing, a Cool, Fruity Asian Treat.txt","/content/drive/MyDrive/extracted_files/hwbush_89-92/The Americanization of Bao Bing, a Cool, Fruity Asian Treat.txt",0.9257698484829494,0.9379205107688904,42,23,65
The Blood Bath on His Doorstep.txt,/content/drive/MyDrive/extracted_files/hwbush_89-92/The Blood Bath on His Doorstep.txt,0.9756855346538402,0.9711132571101189,27,24,51
The Breakfasts of Asia_ The Food of Long Ago Is This Morning_s Feast.txt,/content/drive/MyDrive/extracted_files/hwbush_89-92/The Breakfasts of Asia_ The Food of Long Ago Is This Morning_s Feast.txt,0.9340778041859062,0.9111879701707878,49,51,100
THE CALIFORNIA QUAKE_At Least 18 Dead in Tremor In Rural Area of North China.txt,/content/drive/MyDrive/extracted_files/hwbush_89-92/THE CALIFORNIA QUAKE_At Least 18 Dead in Tremor In Rural Area of North China.txt,,0.9554888010025024,0,4,4
The Eye of Big Brother Is Busy Again in China.txt,/content/drive/MyDrive/extracted_files/hwbush_89-92/The Eye of Big Brother Is Busy Again in China.txt,0.9431331306695938,0.9834495782852173,8,23,31
The Group of 7 Statement_ Concern From East Europe to China.txt,/content/drive/MyDrive/extracted_files/hwbush_89-92/The Group of 7 Statement_ Concern From East Europe to China.txt,0.9592878737965146,0.9433610393450811,74,13,87
The Joffrey Ballet Is Invited to China.txt,/content/drive/MyDrive/extracted_files/hwbush_89-92/The Joffrey Ballet Is Invited to China.txt,0.9951674739519755,,3,0,3
THE LAW_Echoes of struggle for rule of law in China reverberate on Columbia campus.txt,/content/drive/MyDrive/extracted_files/hwbush_89-92/THE LAW_Echoes of struggle for rule of law in China reverberate on Columbia campus.txt,0.9656694763236575,0.9475325345993042,18,14,32
THE MALTA SUMMIT_Bush Rejects Bill on China Students.txt,/content/drive/MyDrive/extracted_files/hwbush_89-92/THE MALTA SUMMIT_Bush Rejects Bill on China Students.txt,0.9080603003501893,0.9694135705629985,15,30,45
THE MEDIA BUSINESS_ ADVERTISING -- ADDENDA_Backer Spielvogel Offices in China.txt,/content/drive/MyDrive/extracted_files/hwbush_89-92/THE MEDIA BUSINESS_ ADVERTISING -- ADDENDA_Backer Spielvogel Offices in China.txt,0.9529025554656982,,3,0,3
THE MEDIA BUSINESS_A Bookseller Gives Up Its Stores to Focus on Publishing.txt,/content/drive/MyDrive/extracted_files/hwbush_89-92/THE MEDIA BUSINESS_A Bookseller Gives Up Its Stores to Focus on Publishing.txt,0.9262918631235758,0.9916891029902867,12,14,26
THE MEDIA BUSINESS_China to Raise Ad Rates.txt,/content/drive/MyDrive/extracted_files/hwbush_89-92/THE MEDIA BUSINESS_China to Raise Ad Rates.txt,,0.9187921285629272,0,3,3
The Mystique of Tibet.txt,/content/drive/MyDrive/extracted_files/hwbush_89-92/The Mystique of Tibet.txt,0.9595351911360218,0.9396951187331721,62,53,115
The New China -- A Special Report._Chinese Communism_s Secret Aim_ Capitalism.txt,/content/drive/MyDrive/extracted_files/hwbush_89-92/The New China -- A Special Report._Chinese Communism_s Secret Aim_ Capitalism.txt,0.9638466097059704,0.9657950083930771,42,77,119
"THE NEW YORK REGION_Immigrants Jam Schools, Invigorating a System.txt","/content/drive/MyDrive/extracted_files/hwbush_89-92/THE NEW YORK REGION_Immigrants Jam Schools, Invigorating a System.txt",0.9550232922329622,0.9502853382201422,17,21,38
THE REGION_A Traditionally Insular Community Begins to Reach Out.txt,/content/drive/MyDrive/extracted_files/hwbush_89-92/THE REGION_A Traditionally Insular Community Begins to Reach Out.txt,0.9274744705150002,0.9543388346831004,19,30,49
THE SOVIET CRISIS_ CHINA_No Sign of Glee Despite Animosity.txt,/content/drive/MyDrive/extracted_files/hwbush_89-92/THE SOVIET CRISIS_ CHINA_No Sign of Glee Despite Animosity.txt,0.9173537890116373,0.9596775571505228,3,6,9
The Transition_ Political Memo_New Tune for Clinton_ Sounds of Compromise.txt,/content/drive/MyDrive/extracted_files/hwbush_89-92/The Transition_ Political Memo_New Tune for Clinton_ Sounds of Compromise.txt,0.9552138480875227,0.9360188032899585,18,28,46
"The Universal Dumpling (Dough, A Little Filling, A Lot of Ancestry).txt","/content/drive/MyDrive/extracted_files/hwbush_89-92/The Universal Dumpling (Dough, A Little Filling, A Lot of Ancestry).txt",0.9609368510649238,0.9296984909807594,71,103,174
"The Versatile Allure of Japanese Noodles, Served Hot or Cold.txt","/content/drive/MyDrive/extracted_files/hwbush_89-92/The Versatile Allure of Japanese Noodles, Served Hot or Cold.txt",0.9080239048129634,0.9322189572784636,38,36,74
The Waterfront Heart of the City.txt,/content/drive/MyDrive/extracted_files/hwbush_89-92/The Waterfront Heart of the City.txt,0.9521068657030825,0.9482454079570193,61,33,94
THE WORLD_A Spymaster Wrestles With the Politics of Intelligence.txt,/content/drive/MyDrive/extracted_files/hwbush_89-92/THE WORLD_A Spymaster Wrestles With the Politics of Intelligence.txt,0.9125091168615553,0.9600069749922979,9,21,30
"The World_Affirmative Action, Chinese Style, Makes Some Progress.txt","/content/drive/MyDrive/extracted_files/hwbush_89-92/The World_Affirmative Action, Chinese Style, Makes Some Progress.txt",0.9038556496302287,0.9335489324901415,15,23,38
"THE WORLD_As Deng Calls for Reform, China Waits.txt","/content/drive/MyDrive/extracted_files/hwbush_89-92/THE WORLD_As Deng Calls for Reform, China Waits.txt",0.9601924832050617,0.9858989119529724,13,28,41
"The World_As Ideology Recedes, The U.S. Rearranges Its Global Struggles.txt","/content/drive/MyDrive/extracted_files/hwbush_89-92/The World_As Ideology Recedes, The U.S. Rearranges Its Global Struggles.txt",0.9385642541779412,0.9351800657235659,18,26,44
"The World_At the Businesses Owned by Beijing, The Ink Is Red.txt","/content/drive/MyDrive/extracted_files/hwbush_89-92/The World_At the Businesses Owned by Beijing, The Ink Is Red.txt",0.9484211126963298,0.9730226583778858,15,32,47
THE WORLD_Australia Wants Asia to Come A-Waltzing.txt,/content/drive/MyDrive/extracted_files/hwbush_89-92/THE WORLD_Australia Wants Asia to Come A-Waltzing.txt,0.9532810401916504,0.9731012071881976,25,14,39
The World_Central Asia Rediscovers Its Identity.txt,/content/drive/MyDrive/extracted_files/hwbush_89-92/The World_Central Asia Rediscovers Its Identity.txt,0.9412274780096831,0.9649112637226398,27,13,40
"THE WORLD_China Seeks Respectability, But Painlessly.txt","/content/drive/MyDrive/extracted_files/hwbush_89-92/THE WORLD_China Seeks Respectability, But Painlessly.txt",0.9364432543516159,0.9771182686090469,12,36,48
THE WORLD_China Sees Singapore As a Model for Progress.txt,/content/drive/MyDrive/extracted_files/hwbush_89-92/THE WORLD_China Sees Singapore As a Model for Progress.txt,0.9232092244284493,0.9014670431613923,21,20,41
"THE WORLD_China_s Burst of Rage_ A Show of Racism, And of Something More.txt","/content/drive/MyDrive/extracted_files/hwbush_89-92/THE WORLD_China_s Burst of Rage_ A Show of Racism, And of Something More.txt",0.9025973362081191,0.939604464173317,17,20,37
THE WORLD_Deng Is Ex-Chairman But Not an Ex-Leader.txt,/content/drive/MyDrive/extracted_files/hwbush_89-92/THE WORLD_Deng Is Ex-Chairman But Not an Ex-Leader.txt,0.956105812029405,0.961652762360043,11,18,29
"THE WORLD_For Vietnam, The Price Of Progress Is Cambodia.txt","/content/drive/MyDrive/extracted_files/hwbush_89-92/THE WORLD_For Vietnam, The Price Of Progress Is Cambodia.txt",0.9674111467141372,0.9145526560870084,13,22,35
The World_How Tiananmen Square Helped Rally Support for Tibet.txt,/content/drive/MyDrive/extracted_files/hwbush_89-92/The World_How Tiananmen Square Helped Rally Support for Tibet.txt,0.9498537934344747,0.9633382836977641,23,15,38
"The World_In the Trade Wars, China Has Learned Guerilla Tactics.txt","/content/drive/MyDrive/extracted_files/hwbush_89-92/The World_In the Trade Wars, China Has Learned Guerilla Tactics.txt",0.8604089915752411,0.9785527082589957,12,26,38
"THE WORLD_Now, the People_s Army Has Fewer Friends, More Power.txt","/content/drive/MyDrive/extracted_files/hwbush_89-92/THE WORLD_Now, the People_s Army Has Fewer Friends, More Power.txt",0.9855961322784423,0.9770561439650399,10,35,45
THE WORLD_Restlessness Reaches Mongols In China.txt,/content/drive/MyDrive/extracted_files/hwbush_89-92/THE WORLD_Restlessness Reaches Mongols In China.txt,0.9024331782545362,0.9563627004623413,14,30,44
THE WORLD_Taiwan Becomes a Tiger With an Identity Crisis.txt,/content/drive/MyDrive/extracted_files/hwbush_89-92/THE WORLD_Taiwan Becomes a Tiger With an Identity Crisis.txt,0.8941153883934021,0.9589543814460436,14,24,38
THE WORLD_Taking the Measure of A _Measured Response_.txt,/content/drive/MyDrive/extracted_files/hwbush_89-92/THE WORLD_Taking the Measure of A _Measured Response_.txt,0.9715721011161804,0.9713247763483148,18,19,37
"THE WORLD_The People_s Republic at 40, at Odds With the People.txt","/content/drive/MyDrive/extracted_files/hwbush_89-92/THE WORLD_The People_s Republic at 40, at Odds With the People.txt",0.9423834944472593,0.9487186961703831,34,45,79
THE WORLD_The Soviets and Chinese Get Down to Business.txt,/content/drive/MyDrive/extracted_files/hwbush_89-92/THE WORLD_The Soviets and Chinese Get Down to Business.txt,0.9298955388367176,0.9437608313560486,32,25,57
THE WORLD_There_s a New World Order in Asia_ The U.S. Will Have to Catch Up.txt,/content/drive/MyDrive/extracted_files/hwbush_89-92/THE WORLD_There_s a New World Order in Asia_ The U.S. Will Have to Catch Up.txt,0.948856909024088,0.9476116134060754,19,18,37
"THE WORLD_To Beijing_s Surprise, the Tibetans Are Still Restive.txt","/content/drive/MyDrive/extracted_files/hwbush_89-92/THE WORLD_To Beijing_s Surprise, the Tibetans Are Still Restive.txt",0.9643690857020292,0.9588651080926259,11,30,41
"THE WORLD_Two Chinas May Never Become One, But They Are Becoming Friendly.txt","/content/drive/MyDrive/extracted_files/hwbush_89-92/THE WORLD_Two Chinas May Never Become One, But They Are Becoming Friendly.txt",0.9829874634742737,0.9666587915271521,19,32,51
THE WORLD_Why China_s Students Aren_t Ready for the Masses.txt,/content/drive/MyDrive/extracted_files/hwbush_89-92/THE WORLD_Why China_s Students Aren_t Ready for the Masses.txt,0.9009034236272176,0.9372949600219727,6,11,17
THE WORLD_Why Japan_s Influence Doesn_t Match Its Economic Power.txt,/content/drive/MyDrive/extracted_files/hwbush_89-92/THE WORLD_Why Japan_s Influence Doesn_t Match Its Economic Power.txt,0.9897318383057913,0.9549284032412938,6,35,41
Three From Hong Kong Are Jailed by China.txt,/content/drive/MyDrive/extracted_files/hwbush_89-92/Three From Hong Kong Are Jailed by China.txt,0.7112308939297994,0.9490990042686462,3,12,15
"Tiananmen Killings Not a _Tragedy,_ Chinese Party Chief Says.txt","/content/drive/MyDrive/extracted_files/hwbush_89-92/Tiananmen Killings Not a _Tragedy,_ Chinese Party Chief Says.txt",0.9639890730381012,0.950457227230072,10,15,25
Tiananmen Protest Leader Credits _Lots of People_ for Escape to West.txt,/content/drive/MyDrive/extracted_files/hwbush_89-92/Tiananmen Protest Leader Credits _Lots of People_ for Escape to West.txt,0.8858122875293096,0.9508491290940179,12,27,39
Tibet After Martial Law_ Whispers of Protest.txt,/content/drive/MyDrive/extracted_files/hwbush_89-92/Tibet After Martial Law_ Whispers of Protest.txt,0.922084663595472,0.9563815625938209,28,37,65
Tibet Without Going There.txt,/content/drive/MyDrive/extracted_files/hwbush_89-92/Tibet Without Going There.txt,0.9497136839411475,0.9512500812609991,44,48,92
Tibetan Asks Deng to Lift Martial Law.txt,/content/drive/MyDrive/extracted_files/hwbush_89-92/Tibetan Asks Deng to Lift Martial Law.txt,0.9151033982634544,0.9404271525495193,8,17,25
Tibetans Fear Loss of a Safe Haven in Nepal.txt,/content/drive/MyDrive/extracted_files/hwbush_89-92/Tibetans Fear Loss of a Safe Haven in Nepal.txt,0.9454135431183709,0.9821499035908625,9,13,22
Tibetans Protest Chinese Leader_s Visit to India.txt,/content/drive/MyDrive/extracted_files/hwbush_89-92/Tibetans Protest Chinese Leader_s Visit to India.txt,0.8799843788146973,,1,0,1
"Tibetan_s Tale_ Unrest, Explosion, Crackdown.txt","/content/drive/MyDrive/extracted_files/hwbush_89-92/Tibetan_s Tale_ Unrest, Explosion, Crackdown.txt",0.8866421461105347,0.9117808640003204,15,16,31
"To Cantonese, A Little Graft Is Forgivable.txt","/content/drive/MyDrive/extracted_files/hwbush_89-92/To Cantonese, A Little Graft Is Forgivable.txt",0.9608232216401533,0.9334844393389565,22,14,36
"To Chinese These Days, _Comrade_ Is Gauche.txt","/content/drive/MyDrive/extracted_files/hwbush_89-92/To Chinese These Days, _Comrade_ Is Gauche.txt",0.9609897070460849,0.8735009804368019,9,8,17
Tokyo Banks_ Deal in China.txt,/content/drive/MyDrive/extracted_files/hwbush_89-92/Tokyo Banks_ Deal in China.txt,,0.9404693841934204,0,3,3
Tokyo Faults U.S. Sanctions For Chinese.txt,/content/drive/MyDrive/extracted_files/hwbush_89-92/Tokyo Faults U.S. Sanctions For Chinese.txt,0.9923458099365234,0.9544055263201395,3,24,27
Tokyo Issue of China Bonds.txt,/content/drive/MyDrive/extracted_files/hwbush_89-92/Tokyo Issue of China Bonds.txt,0.9595268964767456,0.9570432752370834,4,4,8
Tokyo Journal_Akihito_s Travel Plans_ No Kowtowing to China.txt,/content/drive/MyDrive/extracted_files/hwbush_89-92/Tokyo Journal_Akihito_s Travel Plans_ No Kowtowing to China.txt,0.9725744213376727,0.9802942633628845,14,25,39
TOP NORTH KOREAN ENDS BEIJING VISIT.txt,/content/drive/MyDrive/extracted_files/hwbush_89-92/TOP NORTH KOREAN ENDS BEIJING VISIT.txt,0.9788689613342285,0.92676756117079,3,9,12
Tourists Threaten Buddhist Murals in Ancient Chinese Caves.txt,/content/drive/MyDrive/extracted_files/hwbush_89-92/Tourists Threaten Buddhist Murals in Ancient Chinese Caves.txt,0.9850327398466028,0.9429813583691915,23,15,38
Toys _R_ Us and China.txt,/content/drive/MyDrive/extracted_files/hwbush_89-92/Toys _R_ Us and China.txt,0.9778355956077576,0.7271838784217834,1,1,2
Trade Deficit Wider in China.txt,/content/drive/MyDrive/extracted_files/hwbush_89-92/Trade Deficit Wider in China.txt,0.8470946550369263,0.9303978085517883,1,8,9
Trade Gap Grows Slightly As Exports Remain Strong.txt,/content/drive/MyDrive/extracted_files/hwbush_89-92/Trade Gap Grows Slightly As Exports Remain Strong.txt,0.9848017692565918,0.9709322190284729,10,25,35
"Trial Nears for Ex-China Aide, Held 2 1_2 Years.txt","/content/drive/MyDrive/extracted_files/hwbush_89-92/Trial Nears for Ex-China Aide, Held 2 1_2 Years.txt",0.9966074909482684,0.9557434643308321,7,24,31
Trial Starts for Tiananmen Dissident.txt,/content/drive/MyDrive/extracted_files/hwbush_89-92/Trial Starts for Tiananmen Dissident.txt,0.9305194765329361,0.9686796344243563,4,13,17
TURMOIL IN CHINA_ Reporter_s Notebook_Civil Warfare as a Spectator Sport.txt,/content/drive/MyDrive/extracted_files/hwbush_89-92/TURMOIL IN CHINA_ Reporter_s Notebook_Civil Warfare as a Spectator Sport.txt,0.9191256836056709,0.9689794835590181,24,63,87
Turmoil in China_2 STUDYING IN U.S. DISAPPEAR IN CHINA.txt,/content/drive/MyDrive/extracted_files/hwbush_89-92/Turmoil in China_2 STUDYING IN U.S. DISAPPEAR IN CHINA.txt,0.9211543542998177,0.9709186464548111,7,20,27
Turmoil in China_2 TV Networks Are Sending Top Anchors to China.txt,/content/drive/MyDrive/extracted_files/hwbush_89-92/Turmoil in China_2 TV Networks Are Sending Top Anchors to China.txt,0.9907136048589434,0.9764712623187474,7,14,21
TURMOIL IN CHINA_A Dialogue of Dissidents of 2 Worlds.txt,/content/drive/MyDrive/extracted_files/hwbush_89-92/TURMOIL IN CHINA_A Dialogue of Dissidents of 2 Worlds.txt,0.9339522201081981,0.9387477967474196,23,18,41
TURMOIL IN CHINA_ARTILLERY FIRING IN SUBURBS ADDS TO TENSIONS IN BEIJING_ MYSTERY ON LEADERS GROWS.txt,/content/drive/MyDrive/extracted_files/hwbush_89-92/TURMOIL IN CHINA_ARTILLERY FIRING IN SUBURBS ADDS TO TENSIONS IN BEIJING_ MYSTERY ON LEADERS GROWS.txt,0.9288039390857403,0.9659645957489537,13,73,86
Turmoil in China_Beijing Ousts 2 American Correspondents.txt,/content/drive/MyDrive/extracted_files/hwbush_89-92/Turmoil in China_Beijing Ousts 2 American Correspondents.txt,0.9391645055550796,0.9716255162891588,13,38,51
TURMOIL IN CHINA_British Take New Look at Hong Kong Policy.txt,/content/drive/MyDrive/extracted_files/hwbush_89-92/TURMOIL IN CHINA_British Take New Look at Hong Kong Policy.txt,0.9534073591232299,0.9628854393959045,5,4,9
TURMOIL IN CHINA_China Seeks Arrest of Its Top Dissident.txt,/content/drive/MyDrive/extracted_files/hwbush_89-92/TURMOIL IN CHINA_China Seeks Arrest of Its Top Dissident.txt,0.927330619096756,0.9668305687985178,10,59,69
TURMOIL IN CHINA_Chinese Students Keep Pressure On in the U.S.txt,/content/drive/MyDrive/extracted_files/hwbush_89-92/TURMOIL IN CHINA_Chinese Students Keep Pressure On in the U.S.txt,0.9388414556915695,0.950924860496147,37,51,88
TURMOIL IN CHINA_Did Heavens Finally Fall on Deng_ Some See His Defeat in China Events.txt,/content/drive/MyDrive/extracted_files/hwbush_89-92/TURMOIL IN CHINA_Did Heavens Finally Fall on Deng_ Some See His Defeat in China Events.txt,0.9065672221936678,0.9177406179277521,19,19,38
"Turmoil in China_Far From Beijing_s Spotlight, A City Bears Scars of Clashes.txt","/content/drive/MyDrive/extracted_files/hwbush_89-92/Turmoil in China_Far From Beijing_s Spotlight, A City Bears Scars of Clashes.txt",0.9374507963657379,0.958699855953455,14,48,62
"TURMOIL IN CHINA_For Beijing, A Shortfall In Soy Sauce.txt","/content/drive/MyDrive/extracted_files/hwbush_89-92/TURMOIL IN CHINA_For Beijing, A Shortfall In Soy Sauce.txt",0.8896742463111877,0.9778434148541203,6,27,33
TURMOIL IN CHINA_Foreigners Scramble to Leave Beijing.txt,/content/drive/MyDrive/extracted_files/hwbush_89-92/TURMOIL IN CHINA_Foreigners Scramble to Leave Beijing.txt,0.9465876768032709,0.9461979193072165,12,31,43
Turmoil in China_Foreigners Tell of Fear And Chaos.txt,/content/drive/MyDrive/extracted_files/hwbush_89-92/Turmoil in China_Foreigners Tell of Fear And Chaos.txt,0.941961133480072,0.9572652969509363,5,32,37
"TURMOIL IN CHINA_From the Security Apparatus, An Obscure Leader Emerges.txt","/content/drive/MyDrive/extracted_files/hwbush_89-92/TURMOIL IN CHINA_From the Security Apparatus, An Obscure Leader Emerges.txt",0.8943110257387161,0.8555018901824951,12,8,20
TURMOIL IN CHINA_Gorbachev Expresses Regret on China Strife.txt,/content/drive/MyDrive/extracted_files/hwbush_89-92/TURMOIL IN CHINA_Gorbachev Expresses Regret on China Strife.txt,0.9369826674461365,0.9086942821741104,5,4,9
Turmoil in China_Gorbachev Mutes His Voice in China.txt,/content/drive/MyDrive/extracted_files/hwbush_89-92/Turmoil in China_Gorbachev Mutes His Voice in China.txt,0.8930731296539307,0.9267196144376483,10,21,31
"TURMOIL IN CHINA_Hard-liners Seem to Control Politics, But the Economy Is Another Matter.txt","/content/drive/MyDrive/extracted_files/hwbush_89-92/TURMOIL IN CHINA_Hard-liners Seem to Control Politics, But the Economy Is Another Matter.txt",0.9459825791418552,0.9622819694605741,16,66,82
Turmoil in China_Hong Kong Cancels Mourning Rallies.txt,/content/drive/MyDrive/extracted_files/hwbush_89-92/Turmoil in China_Hong Kong Cancels Mourning Rallies.txt,0.9353712300459543,0.977286491394043,6,25,31
TURMOIL IN CHINA_Poll Says Two-Thirds Back Bush on Beijing.txt,/content/drive/MyDrive/extracted_files/hwbush_89-92/TURMOIL IN CHINA_Poll Says Two-Thirds Back Bush on Beijing.txt,0.9416143417358398,0.8719840764999389,5,5,10
TURMOIL IN CHINA_Pronouncing the Names.txt,/content/drive/MyDrive/extracted_files/hwbush_89-92/TURMOIL IN CHINA_Pronouncing the Names.txt,,0.9959607720375061,0,1,1
TURMOIL IN CHINA_Rallies Are Held Across U.S. To Back Protesters in China.txt,/content/drive/MyDrive/extracted_files/hwbush_89-92/TURMOIL IN CHINA_Rallies Are Held Across U.S. To Back Protesters in China.txt,0.9796483069658279,0.9651422947645187,4,4,8
TURMOIL IN CHINA_Reagan Optimistic on China.txt,/content/drive/MyDrive/extracted_files/hwbush_89-92/TURMOIL IN CHINA_Reagan Optimistic on China.txt,0.9843905568122864,,2,0,2
"Turmoil in China_Shanghai Issues an Appeal for Calm, and a Warning to Go With It.txt","/content/drive/MyDrive/extracted_files/hwbush_89-92/Turmoil in China_Shanghai Issues an Appeal for Calm, and a Warning to Go With It.txt",0.9795086160302162,0.9666268516469885,8,27,35
TURMOIL IN CHINA_Shanghai Reports Dissidents_ Arrest.txt,/content/drive/MyDrive/extracted_files/hwbush_89-92/TURMOIL IN CHINA_Shanghai Reports Dissidents_ Arrest.txt,0.852786103884379,0.973566715364103,3,27,30
TURMOIL IN CHINA_State Dept. Making Plans for Airlift of Americans.txt,/content/drive/MyDrive/extracted_files/hwbush_89-92/TURMOIL IN CHINA_State Dept. Making Plans for Airlift of Americans.txt,0.9248380831309727,0.9529243318930917,7,23,30
Turmoil in China_Student Recounts 5 Days of Questioning by Police.txt,/content/drive/MyDrive/extracted_files/hwbush_89-92/Turmoil in China_Student Recounts 5 Days of Questioning by Police.txt,0.9756575657261742,0.9876528901438559,18,31,49
TURMOIL IN CHINA_Students in Shanghai Wage War of Buses With Officials.txt,/content/drive/MyDrive/extracted_files/hwbush_89-92/TURMOIL IN CHINA_Students in Shanghai Wage War of Buses With Officials.txt,0.9009511669476827,0.9720903731161549,9,31,40
Turmoil in China_U.S. CHIDES CHINA OVER 2 EXPULSIONS.txt,/content/drive/MyDrive/extracted_files/hwbush_89-92/Turmoil in China_U.S. CHIDES CHINA OVER 2 EXPULSIONS.txt,0.8073528607686361,0.9840955336888632,6,9,15
"Turmoil in China_U.S. Says 200,000 Troops Are Near Chinese Capital.txt","/content/drive/MyDrive/extracted_files/hwbush_89-92/Turmoil in China_U.S. Says 200,000 Troops Are Near Chinese Capital.txt",0.923618712595531,0.968248195268891,14,44,58
TURMOIL IN CHINA_U.S. Suggests Way Out Of Dispute on Dissidents.txt,/content/drive/MyDrive/extracted_files/hwbush_89-92/TURMOIL IN CHINA_U.S. Suggests Way Out Of Dispute on Dissidents.txt,0.9375290930271148,0.9755566886493138,10,28,38
Turmoil in China_U.S. to Withhold U.N. Funds Over China Population Plan.txt,/content/drive/MyDrive/extracted_files/hwbush_89-92/Turmoil in China_U.S. to Withhold U.N. Funds Over China Population Plan.txt,,0.9957017004489899,0,4,4
Turmoil in China_Yale Plans a Benefit Concert To Help Wounded Protesters.txt,/content/drive/MyDrive/extracted_files/hwbush_89-92/Turmoil in China_Yale Plans a Benefit Concert To Help Wounded Protesters.txt,0.9964480698108673,0.9956004619598389,2,1,3
"TV VIEW_On Tiananmen Square, Echoes of Chicago in _68.txt","/content/drive/MyDrive/extracted_files/hwbush_89-92/TV VIEW_On Tiananmen Square, Echoes of Chicago in _68.txt",0.9726594616385067,0.9632887414523533,17,35,52
Twice-a-Week Ferry Service Links South Korea and China.txt,/content/drive/MyDrive/extracted_files/hwbush_89-92/Twice-a-Week Ferry Service Links South Korea and China.txt,0.9886167248090109,0.9702341854572296,3,2,5
Two Chinese Protesters Tell Of Detention on Anniversary.txt,/content/drive/MyDrive/extracted_files/hwbush_89-92/Two Chinese Protesters Tell Of Detention on Anniversary.txt,,0.9692131400108337,0,5,5
U. S. EASING CURBS AS CHINA DECLARES MARTIAL LAW OVER.txt,/content/drive/MyDrive/extracted_files/hwbush_89-92/U. S. EASING CURBS AS CHINA DECLARES MARTIAL LAW OVER.txt,0.8995507915814718,0.947860634688175,15,33,48
U.N. Family Planning Backed by House Unit.txt,/content/drive/MyDrive/extracted_files/hwbush_89-92/U.N. Family Planning Backed by House Unit.txt,0.9432198405265808,0.9512355668204171,2,7,9
U.N. Panel Backs 3 Translators Ousted at Beijing_s Request.txt,/content/drive/MyDrive/extracted_files/hwbush_89-92/U.N. Panel Backs 3 Translators Ousted at Beijing_s Request.txt,0.7786090523004532,0.9741664007306099,4,8,12
U.N. Panel Puts China on List Of Human Rights Defendants.txt,/content/drive/MyDrive/extracted_files/hwbush_89-92/U.N. Panel Puts China on List Of Human Rights Defendants.txt,0.886187473932902,0.9428877199397367,6,17,23
U.N. Passes Voluntary Register to Curb Arms Sales.txt,/content/drive/MyDrive/extracted_files/hwbush_89-92/U.N. Passes Voluntary Register to Curb Arms Sales.txt,0.91107227653265,0.9411792407433192,8,12,20
U.N. Population Plan for China a Test for U.S.txt,/content/drive/MyDrive/extracted_files/hwbush_89-92/U.N. Population Plan for China a Test for U.S.txt,0.9830199480056763,0.9819116562604904,3,20,23
U.S Senate Trade Conditions Are _Unacceptable_ to Beijing.txt,/content/drive/MyDrive/extracted_files/hwbush_89-92/U.S Senate Trade Conditions Are _Unacceptable_ to Beijing.txt,0.9984135627746582,0.982281818985939,1,4,5
U.S. Acts to Free 2 Chinese Dissidents.txt,/content/drive/MyDrive/extracted_files/hwbush_89-92/U.S. Acts to Free 2 Chinese Dissidents.txt,0.8397806968007769,0.9648675778332878,7,17,24
U.S. and China Reach Accord on Copying.txt,/content/drive/MyDrive/extracted_files/hwbush_89-92/U.S. and China Reach Accord on Copying.txt,0.9185052216053009,0.9340725580851237,10,15,25
U.S. and China Resume Fulbright Program.txt,/content/drive/MyDrive/extracted_files/hwbush_89-92/U.S. and China Resume Fulbright Program.txt,0.8582050402959188,0.9963694214820862,3,2,5
U.S. Bars Chinese Role At Talks on Air Pollution.txt,/content/drive/MyDrive/extracted_files/hwbush_89-92/U.S. Bars Chinese Role At Talks on Air Pollution.txt,0.9233927071094513,0.9333370208740235,10,10,20
U.S. Calls North Korea Atom Plan a Global Concern.txt,/content/drive/MyDrive/extracted_files/hwbush_89-92/U.S. Calls North Korea Atom Plan a Global Concern.txt,0.8510616506849017,0.9351797103881836,14,16,30
U.S. Companies Consider Options for Business in China.txt,/content/drive/MyDrive/extracted_files/hwbush_89-92/U.S. Companies Consider Options for Business in China.txt,0.9322465828486851,0.9730107598006725,7,16,23
U.S. Envoy to China Has Quarrel With Rights Protestors in Seattle.txt,/content/drive/MyDrive/extracted_files/hwbush_89-92/U.S. Envoy to China Has Quarrel With Rights Protestors in Seattle.txt,0.9628749887148539,0.9481788327296575,9,12,21
U.S. GRANTS BOEING A WAIVER TO SELL JETLINERS TO CHINA.txt,/content/drive/MyDrive/extracted_files/hwbush_89-92/U.S. GRANTS BOEING A WAIVER TO SELL JETLINERS TO CHINA.txt,0.8741057366132736,0.9436123871034191,12,31,43
U.S. Lawmakers Visit China_ First Time Since Crackdown.txt,/content/drive/MyDrive/extracted_files/hwbush_89-92/U.S. Lawmakers Visit China_ First Time Since Crackdown.txt,0.9827696283658346,0.9988664388656616,3,1,4
U.S. Lifts Its Sanctions on China Over High-Technology Transfers.txt,/content/drive/MyDrive/extracted_files/hwbush_89-92/U.S. Lifts Its Sanctions on China Over High-Technology Transfers.txt,0.8965075959761938,0.9465082362294197,12,24,36
U.S. Lodges Protest With China_ A Taiwan Journalist Is Arrested.txt,/content/drive/MyDrive/extracted_files/hwbush_89-92/U.S. Lodges Protest With China_ A Taiwan Journalist Is Arrested.txt,0.7569094002246857,0.9369490718841553,2,25,27
U.S. READY TO LET SATELLITES GO UP ON SOVIET ROCKETS.txt,/content/drive/MyDrive/extracted_files/hwbush_89-92/U.S. READY TO LET SATELLITES GO UP ON SOVIET ROCKETS.txt,0.9487122495969137,0.9557097996434858,12,31,43
U.S. Says China Sent Large Arms Supplies to Khmer Rouge.txt,/content/drive/MyDrive/extracted_files/hwbush_89-92/U.S. Says China Sent Large Arms Supplies to Khmer Rouge.txt,0.8618152629245411,0.9552002186360566,11,23,34
U.S. Sees Months of Talks Needed for World Trade Pact.txt,/content/drive/MyDrive/extracted_files/hwbush_89-92/U.S. Sees Months of Talks Needed for World Trade Pact.txt,0.9174786872333951,0.9812855273485184,9,24,33
U.S. Sees Summit as Positive Event.txt,/content/drive/MyDrive/extracted_files/hwbush_89-92/U.S. Sees Summit as Positive Event.txt,0.9396456134946722,0.9762113571166993,19,20,39
U.S. SEIZES YACHT CARRYING 85 ALIENS.txt,/content/drive/MyDrive/extracted_files/hwbush_89-92/U.S. SEIZES YACHT CARRYING 85 ALIENS.txt,0.7866025964419047,0.9685441881418229,6,20,26
U.S. Solar Sensor Is Launched by Chinese Rocket.txt,/content/drive/MyDrive/extracted_files/hwbush_89-92/U.S. Solar Sensor Is Launched by Chinese Rocket.txt,0.8950016617774963,0.9370607078075409,10,10,20
U.S. Spy Plane Crashes in South China Sea.txt,/content/drive/MyDrive/extracted_files/hwbush_89-92/U.S. Spy Plane Crashes in South China Sea.txt,0.8943970600763956,0.9665338056428092,3,7,10
U.S. Suspends High-Level Links To China as Crackdown Goes On.txt,/content/drive/MyDrive/extracted_files/hwbush_89-92/U.S. Suspends High-Level Links To China as Crackdown Goes On.txt,0.9173075705766678,0.9172360073952448,8,21,29
U.S. Verdict on Rights Is Assailed by China.txt,/content/drive/MyDrive/extracted_files/hwbush_89-92/U.S. Verdict on Rights Is Assailed by China.txt,0.9172170460224152,0.9985625296831131,4,4,8
U.S. VOICES REGRET AT EVENTS IN CHINA.txt,/content/drive/MyDrive/extracted_files/hwbush_89-92/U.S. VOICES REGRET AT EVENTS IN CHINA.txt,0.9364592134952545,0.9331879741267154,8,19,27
U.S. WEIGHS MOVES ON CHINESE TRADE.txt,/content/drive/MyDrive/extracted_files/hwbush_89-92/U.S. WEIGHS MOVES ON CHINESE TRADE.txt,0.8839449286460876,0.9088719321621789,6,18,24
U.S. Weighs Reaction to China Moves.txt,/content/drive/MyDrive/extracted_files/hwbush_89-92/U.S. Weighs Reaction to China Moves.txt,0.9398642995140769,0.964265904005836,11,17,28
U.S.-China Diplomat Quarrel Grows.txt,/content/drive/MyDrive/extracted_files/hwbush_89-92/U.S.-China Diplomat Quarrel Grows.txt,0.8104198475678762,0.9679734583558708,6,29,35
U.S.-Soviet-Chinese Teams Will Jointly Attempt Everest.txt,/content/drive/MyDrive/extracted_files/hwbush_89-92/U.S.-Soviet-Chinese Teams Will Jointly Attempt Everest.txt,0.9650033712387085,,5,0,5
U.S.-Taiwan Trade Talks.txt,/content/drive/MyDrive/extracted_files/hwbush_89-92/U.S.-Taiwan Trade Talks.txt,0.9579052527745565,0.8940224498510361,3,4,7
"Ulan Bator Journal_With Genghis Revived, What Will Mongols Do_.txt","/content/drive/MyDrive/extracted_files/hwbush_89-92/Ulan Bator Journal_With Genghis Revived, What Will Mongols Do_.txt",0.9466073140501976,0.9276717211070814,16,19,35
Uncertainty About Iraq Slows Rise in Oil Prices.txt,/content/drive/MyDrive/extracted_files/hwbush_89-92/Uncertainty About Iraq Slows Rise in Oil Prices.txt,0.9266836047172546,0.9802265625733596,2,13,15
Unpopularity No Obstacle in Chinese Politics.txt,/content/drive/MyDrive/extracted_files/hwbush_89-92/Unpopularity No Obstacle in Chinese Politics.txt,0.9771003425121307,0.9234121476902681,6,17,23
Upheaval in China_. . . As Chinese in U.S. Pierce a News Blockade.txt,/content/drive/MyDrive/extracted_files/hwbush_89-92/Upheaval in China_. . . As Chinese in U.S. Pierce a News Blockade.txt,0.8906640013058981,0.9549990665344965,6,21,27
"UPHEAVAL IN CHINA_200,000 at Hong Kong Rally Pledge to Continue Struggle.txt","/content/drive/MyDrive/extracted_files/hwbush_89-92/UPHEAVAL IN CHINA_200,000 at Hong Kong Rally Pledge to Continue Struggle.txt",0.9906607170899709,0.9105696082115173,6,5,11
UPHEAVAL IN CHINA_BAKER SAYS WORRY ABOUT CHINA RISES.txt,/content/drive/MyDrive/extracted_files/hwbush_89-92/UPHEAVAL IN CHINA_BAKER SAYS WORRY ABOUT CHINA RISES.txt,0.9461482087771098,0.9464756002028784,15,12,27
UPHEAVAL IN CHINA_Britain Urges Restraint.txt,/content/drive/MyDrive/extracted_files/hwbush_89-92/UPHEAVAL IN CHINA_Britain Urges Restraint.txt,0.591437816619873,0.9819175899028778,1,2,3
Upheaval in China_Canton_s Prosperous Students March.txt,/content/drive/MyDrive/extracted_files/hwbush_89-92/Upheaval in China_Canton_s Prosperous Students March.txt,0.9401404697161454,0.9537606352851504,26,21,47
Upheaval in China_China Allows Foreign Broadcasters to Resume News Transmission.txt,/content/drive/MyDrive/extracted_files/hwbush_89-92/Upheaval in China_China Allows Foreign Broadcasters to Resume News Transmission.txt,0.9019990921020508,0.9840818378660414,10,18,28
UPHEAVAL IN CHINA_CHINESE STUDENTS URGE END TO SIEGE OF BEIJING SQUARE.txt,/content/drive/MyDrive/extracted_files/hwbush_89-92/UPHEAVAL IN CHINA_CHINESE STUDENTS URGE END TO SIEGE OF BEIJING SQUARE.txt,0.9485302672666662,0.9667191478339109,17,44,61
UPHEAVAL IN CHINA_Diplomats Say China Is Mired in Crisis It Could Have Averted.txt,/content/drive/MyDrive/extracted_files/hwbush_89-92/UPHEAVAL IN CHINA_Diplomats Say China Is Mired in Crisis It Could Have Averted.txt,0.9775053593847487,0.9236884388056669,18,11,29
UPHEAVAL IN CHINA_Dissident in the U.S. Hears of Deep Cracks in the Party.txt,/content/drive/MyDrive/extracted_files/hwbush_89-92/UPHEAVAL IN CHINA_Dissident in the U.S. Hears of Deep Cracks in the Party.txt,0.9271371279444013,0.9379736971855164,7,25,32
"UPHEAVAL IN CHINA_Facing the People, the Soldiers Fall Back.txt","/content/drive/MyDrive/extracted_files/hwbush_89-92/UPHEAVAL IN CHINA_Facing the People, the Soldiers Fall Back.txt",0.8940028869188749,0.9512775795800346,13,21,34
UPHEAVAL IN CHINA_Hong Kong Turns Out in Protest Against Its Once and Future Ruler.txt,/content/drive/MyDrive/extracted_files/hwbush_89-92/UPHEAVAL IN CHINA_Hong Kong Turns Out in Protest Against Its Once and Future Ruler.txt,0.9319051674434117,0.9329531341791153,7,16,23
"UPHEAVAL IN CHINA_In Beijing Protests, Changes By Deng Return to Vex Him.txt","/content/drive/MyDrive/extracted_files/hwbush_89-92/UPHEAVAL IN CHINA_In Beijing Protests, Changes By Deng Return to Vex Him.txt",0.9565301397267509,0.933646579583486,17,15,32
"UPHEAVAL IN CHINA_People_s Army, Faced by the People, May Be Opening a New Chapter.txt","/content/drive/MyDrive/extracted_files/hwbush_89-92/UPHEAVAL IN CHINA_People_s Army, Faced by the People, May Be Opening a New Chapter.txt",0.9649322562747531,0.9585052466392517,18,25,43
Upheaval in China_Radio Broadcasts Report Pro-Student Demonstrations Breaking Out All Over China.txt,/content/drive/MyDrive/extracted_files/hwbush_89-92/Upheaval in China_Radio Broadcasts Report Pro-Student Demonstrations Breaking Out All Over China.txt,0.9544438123703003,0.899052875883439,10,17,27
UPHEAVAL IN CHINA_Reluctant Rebel Joins Students_ Cause.txt,/content/drive/MyDrive/extracted_files/hwbush_89-92/UPHEAVAL IN CHINA_Reluctant Rebel Joins Students_ Cause.txt,0.9854088962078095,0.9760745678629194,20,21,41
UPHEAVAL IN CHINA_Shanghai Protesters_ A Finger on the Switch of China_s Industrial Dynamo.txt,/content/drive/MyDrive/extracted_files/hwbush_89-92/UPHEAVAL IN CHINA_Shanghai Protesters_ A Finger on the Switch of China_s Industrial Dynamo.txt,0.923593228771573,0.97277082158969,21,26,47
"UPHEAVAL IN CHINA_Since Martial Law, Protest Crackles With Fury at Deng.txt","/content/drive/MyDrive/extracted_files/hwbush_89-92/UPHEAVAL IN CHINA_Since Martial Law, Protest Crackles With Fury at Deng.txt",0.9312060089672313,0.9545646011829376,17,28,45
UPHEAVAL IN CHINA_TASS GIVES DETAILS OF CHINA_S TURMOIL.txt,/content/drive/MyDrive/extracted_files/hwbush_89-92/UPHEAVAL IN CHINA_TASS GIVES DETAILS OF CHINA_S TURMOIL.txt,0.9744379162788391,0.9735241830348969,5,10,15
Upheaval in China_Tide Turns Toward Chinese Hard-Liner.txt,/content/drive/MyDrive/extracted_files/hwbush_89-92/Upheaval in China_Tide Turns Toward Chinese Hard-Liner.txt,0.9232782555951012,0.9627798025806745,18,48,66
"UPHEAVAL IN CHINA_TV Steps Into the Fray, and Alters It.txt","/content/drive/MyDrive/extracted_files/hwbush_89-92/UPHEAVAL IN CHINA_TV Steps Into the Fray, and Alters It.txt",0.9466934098916895,0.9776752660440844,17,43,60
UPHEAVAL IN CHINA_U.S. Extends Travel Warning.txt,/content/drive/MyDrive/extracted_files/hwbush_89-92/UPHEAVAL IN CHINA_U.S. Extends Travel Warning.txt,,0.9593890607357025,0,2,2
UPHEAVAL IN CHINA_Yearnings of Youth_ An Old Pattern.txt,/content/drive/MyDrive/extracted_files/hwbush_89-92/UPHEAVAL IN CHINA_Yearnings of Youth_ An Old Pattern.txt,0.9612349510192871,0.9383998541604905,35,21,56
UPHEAVAL IN THE EAST_ CHINA_Chinese Press Is Silent on Gorbachev Plans to End Party Monopoly.txt,/content/drive/MyDrive/extracted_files/hwbush_89-92/UPHEAVAL IN THE EAST_ CHINA_Chinese Press Is Silent on Gorbachev Plans to End Party Monopoly.txt,0.866847924888134,0.9202615829075084,8,17,25
"UPHEAVAL IN THE EAST_ China_In Reaction to Rumania, A Hardening in Beijing.txt","/content/drive/MyDrive/extracted_files/hwbush_89-92/UPHEAVAL IN THE EAST_ China_In Reaction to Rumania, A Hardening in Beijing.txt",0.9355093921933856,0.9683148804165068,7,21,28
UPHEAVAL IN THE EAST_Bush Defends China Visit_ Is Open to East Berlin Aid.txt,/content/drive/MyDrive/extracted_files/hwbush_89-92/UPHEAVAL IN THE EAST_Bush Defends China Visit_ Is Open to East Berlin Aid.txt,0.9803261889351739,0.9602883497873942,18,15,33
Upheaval in the East_China Bitterly Protests Sanctions by Congress.txt,/content/drive/MyDrive/extracted_files/hwbush_89-92/Upheaval in the East_China Bitterly Protests Sanctions by Congress.txt,0.982061755657196,0.9682884141802788,5,16,21
Using Yak Hair to Woo Business.txt,/content/drive/MyDrive/extracted_files/hwbush_89-92/Using Yak Hair to Woo Business.txt,0.9491631943604042,0.9683578515052795,29,50,79
Vancouver Journal_City Is Beginning to Look a Lot Like Hong Kong.txt,/content/drive/MyDrive/extracted_files/hwbush_89-92/Vancouver Journal_City Is Beginning to Look a Lot Like Hong Kong.txt,0.9728252632277352,0.9589809825023016,28,12,40
Vietnam Leaders Reported Deeply Divided.txt,/content/drive/MyDrive/extracted_files/hwbush_89-92/Vietnam Leaders Reported Deeply Divided.txt,0.9512798719935947,0.9690889671996787,9,27,36
Vietnamese Report Progress In Their Talks With Chinese.txt,/content/drive/MyDrive/extracted_files/hwbush_89-92/Vietnamese Report Progress In Their Talks With Chinese.txt,0.8594185411930084,0.9388360381126404,2,2,4
Violence Grips Hong Kong and Triads Are Blamed.txt,/content/drive/MyDrive/extracted_files/hwbush_89-92/Violence Grips Hong Kong and Triads Are Blamed.txt,0.8186705807844797,0.9528853217760722,6,15,21
Visit to an Ideal Landscape.txt,/content/drive/MyDrive/extracted_files/hwbush_89-92/Visit to an Ideal Landscape.txt,0.9780204809945205,0.9267501882884813,29,23,52
Voice From Tiananmen Now Heard at Wellesley.txt,/content/drive/MyDrive/extracted_files/hwbush_89-92/Voice From Tiananmen Now Heard at Wellesley.txt,0.9776081930507313,0.9521271049976349,22,20,42
Voice of America Beams TV Signals to China.txt,/content/drive/MyDrive/extracted_files/hwbush_89-92/Voice of America Beams TV Signals to China.txt,0.956524770706892,0.9655702551205952,16,15,31
Voice of America Has Won the Ear of China.txt,/content/drive/MyDrive/extracted_files/hwbush_89-92/Voice of America Has Won the Ear of China.txt,0.9741974323987961,0.9598342335742452,8,23,31
"VOICES OF THE PARTY FAITHFUL_ SEARCHING FOR A PATH IN A NEW ERA_OPENNESS ABOUT CYNICISM_ ANONYMOUS,.txt","/content/drive/MyDrive/extracted_files/hwbush_89-92/VOICES OF THE PARTY FAITHFUL_ SEARCHING FOR A PATH IN A NEW ERA_OPENNESS ABOUT CYNICISM_ ANONYMOUS,.txt",0.9619650680285233,0.9921384833075784,26,22,48
"VOICES OF THE PARTY FAITHFUL_ SEARCHING FOR A PATH IN A NEW ERA_REVIVAL FROM WITHIN_ Huang Gang, Wri.txt","/content/drive/MyDrive/extracted_files/hwbush_89-92/VOICES OF THE PARTY FAITHFUL_ SEARCHING FOR A PATH IN A NEW ERA_REVIVAL FROM WITHIN_ Huang Gang, Wri.txt",0.9415998578071594,0.9829454296513608,15,19,34
Wanted_ A Lift for China_s Can Industry.txt,/content/drive/MyDrive/extracted_files/hwbush_89-92/Wanted_ A Lift for China_s Can Industry.txt,0.9687095979849497,0.9807091818915473,12,18,30
WASHINGTON TALK_Crisis Management For Business in China.txt,/content/drive/MyDrive/extracted_files/hwbush_89-92/WASHINGTON TALK_Crisis Management For Business in China.txt,0.9454500476519266,0.8668956696987152,15,10,25
WASHINGTON TALK_Diplomacy.txt,/content/drive/MyDrive/extracted_files/hwbush_89-92/WASHINGTON TALK_Diplomacy.txt,0.9764670567079023,0.9713906308879023,11,23,34
We Must Change Our Lives.txt,/content/drive/MyDrive/extracted_files/hwbush_89-92/We Must Change Our Lives.txt,0.9713881668590364,0.9455003837744395,63,30,93
WESTCHESTER GUIDE.txt,/content/drive/MyDrive/extracted_files/hwbush_89-92/WESTCHESTER GUIDE.txt,0.9854309575898307,0.9136467117529649,35,13,48
WESTCHESTER OPINION_Boyhood MemoriesOf China_s New Year.txt,/content/drive/MyDrive/extracted_files/hwbush_89-92/WESTCHESTER OPINION_Boyhood MemoriesOf China_s New Year.txt,0.9755324071103876,0.9213402616350275,22,19,41
Western Dance For Beijing.txt,/content/drive/MyDrive/extracted_files/hwbush_89-92/Western Dance For Beijing.txt,0.9783158361911773,0.9678508043289185,30,14,44
Westerners Discover a Chinese Secret_ Cooking With Tea.txt,/content/drive/MyDrive/extracted_files/hwbush_89-92/Westerners Discover a Chinese Secret_ Cooking With Tea.txt,0.9523360146416558,0.9376418987909952,45,51,96
What Lies Behind The Strange Smile On the _Mona Lisa_.txt,/content/drive/MyDrive/extracted_files/hwbush_89-92/What Lies Behind The Strange Smile On the _Mona Lisa_.txt,0.9515544772148132,0.9786528795957565,35,24,59
"What Other Countries Think of the U.S. Elections_ China_Bush Is an Old Friend, And Defends Open Trad.txt","/content/drive/MyDrive/extracted_files/hwbush_89-92/What Other Countries Think of the U.S. Elections_ China_Bush Is an Old Friend, And Defends Open Trad.txt",0.9318941473960877,0.9515655338764191,5,4,9
What the U.S. Said About China in June.txt,/content/drive/MyDrive/extracted_files/hwbush_89-92/What the U.S. Said About China in June.txt,0.9976778984069824,0.9524739185969034,5,6,11
WHAT_S DOING IN_ Beijing.txt,/content/drive/MyDrive/extracted_files/hwbush_89-92/WHAT_S DOING IN_ Beijing.txt,0.9555299179628491,0.8849085628986358,64,30,94
WHAT_S DOING IN_ Hong Kong.txt,/content/drive/MyDrive/extracted_files/hwbush_89-92/WHAT_S DOING IN_ Hong Kong.txt,0.9722075749720845,0.9397384749876486,56,37,93
WHAT_S DOING IN_ Singapore.txt,/content/drive/MyDrive/extracted_files/hwbush_89-92/WHAT_S DOING IN_ Singapore.txt,0.9557260578328913,0.9041197010449,55,35,90
WHAT_S DOING IN_Hong Kong.txt,/content/drive/MyDrive/extracted_files/hwbush_89-92/WHAT_S DOING IN_Hong Kong.txt,0.9567550821946218,0.8880353951454163,52,25,77
"WHAT_S NEW IN DIAPERS_For Delivery Services, Buying From China is Cheaper.txt","/content/drive/MyDrive/extracted_files/hwbush_89-92/WHAT_S NEW IN DIAPERS_For Delivery Services, Buying From China is Cheaper.txt",0.8825840651988983,0.9799314856529235,4,20,24
Wheat Offer Made to China.txt,/content/drive/MyDrive/extracted_files/hwbush_89-92/Wheat Offer Made to China.txt,0.8942021429538727,0.9842538436253866,2,3,5
Wheat Sale to China.txt,/content/drive/MyDrive/extracted_files/hwbush_89-92/Wheat Sale to China.txt,,0.9833544194698334,0,2,2
Wife of Jailed China Dissident Is Left Homeless by Eviction.txt,/content/drive/MyDrive/extracted_files/hwbush_89-92/Wife of Jailed China Dissident Is Left Homeless by Eviction.txt,0.8875037878751755,0.9913677139715715,4,22,26
"With Difficulty, China Moves to Regain Business.txt","/content/drive/MyDrive/extracted_files/hwbush_89-92/With Difficulty, China Moves to Regain Business.txt",0.9204291939735413,0.9695451408624649,10,36,46
"With Its Population Still on Rise, Beijing Pushes One-Child Family.txt","/content/drive/MyDrive/extracted_files/hwbush_89-92/With Its Population Still on Rise, Beijing Pushes One-Child Family.txt",0.9093852089001582,0.9558358852352414,13,56,69
Worker Departures Vex Hong Kong.txt,/content/drive/MyDrive/extracted_files/hwbush_89-92/Worker Departures Vex Hong Kong.txt,0.9329076939158969,0.9193503070961345,9,22,31
Workers Joining Students In Beijing Demonstrations.txt,/content/drive/MyDrive/extracted_files/hwbush_89-92/Workers Joining Students In Beijing Demonstrations.txt,0.9469881296157837,0.9530382431470431,10,13,23
Workers_ Resistance Lags in Beijing.txt,/content/drive/MyDrive/extracted_files/hwbush_89-92/Workers_ Resistance Lags in Beijing.txt,0.9783082441850142,0.9759400025490792,11,31,42
WORLD BANK LENDS CHINA $114 MILLION.txt,/content/drive/MyDrive/extracted_files/hwbush_89-92/WORLD BANK LENDS CHINA $114 MILLION.txt,0.9785498976707458,0.8355361223220825,4,11,15
World Bank Seen Shifting China Stance.txt,/content/drive/MyDrive/extracted_files/hwbush_89-92/World Bank Seen Shifting China Stance.txt,0.95013880332311,0.945120632648468,15,20,35
World Bank_s China Talks.txt,/content/drive/MyDrive/extracted_files/hwbush_89-92/World Bank_s China Talks.txt,0.9743425647417704,0.962089737256368,3,6,9
"World Markets_Out of China, a Boost for Hong Kong.txt","/content/drive/MyDrive/extracted_files/hwbush_89-92/World Markets_Out of China, a Boost for Hong Kong.txt",0.9310943235953649,0.9324209131300449,24,16,40
World Markets_The Cable and Wireless Conundrum.txt,/content/drive/MyDrive/extracted_files/hwbush_89-92/World Markets_The Cable and Wireless Conundrum.txt,0.9351977275477515,0.969070399349386,18,22,40
"Writers in China Are Asked to Write, But Not Subversively.txt","/content/drive/MyDrive/extracted_files/hwbush_89-92/Writers in China Are Asked to Write, But Not Subversively.txt",0.9724724822574191,0.9743075482547283,27,32,59
"Wuhan Journal_At 102, He_s Back in School, With Many Like Him.txt","/content/drive/MyDrive/extracted_files/hwbush_89-92/Wuhan Journal_At 102, He_s Back in School, With Many Like Him.txt",0.9536802861839533,0.9144447147846222,32,10,42
Xiamen Journal_Chinese Isle Bewitched (and Bothered) by Taiwan.txt,/content/drive/MyDrive/extracted_files/hwbush_89-92/Xiamen Journal_Chinese Isle Bewitched (and Bothered) by Taiwan.txt,0.9631642165936922,0.9137540111939112,19,24,43
"Yangpu Journal_Months or Millennia After Flood, the Poor Endure.txt","/content/drive/MyDrive/extracted_files/hwbush_89-92/Yangpu Journal_Months or Millennia After Flood, the Poor Endure.txt",0.9927008077502251,0.9902337361127138,8,32,40
"Year Later, Chinese Father Grieves and Fears.txt","/content/drive/MyDrive/extracted_files/hwbush_89-92/Year Later, Chinese Father Grieves and Fears.txt",0.9450200162827969,0.9724725830939508,16,31,47
YELTSIN CUTS VISIT TO BEIJING SHORT.txt,/content/drive/MyDrive/extracted_files/hwbush_89-92/YELTSIN CUTS VISIT TO BEIJING SHORT.txt,0.9465794824063778,0.9318406656384468,16,24,40
YELTSIN STARTING 3-DAY CHINA VISIT.txt,/content/drive/MyDrive/extracted_files/hwbush_89-92/YELTSIN STARTING 3-DAY CHINA VISIT.txt,0.948738157749176,0.9079724379948207,13,7,20
_Bolder Approach_ Is Urged for China.txt,/content/drive/MyDrive/extracted_files/hwbush_89-92/_Bolder Approach_ Is Urged for China.txt,0.8917383734996502,0.9520618878304958,13,16,29
_GOING TO DEMOCRACY_.txt,/content/drive/MyDrive/extracted_files/hwbush_89-92/_GOING TO DEMOCRACY_.txt,0.9194644145343615,0.9266324987014135,23,12,35
_KILL THE FOREIGNER!_.txt,/content/drive/MyDrive/extracted_files/hwbush_89-92/_KILL THE FOREIGNER!_.txt,0.9787238240242004,0.9591954658771383,30,29,59
_Meddling_ by Chinese Is Worrying Hong Kong.txt,/content/drive/MyDrive/extracted_files/hwbush_89-92/_Meddling_ by Chinese Is Worrying Hong Kong.txt,0.9217425584793091,0.947757728099823,12,25,37
_New Authoritarianism_ Seen in Chinese Actions.txt,/content/drive/MyDrive/extracted_files/hwbush_89-92/_New Authoritarianism_ Seen in Chinese Actions.txt,0.9107954757554191,0.9759536764838479,14,22,36
_What Do You Teach the Little Ones__.txt,/content/drive/MyDrive/extracted_files/hwbush_89-92/_What Do You Teach the Little Ones__.txt,0.9716110566388005,0.9799284960912622,23,23,46
_YOUR MOTHER IS IN YOUR BONES_.txt,/content/drive/MyDrive/extracted_files/hwbush_89-92/_YOUR MOTHER IS IN YOUR BONES_.txt,0.9587771779504316,0.9471345278951857,58,45,103
"1,000 Chinese Journalists Call For Greater Freedom of Press.txt","/content/drive/MyDrive/extracted_files/hwbush_89-92/1,000 Chinese Journalists Call For Greater Freedom of Press.txt",0.991902768611908,0.9403625130653381,2,17,19
"10,000 in Hong Kong Rally for a Free China.txt","/content/drive/MyDrive/extracted_files/hwbush_89-92/10,000 in Hong Kong Rally for a Free China.txt",0.9909790953000387,0.9580405801534653,3,4,7
100 Chinese Defy a Ban.txt,/content/drive/MyDrive/extracted_files/hwbush_89-92/100 Chinese Defy a Ban.txt,0.9892776012420654,0.9981421530246735,1,2,3
115 Killed in Quake in China.txt,/content/drive/MyDrive/extracted_files/hwbush_89-92/115 Killed in Quake in China.txt,0.5825662612915039,0.9869661033153534,1,2,3
13 Are Charged in Violence Tied To Queens Gang.txt,/content/drive/MyDrive/extracted_files/hwbush_89-92/13 Are Charged in Violence Tied To Queens Gang.txt,0.8435521821180979,0.9624920375645161,6,16,22
"150,000 March in Defiance of Beijing.txt","/content/drive/MyDrive/extracted_files/hwbush_89-92/150,000 March in Defiance of Beijing.txt",0.9200914899508158,0.9415684161764203,15,33,48
2 CHINA DISSIDENTS DETAINED IN MAY.txt,/content/drive/MyDrive/extracted_files/hwbush_89-92/2 CHINA DISSIDENTS DETAINED IN MAY.txt,0.9887369076410929,0.9710189562577468,3,13,16
2 Chinese Businessmen Get Death Sentences for Theft.txt,/content/drive/MyDrive/extracted_files/hwbush_89-92/2 Chinese Businessmen Get Death Sentences for Theft.txt,,0.9408842921257019,0,4,4
2 From Hong Kong Expelled From Chinese Charter Panel.txt,/content/drive/MyDrive/extracted_files/hwbush_89-92/2 From Hong Kong Expelled From Chinese Charter Panel.txt,0.9301226735115051,0.9932858049869537,1,4,5
2 in Race Disagree On Defense And Trade.txt,/content/drive/MyDrive/extracted_files/hwbush_89-92/2 in Race Disagree On Defense And Trade.txt,0.9372139970461527,0.9627876492107615,18,17,35
2 Skulls in China_ Early Humans Outside Africa_.txt,/content/drive/MyDrive/extracted_files/hwbush_89-92/2 Skulls in China_ Early Humans Outside Africa_.txt,0.9259371757507324,0.9100110630194346,18,18,36
2 Student Leaders in U.S.txt,/content/drive/MyDrive/extracted_files/hwbush_89-92/2 Student Leaders in U.S.txt,0.9825196266174316,0.9823811650276184,6,5,11
2 U.S. Officials Went to Beijing Secretly in July.txt,/content/drive/MyDrive/extracted_files/hwbush_89-92/2 U.S. Officials Went to Beijing Secretly in July.txt,0.9783576401797208,0.9516195058822632,11,23,34
"2,000 Rally in Taipei for Speedier Changes.txt","/content/drive/MyDrive/extracted_files/hwbush_89-92/2,000 Rally in Taipei for Speedier Changes.txt",0.8360491394996643,0.9727131525675455,5,3,8
20 Die in Blast on Chinese Train.txt,/content/drive/MyDrive/extracted_files/hwbush_89-92/20 Die in Blast on Chinese Train.txt,0.8662645220756531,0.9904547929763794,3,14,17
3 U.S. Navy Warships Arrive In Shanghai on Courtesy Call.txt,/content/drive/MyDrive/extracted_files/hwbush_89-92/3 U.S. Navy Warships Arrive In Shanghai on Courtesy Call.txt,0.8462415635585785,0.9749520619710287,2,3,5
301 Chinese Expelled by Japan.txt,/content/drive/MyDrive/extracted_files/hwbush_89-92/301 Chinese Expelled by Japan.txt,0.9875251452128092,0.9453921690583229,3,8,11
39 Drug Executions in China.txt,/content/drive/MyDrive/extracted_files/hwbush_89-92/39 Drug Executions in China.txt,,0.9538525342941284,0,2,2
4 Million Donated to Yale for Chinese Studies Program.txt,/content/drive/MyDrive/extracted_files/hwbush_89-92/4 Million Donated to Yale for Chinese Studies Program.txt,0.974922239780426,,3,0,3
"5 Countries to Meet on Reviving Cambodia Peace Talks, Paris Says.txt","/content/drive/MyDrive/extracted_files/hwbush_89-92/5 Countries to Meet on Reviving Cambodia Peace Talks, Paris Says.txt",0.8768717509049636,0.9709970116615295,13,5,18
7 Chinese Reported Abducted at Kennedy.txt,/content/drive/MyDrive/extracted_files/hwbush_89-92/7 Chinese Reported Abducted at Kennedy.txt,0.9161319533983866,0.9904164969921112,3,4,7
7 Europeans Expelled From China After Protesting for Labor Rights.txt,/content/drive/MyDrive/extracted_files/hwbush_89-92/7 Europeans Expelled From China After Protesting for Labor Rights.txt,0.9338616877794266,0.9456431107087568,4,11,15
72 Killed as Typhoon Hits Chinese Province.txt,/content/drive/MyDrive/extracted_files/hwbush_89-92/72 Killed as Typhoon Hits Chinese Province.txt,,0.9080483147076198,0,7,7
"A 6-Foot-3, Blue-Eyed Taiwanese-American Is China_s Top Rocker.txt","/content/drive/MyDrive/extracted_files/hwbush_89-92/A 6-Foot-3, Blue-Eyed Taiwanese-American Is China_s Top Rocker.txt",0.9406835274262861,0.9471267342567444,22,20,42
A Bid for Power In Motion for Beijing.txt,/content/drive/MyDrive/extracted_files/hwbush_89-92/A Bid for Power In Motion for Beijing.txt,0.9339143070909712,0.9520426243543625,18,12,30
A Developer_s Big Gamble on the New Hong Kong.txt,/content/drive/MyDrive/extracted_files/hwbush_89-92/A Developer_s Big Gamble on the New Hong Kong.txt,0.9430183391822012,0.9282074716855895,38,53,91
A Different Drummer in Japan.txt,/content/drive/MyDrive/extracted_files/hwbush_89-92/A Different Drummer in Japan.txt,0.9601258267747595,0.9321386734644572,47,15,62
A Hard Line From China On Trade.txt,/content/drive/MyDrive/extracted_files/hwbush_89-92/A Hard Line From China On Trade.txt,0.96191765666008,0.9662495017051697,10,35,45
"A History of Asian Ceramics, All in One Place.txt","/content/drive/MyDrive/extracted_files/hwbush_89-92/A History of Asian Ceramics, All in One Place.txt",0.9822448045015335,0.8449542025725046,16,6,22
A Killing Underlines Graft in China.txt,/content/drive/MyDrive/extracted_files/hwbush_89-92/A Killing Underlines Graft in China.txt,0.9600769400596618,0.9719588736007954,10,29,39
A Man of Unspeakable Thoughts.txt,/content/drive/MyDrive/extracted_files/hwbush_89-92/A Man of Unspeakable Thoughts.txt,0.9453701972961426,0.9281506664825209,49,33,82
A Mystery From China_s Census_ Where Have Young Girls Gone_.txt,/content/drive/MyDrive/extracted_files/hwbush_89-92/A Mystery From China_s Census_ Where Have Young Girls Gone_.txt,0.9130026400089264,0.965759413582938,16,49,65
"A New Novel by Amy Tan, Who_s Still Trying to Adapt to Success.txt","/content/drive/MyDrive/extracted_files/hwbush_89-92/A New Novel by Amy Tan, Who_s Still Trying to Adapt to Success.txt",0.9585875051362174,0.9539887184898058,35,48,83
"A Rescue From Asia, But It_s Turned Down.txt","/content/drive/MyDrive/extracted_files/hwbush_89-92/A Rescue From Asia, But It_s Turned Down.txt",0.9675010763681852,0.9292367431852553,13,9,22
A Return to Pakistan.txt,/content/drive/MyDrive/extracted_files/hwbush_89-92/A Return to Pakistan.txt,0.9369595554229375,0.8901534676551819,148,62,210
A Top Chinese Leader Challenges Hard-Liners.txt,/content/drive/MyDrive/extracted_files/hwbush_89-92/A Top Chinese Leader Challenges Hard-Liners.txt,0.9462330117821693,0.9756593082262122,16,23,39
A Tour of Exotic Lands As Children Saw Them.txt,/content/drive/MyDrive/extracted_files/hwbush_89-92/A Tour of Exotic Lands As Children Saw Them.txt,0.9751181503136953,0.9664542078971863,24,1,25
"A View of Communism, as the Chinese See It.txt","/content/drive/MyDrive/extracted_files/hwbush_89-92/A View of Communism, as the Chinese See It.txt",0.9530480623245239,0.966557152569294,15,16,31
ABC Says Crew Was Detained.txt,/content/drive/MyDrive/extracted_files/hwbush_89-92/ABC Says Crew Was Detained.txt,,0.9690209329128265,0,2,2
About New York_A Fortune Will Greet You In an Endeavor Faraway.txt,/content/drive/MyDrive/extracted_files/hwbush_89-92/About New York_A Fortune Will Greet You In an Endeavor Faraway.txt,0.9640674040867732,0.9715904852618342,13,23,36
