file,file_path,avg_positive,avg_negative,positive_count,negative_count,num_sentences
"$11.86 Billion Loans to China PEKING, Aug. 24 (AP) -.txt","/content/drive/MyDrive/extracted_files/reagan_81-88/$11.86 Billion Loans to China PEKING, Aug. 24 (AP) -.txt",0.9688913226127625,0.9460494915644327,4,3,7
$550 MILLION CHINA LOAN IS APPROVED BY I.M.F.txt,/content/drive/MyDrive/extracted_files/reagan_81-88/$550 MILLION CHINA LOAN IS APPROVED BY I.M.F.txt,0.9041772931814194,0.9154630253712336,8,12,20
13 Officials From Tibet on Two-Week U.S. Tour.txt,/content/drive/MyDrive/extracted_files/reagan_81-88/13 Officials From Tibet on Two-Week U.S. Tour.txt,0.7559792399406433,0.9799140606607709,2,7,9
160 U.S. SCHOLARS IN APPEAL TO CHINA.txt,/content/drive/MyDrive/extracted_files/reagan_81-88/160 U.S. SCHOLARS IN APPEAL TO CHINA.txt,0.9441053186144147,0.960860550403595,14,14,28
18 From Council of Churches Plan November Visit to China.txt,/content/drive/MyDrive/extracted_files/reagan_81-88/18 From Council of Churches Plan November Visit to China.txt,0.9866291582584381,,4,0,4
2 American Tourists Are Still in Chinese Custody.txt,/content/drive/MyDrive/extracted_files/reagan_81-88/2 American Tourists Are Still in Chinese Custody.txt,0.9925117492675781,0.9575561583042145,6,16,22
2 ARRESTED IN SILICON VALLEY THEFT CASE.txt,/content/drive/MyDrive/extracted_files/reagan_81-88/2 ARRESTED IN SILICON VALLEY THEFT CASE.txt,0.7094587981700897,0.9492466335113232,2,26,28
"2 CLING TO CHINA, EVEN AFTER 21 YEARS OF NO CHOICE.txt","/content/drive/MyDrive/extracted_files/reagan_81-88/2 CLING TO CHINA, EVEN AFTER 21 YEARS OF NO CHOICE.txt",0.9548675205026355,0.9679346064041401,28,29,57
2 LEADERS FOLLOWED PARALLEL CAREERS WITH CONTRASTING STYLES.txt,/content/drive/MyDrive/extracted_files/reagan_81-88/2 LEADERS FOLLOWED PARALLEL CAREERS WITH CONTRASTING STYLES.txt,0.995845377445221,0.9238251199324926,15,12,27
2 PAPERS QUOTE JAPANESE LEADER ON ABILITIES OF MINORITIES IN U.S.txt,/content/drive/MyDrive/extracted_files/reagan_81-88/2 PAPERS QUOTE JAPANESE LEADER ON ABILITIES OF MINORITIES IN U.S.txt,0.9635846972465515,0.9708518033677881,5,22,27
"20 YEARS LATER, INDONESIA MOVES TO MAKE PEACE WITH ITS PAST.txt","/content/drive/MyDrive/extracted_files/reagan_81-88/20 YEARS LATER, INDONESIA MOVES TO MAKE PEACE WITH ITS PAST.txt",0.9866249312957128,0.9562117755413055,12,12,24
22 RARE DEER ARE RETURNED TO NATIVE GROUND IN CHINA.txt,/content/drive/MyDrive/extracted_files/reagan_81-88/22 RARE DEER ARE RETURNED TO NATIVE GROUND IN CHINA.txt,0.969047432144483,0.9789912592280995,12,11,23
25 Trampled in China.txt,/content/drive/MyDrive/extracted_files/reagan_81-88/25 Trampled in China.txt,,0.9863188068072001,0,3,3
30 YEARS OF SPYING FOR CHINA IS CHARGED.txt,/content/drive/MyDrive/extracted_files/reagan_81-88/30 YEARS OF SPYING FOR CHINA IS CHARGED.txt,0.9229655521256583,0.9597765301403246,7,19,26
39 Die at China Building Site.txt,/content/drive/MyDrive/extracted_files/reagan_81-88/39 Die at China Building Site.txt,,0.998617023229599,0,2,2
4 More Executed in China.txt,/content/drive/MyDrive/extracted_files/reagan_81-88/4 More Executed in China.txt,,0.9699480175971985,0,5,5
43 Die in Chinese Bus Crash.txt,/content/drive/MyDrive/extracted_files/reagan_81-88/43 Die in Chinese Bus Crash.txt,,0.996481716632843,0,3,3
5 Hijackers Thwarted On a Chinese Airliner.txt,/content/drive/MyDrive/extracted_files/reagan_81-88/5 Hijackers Thwarted On a Chinese Airliner.txt,,0.9750620126724243,0,4,4
5 NEW WORKS JOIN COOKING BOOKSHELF.txt,/content/drive/MyDrive/extracted_files/reagan_81-88/5 NEW WORKS JOIN COOKING BOOKSHELF.txt,0.9577047881090416,0.9461555104506644,53,38,91
60 Shout Out Dalai Lama_s Name And Are Seized in Protest in Tibet.txt,/content/drive/MyDrive/extracted_files/reagan_81-88/60 Shout Out Dalai Lama_s Name And Are Seized in Protest in Tibet.txt,0.8716308102011681,0.9569813934239474,8,22,30
69 FOOD OUTLETS CITED BY NEW YORK OFFICIALS.txt,/content/drive/MyDrive/extracted_files/reagan_81-88/69 FOOD OUTLETS CITED BY NEW YORK OFFICIALS.txt,0.8875426451365153,0.8501406680969965,30,21,51
A BREAKTHROUGH FOR NERVOUS HU NA.txt,/content/drive/MyDrive/extracted_files/reagan_81-88/A BREAKTHROUGH FOR NERVOUS HU NA.txt,0.9659304738044738,0.9712395605288053,20,19,39
A Chinese Law On Bankruptcy.txt,/content/drive/MyDrive/extracted_files/reagan_81-88/A Chinese Law On Bankruptcy.txt,,0.9905647720609393,0,7,7
A CHINESE NEW YEAR DINNER IS A SALUTE TO THE ELDERLY.txt,/content/drive/MyDrive/extracted_files/reagan_81-88/A CHINESE NEW YEAR DINNER IS A SALUTE TO THE ELDERLY.txt,0.9932066965103149,0.924540102481842,25,10,35
A CHINESE PLEA_ BRING BACK THE GREAT WALL.txt,/content/drive/MyDrive/extracted_files/reagan_81-88/A CHINESE PLEA_ BRING BACK THE GREAT WALL.txt,0.8911974174635751,0.9713342860341072,14,24,38
A COMING ATTRACTION ON CHINA_S TELEVISION_ _SESAME STREET_ SHOW.txt,/content/drive/MyDrive/extracted_files/reagan_81-88/A COMING ATTRACTION ON CHINA_S TELEVISION_ _SESAME STREET_ SHOW.txt,0.9972425937652588,0.9704417501177106,5,7,12
A FAIR FOR CHINA BIBLOIPHILES.txt,/content/drive/MyDrive/extracted_files/reagan_81-88/A FAIR FOR CHINA BIBLOIPHILES.txt,0.9907931344849723,0.9558668613433838,7,5,12
A FULL PLATE OF COOKING CLASSES.txt,/content/drive/MyDrive/extracted_files/reagan_81-88/A FULL PLATE OF COOKING CLASSES.txt,0.9345951325056568,0.9223262485192747,151,49,200
A GUIDE TO CONNECTICUT_S FALL COOKING CLASSES.txt,/content/drive/MyDrive/extracted_files/reagan_81-88/A GUIDE TO CONNECTICUT_S FALL COOKING CLASSES.txt,0.919390914340814,0.8796359062194824,240,100,340
A GUIDE TO COOKING SCHOOLS IN NEW JERSEY.txt,/content/drive/MyDrive/extracted_files/reagan_81-88/A GUIDE TO COOKING SCHOOLS IN NEW JERSEY.txt,0.9440759492811756,0.9265232267833892,214,105,319
"A HERO, SOVIET-STYLE.txt","/content/drive/MyDrive/extracted_files/reagan_81-88/A HERO, SOVIET-STYLE.txt",0.970099481514522,0.943222951889038,35,20,55
A HONG KONG DYNASTY WEATHERS THE STORM.txt,/content/drive/MyDrive/extracted_files/reagan_81-88/A HONG KONG DYNASTY WEATHERS THE STORM.txt,0.8959601720174154,0.9576410804476057,21,35,56
A Hong Kong Satellite Looks Ahead to 1997.txt,/content/drive/MyDrive/extracted_files/reagan_81-88/A Hong Kong Satellite Looks Ahead to 1997.txt,0.9251765200966283,0.9487047265557682,57,17,74
A HONG KONG YOUTH_S PATH TO A JAIL IN NEW YORK CITY.txt,/content/drive/MyDrive/extracted_files/reagan_81-88/A HONG KONG YOUTH_S PATH TO A JAIL IN NEW YORK CITY.txt,0.9233130142092705,0.9692947336605617,8,35,43
A Johnny Appleseed Of China Is Honored.txt,/content/drive/MyDrive/extracted_files/reagan_81-88/A Johnny Appleseed Of China Is Honored.txt,0.9632629305124283,0.9830357581377029,4,4,8
A JUDGEMENT ON MAO SAID TO BE REACHED.txt,/content/drive/MyDrive/extracted_files/reagan_81-88/A JUDGEMENT ON MAO SAID TO BE REACHED.txt,0.9828318595886231,0.9469127573750236,10,22,32
A LEADER FROM CHANA_S PAST EXERTS A GROWING INFLUENCE ON NATION_S FUTURE.txt,/content/drive/MyDrive/extracted_files/reagan_81-88/A LEADER FROM CHANA_S PAST EXERTS A GROWING INFLUENCE ON NATION_S FUTURE.txt,0.9474078516165415,0.9459079392254353,12,16,28
A Leading Chinese Dissident Is Freed After 6 Years in Jail.txt,/content/drive/MyDrive/extracted_files/reagan_81-88/A Leading Chinese Dissident Is Freed After 6 Years in Jail.txt,0.9418741464614868,0.9722374975681305,2,4,6
A LOOK AT SUCCESS OF YOUNG ASIANS.txt,/content/drive/MyDrive/extracted_files/reagan_81-88/A LOOK AT SUCCESS OF YOUNG ASIANS.txt,0.9519017549122081,0.9747888048489889,17,12,29
A MELLOWING TAIWAN SEES A DIFFERENT MAINLAND.txt,/content/drive/MyDrive/extracted_files/reagan_81-88/A MELLOWING TAIWAN SEES A DIFFERENT MAINLAND.txt,0.9458582624793053,0.9124275285464066,16,26,42
A New Chinese Oilfield.txt,/content/drive/MyDrive/extracted_files/reagan_81-88/A New Chinese Oilfield.txt,0.6663075685501099,0.825991690158844,1,1,2
A Pizza Hut For Beijing.txt,/content/drive/MyDrive/extracted_files/reagan_81-88/A Pizza Hut For Beijing.txt,0.9981586933135986,0.9399850070476532,4,2,6
A Purged Chinese Intellectual Derides Talk of Liberalization.txt,/content/drive/MyDrive/extracted_files/reagan_81-88/A Purged Chinese Intellectual Derides Talk of Liberalization.txt,0.9336276292800904,0.9452091534932454,25,45,70
A REPORT FROM PEKING.txt,/content/drive/MyDrive/extracted_files/reagan_81-88/A REPORT FROM PEKING.txt,0.9687046378850936,0.9609472349286079,40,40,80
A REPORTER_S ODYSSEY IN UNSEEN CHINA.txt,/content/drive/MyDrive/extracted_files/reagan_81-88/A REPORTER_S ODYSSEY IN UNSEEN CHINA.txt,0.9468939006328583,0.950880168242888,78,110,188
A SAMPLING OF FESTIVALS FROM BALI TO BANGKOK.txt,/content/drive/MyDrive/extracted_files/reagan_81-88/A SAMPLING OF FESTIVALS FROM BALI TO BANGKOK.txt,0.9455415553906384,0.8192920351729673,68,34,102
A SHIFT TO CHANGE IS SEEN IN CHINA.txt,/content/drive/MyDrive/extracted_files/reagan_81-88/A SHIFT TO CHANGE IS SEEN IN CHINA.txt,0.9821064557347979,0.940538193498339,14,14,28
A SPACE INVADER IN CHINA.txt,/content/drive/MyDrive/extracted_files/reagan_81-88/A SPACE INVADER IN CHINA.txt,0.9312044066541335,0.934146849882035,17,21,38
A SPOTLIGHT ON THE ASIAN AMERICAN FILM.txt,/content/drive/MyDrive/extracted_files/reagan_81-88/A SPOTLIGHT ON THE ASIAN AMERICAN FILM.txt,0.9605416999413416,0.9557345747947693,26,5,31
A Steam Engine From China.txt,/content/drive/MyDrive/extracted_files/reagan_81-88/A Steam Engine From China.txt,,0.9820082783699036,0,3,3
A SURGE OF IMMIGRANTS ALTERS NEW YORK_S FACE_A New Melting Pot_ The City in the 80_s First article o.txt,/content/drive/MyDrive/extracted_files/reagan_81-88/A SURGE OF IMMIGRANTS ALTERS NEW YORK_S FACE_A New Melting Pot_ The City in the 80_s First article o.txt,0.9660606399178505,0.950859104332171,40,38,78
A SWIRL OF CELEBRATIONS SWEEPS INTO CHINATOWN.txt,/content/drive/MyDrive/extracted_files/reagan_81-88/A SWIRL OF CELEBRATIONS SWEEPS INTO CHINATOWN.txt,0.9533172065720839,0.9129810021037147,68,21,89
A TRICKSTER IN TIANJIN.txt,/content/drive/MyDrive/extracted_files/reagan_81-88/A TRICKSTER IN TIANJIN.txt,0.9849541187286377,0.9571583151817322,17,10,27
A VELVETEEN DA VINCI_ MADE IN CHINA.txt,/content/drive/MyDrive/extracted_files/reagan_81-88/A VELVETEEN DA VINCI_ MADE IN CHINA.txt,0.9257711391699942,0.9683078527450562,19,19,38
A.M.C.-China.txt,/content/drive/MyDrive/extracted_files/reagan_81-88/A.M.C.-China.txt,0.9688335259755453,0.7625344395637512,3,2,5
ABOUT BOOKS.txt,/content/drive/MyDrive/extracted_files/reagan_81-88/ABOUT BOOKS.txt,0.9795036514600118,0.8458006315761142,27,9,36
ABOUT CARSMarshall Schuon A.M.C._s Big Deal And Little Jeeps.txt,/content/drive/MyDrive/extracted_files/reagan_81-88/ABOUT CARSMarshall Schuon A.M.C._s Big Deal And Little Jeeps.txt,0.9661853026460718,0.9778483748435974,27,20,47
"About New York_Shave, Haircut And Massage In Chinatown.txt","/content/drive/MyDrive/extracted_files/reagan_81-88/About New York_Shave, Haircut And Massage In Chinatown.txt",0.9466989385454279,0.9527411180384019,19,34,53
About New York_Year of the Panda Is Lengthened By a Few Days.txt,/content/drive/MyDrive/extracted_files/reagan_81-88/About New York_Year of the Panda Is Lengthened By a Few Days.txt,0.9660548442288449,0.9638951356921878,19,28,47
ACCOUNTS OF RUSSIAN_S CHINA VISIT SUGGEST EXPECTATIONS ARE LIMITED.txt,/content/drive/MyDrive/extracted_files/reagan_81-88/ACCOUNTS OF RUSSIAN_S CHINA VISIT SUGGEST EXPECTATIONS ARE LIMITED.txt,0.9396992410932269,0.9465874263218471,7,7,14
ADVANTAGES SHIFT SUBTLY IN A DELICATE THREE-HANDED GAME.txt,/content/drive/MyDrive/extracted_files/reagan_81-88/ADVANTAGES SHIFT SUBTLY IN A DELICATE THREE-HANDED GAME.txt,0.9515182003378868,0.9494270128863198,8,28,36
"ADVERTISING_As Ads Come to China, So Do Regulations.txt","/content/drive/MyDrive/extracted_files/reagan_81-88/ADVERTISING_As Ads Come to China, So Do Regulations.txt",,0.9820253372192382,0,5,5
ADVERTISING_Dancer Fitzgerald Has Equity in China_USA.txt,/content/drive/MyDrive/extracted_files/reagan_81-88/ADVERTISING_Dancer Fitzgerald Has Equity in China_USA.txt,0.9462490244345232,0.9531276524066925,11,2,13
Advertising_Ogilvy & Mather Plans An Office in Peking.txt,/content/drive/MyDrive/extracted_files/reagan_81-88/Advertising_Ogilvy & Mather Plans An Office in Peking.txt,0.9678828567266464,,4,0,4
"ADVERTISING_Super_ TV Slot - For $40,000!.txt","/content/drive/MyDrive/extracted_files/reagan_81-88/ADVERTISING_Super_ TV Slot - For $40,000!.txt",0.968833714723587,0.9723143100738525,6,5,11
ADVERTISING_U.S. News to Publish Edition in Chinese.txt,/content/drive/MyDrive/extracted_files/reagan_81-88/ADVERTISING_U.S. News to Publish Edition in Chinese.txt,0.98337455590566,0.7513321042060852,3,1,4
AFRICAN SCENES_ _GHOSTLY_ RAIDS TO CHINESE AID.txt,/content/drive/MyDrive/extracted_files/reagan_81-88/AFRICAN SCENES_ _GHOSTLY_ RAIDS TO CHINESE AID.txt,0.9780910786460427,0.9603879570960998,17,30,47
"AFTER A 37-YEAR ABSENCE, U.S. VESSELS VISIT CHINA.txt","/content/drive/MyDrive/extracted_files/reagan_81-88/AFTER A 37-YEAR ABSENCE, U.S. VESSELS VISIT CHINA.txt",0.9776601143505262,0.935354001381818,23,17,40
AIDE SAYS INTERNAL FORCES STILL THREATEN HANOI.txt,/content/drive/MyDrive/extracted_files/reagan_81-88/AIDE SAYS INTERNAL FORCES STILL THREATEN HANOI.txt,0.901464082300663,0.9574294328689575,8,15,23
AIDS RESEARCH RIVALS SHARE A MAJOR AWARD.txt,/content/drive/MyDrive/extracted_files/reagan_81-88/AIDS RESEARCH RIVALS SHARE A MAJOR AWARD.txt,0.9775442974320774,0.9342163768079546,29,18,47
"All Is Forgiven, Peking Tells a Tennis Defector.txt","/content/drive/MyDrive/extracted_files/reagan_81-88/All Is Forgiven, Peking Tells a Tennis Defector.txt",0.9645048777262369,0.9795353651046753,3,5,8
All the Tea in China_ Price Soars by 400_.txt,/content/drive/MyDrive/extracted_files/reagan_81-88/All the Tea in China_ Price Soars by 400_.txt,0.8166237473487854,0.9886974096298218,1,2,3
AMERICAN DREAM OF CHINESE FAMILY TURNS BITTERSWEET.txt,/content/drive/MyDrive/extracted_files/reagan_81-88/AMERICAN DREAM OF CHINESE FAMILY TURNS BITTERSWEET.txt,0.9773313464262546,0.9467693443956047,39,58,97
AMERICAN FILM BAZAAR GOES UPSCALE.txt,/content/drive/MyDrive/extracted_files/reagan_81-88/AMERICAN FILM BAZAAR GOES UPSCALE.txt,0.9307966387790182,0.9518472651640574,23,18,41
AMERICAN IS ARRESTED IN CHINA.txt,/content/drive/MyDrive/extracted_files/reagan_81-88/AMERICAN IS ARRESTED IN CHINA.txt,,0.9561137795448303,0,15,15
AMERICAN PERFORMERS LEARN CHINA_S STYLIZED AND INTRICATE TECHNIQUES.txt,/content/drive/MyDrive/extracted_files/reagan_81-88/AMERICAN PERFORMERS LEARN CHINA_S STYLIZED AND INTRICATE TECHNIQUES.txt,0.9486325590506844,0.9486705023666908,46,29,75
AMERICAN TRIAL PUTS CHINESE JUSTICE TO THE TEST.txt,/content/drive/MyDrive/extracted_files/reagan_81-88/AMERICAN TRIAL PUTS CHINESE JUSTICE TO THE TEST.txt,0.937699728541904,0.9924902270237604,9,36,45
"Amid Turmoil, Journalists Leave Tibet.txt","/content/drive/MyDrive/extracted_files/reagan_81-88/Amid Turmoil, Journalists Leave Tibet.txt",0.8682188987731934,0.9692767625269683,4,23,27
Aminoil-China.txt,/content/drive/MyDrive/extracted_files/reagan_81-88/Aminoil-China.txt,0.8703717589378357,0.9432667096455892,1,3,4
"Among the Multitude of Ayes, Nays in the Chinese Congress.txt","/content/drive/MyDrive/extracted_files/reagan_81-88/Among the Multitude of Ayes, Nays in the Chinese Congress.txt",0.9655531699007208,0.9550720016161601,11,15,26
AN OASIS OF PRIVILIGE IN CHINA.txt,/content/drive/MyDrive/extracted_files/reagan_81-88/AN OASIS OF PRIVILIGE IN CHINA.txt,0.9511597027649751,0.9151281118392944,37,30,67
ANDOVER_S OPENING TO CHINA STUDIES.txt,/content/drive/MyDrive/extracted_files/reagan_81-88/ANDOVER_S OPENING TO CHINA STUDIES.txt,0.9249147857938494,0.9020980596542358,28,23,51
Anglican Ends China Visit.txt,/content/drive/MyDrive/extracted_files/reagan_81-88/Anglican Ends China Visit.txt,0.9952482382456461,0.999189555644989,3,1,4
ANTIQUE VIEW_A CAPTAIN_S STORE OF CHINESE RICHES.txt,/content/drive/MyDrive/extracted_files/reagan_81-88/ANTIQUE VIEW_A CAPTAIN_S STORE OF CHINESE RICHES.txt,0.9683689522743225,0.963007390499115,25,17,42
ANTIQUES VIEW_THE LURE AND LORE OF BAMBOO.txt,/content/drive/MyDrive/extracted_files/reagan_81-88/ANTIQUES VIEW_THE LURE AND LORE OF BAMBOO.txt,0.9744287099157061,0.9672893935983832,35,11,46
ANTIQUES_A Booming Market For Asian Art.txt,/content/drive/MyDrive/extracted_files/reagan_81-88/ANTIQUES_A Booming Market For Asian Art.txt,0.9785695811112721,0.9938135027885437,30,5,35
ANTIQUES_A Dragonish Display in New Haven.txt,/content/drive/MyDrive/extracted_files/reagan_81-88/ANTIQUES_A Dragonish Display in New Haven.txt,0.946558877825737,0.95173579454422,32,8,40
ANTIQUES_CHINESE PUPPETS WITH ANCIENT LINEAGE.txt,/content/drive/MyDrive/extracted_files/reagan_81-88/ANTIQUES_CHINESE PUPPETS WITH ANCIENT LINEAGE.txt,0.9772656418028332,0.9190095623334249,21,15,36
ANTIQUES_COLLECTIBLES THAT PACKED A CHARGE.txt,/content/drive/MyDrive/extracted_files/reagan_81-88/ANTIQUES_COLLECTIBLES THAT PACKED A CHARGE.txt,0.9284756985994486,0.9749616781870524,26,21,47
ANTIQUES_Items Treasured By China_s Sages.txt,/content/drive/MyDrive/extracted_files/reagan_81-88/ANTIQUES_Items Treasured By China_s Sages.txt,0.9843122699986333,0.9877604246139526,23,8,31
ANTIQUES_MISUNDERSTOOD CHINESE SILVER ON VIEW.txt,/content/drive/MyDrive/extracted_files/reagan_81-88/ANTIQUES_MISUNDERSTOOD CHINESE SILVER ON VIEW.txt,0.9551018754641215,0.967890537303427,15,23,38
Arabs Lands Said to Be Turning to China for Arms.txt,/content/drive/MyDrive/extracted_files/reagan_81-88/Arabs Lands Said to Be Turning to China for Arms.txt,0.8949431606701442,0.9698800700051444,7,14,21
ARMS TO CHINA_ DUBIOUS MOVE.txt,/content/drive/MyDrive/extracted_files/reagan_81-88/ARMS TO CHINA_ DUBIOUS MOVE.txt,0.8305895394749112,0.9640620994567871,9,25,34
AROUND THE NATION_Chinese Restaurant Owners Are Targets of Extortionists.txt,/content/drive/MyDrive/extracted_files/reagan_81-88/AROUND THE NATION_Chinese Restaurant Owners Are Targets of Extortionists.txt,0.5158729553222656,0.9618930476052421,1,7,8
AROUND THE WORLD_147 Chinese Feared Dead After a Ferry Capsizes.txt,/content/drive/MyDrive/extracted_files/reagan_81-88/AROUND THE WORLD_147 Chinese Feared Dead After a Ferry Capsizes.txt,,0.9950376550356547,0,6,6
AROUND THE WORLD_A Tentative Settlement Over Japan_s Textbooks.txt,/content/drive/MyDrive/extracted_files/reagan_81-88/AROUND THE WORLD_A Tentative Settlement Over Japan_s Textbooks.txt,0.8963270485401154,0.9931547790765762,2,4,6
Around the World_Agriculture Secretary Has Talks in China.txt,/content/drive/MyDrive/extracted_files/reagan_81-88/Around the World_Agriculture Secretary Has Talks in China.txt,0.9747926831245423,,5,0,5
AROUND THE WORLD_China and Britain Call Hong Kong Talks Useful.txt,/content/drive/MyDrive/extracted_files/reagan_81-88/AROUND THE WORLD_China and Britain Call Hong Kong Talks Useful.txt,0.992538571357727,0.8842879335085551,2,3,5
AROUND THE WORLD_China and Japan Doubt Soviet Ties Will Improve.txt,/content/drive/MyDrive/extracted_files/reagan_81-88/AROUND THE WORLD_China and Japan Doubt Soviet Ties Will Improve.txt,0.9333588182926178,0.9893802205721537,4,3,7
AROUND THE WORLD_China and Mongolia Complete Border Talks.txt,/content/drive/MyDrive/extracted_files/reagan_81-88/AROUND THE WORLD_China and Mongolia Complete Border Talks.txt,,0.9109548330307007,0,4,4
Around the World_CHINA ASSAILS APPOINTMENT OF ARCHBISHOP BY JOHN PAUL.txt,/content/drive/MyDrive/extracted_files/reagan_81-88/Around the World_CHINA ASSAILS APPOINTMENT OF ARCHBISHOP BY JOHN PAUL.txt,0.9020590384801229,0.8700528144836426,3,3,6
AROUND THE WORLD_China Considers Joining World Nuclear Agency.txt,/content/drive/MyDrive/extracted_files/reagan_81-88/AROUND THE WORLD_China Considers Joining World Nuclear Agency.txt,0.9377641201019287,0.8486778736114502,5,2,7
AROUND THE WORLD_China Is Said to Study Proposal by Gorbachev.txt,/content/drive/MyDrive/extracted_files/reagan_81-88/AROUND THE WORLD_China Is Said to Study Proposal by Gorbachev.txt,0.9375310937563578,,3,0,3
AROUND THE WORLD_China Names Head Of New Security Ministry.txt,/content/drive/MyDrive/extracted_files/reagan_81-88/AROUND THE WORLD_China Names Head Of New Security Ministry.txt,0.8376084566116333,0.7555451393127441,3,2,5
AROUND THE WORLD_China Nuclear Accord Approved by the Senate.txt,/content/drive/MyDrive/extracted_files/reagan_81-88/AROUND THE WORLD_China Nuclear Accord Approved by the Senate.txt,0.9317597597837448,0.9852795998255411,4,3,7
AROUND THE WORLD_China Rebuffs Pope On Improving Relations.txt,/content/drive/MyDrive/extracted_files/reagan_81-88/AROUND THE WORLD_China Rebuffs Pope On Improving Relations.txt,0.6561376452445984,0.9878747661908468,1,3,4
AROUND THE WORLD_China Reports It Drove Vietnamese From 2 Hills.txt,/content/drive/MyDrive/extracted_files/reagan_81-88/AROUND THE WORLD_China Reports It Drove Vietnamese From 2 Hills.txt,,0.974665621916453,0,6,6
AROUND THE WORLD_China Reports Progress In Atom Talks With U.S.txt,/content/drive/MyDrive/extracted_files/reagan_81-88/AROUND THE WORLD_China Reports Progress In Atom Talks With U.S.txt,0.9923180341720581,0.9952603975931803,2,3,5
AROUND THE WORLD_China Says Argentine Died of AIDS.txt,/content/drive/MyDrive/extracted_files/reagan_81-88/AROUND THE WORLD_China Says Argentine Died of AIDS.txt,0.8834850788116455,0.984592487414678,1,6,7
AROUND THE WORLD_China Says Vietnam Attacked Across Border.txt,/content/drive/MyDrive/extracted_files/reagan_81-88/AROUND THE WORLD_China Says Vietnam Attacked Across Border.txt,0.9312127828598022,0.9902898073196411,1,5,6
AROUND THE WORLD_China Stresses Economy In New Year_s Editorial.txt,/content/drive/MyDrive/extracted_files/reagan_81-88/AROUND THE WORLD_China Stresses Economy In New Year_s Editorial.txt,0.971130907535553,0.9353120028972626,2,2,4
AROUND THE WORLD_China-U.S. Coal Project Is Delayed for 90 Days.txt,/content/drive/MyDrive/extracted_files/reagan_81-88/AROUND THE WORLD_China-U.S. Coal Project Is Delayed for 90 Days.txt,0.9981780052185059,0.9617152412732443,1,3,4
AROUND THE WORLD_China_s Premier Urges U.S. To Change Policy on Korea.txt,/content/drive/MyDrive/extracted_files/reagan_81-88/AROUND THE WORLD_China_s Premier Urges U.S. To Change Policy on Korea.txt,0.5129159688949585,0.9458712538083395,1,3,4
AROUND THE WORLD_Chinese Accuse Pope Of Slandering the Nation.txt,/content/drive/MyDrive/extracted_files/reagan_81-88/AROUND THE WORLD_Chinese Accuse Pope Of Slandering the Nation.txt,0.7851060032844543,0.9434517025947571,1,6,7
AROUND THE WORLD_Chinese Leader to Slow Free-Market Techniques.txt,/content/drive/MyDrive/extracted_files/reagan_81-88/AROUND THE WORLD_Chinese Leader to Slow Free-Market Techniques.txt,,0.9420530001322428,0,3,3
AROUND THE WORLD_Chinese Premier Voices Dissatisfaction With U.S.txt,/content/drive/MyDrive/extracted_files/reagan_81-88/AROUND THE WORLD_Chinese Premier Voices Dissatisfaction With U.S.txt,0.9513058066368103,0.8941730618476867,1,5,6
AROUND THE WORLD_Chinese Prime Minister Back Home After Tour.txt,/content/drive/MyDrive/extracted_files/reagan_81-88/AROUND THE WORLD_Chinese Prime Minister Back Home After Tour.txt,0.8937494605779648,0.9947128891944885,4,2,6
AROUND THE WORLD_Chinese Says U.S. Ties Hinge on Taiwan Issue.txt,/content/drive/MyDrive/extracted_files/reagan_81-88/AROUND THE WORLD_Chinese Says U.S. Ties Hinge on Taiwan Issue.txt,0.6087737083435059,0.9275434136390686,1,5,6
AROUND THE WORLD_Chinese Students Protest In a Provincial Capital.txt,/content/drive/MyDrive/extracted_files/reagan_81-88/AROUND THE WORLD_Chinese Students Protest In a Provincial Capital.txt,,0.9105132520198822,0,4,4
AROUND THE WORLD_Chinese Usher In Year of the Pig.txt,/content/drive/MyDrive/extracted_files/reagan_81-88/AROUND THE WORLD_Chinese Usher In Year of the Pig.txt,0.9782028198242188,0.9525150656700134,6,1,7
AROUND THE WORLD_Draft Accord Reached On Future of Hong Kong.txt,/content/drive/MyDrive/extracted_files/reagan_81-88/AROUND THE WORLD_Draft Accord Reached On Future of Hong Kong.txt,0.9310817122459412,0.9420218706130982,5,5,10
AROUND THE WORLD_Hanoi Denounces U.S.-China _Strategy_.txt,/content/drive/MyDrive/extracted_files/reagan_81-88/AROUND THE WORLD_Hanoi Denounces U.S.-China _Strategy_.txt,0.7431939840316772,0.954254150390625,2,1,3
AROUND THE WORLD_India and China End Round of Border Talks.txt,/content/drive/MyDrive/extracted_files/reagan_81-88/AROUND THE WORLD_India and China End Round of Border Talks.txt,0.9952831864356995,0.9290240108966827,1,4,5
AROUND THE WORLD_India and China Opening Talks on Border Dispute.txt,/content/drive/MyDrive/extracted_files/reagan_81-88/AROUND THE WORLD_India and China Opening Talks on Border Dispute.txt,0.9319595992565155,0.9787012934684753,2,2,4
AROUND THE WORLD_India Delegation Cancels Visit to China.txt,/content/drive/MyDrive/extracted_files/reagan_81-88/AROUND THE WORLD_India Delegation Cancels Visit to China.txt,,0.9738228559494019,0,5,5
AROUND THE WORLD_Joint Hong Kong Panel Is British-Chinese Issue.txt,/content/drive/MyDrive/extracted_files/reagan_81-88/AROUND THE WORLD_Joint Hong Kong Panel Is British-Chinese Issue.txt,0.9866664409637451,0.9632192452748617,2,3,5
AROUND THE WORLD_Lawmakers From India Will Travel to Peking.txt,/content/drive/MyDrive/extracted_files/reagan_81-88/AROUND THE WORLD_Lawmakers From India Will Travel to Peking.txt,0.8652431070804596,0.9594949126243592,2,5,7
AROUND THE WORLD_Mitterrand Condemns Occupation of Cambodia.txt,/content/drive/MyDrive/extracted_files/reagan_81-88/AROUND THE WORLD_Mitterrand Condemns Occupation of Cambodia.txt,,0.9363832175731659,0,4,4
AROUND THE WORLD_New Clashes Reported By Vietnam and China.txt,/content/drive/MyDrive/extracted_files/reagan_81-88/AROUND THE WORLD_New Clashes Reported By Vietnam and China.txt,,0.9837067365646363,0,5,5
AROUND THE WORLD_Peking Stresses Deng Retains All His Posts.txt,/content/drive/MyDrive/extracted_files/reagan_81-88/AROUND THE WORLD_Peking Stresses Deng Retains All His Posts.txt,0.8728128671646118,0.9654873808224996,1,3,4
AROUND THE WORLD_Sihanouk Says He Accepts A Chinese Offer of Arms.txt,/content/drive/MyDrive/extracted_files/reagan_81-88/AROUND THE WORLD_Sihanouk Says He Accepts A Chinese Offer of Arms.txt,0.9711412787437439,0.9746515154838562,2,1,3
AROUND THE WORLD_Soviet Calls for Warmth In Relations With China.txt,/content/drive/MyDrive/extracted_files/reagan_81-88/AROUND THE WORLD_Soviet Calls for Warmth In Relations With China.txt,0.9394767433404922,0.9523312151432037,4,2,6
AROUND THE WORLD_Soviet Journalist Is Visiting Peking.txt,/content/drive/MyDrive/extracted_files/reagan_81-88/AROUND THE WORLD_Soviet Journalist Is Visiting Peking.txt,0.9114817380905151,0.886821985244751,4,1,5
AROUND THE WORLD_Soviet Official Arrives In Peking for Talks.txt,/content/drive/MyDrive/extracted_files/reagan_81-88/AROUND THE WORLD_Soviet Official Arrives In Peking for Talks.txt,0.8500247399012247,0.9758836030960083,3,4,7
"AROUND THE WORLD_Taiwan Says Its Flier Was Lost, Not a Defector.txt","/content/drive/MyDrive/extracted_files/reagan_81-88/AROUND THE WORLD_Taiwan Says Its Flier Was Lost, Not a Defector.txt",,0.9931091427803039,0,5,5
AROUND THE WORLD_Taiwan Willing to Talk To China to Get Jet Back.txt,/content/drive/MyDrive/extracted_files/reagan_81-88/AROUND THE WORLD_Taiwan Willing to Talk To China to Get Jet Back.txt,0.8645458519458771,0.9719721525907516,2,4,6
AROUND THE WORLD_Taiwan_s Premier Sees Chance of Peking Accord.txt,/content/drive/MyDrive/extracted_files/reagan_81-88/AROUND THE WORLD_Taiwan_s Premier Sees Chance of Peking Accord.txt,0.9936795830726624,0.9006799459457397,2,5,7
AROUND THE WORLD_Top Chinese Leaders Make A Rare Joint Appearance.txt,/content/drive/MyDrive/extracted_files/reagan_81-88/AROUND THE WORLD_Top Chinese Leaders Make A Rare Joint Appearance.txt,0.994490385055542,0.9336509704589844,1,4,5
AROUND THE WORLD_Tornado Kills 54 In South China.txt,/content/drive/MyDrive/extracted_files/reagan_81-88/AROUND THE WORLD_Tornado Kills 54 In South China.txt,,0.9634792308012644,0,6,6
AROUND THE WORLD_U.N. Unit Denies It Aids Forced Abortion in China.txt,/content/drive/MyDrive/extracted_files/reagan_81-88/AROUND THE WORLD_U.N. Unit Denies It Aids Forced Abortion in China.txt,,0.980003011226654,0,5,5
AROUND THE WORLD_U.S. and China Weigh Port Calls by Warships.txt,/content/drive/MyDrive/extracted_files/reagan_81-88/AROUND THE WORLD_U.S. and China Weigh Port Calls by Warships.txt,0.8425027132034302,0.8671359121799469,3,2,5
AROUND THE WORLD_U.S. Delegation in China For Talks on Naval Sales.txt,/content/drive/MyDrive/extracted_files/reagan_81-88/AROUND THE WORLD_U.S. Delegation in China For Talks on Naval Sales.txt,0.8935539603233338,0.8969026671515571,5,9,14
AROUND THE WORLD_U.S. to Help China Build Largest Dam.txt,/content/drive/MyDrive/extracted_files/reagan_81-88/AROUND THE WORLD_U.S. to Help China Build Largest Dam.txt,0.9912285506725311,0.9972787499427795,4,1,5
"Around the World_Vatican Names Archbishop In China, First Since 1955.txt","/content/drive/MyDrive/extracted_files/reagan_81-88/Around the World_Vatican Names Archbishop In China, First Since 1955.txt",0.9959374070167542,0.8312056809663773,4,4,8
Around the World_Visit to China Keeping Rumanian Leader Busy.txt,/content/drive/MyDrive/extracted_files/reagan_81-88/Around the World_Visit to China Keeping Rumanian Leader Busy.txt,0.9101464450359344,,6,0,6
AROUND THE WORLD_Yangtze Waters Pass China_s Largest Dam.txt,/content/drive/MyDrive/extracted_files/reagan_81-88/AROUND THE WORLD_Yangtze Waters Pass China_s Largest Dam.txt,0.9918423891067505,0.9852648079395294,2,2,4
ART FROM THE ANCIENT SILK ROUTES.txt,/content/drive/MyDrive/extracted_files/reagan_81-88/ART FROM THE ANCIENT SILK ROUTES.txt,0.953456590784357,0.9045013968761151,47,39,86
ARTS AIDE REFLECTS ON A TOUR OF CHINA.txt,/content/drive/MyDrive/extracted_files/reagan_81-88/ARTS AIDE REFLECTS ON A TOUR OF CHINA.txt,0.9636639516528059,0.9447100372875438,41,17,58
ART_ CHINESE PAINTING AND WESTERN MODERNISM.txt,/content/drive/MyDrive/extracted_files/reagan_81-88/ART_ CHINESE PAINTING AND WESTERN MODERNISM.txt,0.9740079405172816,0.9511070574323336,53,24,77
ART_ MET_S NEW JAPANESE GALLERIES.txt,/content/drive/MyDrive/extracted_files/reagan_81-88/ART_ MET_S NEW JAPANESE GALLERIES.txt,0.9750437358250985,0.9179992224719074,52,37,89
ART_ STUNNING SCULPTURE FROM JAPAN_S BUDDHISM.txt,/content/drive/MyDrive/extracted_files/reagan_81-88/ART_ STUNNING SCULPTURE FROM JAPAN_S BUDDHISM.txt,0.9867619746609738,0.9167398299489703,38,14,52
"ART_ _KERNELS OF ENERGY,_ HOW CHINESE SEE ROCKS.txt","/content/drive/MyDrive/extracted_files/reagan_81-88/ART_ _KERNELS OF ENERGY,_ HOW CHINESE SEE ROCKS.txt",0.9650382512020614,0.9150991174909804,53,18,71
ART_IMAGES OF WALLS IN CHINA TRANSLATED INTO MIXED MEDIA.txt,/content/drive/MyDrive/extracted_files/reagan_81-88/ART_IMAGES OF WALLS IN CHINA TRANSLATED INTO MIXED MEDIA.txt,0.9790048097309313,0.968432000705174,19,7,26
ART_The Poetic Art of a Japanese Warrior Elite.txt,/content/drive/MyDrive/extracted_files/reagan_81-88/ART_The Poetic Art of a Japanese Warrior Elite.txt,0.9584154644790961,0.973772656917572,49,15,64
ART__A Visual Dialogue With the Chinese.txt,/content/drive/MyDrive/extracted_files/reagan_81-88/ART__A Visual Dialogue With the Chinese.txt,0.9842908581097921,0.9296678858143943,18,14,32
"At China Hilton, Subject Was Butter.txt","/content/drive/MyDrive/extracted_files/reagan_81-88/At China Hilton, Subject Was Butter.txt",0.9325143955647945,0.988584354519844,16,40,56
"AT THE GREAT WALL, CHINESE TOURISTS JOIN THE CRUSH.txt","/content/drive/MyDrive/extracted_files/reagan_81-88/AT THE GREAT WALL, CHINESE TOURISTS JOIN THE CRUSH.txt",0.96525529689259,0.9357852254595075,18,7,25
"AT TIBET FRONTIER, CHINA AND INDIA SQUARE OFF.txt","/content/drive/MyDrive/extracted_files/reagan_81-88/AT TIBET FRONTIER, CHINA AND INDIA SQUARE OFF.txt",0.8395486871401469,0.9476782264916793,9,23,32
Attack on Chinese Reporter.txt,/content/drive/MyDrive/extracted_files/reagan_81-88/Attack on Chinese Reporter.txt,0.8058733344078064,0.9969214797019958,1,1,2
Auctions.txt,/content/drive/MyDrive/extracted_files/reagan_81-88/Auctions.txt,0.9361020454338619,0.9301554640134175,28,15,43
"B.P. Abandons Well Off China LONDON, Jan. 10 (AP) - The British Petroleum Company said it had abando.txt","/content/drive/MyDrive/extracted_files/reagan_81-88/B.P. Abandons Well Off China LONDON, Jan. 10 (AP) - The British Petroleum Company said it had abando.txt",0.8130295475323995,0.9001800119876862,3,4,7
Baker Is in Peking to Discuss Strain in U.S.-China Relations.txt,/content/drive/MyDrive/extracted_files/reagan_81-88/Baker Is in Peking to Discuss Strain in U.S.-China Relations.txt,0.9918957352638245,0.9995757937431335,4,1,5
Baldrige_s China Pledge.txt,/content/drive/MyDrive/extracted_files/reagan_81-88/Baldrige_s China Pledge.txt,0.9933093413710594,0.994150722026825,8,5,13
BANGLADESH MILITARY LEADER SAYS HE FEARS SOVIET.txt,/content/drive/MyDrive/extracted_files/reagan_81-88/BANGLADESH MILITARY LEADER SAYS HE FEARS SOVIET.txt,0.9419714366948163,0.9688554505507151,27,48,75
BEAUTY HEALTH_THE ADVANTAGES OF MASSAGE.txt,/content/drive/MyDrive/extracted_files/reagan_81-88/BEAUTY HEALTH_THE ADVANTAGES OF MASSAGE.txt,0.9632568955421448,0.9372056608016675,27,26,53
Bechtel in China Accord.txt,/content/drive/MyDrive/extracted_files/reagan_81-88/Bechtel in China Accord.txt,0.7904080152511597,0.797863781452179,1,2,3
Beijing Faults U.S. High-Tech Curbs.txt,/content/drive/MyDrive/extracted_files/reagan_81-88/Beijing Faults U.S. High-Tech Curbs.txt,0.7659451216459274,0.952505573630333,4,20,24
BEIJING IS BACKED BY ADMINISTRATION ON UNREST IN TIBET.txt,/content/drive/MyDrive/extracted_files/reagan_81-88/BEIJING IS BACKED BY ADMINISTRATION ON UNREST IN TIBET.txt,0.9071747169775122,0.9533199667930603,17,23,40
"BEIJING JOURNAL_From Mao to Zhao, He Has Stitched for the Mighty.txt","/content/drive/MyDrive/extracted_files/reagan_81-88/BEIJING JOURNAL_From Mao to Zhao, He Has Stitched for the Mighty.txt",0.9357010689941613,0.9692293445269267,37,30,67
BEIJING JOURNAL_MANICURES_ WHAT WOULD MAO SAY_.txt,/content/drive/MyDrive/extracted_files/reagan_81-88/BEIJING JOURNAL_MANICURES_ WHAT WOULD MAO SAY_.txt,0.9311776912730673,0.9666479885578155,23,20,43
"Beijing Journal_Out She Goes, Again, Miss Ideological Impurity.txt","/content/drive/MyDrive/extracted_files/reagan_81-88/Beijing Journal_Out She Goes, Again, Miss Ideological Impurity.txt",0.9005731907155778,0.9636160837752479,18,28,46
BEIJING JOURNAL_Public Flirtation With Private Desire.txt,/content/drive/MyDrive/extracted_files/reagan_81-88/BEIJING JOURNAL_Public Flirtation With Private Desire.txt,0.9643422126770019,0.9330939842808631,15,31,46
BEIJING PARTY DIRECTIVES CRITICIZE OUSTED LEADER.txt,/content/drive/MyDrive/extracted_files/reagan_81-88/BEIJING PARTY DIRECTIVES CRITICIZE OUSTED LEADER.txt,0.9387260505131313,0.9687621477577422,7,36,43
BEIJING TO OFFER VOTERS A CHOICE IN CITY ELECTION.txt,/content/drive/MyDrive/extracted_files/reagan_81-88/BEIJING TO OFFER VOTERS A CHOICE IN CITY ELECTION.txt,0.9543227553367615,0.9603599905967712,12,31,43
BEIJING TO REVAMP LEADERSHIP IN FALL.txt,/content/drive/MyDrive/extracted_files/reagan_81-88/BEIJING TO REVAMP LEADERSHIP IN FALL.txt,0.9462141871452332,0.9282198150952657,5,9,14
BIRTH OF A PANDA_ 4 OUNCES OF HOPE AT WASHINGTON ZOO.txt,/content/drive/MyDrive/extracted_files/reagan_81-88/BIRTH OF A PANDA_ 4 OUNCES OF HOPE AT WASHINGTON ZOO.txt,0.9942381381988525,0.9041745918137687,6,14,20
Black Africa Leaves China In Quandary.txt,/content/drive/MyDrive/extracted_files/reagan_81-88/Black Africa Leaves China In Quandary.txt,0.920938003063202,0.9790141293496797,15,33,48
Blunt Chinese Comentary Says Gorbachev Is Meeting Resistance.txt,/content/drive/MyDrive/extracted_files/reagan_81-88/Blunt Chinese Comentary Says Gorbachev Is Meeting Resistance.txt,0.9749898976749845,0.9451642692089081,9,10,19
BOAT CHILDREN FROM VIETNAM ARE GETTING A_S IN ASSIMILATION.txt,/content/drive/MyDrive/extracted_files/reagan_81-88/BOAT CHILDREN FROM VIETNAM ARE GETTING A_S IN ASSIMILATION.txt,0.9499745879854474,0.923554876446724,49,40,89
BOAT PEOPLE_S QUANDARY_ _WHAT ELSE CAN WE DO__.txt,/content/drive/MyDrive/extracted_files/reagan_81-88/BOAT PEOPLE_S QUANDARY_ _WHAT ELSE CAN WE DO__.txt,0.9115290393431982,0.9605402242053639,12,33,45
"BOY GETS GIRL, CHANGES WORLD HISTORY.txt","/content/drive/MyDrive/extracted_files/reagan_81-88/BOY GETS GIRL, CHANGES WORLD HISTORY.txt",0.9669017572151987,0.9651289830605189,19,12,31
BOY IN _EMPIRE_ CALLS ACTING _REALLY GOOD FUN_.txt,/content/drive/MyDrive/extracted_files/reagan_81-88/BOY IN _EMPIRE_ CALLS ACTING _REALLY GOOD FUN_.txt,0.9896885940903112,0.9526927649974823,19,10,29
BREZHNEV BIDS REAGAN JOIN IN U.N. IN _BRIDLING_ ISRAELIS.txt,/content/drive/MyDrive/extracted_files/reagan_81-88/BREZHNEV BIDS REAGAN JOIN IN U.N. IN _BRIDLING_ ISRAELIS.txt,0.9795879622300466,0.9034088775515556,6,16,22
BREZHNEV CHARGES U.S. IS THREATENING NUCLEAR CONFLICT.txt,/content/drive/MyDrive/extracted_files/reagan_81-88/BREZHNEV CHARGES U.S. IS THREATENING NUCLEAR CONFLICT.txt,0.9414458388373965,0.9223212355917151,21,22,43
BREZHNEV STRESSES ISSUE OF CHINA TIES.txt,/content/drive/MyDrive/extracted_files/reagan_81-88/BREZHNEV STRESSES ISSUE OF CHINA TIES.txt,0.9689954121907552,0.9201385155320168,18,8,26
BREZHVEV PRESSES OVERTURES TO THE CHINESE LEADERS.txt,/content/drive/MyDrive/extracted_files/reagan_81-88/BREZHVEV PRESSES OVERTURES TO THE CHINESE LEADERS.txt,0.9298088947931925,0.932891272008419,15,16,31
Bridge_ 2 Women Are First Chinese In Major International Event.txt,/content/drive/MyDrive/extracted_files/reagan_81-88/Bridge_ 2 Women Are First Chinese In Major International Event.txt,0.9552511274814606,0.9947826564311981,8,6,14
"Bridge_ Brother, Sister and Father Have Sought World Titles.txt","/content/drive/MyDrive/extracted_files/reagan_81-88/Bridge_ Brother, Sister and Father Have Sought World Titles.txt",0.9615659250153435,0.9531228542327881,18,5,23
Bridge_ New Yorkers to Compete In Niagara Falls and China.txt,/content/drive/MyDrive/extracted_files/reagan_81-88/Bridge_ New Yorkers to Compete In Niagara Falls and China.txt,0.9877008020877838,0.9626056684388055,10,18,28
Bridge_EAST MEETS EAST.txt,/content/drive/MyDrive/extracted_files/reagan_81-88/Bridge_EAST MEETS EAST.txt,0.9635505500961753,0.9695636069073397,17,17,34
Bridge_KEEPER OF THE FLAME.txt,/content/drive/MyDrive/extracted_files/reagan_81-88/Bridge_KEEPER OF THE FLAME.txt,0.9373935008049011,0.9435241710055958,25,11,36
BRIDGE_SHANGHAI PREVIEW.txt,/content/drive/MyDrive/extracted_files/reagan_81-88/BRIDGE_SHANGHAI PREVIEW.txt,0.9809263662288064,0.9575263791614108,19,9,28
BRIDGE_TRICKY DEALING.txt,/content/drive/MyDrive/extracted_files/reagan_81-88/BRIDGE_TRICKY DEALING.txt,0.8727407892545064,0.9504939039548238,15,15,30
Briggs & Stratton In China Venture.txt,/content/drive/MyDrive/extracted_files/reagan_81-88/Briggs & Stratton In China Venture.txt,0.8317092657089233,0.9854974746704102,3,2,5
BRITAIN AND CHINA GIVE NO SIGN OF PROGRESS IN TALKS ON HONG KONG.txt,/content/drive/MyDrive/extracted_files/reagan_81-88/BRITAIN AND CHINA GIVE NO SIGN OF PROGRESS IN TALKS ON HONG KONG.txt,0.9342568963766098,0.9411385416984558,8,15,23
BRITISH AND CHINESE AGREE TO TALK ON HONG KONG.txt,/content/drive/MyDrive/extracted_files/reagan_81-88/BRITISH AND CHINESE AGREE TO TALK ON HONG KONG.txt,0.9503839999437332,0.916135248210695,20,18,38
BRITISH OFFICIAL CONFERS IN PEKING ON HONG KONG.txt,/content/drive/MyDrive/extracted_files/reagan_81-88/BRITISH OFFICIAL CONFERS IN PEKING ON HONG KONG.txt,0.990416701634725,0.9555032551288605,15,10,25
"Bush, Back from China, Says Rift on Taiwan Can Be Healed.txt","/content/drive/MyDrive/extracted_files/reagan_81-88/Bush, Back from China, Says Rift on Taiwan Can Be Healed.txt",0.8517971038818359,0.999291181564331,6,1,7
Business and the LawTamar Lewin Legal Claims Against China.txt,/content/drive/MyDrive/extracted_files/reagan_81-88/Business and the LawTamar Lewin Legal Claims Against China.txt,0.8735026717185974,0.9564007073640823,5,28,33
Business and the Law_Legal Ties With China.txt,/content/drive/MyDrive/extracted_files/reagan_81-88/Business and the Law_Legal Ties With China.txt,0.983612485229969,0.9294160391603198,16,14,30
BUSINESS PEOPLE_Hong Kong Financier May Get Merrill Stake.txt,/content/drive/MyDrive/extracted_files/reagan_81-88/BUSINESS PEOPLE_Hong Kong Financier May Get Merrill Stake.txt,0.9779111742973328,0.9965517818927765,10,2,12
C.I.A. STUDY FINDS CHINESE ARMY STILL OUT OF DATE.txt,/content/drive/MyDrive/extracted_files/reagan_81-88/C.I.A. STUDY FINDS CHINESE ARMY STILL OUT OF DATE.txt,0.89946448802948,0.9674802893086484,5,19,24
"C.I.A._S SECURITY WAS LAX, ACCCORDING TO CONVICTED SPY.txt","/content/drive/MyDrive/extracted_files/reagan_81-88/C.I.A._S SECURITY WAS LAX, ACCCORDING TO CONVICTED SPY.txt",0.94076355903045,0.9435590422815747,23,36,59
"CALENDAR_ANTIQUES, CRAFTS, TOURS, BONSAI.txt","/content/drive/MyDrive/extracted_files/reagan_81-88/CALENDAR_ANTIQUES, CRAFTS, TOURS, BONSAI.txt",0.9546387456357479,0.7792867958545685,32,10,42
"CANADA, AWAITING ZHAO, RECALLS WARM FRIENDSHIP.txt","/content/drive/MyDrive/extracted_files/reagan_81-88/CANADA, AWAITING ZHAO, RECALLS WARM FRIENDSHIP.txt",0.939137699512335,0.9418357695852008,26,21,47
CAPITALISM KEEPS A TOEHOLD IN CHINA.txt,/content/drive/MyDrive/extracted_files/reagan_81-88/CAPITALISM KEEPS A TOEHOLD IN CHINA.txt,0.9760176225712425,0.972139026437487,38,21,59
CAPITALISM LIFTS CHINA BANK.txt,/content/drive/MyDrive/extracted_files/reagan_81-88/CAPITALISM LIFTS CHINA BANK.txt,0.9515510737895966,0.9878902935212658,30,31,61
CARTER AND CHINESE PREMIER URGE STRONG TIES.txt,/content/drive/MyDrive/extracted_files/reagan_81-88/CARTER AND CHINESE PREMIER URGE STRONG TIES.txt,0.9489126337899102,0.952078890800476,18,5,23
Carter to Visit China Today.txt,/content/drive/MyDrive/extracted_files/reagan_81-88/Carter to Visit China Today.txt,0.9915889302889506,,3,0,3
CAUGHT IN REVOLUTION_S REVOLVING DOOR.txt,/content/drive/MyDrive/extracted_files/reagan_81-88/CAUGHT IN REVOLUTION_S REVOLVING DOOR.txt,0.9686710874239604,0.951641027574186,30,27,57
CERAMIC FUNERARY ART FROM CHINA ON DISPLAY.txt,/content/drive/MyDrive/extracted_files/reagan_81-88/CERAMIC FUNERARY ART FROM CHINA ON DISPLAY.txt,0.9496799281665257,0.971559484799703,21,3,24
Charlotte Curtis Honoring Douglas Dillon.txt,/content/drive/MyDrive/extracted_files/reagan_81-88/Charlotte Curtis Honoring Douglas Dillon.txt,0.9766658697809492,0.9398503621419271,35,15,50
CHASE MANHATTAN_S MAN IN HONG KONG.txt,/content/drive/MyDrive/extracted_files/reagan_81-88/CHASE MANHATTAN_S MAN IN HONG KONG.txt,0.9501027568028524,0.9304966244258379,104,76,180
Chasing the Heroin From Plush Hotel to Mean Streets.txt,/content/drive/MyDrive/extracted_files/reagan_81-88/Chasing the Heroin From Plush Hotel to Mean Streets.txt,0.9251647761889866,0.9395079016685486,84,143,227
CHEMISTS VISITING CHINA FIND INFORMATION FLOWS ONE WAY.txt,/content/drive/MyDrive/extracted_files/reagan_81-88/CHEMISTS VISITING CHINA FIND INFORMATION FLOWS ONE WAY.txt,0.937268520394961,0.9573774735132853,24,18,42
CHILDREN OF CHINATOWN GET A DAY-CARE CENTER.txt,/content/drive/MyDrive/extracted_files/reagan_81-88/CHILDREN OF CHINATOWN GET A DAY-CARE CENTER.txt,0.9324893227645329,0.9285996097784776,14,13,27
China Accuses Reagan On Taiwan Accord.txt,/content/drive/MyDrive/extracted_files/reagan_81-88/China Accuses Reagan On Taiwan Accord.txt,,0.9934371809164683,0,6,6
China Accuses Vietnamese Of Increasing Border Attacks.txt,/content/drive/MyDrive/extracted_files/reagan_81-88/China Accuses Vietnamese Of Increasing Border Attacks.txt,,0.9930146098136902,0,5,5
China Acts on Joint Ventures.txt,/content/drive/MyDrive/extracted_files/reagan_81-88/China Acts on Joint Ventures.txt,0.9024016857147217,0.9680445102544931,9,13,22
CHINA AGAIN CENSORS REAGAN TV TALK.txt,/content/drive/MyDrive/extracted_files/reagan_81-88/CHINA AGAIN CENSORS REAGAN TV TALK.txt,0.9473439384909237,0.9776442805926006,17,30,47
China Aids Light Industry.txt,/content/drive/MyDrive/extracted_files/reagan_81-88/China Aids Light Industry.txt,0.8687159717082977,0.9598879814147949,2,1,3
China Alters Banking Role.txt,/content/drive/MyDrive/extracted_files/reagan_81-88/China Alters Banking Role.txt,0.8956202864646912,0.915782610575358,3,3,6
CHINA ALTERS TAX ON IMPORTS.txt,/content/drive/MyDrive/extracted_files/reagan_81-88/CHINA ALTERS TAX ON IMPORTS.txt,0.9691980183124542,0.9382353333326486,2,13,15
CHINA AND POLAND SIGN TRADE ACCORD.txt,/content/drive/MyDrive/extracted_files/reagan_81-88/CHINA AND POLAND SIGN TRADE ACCORD.txt,0.9442503885789351,0.9535378813743591,11,20,31
CHINA AND SOVIET PLEASED BY MOOD OF PEKING TALKS.txt,/content/drive/MyDrive/extracted_files/reagan_81-88/CHINA AND SOVIET PLEASED BY MOOD OF PEKING TALKS.txt,0.9778436750173569,0.9335247507462134,20,13,33
China Asks Return of Boat.txt,/content/drive/MyDrive/extracted_files/reagan_81-88/China Asks Return of Boat.txt,0.9890271067619324,0.9504623636603355,5,16,21
China Assails Doubters Of Japanese Atrocity.txt,/content/drive/MyDrive/extracted_files/reagan_81-88/China Assails Doubters Of Japanese Atrocity.txt,0.9599713087081909,0.9775020629167557,2,4,6
China Assails Graft in Party.txt,/content/drive/MyDrive/extracted_files/reagan_81-88/China Assails Graft in Party.txt,0.9625022411346436,0.8954905271530151,2,12,14
China Assails U.S. on Bank.txt,/content/drive/MyDrive/extracted_files/reagan_81-88/China Assails U.S. on Bank.txt,,0.959293110030038,0,7,7
China Assails U.S. on Trade.txt,/content/drive/MyDrive/extracted_files/reagan_81-88/China Assails U.S. on Trade.txt,,0.9093110114336014,0,8,8
China Assays 5-Year Plan.txt,/content/drive/MyDrive/extracted_files/reagan_81-88/China Assays 5-Year Plan.txt,0.9624927490949631,0.9885870218276978,4,2,6
CHINA ATTACKS FOREIGN POLICY OF U.S.txt,/content/drive/MyDrive/extracted_files/reagan_81-88/CHINA ATTACKS FOREIGN POLICY OF U.S.txt,0.9027048399051031,0.9460635159326636,12,23,35
CHINA AWAITS VERDICT ON ANCIENT WINE.txt,/content/drive/MyDrive/extracted_files/reagan_81-88/CHINA AWAITS VERDICT ON ANCIENT WINE.txt,0.9234609206517538,0.9821227043867111,3,4,7
CHINA BELIEVED TO HAVE UNDERSTATED SCALE OF DROUGHT AND FLOOD DISASTERS.txt,/content/drive/MyDrive/extracted_files/reagan_81-88/CHINA BELIEVED TO HAVE UNDERSTATED SCALE OF DROUGHT AND FLOOD DISASTERS.txt,0.9157130122184753,0.9219671066214399,7,41,48
China Business Program Is Set.txt,/content/drive/MyDrive/extracted_files/reagan_81-88/China Business Program Is Set.txt,0.9489512920379639,0.6636233329772949,5,2,7
China Calls Adultery A _Serious Problem_.txt,/content/drive/MyDrive/extracted_files/reagan_81-88/China Calls Adultery A _Serious Problem_.txt,0.9731642007827759,0.9893416881561279,2,5,7
CHINA CALLS FOR NUCLEAR CUTS.txt,/content/drive/MyDrive/extracted_files/reagan_81-88/CHINA CALLS FOR NUCLEAR CUTS.txt,0.8002913296222687,0.859533965587616,2,4,6
CHINA CALLS NEW SOVIET TALKS USEFUL_ 6TH ROUND DUE IN APRIL.txt,/content/drive/MyDrive/extracted_files/reagan_81-88/CHINA CALLS NEW SOVIET TALKS USEFUL_ 6TH ROUND DUE IN APRIL.txt,0.9757475190692477,0.8936446706453959,9,9,18
CHINA CAUTIONS STANFORD ABOUT EXPELLING STUDENT.txt,/content/drive/MyDrive/extracted_files/reagan_81-88/CHINA CAUTIONS STANFORD ABOUT EXPELLING STUDENT.txt,0.9966103732585907,0.9648986458778381,2,20,22
CHINA CAUTIONS U.S. ON ARMS FOR TAIWAN.txt,/content/drive/MyDrive/extracted_files/reagan_81-88/CHINA CAUTIONS U.S. ON ARMS FOR TAIWAN.txt,0.9356927956853595,0.9632908436987135,7,18,25
CHINA CAUTIOUSLY INCREASING ITS WORLDWIDE INVESTMENTS.txt,/content/drive/MyDrive/extracted_files/reagan_81-88/CHINA CAUTIOUSLY INCREASING ITS WORLDWIDE INVESTMENTS.txt,0.9884517296500828,0.8963646789391836,23,12,35
China Charges That Vietnam Is Provoking Border Conflict.txt,/content/drive/MyDrive/extracted_files/reagan_81-88/China Charges That Vietnam Is Provoking Border Conflict.txt,,0.9649222791194916,0,4,4
CHINA CLOSING IN ON MAOIST REMMNANTS.txt,/content/drive/MyDrive/extracted_files/reagan_81-88/CHINA CLOSING IN ON MAOIST REMMNANTS.txt,0.9056924906643954,0.9258217396943466,11,23,34
CHINA CONTINUES TO BAR WALDHEIM RENOMINATION.txt,/content/drive/MyDrive/extracted_files/reagan_81-88/CHINA CONTINUES TO BAR WALDHEIM RENOMINATION.txt,0.8719856301943462,0.9636642862768734,15,17,32
CHINA COUNTS ITS QUARTER OF THE WORLD_S NOSES.txt,/content/drive/MyDrive/extracted_files/reagan_81-88/CHINA COUNTS ITS QUARTER OF THE WORLD_S NOSES.txt,0.924738198518753,0.9654822567614113,20,41,61
CHINA CRACKS DOWN ON _DECADENT_ CAPITALIST VALUES.txt,/content/drive/MyDrive/extracted_files/reagan_81-88/CHINA CRACKS DOWN ON _DECADENT_ CAPITALIST VALUES.txt,0.8601491280964443,0.9606498945050124,7,41,48
China Crash Toll Rises to 11.txt,/content/drive/MyDrive/extracted_files/reagan_81-88/China Crash Toll Rises to 11.txt,,0.9971300065517426,0,2,2
CHINA CRITICIZES JAPAN ON VISIT TO WAR SHRINE.txt,/content/drive/MyDrive/extracted_files/reagan_81-88/CHINA CRITICIZES JAPAN ON VISIT TO WAR SHRINE.txt,0.9238607168197632,0.9274588743845622,5,15,20
CHINA CRITICIZES MEESE ON TAIWAN.txt,/content/drive/MyDrive/extracted_files/reagan_81-88/CHINA CRITICIZES MEESE ON TAIWAN.txt,0.9800429344177246,0.9416099616459438,2,7,9
China Currency Scheme.txt,/content/drive/MyDrive/extracted_files/reagan_81-88/China Currency Scheme.txt,0.8458302021026611,0.7649543583393097,2,2,4
China Denies That Submarine Exploded During Missile Test.txt,/content/drive/MyDrive/extracted_files/reagan_81-88/China Denies That Submarine Exploded During Missile Test.txt,0.9865996837615967,0.9934561451276144,1,3,4
China Denounces U.S. For Presence in Korea.txt,/content/drive/MyDrive/extracted_files/reagan_81-88/China Denounces U.S. For Presence in Korea.txt,0.995505690574646,0.9842486143112182,1,5,6
CHINA DISCLOSES BIG SCANDAL.txt,/content/drive/MyDrive/extracted_files/reagan_81-88/CHINA DISCLOSES BIG SCANDAL.txt,,0.9643764495849609,0,8,8
China Display Of the Shoddy Breaks Down.txt,/content/drive/MyDrive/extracted_files/reagan_81-88/China Display Of the Shoddy Breaks Down.txt,0.8894601538777351,0.972586411696214,8,26,34
CHINA ENGAGES HOFSTRA U. TO ARRANGE DEALS WITH AMERICAN COMPANIES.txt,/content/drive/MyDrive/extracted_files/reagan_81-88/CHINA ENGAGES HOFSTRA U. TO ARRANGE DEALS WITH AMERICAN COMPANIES.txt,0.9623155123309085,0.9212908029556275,19,20,39
CHINA EXECUTES CAR THIEF.txt,/content/drive/MyDrive/extracted_files/reagan_81-88/CHINA EXECUTES CAR THIEF.txt,,0.9815530776977539,0,1,1
CHINA EXHIBIT CAPTIVATES CROWDS AT WORLD_S FAIR.txt,/content/drive/MyDrive/extracted_files/reagan_81-88/CHINA EXHIBIT CAPTIVATES CROWDS AT WORLD_S FAIR.txt,0.9456135189091718,0.9347644631679242,27,13,40
CHINA EXPELS A REPORTER WHO COLLECTS ANTIQUES.txt,/content/drive/MyDrive/extracted_files/reagan_81-88/CHINA EXPELS A REPORTER WHO COLLECTS ANTIQUES.txt,,0.9777790435722896,0,14,14
CHINA EXPELS TIMES REPORTER FOR ENTERING RESTRICTED AREA.txt,/content/drive/MyDrive/extracted_files/reagan_81-88/CHINA EXPELS TIMES REPORTER FOR ENTERING RESTRICTED AREA.txt,0.9449335257212321,0.9513327558835347,15,30,45
CHINA FIGHTS STUDENT PROTEST AGAINST _OPEN DOOR_.txt,/content/drive/MyDrive/extracted_files/reagan_81-88/CHINA FIGHTS STUDENT PROTEST AGAINST _OPEN DOOR_.txt,0.881127205159929,0.9632324203848839,9,16,25
CHINA GETS A 30-SECOND MESSAGE.txt,/content/drive/MyDrive/extracted_files/reagan_81-88/CHINA GETS A 30-SECOND MESSAGE.txt,0.9528492245268314,0.9486274208341327,47,49,96
China Gives Managers Greater Control in Industry.txt,/content/drive/MyDrive/extracted_files/reagan_81-88/China Gives Managers Greater Control in Industry.txt,0.9240067799886068,0.9297747810681661,12,12,24
CHINA GREETS BUSH WITH A WARNING.txt,/content/drive/MyDrive/extracted_files/reagan_81-88/CHINA GREETS BUSH WITH A WARNING.txt,0.9372181660599179,0.929104972969402,18,11,29
CHINA HALTS PLAN FOR CURB ON PARTY OFFICIAL.txt,/content/drive/MyDrive/extracted_files/reagan_81-88/CHINA HALTS PLAN FOR CURB ON PARTY OFFICIAL.txt,0.9713656306266785,0.934299553434054,6,12,18
China Has Pessimistic View Of Summit Impact on Arms.txt,/content/drive/MyDrive/extracted_files/reagan_81-88/China Has Pessimistic View Of Summit Impact on Arms.txt,0.977651059627533,0.9932324886322021,1,1,2
CHINA HITS ITS STRIDE.txt,/content/drive/MyDrive/extracted_files/reagan_81-88/CHINA HITS ITS STRIDE.txt,0.933435131465235,0.9416522394527088,62,55,117
China in Loan to Soviets.txt,/content/drive/MyDrive/extracted_files/reagan_81-88/China in Loan to Soviets.txt,0.9706737399101257,0.8868860006332397,1,3,4
CHINA IS PLANNING ORDERLY GROWTH.txt,/content/drive/MyDrive/extracted_files/reagan_81-88/CHINA IS PLANNING ORDERLY GROWTH.txt,0.9262377396225929,0.9594264281423468,8,19,27
China Is Reported to Execute 17.txt,/content/drive/MyDrive/extracted_files/reagan_81-88/China Is Reported to Execute 17.txt,0.9701905250549316,0.9898045599460602,1,10,11
China Is Said to Insist On a Pullback by Soviet.txt,/content/drive/MyDrive/extracted_files/reagan_81-88/China Is Said to Insist On a Pullback by Soviet.txt,0.8085803389549255,0.8901191751162211,1,3,4
CHINA ISSUES DRAFT OF HONG KONG LAW.txt,/content/drive/MyDrive/extracted_files/reagan_81-88/CHINA ISSUES DRAFT OF HONG KONG LAW.txt,0.9341114163398743,0.9675277024507523,11,24,35
CHINA JAILS A HONG KONG EDITOR AS A SPY FOR U.S.txt,/content/drive/MyDrive/extracted_files/reagan_81-88/CHINA JAILS A HONG KONG EDITOR AS A SPY FOR U.S.txt,0.9056401364505291,0.9472961639746641,16,39,55
China Job Advertising.txt,/content/drive/MyDrive/extracted_files/reagan_81-88/China Job Advertising.txt,,0.979516605536143,0,3,3
CHINA LAGS ON BUYING U.S. GRAIN.txt,/content/drive/MyDrive/extracted_files/reagan_81-88/CHINA LAGS ON BUYING U.S. GRAIN.txt,0.9051158825556437,0.9477178156375885,9,34,43
China Leader To Disclose 5-Year Plan.txt,/content/drive/MyDrive/extracted_files/reagan_81-88/China Leader To Disclose 5-Year Plan.txt,0.9541569153467814,0.9354729652404785,6,7,13
CHINA LISTS 3 OBSTACLES TO CLOSER SOVIET RELATIONS.txt,/content/drive/MyDrive/extracted_files/reagan_81-88/CHINA LISTS 3 OBSTACLES TO CLOSER SOVIET RELATIONS.txt,0.8811597128709158,0.9154657756581026,6,17,23
China Makes Call to U.S.txt,/content/drive/MyDrive/extracted_files/reagan_81-88/China Makes Call to U.S.txt,0.883523804800851,0.917201300462087,7,12,19
China Mountain Road Opens.txt,/content/drive/MyDrive/extracted_files/reagan_81-88/China Mountain Road Opens.txt,0.9980918765068054,,2,0,2
CHINA MOVES TO RESURRECT A CREDIBLE LEGAL SYSTEM.txt,/content/drive/MyDrive/extracted_files/reagan_81-88/CHINA MOVES TO RESURRECT A CREDIBLE LEGAL SYSTEM.txt,0.9302636244717766,0.949328335977736,17,42,59
CHINA NEARING OIL GOAL.txt,/content/drive/MyDrive/extracted_files/reagan_81-88/CHINA NEARING OIL GOAL.txt,0.9409855604171753,,1,0,1
CHINA NERVOUS THAT TAIWAN MAY BE WIDENING ITS TIES.txt,/content/drive/MyDrive/extracted_files/reagan_81-88/CHINA NERVOUS THAT TAIWAN MAY BE WIDENING ITS TIES.txt,0.8825568982533046,0.9738138914108276,7,23,30
China Oilfield Sees Big Loss.txt,/content/drive/MyDrive/extracted_files/reagan_81-88/China Oilfield Sees Big Loss.txt,,0.9764392077922821,0,4,4
China Opens PPG Plant.txt,/content/drive/MyDrive/extracted_files/reagan_81-88/China Opens PPG Plant.txt,0.8762370049953461,0.8051446676254272,4,2,6
CHINA OPPOSITION THRIVES IN QUEENS.txt,/content/drive/MyDrive/extracted_files/reagan_81-88/CHINA OPPOSITION THRIVES IN QUEENS.txt,0.9060176312923431,0.9842897747692309,16,19,35
CHINA ORDERS CHANGES IN ITS EDUCATIONAL POLICIES.txt,/content/drive/MyDrive/extracted_files/reagan_81-88/CHINA ORDERS CHANGES IN ITS EDUCATIONAL POLICIES.txt,0.9435311087540218,0.959565634910877,14,13,27
CHINA OUSTS UNIVERSITY SCIENTIST WHO ADVOCATED BROADER RIGHTS.txt,/content/drive/MyDrive/extracted_files/reagan_81-88/CHINA OUSTS UNIVERSITY SCIENTIST WHO ADVOCATED BROADER RIGHTS.txt,0.8350568115711212,0.9431675598025322,6,16,22
CHINA PARTY VETERANS KEEP JOBS AS HUA IS OUSTED.txt,/content/drive/MyDrive/extracted_files/reagan_81-88/CHINA PARTY VETERANS KEEP JOBS AS HUA IS OUSTED.txt,0.9105335791905721,0.9762449834657752,15,23,38
China Plans Major.txt,/content/drive/MyDrive/extracted_files/reagan_81-88/China Plans Major.txt,0.9291009306907654,0.9410188623837062,3,14,17
CHINA PLANS MORE MANPOWER CUTS IN THE MILITARY.txt,/content/drive/MyDrive/extracted_files/reagan_81-88/CHINA PLANS MORE MANPOWER CUTS IN THE MILITARY.txt,0.9025585452715555,0.9643599182367325,15,20,35
China Plans to Revise Wage-Price System.txt,/content/drive/MyDrive/extracted_files/reagan_81-88/China Plans to Revise Wage-Price System.txt,0.9532809853553772,0.9104246894518534,4,6,10
CHINA PLANS TO SPEND 1 BILLION ON TECHNOLOGY FROM WEST.txt,/content/drive/MyDrive/extracted_files/reagan_81-88/CHINA PLANS TO SPEND 1 BILLION ON TECHNOLOGY FROM WEST.txt,0.9102218747138977,0.8590492652012751,17,13,30
China Pledge To Investors.txt,/content/drive/MyDrive/extracted_files/reagan_81-88/China Pledge To Investors.txt,0.9953459898630778,0.9822571873664856,3,1,4
CHINA POLICY SHIFT ON STUDY OVERSEAS.txt,/content/drive/MyDrive/extracted_files/reagan_81-88/CHINA POLICY SHIFT ON STUDY OVERSEAS.txt,0.8747875392436981,0.9544490145312415,4,18,22
CHINA PREMIER BIDS U.S. KEEP PLEDGE ON TAIWAN.txt,/content/drive/MyDrive/extracted_files/reagan_81-88/CHINA PREMIER BIDS U.S. KEEP PLEDGE ON TAIWAN.txt,0.9440832426471095,0.9728539552953508,31,18,49
CHINA PRESENTS A PLAY ABOUT ITS VIETNAM WAR.txt,/content/drive/MyDrive/extracted_files/reagan_81-88/CHINA PRESENTS A PLAY ABOUT ITS VIETNAM WAR.txt,0.9556455135345459,0.9549401998519897,15,19,34
China President Plans To Visit U.S. in July.txt,/content/drive/MyDrive/extracted_files/reagan_81-88/China President Plans To Visit U.S. in July.txt,0.9947716082845416,0.9898251891136169,7,2,9
China Puts Guards on Planes.txt,/content/drive/MyDrive/extracted_files/reagan_81-88/China Puts Guards on Planes.txt,,0.9496687650680542,0,2,2
China Quality Bureau.txt,/content/drive/MyDrive/extracted_files/reagan_81-88/China Quality Bureau.txt,0.6959282159805298,0.9717134435971578,1,3,4
China Raising Crude Oil Price.txt,/content/drive/MyDrive/extracted_files/reagan_81-88/China Raising Crude Oil Price.txt,0.9908636212348938,0.9194255272547404,1,6,7
China Rejects Gorbachev Summit Offer.txt,/content/drive/MyDrive/extracted_files/reagan_81-88/China Rejects Gorbachev Summit Offer.txt,0.9386311107211642,0.9650637717807994,18,17,35
CHINA RELEASES A CATHOLIC BISHOP WHO WAS JAILED NEARLY 30 YEARS.txt,/content/drive/MyDrive/extracted_files/reagan_81-88/CHINA RELEASES A CATHOLIC BISHOP WHO WAS JAILED NEARLY 30 YEARS.txt,0.9077827669680119,0.9729356295184085,16,19,35
CHINA REPLACES ITS TOP POLICE MINISTER.txt,/content/drive/MyDrive/extracted_files/reagan_81-88/CHINA REPLACES ITS TOP POLICE MINISTER.txt,0.8928290233016014,0.9952285766601563,16,5,21
CHINA REPORTS ATTACKS BY HANOI.txt,/content/drive/MyDrive/extracted_files/reagan_81-88/CHINA REPORTS ATTACKS BY HANOI.txt,,0.9539994359016418,0,10,10
CHINA REPORTS GAIN IN SUPERCONDUCTIVE ALLOYS.txt,/content/drive/MyDrive/extracted_files/reagan_81-88/CHINA REPORTS GAIN IN SUPERCONDUCTIVE ALLOYS.txt,0.9422455802559853,0.9717855038064899,16,33,49
China Reports It Has Halted One Side of Huge Forest Fire.txt,/content/drive/MyDrive/extracted_files/reagan_81-88/China Reports It Has Halted One Side of Huge Forest Fire.txt,0.8951699137687683,0.9689242243766785,2,1,3
China Reports Its Oil Reserves.txt,/content/drive/MyDrive/extracted_files/reagan_81-88/China Reports Its Oil Reserves.txt,0.9547976404428482,,4,0,4
CHINA REPORTS OPIUM IS BEING SMUGGLED TO HONG KONG AND TAIWAN (Reuters) -.txt,/content/drive/MyDrive/extracted_files/reagan_81-88/CHINA REPORTS OPIUM IS BEING SMUGGLED TO HONG KONG AND TAIWAN (Reuters) -.txt,0.8587532639503479,0.9745631309655997,3,13,16
China Said to Convict _Gang of Four_ Backers.txt,/content/drive/MyDrive/extracted_files/reagan_81-88/China Said to Convict _Gang of Four_ Backers.txt,0.8116510212421417,0.9754632314046224,2,3,5
CHINA SAID TO OUST HIGH OFFICIAL.txt,/content/drive/MyDrive/extracted_files/reagan_81-88/CHINA SAID TO OUST HIGH OFFICIAL.txt,0.8728998005390167,0.9932856485247612,2,8,10
CHINA SAYS ACCORD IS JUST BEGINNING.txt,/content/drive/MyDrive/extracted_files/reagan_81-88/CHINA SAYS ACCORD IS JUST BEGINNING.txt,0.8604604959487915,0.9616700283118657,5,14,19
CHINA SAYS CHERNENKO_S CALL FOR CLOSER TIES ISN_T ENOUGH.txt,/content/drive/MyDrive/extracted_files/reagan_81-88/CHINA SAYS CHERNENKO_S CALL FOR CLOSER TIES ISN_T ENOUGH.txt,0.9501354353768485,0.9496229205812726,7,14,21
China Says Emergency Steps Cut the Crime Rate by 40_.txt,/content/drive/MyDrive/extracted_files/reagan_81-88/China Says Emergency Steps Cut the Crime Rate by 40_.txt,0.9948152899742126,0.9224682450294495,1,5,6
China Says Food Poisoning Hospitalizes Many in Peking.txt,/content/drive/MyDrive/extracted_files/reagan_81-88/China Says Food Poisoning Hospitalizes Many in Peking.txt,,0.9952628016471863,0,4,4
China Says It Downed A Vietnamese Fighter.txt,/content/drive/MyDrive/extracted_files/reagan_81-88/China Says It Downed A Vietnamese Fighter.txt,,0.9791126847267151,0,7,7
CHINA SAYS IT INFLICTED BIG LOSSES ON VIETNAMESE.txt,/content/drive/MyDrive/extracted_files/reagan_81-88/CHINA SAYS IT INFLICTED BIG LOSSES ON VIETNAMESE.txt,0.9622718691825867,0.9612324024949755,1,14,15
CHINA SAYS SHULTZ SOOTHED TENSIONS _TO SOME EXTENT_.txt,/content/drive/MyDrive/extracted_files/reagan_81-88/CHINA SAYS SHULTZ SOOTHED TENSIONS _TO SOME EXTENT_.txt,0.9868892803788185,0.9686669952729169,8,17,25
CHINA SAYS VIETNAM IS TRYING TO SEIZE PARTS OF TONKIN GULF.txt,/content/drive/MyDrive/extracted_files/reagan_81-88/CHINA SAYS VIETNAM IS TRYING TO SEIZE PARTS OF TONKIN GULF.txt,0.8202499349912008,0.9576269321971469,6,9,15
China Says Wages Rise.txt,/content/drive/MyDrive/extracted_files/reagan_81-88/China Says Wages Rise.txt,0.9216282069683075,,2,0,2
CHINA SEES NO ADDED GRAIN NEED.txt,/content/drive/MyDrive/extracted_files/reagan_81-88/CHINA SEES NO ADDED GRAIN NEED.txt,0.9606141994396845,0.9459419806798299,12,15,27
CHINA SEES SUMMIT WITH SOVIETS IN _89.txt,/content/drive/MyDrive/extracted_files/reagan_81-88/CHINA SEES SUMMIT WITH SOVIETS IN _89.txt,0.9832790270447731,0.9441535201939669,8,11,19
China Sends Naval Squadron To Disputed Spratly Islands.txt,/content/drive/MyDrive/extracted_files/reagan_81-88/China Sends Naval Squadron To Disputed Spratly Islands.txt,0.9800745248794556,0.9207977205514908,1,4,5
CHINA SHARPLY WARNS U.S. ON TEXTILE CURBS.txt,/content/drive/MyDrive/extracted_files/reagan_81-88/CHINA SHARPLY WARNS U.S. ON TEXTILE CURBS.txt,0.84178360303243,0.9823485488692919,3,24,27
China Spending Curb.txt,/content/drive/MyDrive/extracted_files/reagan_81-88/China Spending Curb.txt,,0.9921959638595581,0,2,2
CHINA STEPS UP DRIVE TO REVIVE BUREAUCRACY.txt,/content/drive/MyDrive/extracted_files/reagan_81-88/CHINA STEPS UP DRIVE TO REVIVE BUREAUCRACY.txt,0.9373304886477334,0.9650845357349941,14,7,21
China Studies Investor Plan.txt,/content/drive/MyDrive/extracted_files/reagan_81-88/China Studies Investor Plan.txt,0.703375518321991,0.9805453419685364,2,2,4
China Switch On U.S. Grain.txt,/content/drive/MyDrive/extracted_files/reagan_81-88/China Switch On U.S. Grain.txt,,0.9872982203960419,0,4,4
China Technology Unit.txt,/content/drive/MyDrive/extracted_files/reagan_81-88/China Technology Unit.txt,0.9925309717655182,0.9977867603302002,2,2,4
CHINA TELLS U.S. ARMS TO TAIWAN ARE CRUCIAL TEST.txt,/content/drive/MyDrive/extracted_files/reagan_81-88/CHINA TELLS U.S. ARMS TO TAIWAN ARE CRUCIAL TEST.txt,0.9370472629865011,0.9528363186579484,3,26,29
CHINA TEXTILE WARNING.txt,/content/drive/MyDrive/extracted_files/reagan_81-88/CHINA TEXTILE WARNING.txt,,0.9863308370113373,0,2,2
CHINA TIMES CEASES U.S. PUBLICATIONS.txt,/content/drive/MyDrive/extracted_files/reagan_81-88/CHINA TIMES CEASES U.S. PUBLICATIONS.txt,0.948211920261383,0.9457338842852362,10,29,39
CHINA TO GET AID OF GEORGIA TECH.txt,/content/drive/MyDrive/extracted_files/reagan_81-88/CHINA TO GET AID OF GEORGIA TECH.txt,0.9885189568295198,0.956851495636834,17,9,26
CHINA TO GET U.S. BOOKS.txt,/content/drive/MyDrive/extracted_files/reagan_81-88/CHINA TO GET U.S. BOOKS.txt,0.9601132154464722,0.8447590917348862,5,4,9
CHINA TO ISSUE FIRST BONDS SINCE 50_S.txt,/content/drive/MyDrive/extracted_files/reagan_81-88/CHINA TO ISSUE FIRST BONDS SINCE 50_S.txt,0.9188339710235596,0.9895715638995171,1,8,9
CHINA TO ORBIT TWO SATELLITES FOR AMERICANS.txt,/content/drive/MyDrive/extracted_files/reagan_81-88/CHINA TO ORBIT TWO SATELLITES FOR AMERICANS.txt,0.9625853598117828,0.9212748259305954,2,8,10
China to Pay Mitsubishi.txt,/content/drive/MyDrive/extracted_files/reagan_81-88/China to Pay Mitsubishi.txt,0.999022364616394,0.9871961116790772,1,5,6
China to Sit In at GATT.txt,/content/drive/MyDrive/extracted_files/reagan_81-88/China to Sit In at GATT.txt,0.9135591189066569,,3,0,3
China to Try Student_ Earned Degree in U.S.txt,/content/drive/MyDrive/extracted_files/reagan_81-88/China to Try Student_ Earned Degree in U.S.txt,0.6189864873886108,0.9449013322591782,1,4,5
China Trade Rules Eased.txt,/content/drive/MyDrive/extracted_files/reagan_81-88/China Trade Rules Eased.txt,0.9230173677206039,0.5296992659568787,4,1,5
China Trade Rules Near.txt,/content/drive/MyDrive/extracted_files/reagan_81-88/China Trade Rules Near.txt,0.9941393136978149,0.8897476434707642,1,5,6
China Trade Surge Seen.txt,/content/drive/MyDrive/extracted_files/reagan_81-88/China Trade Surge Seen.txt,0.9007689158121744,0.9813606441020966,3,2,5
CHINA TRIES TO SHUT THE DOOR ON THE RED GUARDS_ LEGACY.txt,/content/drive/MyDrive/extracted_files/reagan_81-88/CHINA TRIES TO SHUT THE DOOR ON THE RED GUARDS_ LEGACY.txt,0.9424900587867288,0.9495518445968628,17,25,42
China Venture In South Korea.txt,/content/drive/MyDrive/extracted_files/reagan_81-88/China Venture In South Korea.txt,0.9346275130907694,0.9300101399421692,3,2,5
CHINA VIEW MIXED ON REAGAN_S VISIT.txt,/content/drive/MyDrive/extracted_files/reagan_81-88/CHINA VIEW MIXED ON REAGAN_S VISIT.txt,0.9468611419200897,0.9959017038345337,10,4,14
CHINA VOWS CURB ON FREE DISCUSSION.txt,/content/drive/MyDrive/extracted_files/reagan_81-88/CHINA VOWS CURB ON FREE DISCUSSION.txt,0.9356473982334137,0.9378467523134671,6,13,19
China Warns U.S. May Face _Another Vietnam_ in Salvador.txt,/content/drive/MyDrive/extracted_files/reagan_81-88/China Warns U.S. May Face _Another Vietnam_ in Salvador.txt,,0.9881108999252319,0,4,4
CHINA WATCHERS SAY TURMOIL CUT DENG_S POWER.txt,/content/drive/MyDrive/extracted_files/reagan_81-88/CHINA WATCHERS SAY TURMOIL CUT DENG_S POWER.txt,0.9610530648912702,0.9550739718335015,14,28,42
China Won_t Be at Soviet Fete Special to The New York Times.txt,/content/drive/MyDrive/extracted_files/reagan_81-88/China Won_t Be at Soviet Fete Special to The New York Times.txt,0.9820645153522491,0.929121216138204,2,6,8
"CHINA, CASTING OFF CARE, HAILS THE YEAR OF THE OX.txt","/content/drive/MyDrive/extracted_files/reagan_81-88/CHINA, CASTING OFF CARE, HAILS THE YEAR OF THE OX.txt",0.9344859283704025,0.9186398358572097,26,21,47
"China, Italy, U.S. Win Gold Medals.txt","/content/drive/MyDrive/extracted_files/reagan_81-88/China, Italy, U.S. Win Gold Medals.txt",0.9613825430472692,0.6697714328765869,12,2,14
"China, Occidental Open Coal Mine.txt","/content/drive/MyDrive/extracted_files/reagan_81-88/China, Occidental Open Coal Mine.txt",0.932660847902298,0.8827844659487406,2,3,5
"CHINA, TO RELIEVE UNEMPLOYMENT, GIVES PRIVATE SECTOR MORE LEEWAY.txt","/content/drive/MyDrive/extracted_files/reagan_81-88/CHINA, TO RELIEVE UNEMPLOYMENT, GIVES PRIVATE SECTOR MORE LEEWAY.txt",0.8785279026398292,0.9422743047277132,13,24,37
China-Australia Accord.txt,/content/drive/MyDrive/extracted_files/reagan_81-88/China-Australia Accord.txt,0.9899184703826904,,2,0,2
China-Australia Project.txt,/content/drive/MyDrive/extracted_files/reagan_81-88/China-Australia Project.txt,0.9690231382846832,0.72422194480896,2,1,3
China-Canada Grain Accord.txt,/content/drive/MyDrive/extracted_files/reagan_81-88/China-Canada Grain Accord.txt,0.8485624939203262,0.8116239905357361,4,3,7
China-Europe Trade Ties.txt,/content/drive/MyDrive/extracted_files/reagan_81-88/China-Europe Trade Ties.txt,0.9808129906654358,,5,0,5
China-Japan Oil Project.txt,/content/drive/MyDrive/extracted_files/reagan_81-88/China-Japan Oil Project.txt,0.7883316278457642,0.7702372670173645,4,1,5
"China-South Korea Trade_ Boom, Yes, but a Quiet One.txt","/content/drive/MyDrive/extracted_files/reagan_81-88/China-South Korea Trade_ Boom, Yes, but a Quiet One.txt",0.9308219597889826,0.9243090502147017,26,29,55
China-U.S. Accord.txt,/content/drive/MyDrive/extracted_files/reagan_81-88/China-U.S. Accord.txt,0.9714162945747375,,1,0,1
CHINA-VIETNAM ATTACKS GROW.txt,/content/drive/MyDrive/extracted_files/reagan_81-88/CHINA-VIETNAM ATTACKS GROW.txt,0.9853436946868896,0.9750756859779358,5,10,15
CHINA_HU_S OUSTER RAISES TROUBLESOME QUESTIONS.txt,/content/drive/MyDrive/extracted_files/reagan_81-88/CHINA_HU_S OUSTER RAISES TROUBLESOME QUESTIONS.txt,0.9155100822448731,0.9671004522930492,5,11,16
China_s Account of Riot in Tibet Is Disputed.txt,/content/drive/MyDrive/extracted_files/reagan_81-88/China_s Account of Riot in Tibet Is Disputed.txt,0.9579814374446869,0.9183438420295715,2,3,5
CHINA_S ATOMIC WEAPON STORY TOLD.txt,/content/drive/MyDrive/extracted_files/reagan_81-88/CHINA_S ATOMIC WEAPON STORY TOLD.txt,0.9453218475632046,0.9421484217499242,23,33,56
CHINA_S BIRTH GOALS MEET REGIONAL RESISTANCE.txt,/content/drive/MyDrive/extracted_files/reagan_81-88/CHINA_S BIRTH GOALS MEET REGIONAL RESISTANCE.txt,0.9554708486511594,0.947821037268933,21,81,102
China_s Bond Complaint.txt,/content/drive/MyDrive/extracted_files/reagan_81-88/China_s Bond Complaint.txt,,0.9913671414057413,0,3,3
CHINA_S CAREER LADDERS ARE CROWDED BY GERONTOCRACY.txt,/content/drive/MyDrive/extracted_files/reagan_81-88/CHINA_S CAREER LADDERS ARE CROWDED BY GERONTOCRACY.txt,0.9450912585964909,0.9652731588908604,27,21,48
CHINA_S CATHOLICS RESTORE A CHURCH IN PEKING.txt,/content/drive/MyDrive/extracted_files/reagan_81-88/CHINA_S CATHOLICS RESTORE A CHURCH IN PEKING.txt,0.9052951565155616,0.9425804853439331,13,10,23
CHINA_S CATHOLICS SEE LIFE THROUGH TINTED PLASTIC.txt,/content/drive/MyDrive/extracted_files/reagan_81-88/CHINA_S CATHOLICS SEE LIFE THROUGH TINTED PLASTIC.txt,0.9395842958580364,0.9550120625644922,22,32,54
CHINA_S CATHOLICS_ A NATION UNTO ITSELF MOVES TO MEET THE VATICAN.txt,/content/drive/MyDrive/extracted_files/reagan_81-88/CHINA_S CATHOLICS_ A NATION UNTO ITSELF MOVES TO MEET THE VATICAN.txt,0.9473159855062311,0.9236532708009084,11,30,41
China_s Centenarians Get Some Recognition.txt,/content/drive/MyDrive/extracted_files/reagan_81-88/China_s Centenarians Get Some Recognition.txt,0.9330183863639832,0.9620854059855143,3,3,6
China_s Coastal Plans.txt,/content/drive/MyDrive/extracted_files/reagan_81-88/China_s Coastal Plans.txt,0.9880778789520264,,2,0,2
China_s Deficit Reduced.txt,/content/drive/MyDrive/extracted_files/reagan_81-88/China_s Deficit Reduced.txt,0.9960215091705322,0.9842058718204498,3,2,5
China_s Economy Takes Small Leap Backward.txt,/content/drive/MyDrive/extracted_files/reagan_81-88/China_s Economy Takes Small Leap Backward.txt,0.9811571555979112,0.945873418876103,17,35,52
CHINA_S ENVOY TO U.S. ARRIVES TO TAKE UP HIS POST.txt,/content/drive/MyDrive/extracted_files/reagan_81-88/CHINA_S ENVOY TO U.S. ARRIVES TO TAKE UP HIS POST.txt,0.9913467493924227,0.99932861328125,11,1,12
China_s Forestry Chief Is Dismissed Over Fire.txt,/content/drive/MyDrive/extracted_files/reagan_81-88/China_s Forestry Chief Is Dismissed Over Fire.txt,,0.9920953631401062,0,5,5
China_s G.N.P. Up 9_.txt,/content/drive/MyDrive/extracted_files/reagan_81-88/China_s G.N.P. Up 9_.txt,0.83822400867939,,4,0,4
CHINA_S GENIUS WITH VEGETABLES.txt,/content/drive/MyDrive/extracted_files/reagan_81-88/CHINA_S GENIUS WITH VEGETABLES.txt,0.9454518000284831,0.9628706516758088,30,31,61
China_s Grain Exports.txt,/content/drive/MyDrive/extracted_files/reagan_81-88/China_s Grain Exports.txt,0.7782365381717682,0.9834856986999512,2,1,3
China_s Growing Debt.txt,/content/drive/MyDrive/extracted_files/reagan_81-88/China_s Growing Debt.txt,0.65738445520401,0.9802092611789703,1,2,3
CHINA_S HIGH-TECH TROUBLES.txt,/content/drive/MyDrive/extracted_files/reagan_81-88/CHINA_S HIGH-TECH TROUBLES.txt,0.8708346751001146,0.9822495943970151,9,72,81
CHINA_S HONG KONG VENTURES.txt,/content/drive/MyDrive/extracted_files/reagan_81-88/CHINA_S HONG KONG VENTURES.txt,0.9747119702790913,0.9386793312273527,19,19,38
CHINA_S IRRITATION WITH U.S. GROWING.txt,/content/drive/MyDrive/extracted_files/reagan_81-88/CHINA_S IRRITATION WITH U.S. GROWING.txt,0.8366202016671499,0.9613269587357839,6,30,36
China_s Leaders Said to Be Split On the Sentencing of Jiang Qing.txt,/content/drive/MyDrive/extracted_files/reagan_81-88/China_s Leaders Said to Be Split On the Sentencing of Jiang Qing.txt,,0.9963578581809998,0,5,5
CHINA_S LUXURY HOTEL BOOM.txt,/content/drive/MyDrive/extracted_files/reagan_81-88/CHINA_S LUXURY HOTEL BOOM.txt,0.9824841592622839,0.9037974973519644,23,30,53
CHINA_S NO. 1 DEPARTMENT STORE.txt,/content/drive/MyDrive/extracted_files/reagan_81-88/CHINA_S NO. 1 DEPARTMENT STORE.txt,0.9654133379459381,0.9609906837858003,40,29,69
"CHINA_S PRIESTS, STICKLERS FOR LATIN, DISAVOW VATICAN.txt","/content/drive/MyDrive/extracted_files/reagan_81-88/CHINA_S PRIESTS, STICKLERS FOR LATIN, DISAVOW VATICAN.txt",0.9079571458009573,0.9515521176930132,13,29,42
CHINA_S SONGBIRDS AND PEOPLE HAVE NEW REASONS TO SING.txt,/content/drive/MyDrive/extracted_files/reagan_81-88/CHINA_S SONGBIRDS AND PEOPLE HAVE NEW REASONS TO SING.txt,0.9671138482434409,0.9645797454792521,14,23,37
China_s Trade Surplus Reaches a Record High.txt,/content/drive/MyDrive/extracted_files/reagan_81-88/China_s Trade Surplus Reaches a Record High.txt,0.985322892665863,0.9889093467167446,2,7,9
CHINA_S UNHAPPY CHOSEN_PROTESTS REVEAL AN UNSUSPECTED DISCONTENT AMONG ELITE YOUTH AND FEARS ABOUT F.txt,/content/drive/MyDrive/extracted_files/reagan_81-88/CHINA_S UNHAPPY CHOSEN_PROTESTS REVEAL AN UNSUSPECTED DISCONTENT AMONG ELITE YOUTH AND FEARS ABOUT F.txt,0.8844805780579063,0.9422185271978378,17,24,41
China_s Waters And Mountains Of Eternity.txt,/content/drive/MyDrive/extracted_files/reagan_81-88/China_s Waters And Mountains Of Eternity.txt,0.9632187166075775,0.9232795275747776,69,48,117
CHINA_S _YELLOW EARTH_.txt,/content/drive/MyDrive/extracted_files/reagan_81-88/CHINA_S _YELLOW EARTH_.txt,0.9616774103858254,0.9328045174479485,11,8,19
CHINE TO BROADCAST CBS SELECTIONS.txt,/content/drive/MyDrive/extracted_files/reagan_81-88/CHINE TO BROADCAST CBS SELECTIONS.txt,0.9454025864601135,0.8838441512163948,10,17,27
Chinese Accord on Toshiba.txt,/content/drive/MyDrive/extracted_files/reagan_81-88/Chinese Accord on Toshiba.txt,0.659406304359436,0.9954275687535604,1,6,7
CHINESE ADIEU_ FIVE WHO ARE GIVING UP JOBS.txt,/content/drive/MyDrive/extracted_files/reagan_81-88/CHINESE ADIEU_ FIVE WHO ARE GIVING UP JOBS.txt,0.9582640546740908,0.8865435827862133,165,11,176
CHINESE AIDE FLIES TO SOUTH KOREA OVER HIJACKING.txt,/content/drive/MyDrive/extracted_files/reagan_81-88/CHINESE AIDE FLIES TO SOUTH KOREA OVER HIJACKING.txt,0.9636959969997406,0.9683020909627279,10,24,34
CHINESE AIDE LEAVES WASHINGTON WITHOUT FORMAL ARMS SALES PACT.txt,/content/drive/MyDrive/extracted_files/reagan_81-88/CHINESE AIDE LEAVES WASHINGTON WITHOUT FORMAL ARMS SALES PACT.txt,0.8982762277126313,0.973761206581479,10,21,31
CHINESE APPEAR WARY IN BUYING ARMS FROM THE WEST.txt,/content/drive/MyDrive/extracted_files/reagan_81-88/CHINESE APPEAR WARY IN BUYING ARMS FROM THE WEST.txt,0.970256507396698,0.9610319336255392,5,15,20
CHINESE AS IT_S WRITTEN_ WILDLY DIFFERENT STROKES.txt,/content/drive/MyDrive/extracted_files/reagan_81-88/CHINESE AS IT_S WRITTEN_ WILDLY DIFFERENT STROKES.txt,0.8717938423156738,0.9754759863018989,15,40,55
Chinese Back Nuclear Arms.txt,/content/drive/MyDrive/extracted_files/reagan_81-88/Chinese Back Nuclear Arms.txt,0.8531774878501892,0.8728237748146057,2,2,4
"Chinese Buy Austen, Bronte.txt","/content/drive/MyDrive/extracted_files/reagan_81-88/Chinese Buy Austen, Bronte.txt",0.9932171106338501,0.997241735458374,2,1,3
Chinese Calculators.txt,/content/drive/MyDrive/extracted_files/reagan_81-88/Chinese Calculators.txt,0.9200221300125122,,2,0,2
CHINESE CAST TO PERFORM _THE MUSIC MAN_ IN BEIJING.txt,/content/drive/MyDrive/extracted_files/reagan_81-88/CHINESE CAST TO PERFORM _THE MUSIC MAN_ IN BEIJING.txt,0.962697317202886,0.9491595237151437,24,23,47
CHINESE CATHOLICS REBUKE THE POPE.txt,/content/drive/MyDrive/extracted_files/reagan_81-88/CHINESE CATHOLICS REBUKE THE POPE.txt,0.9567014575004578,0.934482525896143,10,27,37
CHINESE CHIEF OF STATE AN ASTUTE OLD WARRIOR.txt,/content/drive/MyDrive/extracted_files/reagan_81-88/CHINESE CHIEF OF STATE AN ASTUTE OLD WARRIOR.txt,0.9947352357532667,0.9643591120839119,23,8,31
Chinese Coal Drive.txt,/content/drive/MyDrive/extracted_files/reagan_81-88/Chinese Coal Drive.txt,,0.8776827752590179,0,2,2
CHINESE CREW IS FIRST IN DRAGON BOATS.txt,/content/drive/MyDrive/extracted_files/reagan_81-88/CHINESE CREW IS FIRST IN DRAGON BOATS.txt,0.9679379314184189,0.9934020638465881,12,7,19
CHINESE DAILIES CHANGE TACTICS AS IMMIGRANTS POUR INTO CITY.txt,/content/drive/MyDrive/extracted_files/reagan_81-88/CHINESE DAILIES CHANGE TACTICS AS IMMIGRANTS POUR INTO CITY.txt,0.9561301029246786,0.976989535348756,23,28,51
CHINESE DETAINEES INCLUDE EX-STUDENT IN U.S.txt,/content/drive/MyDrive/extracted_files/reagan_81-88/CHINESE DETAINEES INCLUDE EX-STUDENT IN U.S.txt,0.9394085109233856,0.9575734853744506,6,15,21
CHINESE DISSIDENT DERIDES A DOGMA.txt,/content/drive/MyDrive/extracted_files/reagan_81-88/CHINESE DISSIDENT DERIDES A DOGMA.txt,0.9904818385839462,0.9821811993916829,16,15,31
CHINESE DOCTORS VISIT U.S. UNDER YALE PROGRAM.txt,/content/drive/MyDrive/extracted_files/reagan_81-88/CHINESE DOCTORS VISIT U.S. UNDER YALE PROGRAM.txt,0.9602169069376859,0.9115841248456169,33,17,50
CHINESE FARMER FINDS HIS PROFIT IS A PROBLEM.txt,/content/drive/MyDrive/extracted_files/reagan_81-88/CHINESE FARMER FINDS HIS PROFIT IS A PROBLEM.txt,0.783669525384903,0.9696783266569439,10,19,29
CHINESE FARMS AND FACTORIES THRIVE ON INCENTIVES.txt,/content/drive/MyDrive/extracted_files/reagan_81-88/CHINESE FARMS AND FACTORIES THRIVE ON INCENTIVES.txt,0.9426965872446696,0.8921437480232932,15,11,26
Chinese Find Large Diamond.txt,/content/drive/MyDrive/extracted_files/reagan_81-88/Chinese Find Large Diamond.txt,0.995899111032486,0.9990459084510803,2,1,3
CHINESE FIND WAYS TO BEAT BUREAUCRACY.txt,/content/drive/MyDrive/extracted_files/reagan_81-88/CHINESE FIND WAYS TO BEAT BUREAUCRACY.txt,0.9106452266375223,0.9703731929383627,15,41,56
Chinese Foes of One-Child Plan Get U.S. Asylum.txt,/content/drive/MyDrive/extracted_files/reagan_81-88/Chinese Foes of One-Child Plan Get U.S. Asylum.txt,0.9109571874141693,0.9425841718912125,6,12,18
Chinese Forces Attack Vietnam.txt,/content/drive/MyDrive/extracted_files/reagan_81-88/Chinese Forces Attack Vietnam.txt,,0.9850702285766602,0,5,5
Chinese Get Credit Cards.txt,/content/drive/MyDrive/extracted_files/reagan_81-88/Chinese Get Credit Cards.txt,0.8262514472007751,0.8864301145076752,5,2,7
Chinese Give Festive Farewell To North Korean After Visit.txt,/content/drive/MyDrive/extracted_files/reagan_81-88/Chinese Give Festive Farewell To North Korean After Visit.txt,0.9976092725992203,0.9964346885681152,4,1,5
Chinese in Swedish Deal.txt,/content/drive/MyDrive/extracted_files/reagan_81-88/Chinese in Swedish Deal.txt,,0.6769302487373352,0,1,1
Chinese Leader in Bucharest.txt,/content/drive/MyDrive/extracted_files/reagan_81-88/Chinese Leader in Bucharest.txt,0.9979938268661499,,3,0,3
Chinese Leader Is Rooting for Bush Victory.txt,/content/drive/MyDrive/extracted_files/reagan_81-88/Chinese Leader Is Rooting for Bush Victory.txt,0.9204468965530396,0.7754437923431396,5,2,7
Chinese Leader Visits Jordan.txt,/content/drive/MyDrive/extracted_files/reagan_81-88/Chinese Leader Visits Jordan.txt,0.9930996497472128,,3,0,3
Chinese Leader Visits Nepal.txt,/content/drive/MyDrive/extracted_files/reagan_81-88/Chinese Leader Visits Nepal.txt,0.983445962270101,,3,0,3
Chinese Leaders Cite Unrest And Link It to Restructuring.txt,/content/drive/MyDrive/extracted_files/reagan_81-88/Chinese Leaders Cite Unrest And Link It to Restructuring.txt,0.9915917813777924,0.9390712901949883,4,24,28
Chinese Loan Funds Sought.txt,/content/drive/MyDrive/extracted_files/reagan_81-88/Chinese Loan Funds Sought.txt,0.9902507066726685,0.9674542943636576,2,3,5
Chinese Mastercard.txt,/content/drive/MyDrive/extracted_files/reagan_81-88/Chinese Mastercard.txt,,0.7221083045005798,0,1,1
Chinese Monkeys for Minnesota Zoo.txt,/content/drive/MyDrive/extracted_files/reagan_81-88/Chinese Monkeys for Minnesota Zoo.txt,0.9797765612602234,0.9584444165229797,6,3,9
CHINESE NEEDLEWORK FOR U.S. TABLES.txt,/content/drive/MyDrive/extracted_files/reagan_81-88/CHINESE NEEDLEWORK FOR U.S. TABLES.txt,0.9664391219615937,0.9241608911090426,20,27,47
Chinese Nuclear Test.txt,/content/drive/MyDrive/extracted_files/reagan_81-88/Chinese Nuclear Test.txt,,0.9569637626409531,0,4,4
Chinese Official Executed.txt,/content/drive/MyDrive/extracted_files/reagan_81-88/Chinese Official Executed.txt,,0.9919438064098358,0,2,2
Chinese Official Lists 6 Grievances Against U.S.txt,/content/drive/MyDrive/extracted_files/reagan_81-88/Chinese Official Lists 6 Grievances Against U.S.txt,0.8642541289329528,0.9204708933830261,5,15,20
Chinese Official to Visit U.S.txt,/content/drive/MyDrive/extracted_files/reagan_81-88/Chinese Official to Visit U.S.txt,0.8888176083564758,0.7498258352279663,2,2,4
CHINESE OFFICIAL URGES MODERATION.txt,/content/drive/MyDrive/extracted_files/reagan_81-88/CHINESE OFFICIAL URGES MODERATION.txt,0.9629007909033034,0.8538128435611725,9,12,21
Chinese Oil Exports.txt,/content/drive/MyDrive/extracted_files/reagan_81-88/Chinese Oil Exports.txt,,0.9966177344322205,0,1,1
Chinese Order a Japanese Reporter to Leave.txt,/content/drive/MyDrive/extracted_files/reagan_81-88/Chinese Order a Japanese Reporter to Leave.txt,0.9235920310020447,0.9940044548776414,4,9,13
CHINESE PARTY EXPELS PLAYWRIGHT.txt,/content/drive/MyDrive/extracted_files/reagan_81-88/CHINESE PARTY EXPELS PLAYWRIGHT.txt,0.8520188530286154,0.9895253896713256,3,5,8
CHINESE PILOT DEFECTS IN SOUTH KOREA.txt,/content/drive/MyDrive/extracted_files/reagan_81-88/CHINESE PILOT DEFECTS IN SOUTH KOREA.txt,0.5905334949493408,0.9964056412378947,2,3,5
Chinese Plan Foreign Stock Listing.txt,/content/drive/MyDrive/extracted_files/reagan_81-88/Chinese Plan Foreign Stock Listing.txt,0.9154175668954849,0.9163886936087358,4,19,23
Chinese Plan _Film City_.txt,/content/drive/MyDrive/extracted_files/reagan_81-88/Chinese Plan _Film City_.txt,0.7505437135696411,,2,0,2
Chinese Premier in Morocco.txt,/content/drive/MyDrive/extracted_files/reagan_81-88/Chinese Premier in Morocco.txt,0.9688531756401062,,4,0,4
"CHINESE PREMIER, IN MAJOR SPEECH, ADOPTS HARD LINE.txt","/content/drive/MyDrive/extracted_files/reagan_81-88/CHINESE PREMIER, IN MAJOR SPEECH, ADOPTS HARD LINE.txt",0.9820152141831138,0.9764869660139084,11,8,19
CHINESE PROVINCE HAS SEVERE FLOOD.txt,/content/drive/MyDrive/extracted_files/reagan_81-88/CHINESE PROVINCE HAS SEVERE FLOOD.txt,0.8000247851014137,0.9709771180152893,8,25,33
Chinese Relics Stolen From Museum Since _81.txt,/content/drive/MyDrive/extracted_files/reagan_81-88/Chinese Relics Stolen From Museum Since _81.txt,,0.9946182608604431,0,5,5
CHINESE REPLACE LEADER OF TIBET.txt,/content/drive/MyDrive/extracted_files/reagan_81-88/CHINESE REPLACE LEADER OF TIBET.txt,0.8125644326210022,0.9378778338432312,2,14,16
CHINESE REPORT THEY BEAT BACK VIETNAM ATTACK.txt,/content/drive/MyDrive/extracted_files/reagan_81-88/CHINESE REPORT THEY BEAT BACK VIETNAM ATTACK.txt,0.7977647185325623,0.9398912736347743,6,35,41
CHINESE REPORTERS THWARTED IN TRYING TO COVER THEIR MAN.txt,/content/drive/MyDrive/extracted_files/reagan_81-88/CHINESE REPORTERS THWARTED IN TRYING TO COVER THEIR MAN.txt,0.9392842008517339,0.9449956459658486,13,28,41
Chinese Say They Killed 150 Vietnamese Troops.txt,/content/drive/MyDrive/extracted_files/reagan_81-88/Chinese Say They Killed 150 Vietnamese Troops.txt,,0.9751046776771546,0,5,5
Chinese Say Vietnam Is Massing for Invasion.txt,/content/drive/MyDrive/extracted_files/reagan_81-88/Chinese Say Vietnam Is Massing for Invasion.txt,,0.9726471185684205,0,10,10
CHINESE SAYS TAIWAN IS STILL MAIN ISSUE.txt,/content/drive/MyDrive/extracted_files/reagan_81-88/CHINESE SAYS TAIWAN IS STILL MAIN ISSUE.txt,0.9410165771842003,0.9504543989896774,8,12,20
Chinese Says the Deployment Of U.S. Missiles Is Inevitable.txt,/content/drive/MyDrive/extracted_files/reagan_81-88/Chinese Says the Deployment Of U.S. Missiles Is Inevitable.txt,,0.9990010261535645,0,3,3
Chinese See A Record _81 Harvest.txt,/content/drive/MyDrive/extracted_files/reagan_81-88/Chinese See A Record _81 Harvest.txt,0.9771807534354073,0.9562341928482055,7,10,17
Chinese Stock Market.txt,/content/drive/MyDrive/extracted_files/reagan_81-88/Chinese Stock Market.txt,0.6599999368190765,0.827480137348175,2,1,3
Chinese Student Is Convicted For Role in Shanghai Protests.txt,/content/drive/MyDrive/extracted_files/reagan_81-88/Chinese Student Is Convicted For Role in Shanghai Protests.txt,0.9396855235099792,0.98149545277868,5,14,19
CHINESE STUDENTS LEARN WESTERN-STYLE MANAGEMENT IN BUFFALO.txt,/content/drive/MyDrive/extracted_files/reagan_81-88/CHINESE STUDENTS LEARN WESTERN-STYLE MANAGEMENT IN BUFFALO.txt,0.9359807868798574,0.9028066737311227,18,14,32
CHINESE TAKE A LIKING TO THEIR GUEST.txt,/content/drive/MyDrive/extracted_files/reagan_81-88/CHINESE TAKE A LIKING TO THEIR GUEST.txt,0.9672264382243156,0.9381202658017477,16,12,28
CHINESE TECHNICIAN CLIMBS OUT OF CONSULATE.txt,/content/drive/MyDrive/extracted_files/reagan_81-88/CHINESE TECHNICIAN CLIMBS OUT OF CONSULATE.txt,0.8963639537493387,0.9807793021202087,3,10,13
CHINESE THREATEN TRADE REPRISALS IF U.S. CURBS IMPORTS OF TEXTILES.txt,/content/drive/MyDrive/extracted_files/reagan_81-88/CHINESE THREATEN TRADE REPRISALS IF U.S. CURBS IMPORTS OF TEXTILES.txt,0.9193246906453912,0.9261245567065018,11,26,37
Chinese to Distribute A.P._s News Reports.txt,/content/drive/MyDrive/extracted_files/reagan_81-88/Chinese to Distribute A.P._s News Reports.txt,0.9461731165647507,0.9792414307594299,4,2,6
Chinese to Visit Laos_ First Time Since 1979.txt,/content/drive/MyDrive/extracted_files/reagan_81-88/Chinese to Visit Laos_ First Time Since 1979.txt,0.9128435254096985,0.9268419643243154,7,6,13
Chinese Tomb Is Excavated.txt,/content/drive/MyDrive/extracted_files/reagan_81-88/Chinese Tomb Is Excavated.txt,0.9893189370632172,0.9597600996494293,4,2,6
Chinese Visitor Admires Home Built for Disabled.txt,/content/drive/MyDrive/extracted_files/reagan_81-88/Chinese Visitor Admires Home Built for Disabled.txt,0.9700953662395477,0.9715048945867099,12,13,25
CHINESE VISITOR LEARNS OF LAWS AND U.S. WAYS.txt,/content/drive/MyDrive/extracted_files/reagan_81-88/CHINESE VISITOR LEARNS OF LAWS AND U.S. WAYS.txt,0.9419088214635849,0.9010154356559118,20,12,32
CHINESE WARN U.S. ON TAIWAN.txt,/content/drive/MyDrive/extracted_files/reagan_81-88/CHINESE WARN U.S. ON TAIWAN.txt,,0.9527371029059092,0,6,6
Chinese Wins Title.txt,/content/drive/MyDrive/extracted_files/reagan_81-88/Chinese Wins Title.txt,0.999596506357193,,2,0,2
Chinese _Silicon Valleys_(2).txt,/content/drive/MyDrive/extracted_files/reagan_81-88/Chinese _Silicon Valleys_(2).txt,0.9829037487506866,,2,0,2
Chinese _Silicon Valleys_.txt,/content/drive/MyDrive/extracted_files/reagan_81-88/Chinese _Silicon Valleys_.txt,0.9610684116681417,,3,0,3
"CHINESE, MODERNIZING ARMY, RETIRE OFFICERS.txt","/content/drive/MyDrive/extracted_files/reagan_81-88/CHINESE, MODERNIZING ARMY, RETIRE OFFICERS.txt",0.9704693555831909,0.9084314227104187,5,20,25
CHINESE-U.S. RELATIONS TAKE A MORE REALISTIC DIRECTION.txt,/content/drive/MyDrive/extracted_files/reagan_81-88/CHINESE-U.S. RELATIONS TAKE A MORE REALISTIC DIRECTION.txt,0.8783339763942518,0.9566636210993716,19,19,38
Christmas in China For Hockey Team.txt,/content/drive/MyDrive/extracted_files/reagan_81-88/Christmas in China For Hockey Team.txt,0.9452251721830929,0.9288517128337513,17,11,28
Ciba-Geigy Plans Venture in China.txt,/content/drive/MyDrive/extracted_files/reagan_81-88/Ciba-Geigy Plans Venture in China.txt,0.9409071803092957,0.749163289864858,2,3,5
Clausen to See China Officials.txt,/content/drive/MyDrive/extracted_files/reagan_81-88/Clausen to See China Officials.txt,0.9205095171928406,0.7985086043675741,3,3,6
COMMERCIAL RENTS IN CHINATOWN SOAR AS HONG KONG EXODUS GROWS.txt,/content/drive/MyDrive/extracted_files/reagan_81-88/COMMERCIAL RENTS IN CHINATOWN SOAR AS HONG KONG EXODUS GROWS.txt,0.9592637379964193,0.9394522202320588,30,39,69
Communications to Tibet Cut And Foreigners Are Banned.txt,/content/drive/MyDrive/extracted_files/reagan_81-88/Communications to Tibet Cut And Foreigners Are Banned.txt,0.9939204454421997,0.9845900502469804,1,18,19
Companies Find Profits In China.txt,/content/drive/MyDrive/extracted_files/reagan_81-88/Companies Find Profits In China.txt,0.9680361049515861,0.942189405793729,35,23,58
COMPANY NEWS_China Signs Pact To Loft Satellite.txt,/content/drive/MyDrive/extracted_files/reagan_81-88/COMPANY NEWS_China Signs Pact To Loft Satellite.txt,0.7767768303553263,0.9833548218011856,3,4,7
COMPANY NEWS_China-Fiat Pact.txt,/content/drive/MyDrive/extracted_files/reagan_81-88/COMPANY NEWS_China-Fiat Pact.txt,0.9764888882637024,0.9000907838344574,1,4,5
COMPANY NEWS_Chrysler Seeks Growth in China.txt,/content/drive/MyDrive/extracted_files/reagan_81-88/COMPANY NEWS_Chrysler Seeks Growth in China.txt,0.8895697742700577,0.8356303572654724,4,2,6
COMPANY NEWS_G.M. and China In Auto Deal.txt,/content/drive/MyDrive/extracted_files/reagan_81-88/COMPANY NEWS_G.M. and China In Auto Deal.txt,0.9638797879219055,0.804743480682373,5,5,10
COMPANY NEWS_Grumman in China.txt,/content/drive/MyDrive/extracted_files/reagan_81-88/COMPANY NEWS_Grumman in China.txt,0.8793784379959106,0.9601538777351379,1,1,2
COMPANY NEWS_HONG KONG INVESTOR SHOWS NEW POWER OF LOCAL CHINESE.txt,/content/drive/MyDrive/extracted_files/reagan_81-88/COMPANY NEWS_HONG KONG INVESTOR SHOWS NEW POWER OF LOCAL CHINESE.txt,0.9850690937959231,0.9175092577934265,26,6,32
COMPANY NEWS_INVESTING IN CHINA_ STILL HARD.txt,/content/drive/MyDrive/extracted_files/reagan_81-88/COMPANY NEWS_INVESTING IN CHINA_ STILL HARD.txt,0.8789974570274353,0.9706370892195866,5,29,34
COMPANY NEWS_MEETING WITH CHINA SET ON CAR VENTURE.txt,/content/drive/MyDrive/extracted_files/reagan_81-88/COMPANY NEWS_MEETING WITH CHINA SET ON CAR VENTURE.txt,0.8744454383850098,0.9554352760314941,4,7,11
COMPANY NEWS_U.S. Maker to Sell Engines to China.txt,/content/drive/MyDrive/extracted_files/reagan_81-88/COMPANY NEWS_U.S. Maker to Sell Engines to China.txt,0.9385540882746378,0.8402888774871826,3,1,4
CONNECTICUT GUIDE_THE BARD IN A PARK.txt,/content/drive/MyDrive/extracted_files/reagan_81-88/CONNECTICUT GUIDE_THE BARD IN A PARK.txt,0.9648764782092151,0.9510244429111481,34,16,50
"CONNECTICUT OPINION_ALL AROUND CHINA, MEMORIES OF HOME.txt","/content/drive/MyDrive/extracted_files/reagan_81-88/CONNECTICUT OPINION_ALL AROUND CHINA, MEMORIES OF HOME.txt",0.9502078968545665,0.934256412088871,23,16,39
Consumer Protection 101 for Chinese.txt,/content/drive/MyDrive/extracted_files/reagan_81-88/Consumer Protection 101 for Chinese.txt,0.9073540061712265,0.9334165737742469,20,21,41
COOKING SCHOOLS_ HOW TO CHOOSE THE RIGHT ONE.txt,/content/drive/MyDrive/extracted_files/reagan_81-88/COOKING SCHOOLS_ HOW TO CHOOSE THE RIGHT ONE.txt,0.9750894481376896,0.9152053458144865,399,83,482
CRANSTON ASSAILS U.S.-CHINA ACCORD.txt,/content/drive/MyDrive/extracted_files/reagan_81-88/CRANSTON ASSAILS U.S.-CHINA ACCORD.txt,0.9479648470878601,0.9381582197688875,7,21,28
Crime Down in China.txt,/content/drive/MyDrive/extracted_files/reagan_81-88/Crime Down in China.txt,,0.9911481738090515,0,3,3
CRITICS_ CHOICES.txt,/content/drive/MyDrive/extracted_files/reagan_81-88/CRITICS_ CHOICES.txt,0.9887802124023437,0.9110441505908966,5,2,7
CULINARY TALISMANS FOR A LUCKY 1987.txt,/content/drive/MyDrive/extracted_files/reagan_81-88/CULINARY TALISMANS FOR A LUCKY 1987.txt,0.9108594393028933,0.9052918012752089,34,43,77
Cummins to China.txt,/content/drive/MyDrive/extracted_files/reagan_81-88/Cummins to China.txt,0.6508367657661438,0.8523780405521393,1,2,3
Dalai Lama Approves Chinese Role in Tibet.txt,/content/drive/MyDrive/extracted_files/reagan_81-88/Dalai Lama Approves Chinese Role in Tibet.txt,0.9969872832298279,0.9251250454357692,1,7,8
Dalai Lama Dismisses China_s Offer to Return.txt,/content/drive/MyDrive/extracted_files/reagan_81-88/Dalai Lama Dismisses China_s Offer to Return.txt,0.9401940873691014,0.9708154996236166,7,3,10
Dalai Lama Reportedly Asks For Formal Talks With China.txt,/content/drive/MyDrive/extracted_files/reagan_81-88/Dalai Lama Reportedly Asks For Formal Talks With China.txt,0.8126081029574076,0.9760580658912659,3,1,4
DALAI LAMA_S A HIT AT TIBETAN FAIR.txt,/content/drive/MyDrive/extracted_files/reagan_81-88/DALAI LAMA_S A HIT AT TIBETAN FAIR.txt,0.9560193220774332,0.9798277894655864,15,15,30
DANCE_ CHEN HSUEH-TUNG IN UPDATE ON OLD CHINA.txt,/content/drive/MyDrive/extracted_files/reagan_81-88/DANCE_ CHEN HSUEH-TUNG IN UPDATE ON OLD CHINA.txt,0.9700680722792944,0.8856232166290283,12,2,14
Dancing Feet Carry Chinese Children to America.txt,/content/drive/MyDrive/extracted_files/reagan_81-88/Dancing Feet Carry Chinese Children to America.txt,0.9699619263410568,0.9843600988388062,4,2,6
DAVID HWANG_ RIDING ON THE HYPHEN.txt,/content/drive/MyDrive/extracted_files/reagan_81-88/DAVID HWANG_ RIDING ON THE HYPHEN.txt,0.9583438801116684,0.9575229493471292,147,78,225
"DEBUTS_Xiang-Dong Kong, Chinese Pianist.txt","/content/drive/MyDrive/extracted_files/reagan_81-88/DEBUTS_Xiang-Dong Kong, Chinese Pianist.txt",0.9900322461128235,0.8642122348149618,25,6,31
DEFEATS ON THE HOME FRONT.txt,/content/drive/MyDrive/extracted_files/reagan_81-88/DEFEATS ON THE HOME FRONT.txt,0.9741242153303964,0.9689500098643096,35,23,58
Defector From Taiwan Joins Chinese Air Force in Peking.txt,/content/drive/MyDrive/extracted_files/reagan_81-88/Defector From Taiwan Joins Chinese Air Force in Peking.txt,0.9817982316017151,0.9380565583705902,2,2,4
DELAWARE INC.txt,/content/drive/MyDrive/extracted_files/reagan_81-88/DELAWARE INC.txt,0.9483700187838807,0.9456664833825889,98,97,195
DENG AS OUTCAST_ DAUGHTER TELLS OF THE ORDEAL.txt,/content/drive/MyDrive/extracted_files/reagan_81-88/DENG AS OUTCAST_ DAUGHTER TELLS OF THE ORDEAL.txt,0.9324198663234711,0.955478772521019,12,28,40
DENG IS GIVEN A SHARP TALK BY MOYNIHAN.txt,/content/drive/MyDrive/extracted_files/reagan_81-88/DENG IS GIVEN A SHARP TALK BY MOYNIHAN.txt,0.9051512892429645,0.9525701668527391,13,9,22
Deng Is Quitting the Central Committee.txt,/content/drive/MyDrive/extracted_files/reagan_81-88/Deng Is Quitting the Central Committee.txt,0.8863854474491544,0.9607836263520377,9,14,23
Deng_s Daughter Peruses the Art of Manhattan.txt,/content/drive/MyDrive/extracted_files/reagan_81-88/Deng_s Daughter Peruses the Art of Manhattan.txt,0.9749071033377397,0.9612895250320435,19,24,43
Diaper Import Quotas Under Fire.txt,/content/drive/MyDrive/extracted_files/reagan_81-88/Diaper Import Quotas Under Fire.txt,0.8653925306656781,0.9524769641851124,17,38,55
DISCOVERIES_1. Once-Over Easy.txt,/content/drive/MyDrive/extracted_files/reagan_81-88/DISCOVERIES_1. Once-Over Easy.txt,0.9137755036354065,0.9487366704713731,15,21,36
"Discoveries_SEASONINGS, SHOES, LIGHT_1. Walk the Salt, Please.txt","/content/drive/MyDrive/extracted_files/reagan_81-88/Discoveries_SEASONINGS, SHOES, LIGHT_1. Walk the Salt, Please.txt",0.9861830208036635,0.9455382698460629,9,19,28
Distinctions Blur as Deaf Actors Share a Stage.txt,/content/drive/MyDrive/extracted_files/reagan_81-88/Distinctions Blur as Deaf Actors Share a Stage.txt,0.9832193903301073,0.9497940801084042,23,16,39
DOWN THE YANGTZE.txt,/content/drive/MyDrive/extracted_files/reagan_81-88/DOWN THE YANGTZE.txt,0.9349199330264871,0.9530673112188067,88,154,242
DROP IN DRUG COST MAY ALLOW ALL-OUT ATTACK ON A PARASITE.txt,/content/drive/MyDrive/extracted_files/reagan_81-88/DROP IN DRUG COST MAY ALLOW ALL-OUT ATTACK ON A PARASITE.txt,0.9827954513686044,0.9631788283586502,7,36,43
DRUG SMUGGLERS_ NEW BREED OF ETHNIC GANGS.txt,/content/drive/MyDrive/extracted_files/reagan_81-88/DRUG SMUGGLERS_ NEW BREED OF ETHNIC GANGS.txt,0.9292289885607633,0.9227684252970928,11,37,48
Dutch Say They Will Reconsider Export of Submarines to Taiwan.txt,/content/drive/MyDrive/extracted_files/reagan_81-88/Dutch Say They Will Reconsider Export of Submarines to Taiwan.txt,0.9951510429382324,0.9266598969697952,1,4,5
EARLY CHINA TALKS PROPOSED BY NIXON.txt,/content/drive/MyDrive/extracted_files/reagan_81-88/EARLY CHINA TALKS PROPOSED BY NIXON.txt,0.9429600238800049,0.9748827729906354,6,14,20
Early China Trade.txt,/content/drive/MyDrive/extracted_files/reagan_81-88/Early China Trade.txt,0.8323579132556915,,4,0,4
EAST GERMANY STEPS UP CONTACTS WITH CHINA.txt,/content/drive/MyDrive/extracted_files/reagan_81-88/EAST GERMANY STEPS UP CONTACTS WITH CHINA.txt,0.9914832264184952,0.9282563030719757,12,6,18
Economic Scene_China_s Fight Over Ideology.txt,/content/drive/MyDrive/extracted_files/reagan_81-88/Economic Scene_China_s Fight Over Ideology.txt,0.9197407410695002,0.9605886310338974,13,20,33
Economic Scene_Complexity And Control.txt,/content/drive/MyDrive/extracted_files/reagan_81-88/Economic Scene_Complexity And Control.txt,0.9337490155146673,0.9326528741253747,13,18,31
Economic Scene_Where China Is Booming.txt,/content/drive/MyDrive/extracted_files/reagan_81-88/Economic Scene_Where China Is Booming.txt,0.9418689906597137,0.957710126042366,12,20,32
EDITOR ROLE WAS USEFUL TO 2 SIDES.txt,/content/drive/MyDrive/extracted_files/reagan_81-88/EDITOR ROLE WAS USEFUL TO 2 SIDES.txt,0.9549893183367593,0.9333710471789042,14,12,26
EMBASSY SECRUITY_ PROBLEMS EXIST FOR U.S. AROUND THE WORLD.txt,/content/drive/MyDrive/extracted_files/reagan_81-88/EMBASSY SECRUITY_ PROBLEMS EXIST FOR U.S. AROUND THE WORLD.txt,0.8936812785955576,0.9483531415462494,13,38,51
ENDANGERED SPECIES_ BIRD_S NEST SOUP.txt,/content/drive/MyDrive/extracted_files/reagan_81-88/ENDANGERED SPECIES_ BIRD_S NEST SOUP.txt,0.9601815896374839,0.9541437536478042,14,20,34
"EX-PRISONER TO SEE CHINA, BY INVITATION.txt","/content/drive/MyDrive/extracted_files/reagan_81-88/EX-PRISONER TO SEE CHINA, BY INVITATION.txt",0.9260122648307255,0.9646582053257868,14,13,27
EXPORTS TO CHINA BY U.S OFF.txt,/content/drive/MyDrive/extracted_files/reagan_81-88/EXPORTS TO CHINA BY U.S OFF.txt,0.9880966395139694,0.9723651153700692,4,14,18
Exxon Unit Quits Oil Well Off China.txt,/content/drive/MyDrive/extracted_files/reagan_81-88/Exxon Unit Quits Oil Well Off China.txt,,0.993200421333313,0,4,4
Factory Control in China.txt,/content/drive/MyDrive/extracted_files/reagan_81-88/Factory Control in China.txt,,0.5763722658157349,0,1,1
"FAMILY CELEBRATES YEAR OF THE RABBIT WITH FEASTING, SHANGHAI STYLE.txt","/content/drive/MyDrive/extracted_files/reagan_81-88/FAMILY CELEBRATES YEAR OF THE RABBIT WITH FEASTING, SHANGHAI STYLE.txt",0.9388184100389481,0.9378903669615587,40,48,88
FARE OF THE COUNTRY_FALL IN SHANGHAI_ TIME FOR CRAB RUSH.txt,/content/drive/MyDrive/extracted_files/reagan_81-88/FARE OF THE COUNTRY_FALL IN SHANGHAI_ TIME FOR CRAB RUSH.txt,0.9588674686171792,0.9595534536573622,22,27,49
"FARE OF THE COUNTRY_JAPAN_S FUCHA RYORI, A MEAL FIT FOR A MONK.txt","/content/drive/MyDrive/extracted_files/reagan_81-88/FARE OF THE COUNTRY_JAPAN_S FUCHA RYORI, A MEAL FIT FOR A MONK.txt",0.9561540846313749,0.9373585948577294,28,13,41
FARE OF THE COUNTRY_WHY DIM SUM IS _HEART_S DELIGHT_.txt,/content/drive/MyDrive/extracted_files/reagan_81-88/FARE OF THE COUNTRY_WHY DIM SUM IS _HEART_S DELIGHT_.txt,0.9090532636642457,0.9383204515491214,25,28,53
FATHER OF HIS COUNTRY.txt,/content/drive/MyDrive/extracted_files/reagan_81-88/FATHER OF HIS COUNTRY.txt,0.9681981682777405,0.8766630755530463,55,27,82
FEW IN HONG KONG SEEK DEMOCRACY.txt,/content/drive/MyDrive/extracted_files/reagan_81-88/FEW IN HONG KONG SEEK DEMOCRACY.txt,0.9727007945378622,0.9585902717980471,18,22,40
Fiat Tractor and China.txt,/content/drive/MyDrive/extracted_files/reagan_81-88/Fiat Tractor and China.txt,,0.8351646959781647,0,4,4
FIELD DAY FOR BRITISH PRESS_ PHILIP_S REMARKS ON CHINA.txt,/content/drive/MyDrive/extracted_files/reagan_81-88/FIELD DAY FOR BRITISH PRESS_ PHILIP_S REMARKS ON CHINA.txt,0.9621352212769645,0.9783075915442573,7,18,25
FIGHTING THE ODDS IN TABLE TENNIS.txt,/content/drive/MyDrive/extracted_files/reagan_81-88/FIGHTING THE ODDS IN TABLE TENNIS.txt,0.9687077969312667,0.9756826385855675,20,8,28
FILM VIEW_Japan_ Bullish on Pandas and Pets.txt,/content/drive/MyDrive/extracted_files/reagan_81-88/FILM VIEW_Japan_ Bullish on Pandas and Pets.txt,0.9403870311276666,0.9546952234073118,29,44,73
FILM_S FAR EAST CONNECTION_ Janet Yang_Bringing Hollywood Hits to China_s Moviegoers.txt,/content/drive/MyDrive/extracted_files/reagan_81-88/FILM_S FAR EAST CONNECTION_ Janet Yang_Bringing Hollywood Hits to China_s Moviegoers.txt,0.9596737724978749,0.9678210528457866,41,34,75
FINANCE_NEW ISSUES_Beijing Criticizes Rating by Moody_s.txt,/content/drive/MyDrive/extracted_files/reagan_81-88/FINANCE_NEW ISSUES_Beijing Criticizes Rating by Moody_s.txt,0.6557489633560181,0.9975762069225311,1,4,5
FINANCE_NEW ISSUES_China Given Loan By World Bank.txt,/content/drive/MyDrive/extracted_files/reagan_81-88/FINANCE_NEW ISSUES_China Given Loan By World Bank.txt,0.7563454310099283,0.9966183304786682,3,1,4
Financing Oil Hunt by China.txt,/content/drive/MyDrive/extracted_files/reagan_81-88/Financing Oil Hunt by China.txt,0.9398324638605118,0.9153595566749573,4,3,7
FINDING SUCCESS IN THE CHINESE MARKET.txt,/content/drive/MyDrive/extracted_files/reagan_81-88/FINDING SUCCESS IN THE CHINESE MARKET.txt,0.9547999916332108,0.9273466382707868,56,28,84
FIREWORKS AND ICE FOR CHINATOWN_S YEAR OF THE PIG.txt,/content/drive/MyDrive/extracted_files/reagan_81-88/FIREWORKS AND ICE FOR CHINATOWN_S YEAR OF THE PIG.txt,0.9204663945280988,0.9472022615373135,23,16,39
FIRST CHINA EUROBOND OFFERING.txt,/content/drive/MyDrive/extracted_files/reagan_81-88/FIRST CHINA EUROBOND OFFERING.txt,0.9839989900588989,0.9571109890937806,5,10,15
First China Stock Firm.txt,/content/drive/MyDrive/extracted_files/reagan_81-88/First China Stock Firm.txt,0.9250033299128214,,3,0,3
FIRST CHINA-TAIWAN TALKS YIELD ACCORD.txt,/content/drive/MyDrive/extracted_files/reagan_81-88/FIRST CHINA-TAIWAN TALKS YIELD ACCORD.txt,0.973574697971344,0.9809668876908042,12,11,23
FIVE AMERICANS AND A CHINESE REACH FINALS IN CLIBURN PIANO COMPETITION.txt,/content/drive/MyDrive/extracted_files/reagan_81-88/FIVE AMERICANS AND A CHINESE REACH FINALS IN CLIBURN PIANO COMPETITION.txt,0.9771417234395001,0.9356158801487514,74,21,95
Flash Floods and Drought Ravage China.txt,/content/drive/MyDrive/extracted_files/reagan_81-88/Flash Floods and Drought Ravage China.txt,0.9654146060347557,0.9521480454848363,8,26,34
FLOOD WATERS RISE IN SOUTHEAST CHINA.txt,/content/drive/MyDrive/extracted_files/reagan_81-88/FLOOD WATERS RISE IN SOUTHEAST CHINA.txt,0.9869764447212219,0.9706070025761923,1,3,4
Floods Damage China Crops.txt,/content/drive/MyDrive/extracted_files/reagan_81-88/Floods Damage China Crops.txt,,0.9889746308326721,0,4,4
Fluor-China Unit.txt,/content/drive/MyDrive/extracted_files/reagan_81-88/Fluor-China Unit.txt,0.9462288022041321,,4,0,4
FOLLOW-UP ON THE NEWS_Fleeing China.txt,/content/drive/MyDrive/extracted_files/reagan_81-88/FOLLOW-UP ON THE NEWS_Fleeing China.txt,0.9027025461196899,0.9104918638865153,5,6,11
"For China, _Rejuvenated_ Leadership.txt","/content/drive/MyDrive/extracted_files/reagan_81-88/For China, _Rejuvenated_ Leadership.txt",0.966077881199973,0.9308410286903381,14,7,21
"FOR CHINA_S CUISINE, A RETURN TO GLORY DAYS.txt","/content/drive/MyDrive/extracted_files/reagan_81-88/FOR CHINA_S CUISINE, A RETURN TO GLORY DAYS.txt",0.9386849196060844,0.9516870624252728,46,56,102
"For Chinese, A Mismatch Of Job Skills.txt","/content/drive/MyDrive/extracted_files/reagan_81-88/For Chinese, A Mismatch Of Job Skills.txt",0.9230307363546811,0.967828824184835,26,64,90
"FOR NEW CHINESE ENVOY, A PARTY ABOARD THE QE2.txt","/content/drive/MyDrive/extracted_files/reagan_81-88/FOR NEW CHINESE ENVOY, A PARTY ABOARD THE QE2.txt",0.9595397004374752,0.9267100095748901,27,1,28
"FOR PAO LEE, FAMILY IS THE FESTIVAL.txt","/content/drive/MyDrive/extracted_files/reagan_81-88/FOR PAO LEE, FAMILY IS THE FESTIVAL.txt",0.969103450124914,0.9252596928013695,44,18,62
"For Peking Listeners, Lessons in Russian.txt","/content/drive/MyDrive/extracted_files/reagan_81-88/For Peking Listeners, Lessons in Russian.txt",0.9674581289291382,0.84895126024882,2,3,5
"FOR REMEMBERED G.I._S, THUMBS UP SIGN IN CHINA.txt","/content/drive/MyDrive/extracted_files/reagan_81-88/FOR REMEMBERED G.I._S, THUMBS UP SIGN IN CHINA.txt",0.9460286150376002,0.9286697897417792,24,29,53
FOREIGN POLICY WITHOUT TEARS.txt,/content/drive/MyDrive/extracted_files/reagan_81-88/FOREIGN POLICY WITHOUT TEARS.txt,0.9646792701772742,0.9463171934594914,37,49,86
FOREIGNERS FIND TERROR EXEMPTS NO ONE IN BEIRUT.txt,/content/drive/MyDrive/extracted_files/reagan_81-88/FOREIGNERS FIND TERROR EXEMPTS NO ONE IN BEIRUT.txt,0.8847550329040078,0.9747445927932858,17,64,81
Former Ambassador to China Talks on Peking-Moscow Ties.txt,/content/drive/MyDrive/extracted_files/reagan_81-88/Former Ambassador to China Talks on Peking-Moscow Ties.txt,0.9219550490379333,0.8850981394449869,1,3,4
FREER FOOD POLICY GIVES CHINA VIGOR.txt,/content/drive/MyDrive/extracted_files/reagan_81-88/FREER FOOD POLICY GIVES CHINA VIGOR.txt,0.9615308090492531,0.9446885954766047,27,21,48
Fried Chicken in China.txt,/content/drive/MyDrive/extracted_files/reagan_81-88/Fried Chicken in China.txt,0.9776214063167572,,2,0,2
FROM CHINA WITH LOVE.txt,/content/drive/MyDrive/extracted_files/reagan_81-88/FROM CHINA WITH LOVE.txt,0.94922382181341,0.9526540040969849,22,21,43
"From China, Remembrances of Great Minds Lost.txt","/content/drive/MyDrive/extracted_files/reagan_81-88/From China, Remembrances of Great Minds Lost.txt",0.9468943476676941,0.971062631242805,39,72,111
FUTURE SHOCK IN HONG KONG.txt,/content/drive/MyDrive/extracted_files/reagan_81-88/FUTURE SHOCK IN HONG KONG.txt,0.9547773606893493,0.9333002741520221,82,65,147
FUTURES_OPTIONS_Wheat Up on China Rumor And Europe Price Rise Talk.txt,/content/drive/MyDrive/extracted_files/reagan_81-88/FUTURES_OPTIONS_Wheat Up on China Rumor And Europe Price Rise Talk.txt,0.9966397285461426,0.9704189679839395,2,11,13
Fuxin Journal_MAYOR ALMOST SELLS HIS CITY ON THE PROFIT MOTIVE.txt,/content/drive/MyDrive/extracted_files/reagan_81-88/Fuxin Journal_MAYOR ALMOST SELLS HIS CITY ON THE PROFIT MOTIVE.txt,0.9548432946205139,0.9698564990972861,15,39,54
Fuzhou Journal_Newest Economics Revives the Oldest Profession.txt,/content/drive/MyDrive/extracted_files/reagan_81-88/Fuzhou Journal_Newest Economics Revives the Oldest Profession.txt,0.9400233445745526,0.9379416913897903,33,54,87
G.E. China Unit.txt,/content/drive/MyDrive/extracted_files/reagan_81-88/G.E. China Unit.txt,0.8706255555152893,,4,0,4
Gala Celebreates New Era of Trade With China and Far East.txt,/content/drive/MyDrive/extracted_files/reagan_81-88/Gala Celebreates New Era of Trade With China and Far East.txt,0.9768346175551414,0.9917122522989908,8,3,11
Gandhi Heads Off to China for a State Visit.txt,/content/drive/MyDrive/extracted_files/reagan_81-88/Gandhi Heads Off to China for a State Visit.txt,0.9778261780738831,0.978030244509379,4,3,7
Gen. Vessey to Visit China.txt,/content/drive/MyDrive/extracted_files/reagan_81-88/Gen. Vessey to Visit China.txt,0.9770286977291107,,4,0,4
GETTING LOST IN TRANSLATION.txt,/content/drive/MyDrive/extracted_files/reagan_81-88/GETTING LOST IN TRANSLATION.txt,0.9810172683662839,0.9516432914468977,18,36,54
Going Out Guide--.txt,/content/drive/MyDrive/extracted_files/reagan_81-88/Going Out Guide--.txt,0.9631935507059097,0.9037046357989311,20,8,28
GOLDWATER SAYS U.S. HAS OFFERED NOT TO UPGRADE ARMS FOR TAIWAN.txt,/content/drive/MyDrive/extracted_files/reagan_81-88/GOLDWATER SAYS U.S. HAS OFFERED NOT TO UPGRADE ARMS FOR TAIWAN.txt,0.8662343450954982,0.8805508315563202,7,4,11
Gorbachev Receives Chinese.txt,/content/drive/MyDrive/extracted_files/reagan_81-88/Gorbachev Receives Chinese.txt,0.9975949227809906,,2,0,2
Greening of Peking_ Chinese Grow Grass.txt,/content/drive/MyDrive/extracted_files/reagan_81-88/Greening of Peking_ Chinese Grow Grass.txt,0.7825892567634583,0.853933850924174,2,3,5
HAIG CALLS TAIWAN A _DIFFICULT ISSUE_ IN TIES WITH CHINA.txt,/content/drive/MyDrive/extracted_files/reagan_81-88/HAIG CALLS TAIWAN A _DIFFICULT ISSUE_ IN TIES WITH CHINA.txt,0.910380095243454,0.9578421215216318,20,30,50
HAIG FLIES TO CHINA_ SEES A MUTUAL GOAL TO RESIST RUSSIANS.txt,/content/drive/MyDrive/extracted_files/reagan_81-88/HAIG FLIES TO CHINA_ SEES A MUTUAL GOAL TO RESIST RUSSIANS.txt,0.9428625963628292,0.9415468499064445,16,16,32
HALFWAY MARK_CHINA_ IF THIS IS FRIENDSHIP_.txt,/content/drive/MyDrive/extracted_files/reagan_81-88/HALFWAY MARK_CHINA_ IF THIS IS FRIENDSHIP_.txt,0.9244782447814941,0.9820628112012689,5,11,16
HARD TRAVELING ON THE WAY TO SHANGRI-LA.txt,/content/drive/MyDrive/extracted_files/reagan_81-88/HARD TRAVELING ON THE WAY TO SHANGRI-LA.txt,0.9502961651919639,0.945277687576082,73,90,163
Her Quarry_ Cultural Exotica.txt,/content/drive/MyDrive/extracted_files/reagan_81-88/Her Quarry_ Cultural Exotica.txt,0.9773506957751054,0.9327355182689169,26,23,49
HIGH CHINESE DEFECTOR IS LINKED TO SPY CHARGES AGAINST ANALYST.txt,/content/drive/MyDrive/extracted_files/reagan_81-88/HIGH CHINESE DEFECTOR IS LINKED TO SPY CHARGES AGAINST ANALYST.txt,0.9241835389818464,0.9347877034119197,14,42,56
HIGH PEKING AIDE IS DUE IN INDIA.txt,/content/drive/MyDrive/extracted_files/reagan_81-88/HIGH PEKING AIDE IS DUE IN INDIA.txt,0.9375600616137186,0.9468413690725962,9,6,15
HOLLYWOOD RETURNS TO CHINA.txt,/content/drive/MyDrive/extracted_files/reagan_81-88/HOLLYWOOD RETURNS TO CHINA.txt,0.9624634104616502,0.958767009632928,17,14,31
HONG KONG ACCORD TAKES EFFECT_.txt,/content/drive/MyDrive/extracted_files/reagan_81-88/HONG KONG ACCORD TAKES EFFECT_.txt,0.9762729207674662,0.9153246283531189,3,1,4
HONG KONG MARKETS SLUMP AFTER TALKS.txt,/content/drive/MyDrive/extracted_files/reagan_81-88/HONG KONG MARKETS SLUMP AFTER TALKS.txt,0.9662604602900419,0.9823605191139948,11,21,32
HONG KONG SAVORS ITS INTERLUDE.txt,/content/drive/MyDrive/extracted_files/reagan_81-88/HONG KONG SAVORS ITS INTERLUDE.txt,0.9611920170162035,0.9487426578998566,46,40,86
Hong Kong Sees Rising Emigration as Peril.txt,/content/drive/MyDrive/extracted_files/reagan_81-88/Hong Kong Sees Rising Emigration as Peril.txt,0.9491812757083348,0.938428928454717,7,18,25
HONG KONG STEW_ AND NOW A DASH OF DEMOCRACY.txt,/content/drive/MyDrive/extracted_files/reagan_81-88/HONG KONG STEW_ AND NOW A DASH OF DEMOCRACY.txt,0.9728250854155597,0.9818457300598556,17,37,54
HONG KONG TO BAR NEW BOAT PEOPLE.txt,/content/drive/MyDrive/extracted_files/reagan_81-88/HONG KONG TO BAR NEW BOAT PEOPLE.txt,0.9203608870506287,0.9804015308618546,5,28,33
"Hong Kong, Wary of China, Sees Its Middle Class Fleeing.txt","/content/drive/MyDrive/extracted_files/reagan_81-88/Hong Kong, Wary of China, Sees Its Middle Class Fleeing.txt",0.9561071628477515,0.9255888766171981,41,49,90
HONG KONG-PRETORIA TIES GROW.txt,/content/drive/MyDrive/extracted_files/reagan_81-88/HONG KONG-PRETORIA TIES GROW.txt,0.9393498840786162,0.943857729434967,21,18,39
HONG KONG_CAN TRADITIONAL CANTONESE OPERA COMPETE WITH WESTERN-STYLE POP MUSIC_.txt,/content/drive/MyDrive/extracted_files/reagan_81-88/HONG KONG_CAN TRADITIONAL CANTONESE OPERA COMPETE WITH WESTERN-STYLE POP MUSIC_.txt,0.969999744494756,0.9123287514636391,30,19,49
HONG KONG_S BANKING GIANT.txt,/content/drive/MyDrive/extracted_files/reagan_81-88/HONG KONG_S BANKING GIANT.txt,0.9602156199660956,0.9570883557481585,51,53,104
HONG KONG_S HOME AWAY FROM HOME.txt,/content/drive/MyDrive/extracted_files/reagan_81-88/HONG KONG_S HOME AWAY FROM HOME.txt,0.9696954727172852,0.9812931580977007,25,11,36
"HOT TEMPERS_ CHINESE SAY, _DON_T SUE, MEDITATE_.txt","/content/drive/MyDrive/extracted_files/reagan_81-88/HOT TEMPERS_ CHINESE SAY, _DON_T SUE, MEDITATE_.txt",0.9502522775105068,0.9791224069065518,21,27,48
HOW JAPAN TEACHES ITS OWN HISTORY.txt,/content/drive/MyDrive/extracted_files/reagan_81-88/HOW JAPAN TEACHES ITS OWN HISTORY.txt,0.935055331937198,0.9643732057884336,87,128,215
Hu Na Is Ready For U.S. Debut.txt,/content/drive/MyDrive/extracted_files/reagan_81-88/Hu Na Is Ready For U.S. Debut.txt,0.9201672822237015,,4,0,4
HUSSEIN AND ARAB LEAGUE GROUP ARRIVE IN CHINA FOR MIDEAST TALKS.txt,/content/drive/MyDrive/extracted_files/reagan_81-88/HUSSEIN AND ARAB LEAGUE GROUP ARRIVE IN CHINA FOR MIDEAST TALKS.txt,0.9924404458566145,0.954763283332189,11,6,17
HU_S OUSTER_ DENG_S ROLE__Did He Drop Protege Or Was He Forced_.txt,/content/drive/MyDrive/extracted_files/reagan_81-88/HU_S OUSTER_ DENG_S ROLE__Did He Drop Protege Or Was He Forced_.txt,0.9504783948262533,0.9696344410379728,6,24,30
I.M. PEI REDISCOVERS CHINA.txt,/content/drive/MyDrive/extracted_files/reagan_81-88/I.M. PEI REDISCOVERS CHINA.txt,0.9624729057153066,0.9621600238782055,72,53,125
"IDEAS & TRENDS_FOR JAPAN, EVEN THE WAR TAKES A BACK SEAT TO TRADE.txt","/content/drive/MyDrive/extracted_files/reagan_81-88/IDEAS & TRENDS_FOR JAPAN, EVEN THE WAR TAKES A BACK SEAT TO TRADE.txt",0.9551661014556885,0.9514039342220013,17,26,43
"IN CHINA, A NEW _100 FLOWERS_ DRIVE.txt","/content/drive/MyDrive/extracted_files/reagan_81-88/IN CHINA, A NEW _100 FLOWERS_ DRIVE.txt",0.9420832832654317,0.9463946382204692,15,15,30
"IN CHINA, IN MONGOL STEPS, HORDES OF BACKPACKERS.txt","/content/drive/MyDrive/extracted_files/reagan_81-88/IN CHINA, IN MONGOL STEPS, HORDES OF BACKPACKERS.txt",0.9697490555268747,0.8948028787322666,27,23,50
"IN CHINA, MILLIONS USE FUEL PRODUCED FROM WASTES.txt","/content/drive/MyDrive/extracted_files/reagan_81-88/IN CHINA, MILLIONS USE FUEL PRODUCED FROM WASTES.txt",0.9422854781150818,0.9643479708967537,12,29,41
"In China, Nucleus of Eugene O_Neill Admirers Stages Festival.txt","/content/drive/MyDrive/extracted_files/reagan_81-88/In China, Nucleus of Eugene O_Neill Admirers Stages Festival.txt",0.9666695233547327,0.9555538984445425,33,26,59
"In China, Signs of a Power Struggle.txt","/content/drive/MyDrive/extracted_files/reagan_81-88/In China, Signs of a Power Struggle.txt",0.917662521203359,0.9597303711849711,12,23,35
"IN CHINA, _CAPITALIST ROADERS_ CAN NOW CRUISE IN CADILLACS.txt","/content/drive/MyDrive/extracted_files/reagan_81-88/IN CHINA, _CAPITALIST ROADERS_ CAN NOW CRUISE IN CADILLACS.txt",0.9666461660748437,0.9274535067379475,21,16,37
"IN HONG KONG_ OF THE NEWEST, 10 OF THE BEST.txt","/content/drive/MyDrive/extracted_files/reagan_81-88/IN HONG KONG_ OF THE NEWEST, 10 OF THE BEST.txt",0.9617836066970119,0.9020650386810303,54,29,83
IN MARCO POLO_S FOOTSTEPS.txt,/content/drive/MyDrive/extracted_files/reagan_81-88/IN MARCO POLO_S FOOTSTEPS.txt,0.9592416802449013,0.9617374105218016,67,81,148
"IN SHANGHAI JAIL, A GLIMPSE OF A _LOST GENERATION_.txt","/content/drive/MyDrive/extracted_files/reagan_81-88/IN SHANGHAI JAIL, A GLIMPSE OF A _LOST GENERATION_.txt",0.9692820231119792,0.957525834441185,15,36,51
"IN THE VILLAGES OF CHINA, BUSINESS RIVALRY BLOOMS.txt","/content/drive/MyDrive/extracted_files/reagan_81-88/IN THE VILLAGES OF CHINA, BUSINESS RIVALRY BLOOMS.txt",0.9261365495622158,0.9768840362948756,16,31,47
"IN TIBET, A TRAIL OF SMASHED TEMPLES.txt","/content/drive/MyDrive/extracted_files/reagan_81-88/IN TIBET, A TRAIL OF SMASHED TEMPLES.txt",0.9815716048081716,0.966247946023941,6,16,22
INCREASE IN U.S.-CHINA TRADE IS SEEN.txt,/content/drive/MyDrive/extracted_files/reagan_81-88/INCREASE IN U.S.-CHINA TRADE IS SEEN.txt,0.939008102967189,0.9629314988851547,26,12,38
India Reports Incident On Chinese Boundary.txt,/content/drive/MyDrive/extracted_files/reagan_81-88/India Reports Incident On Chinese Boundary.txt,0.9576030373573303,0.9757113575935363,2,5,7
Inflation Peril In China Seen.txt,/content/drive/MyDrive/extracted_files/reagan_81-88/Inflation Peril In China Seen.txt,0.9919843077659607,0.9612340331077576,1,5,6
INQUIRY SET ON CHINESE TEXTILES.txt,/content/drive/MyDrive/extracted_files/reagan_81-88/INQUIRY SET ON CHINESE TEXTILES.txt,0.7507935166358948,0.9508004830433772,3,13,16
"INTERNATIONAL REPORT_DRAGONAIR, A GNAT THAT ROARS.txt","/content/drive/MyDrive/extracted_files/reagan_81-88/INTERNATIONAL REPORT_DRAGONAIR, A GNAT THAT ROARS.txt",0.9395311176776886,0.9292577087879181,14,10,24
Investments In China.txt,/content/drive/MyDrive/extracted_files/reagan_81-88/Investments In China.txt,0.8665429353713989,0.792320504784584,2,4,6
IRANIAN DENIES CHINA IS A SOURCE OF WEAPONS.txt,/content/drive/MyDrive/extracted_files/reagan_81-88/IRANIAN DENIES CHINA IS A SOURCE OF WEAPONS.txt,0.7615063637495041,0.9177904682500022,4,14,18
IS CHINA IMPEDING WESTERN REPORTERS_.txt,/content/drive/MyDrive/extracted_files/reagan_81-88/IS CHINA IMPEDING WESTERN REPORTERS_.txt,0.9023353233933449,0.9608694091439247,8,32,40
IS PEKING_S LIBERALIZATION REALLY OVER_.txt,/content/drive/MyDrive/extracted_files/reagan_81-88/IS PEKING_S LIBERALIZATION REALLY OVER_.txt,0.9671849127738706,0.9604710730222555,31,26,57
ISAAC STERN IN CHINA.txt,/content/drive/MyDrive/extracted_files/reagan_81-88/ISAAC STERN IN CHINA.txt,0.9794471697373823,0.9505025347073873,11,3,14
ISRAEL AND CHINA QUIETLY FORM TRADE BONDS.txt,/content/drive/MyDrive/extracted_files/reagan_81-88/ISRAEL AND CHINA QUIETLY FORM TRADE BONDS.txt,0.9297754651024228,0.9613995681638303,21,23,44
It_s Good News From China for Billy Graham.txt,/content/drive/MyDrive/extracted_files/reagan_81-88/It_s Good News From China for Billy Graham.txt,0.9904760305698102,0.9201268076896667,26,15,41
IT_S THE WEEK OF THE YEAR OF THE RABBIT.txt,/content/drive/MyDrive/extracted_files/reagan_81-88/IT_S THE WEEK OF THE YEAR OF THE RABBIT.txt,0.9648381912189982,0.8647803068161011,23,5,28
Japan Loans To China.txt,/content/drive/MyDrive/extracted_files/reagan_81-88/Japan Loans To China.txt,0.7546669542789459,0.8914929181337357,2,4,6
Japan Quietly Recalls World War II Surrender.txt,/content/drive/MyDrive/extracted_files/reagan_81-88/Japan Quietly Recalls World War II Surrender.txt,0.9032063186168671,0.8919100505965096,14,14,28
Japan-China Nuclear Talks.txt,/content/drive/MyDrive/extracted_files/reagan_81-88/Japan-China Nuclear Talks.txt,0.9197444319725037,0.9189955145120621,3,4,7
Japanese Official Fires New Furor on the War.txt,/content/drive/MyDrive/extracted_files/reagan_81-88/Japanese Official Fires New Furor on the War.txt,0.9279658297697703,0.933160525560379,6,20,26
JAPAN_S OIL FIND IN CHINA COULD STIMULATE TRADE.txt,/content/drive/MyDrive/extracted_files/reagan_81-88/JAPAN_S OIL FIND IN CHINA COULD STIMULATE TRADE.txt,0.9404707780251136,0.9534921220370701,13,14,27
JARDINE MATHESON_S HEIR-ELECT_ Brian M. Powers_An Asian Trading Empire Picks an American _Tai-Pan_.txt,/content/drive/MyDrive/extracted_files/reagan_81-88/JARDINE MATHESON_S HEIR-ELECT_ Brian M. Powers_An Asian Trading Empire Picks an American _Tai-Pan_.txt,0.9639217391610145,0.9501932457089424,80,40,120
JARDINE MOVING PLAN IS JOLT TO HONG KONG.txt,/content/drive/MyDrive/extracted_files/reagan_81-88/JARDINE MOVING PLAN IS JOLT TO HONG KONG.txt,0.9425399729183742,0.9693002291023731,14,32,46
JEEP MAKER PLANS FACTORY IN PEKING.txt,/content/drive/MyDrive/extracted_files/reagan_81-88/JEEP MAKER PLANS FACTORY IN PEKING.txt,0.918315609296163,0.9471109383033983,24,33,57
JOURNEY TO MARCO POLO_S TIME THROUGH COSTUMES.txt,/content/drive/MyDrive/extracted_files/reagan_81-88/JOURNEY TO MARCO POLO_S TIME THROUGH COSTUMES.txt,0.9643507748842239,0.9134215474128723,20,15,35
Kodak and China In Joint Venture.txt,/content/drive/MyDrive/extracted_files/reagan_81-88/Kodak and China In Joint Venture.txt,0.8759901523590088,0.9817036588986715,2,3,5
KOREANS HOLD CHINESE BOAT ON WHICH 6 DIED.txt,/content/drive/MyDrive/extracted_files/reagan_81-88/KOREANS HOLD CHINESE BOAT ON WHICH 6 DIED.txt,0.8203488469123841,0.9596149457825555,5,36,41
Landslide Toll in China Is 65.txt,/content/drive/MyDrive/extracted_files/reagan_81-88/Landslide Toll in China Is 65.txt,,0.8008153736591339,0,2,2
Landslides Kill 240 in China.txt,/content/drive/MyDrive/extracted_files/reagan_81-88/Landslides Kill 240 in China.txt,,0.9713433782259623,0,3,3
LAW FIRMS CAPITALIZE ON CHINA TRADE BOOM.txt,/content/drive/MyDrive/extracted_files/reagan_81-88/LAW FIRMS CAPITALIZE ON CHINA TRADE BOOM.txt,0.9502770250493829,0.9239167479368356,11,13,24
LET A FEW FLOWERS BLOOM.txt,/content/drive/MyDrive/extracted_files/reagan_81-88/LET A FEW FLOWERS BLOOM.txt,0.9748219102621078,0.9710082312424978,24,6,30
"Liuqiying Journal_In the Good Earth, Did Envy, Too, Bear Fruit_.txt","/content/drive/MyDrive/extracted_files/reagan_81-88/Liuqiying Journal_In the Good Earth, Did Envy, Too, Bear Fruit_.txt",0.8982852612222944,0.9551855806381472,21,31,52
Loan From World Bank To China Reported Near.txt,/content/drive/MyDrive/extracted_files/reagan_81-88/Loan From World Bank To China Reported Near.txt,0.968860924243927,0.8563192089398702,1,3,4
Loss for China On Industries.txt,/content/drive/MyDrive/extracted_files/reagan_81-88/Loss for China On Industries.txt,0.7524285316467285,0.9491414129734039,2,8,10
LSB Unit_s Chinese Pumps.txt,/content/drive/MyDrive/extracted_files/reagan_81-88/LSB Unit_s Chinese Pumps.txt,,0.920109768708547,0,3,3
MACAO PLANS FOR A FUTURE UNDER CHINA.txt,/content/drive/MyDrive/extracted_files/reagan_81-88/MACAO PLANS FOR A FUTURE UNDER CHINA.txt,0.950547194480896,0.952316354302799,15,17,32
MACAO WILL REPORT TO CHINA IN 1999 UNDER PORTUGAL PACT.txt,/content/drive/MyDrive/extracted_files/reagan_81-88/MACAO WILL REPORT TO CHINA IN 1999 UNDER PORTUGAL PACT.txt,0.9284905337152027,0.9211046572389274,21,29,50
Man in China Tries to Hijack A Tour Bus Full of Americans.txt,/content/drive/MyDrive/extracted_files/reagan_81-88/Man in China Tries to Hijack A Tour Bus Full of Americans.txt,0.8447041809558868,0.9430341720581055,2,6,8
"MANDARINS, MARTYRS AND REVOLUTIONAIRES.txt","/content/drive/MyDrive/extracted_files/reagan_81-88/MANDARINS, MARTYRS AND REVOLUTIONAIRES.txt",0.982546003298326,0.9520718021826311,55,22,77
"MATCHMAKER, MAKE A MATCH, DISABLED CHINESE ASK.txt","/content/drive/MyDrive/extracted_files/reagan_81-88/MATCHMAKER, MAKE A MATCH, DISABLED CHINESE ASK.txt",0.9496322274208069,0.9620602850256295,20,29,49
MERRILL_S HONG KONG LINK.txt,/content/drive/MyDrive/extracted_files/reagan_81-88/MERRILL_S HONG KONG LINK.txt,0.9682498006593614,0.9568813895357067,42,29,71
MILITARY AID FOR CHINA CONSIDERED AS HAIG PREPARES TO VISIT PEKING.txt,/content/drive/MyDrive/extracted_files/reagan_81-88/MILITARY AID FOR CHINA CONSIDERED AS HAIG PREPARES TO VISIT PEKING.txt,0.8989861119877208,0.948501085693186,11,22,33
Monkey King Under the Big Top.txt,/content/drive/MyDrive/extracted_files/reagan_81-88/Monkey King Under the Big Top.txt,0.9676043814734409,0.9358119859414942,38,17,55
"MORE ASIANS, SEEKING STRONG SCHOOLS, CHOOSE THE SUBURBS.txt","/content/drive/MyDrive/extracted_files/reagan_81-88/MORE ASIANS, SEEKING STRONG SCHOOLS, CHOOSE THE SUBURBS.txt",0.9381478761925417,0.9303981576647077,34,14,48
MORE CHANGE DUE IN CHINA_S ECONOMY.txt,/content/drive/MyDrive/extracted_files/reagan_81-88/MORE CHANGE DUE IN CHINA_S ECONOMY.txt,0.9706205560101403,0.9566248370253522,18,23,41
More Wheat for China.txt,/content/drive/MyDrive/extracted_files/reagan_81-88/More Wheat for China.txt,,0.9830303192138672,0,2,2
MOSCOW DEFENDS MONGOLIA ON REPATRIATION OF CHINESE.txt,/content/drive/MyDrive/extracted_files/reagan_81-88/MOSCOW DEFENDS MONGOLIA ON REPATRIATION OF CHINESE.txt,0.9309960603713989,0.9574861460261874,4,18,22
Moscow Says Reagan_s Trip To China Is Linked to Election.txt,/content/drive/MyDrive/extracted_files/reagan_81-88/Moscow Says Reagan_s Trip To China Is Linked to Election.txt,,0.8803785443305969,0,4,4
Movie Maker In China Rails At the Leftists.txt,/content/drive/MyDrive/extracted_files/reagan_81-88/Movie Maker In China Rails At the Leftists.txt,0.9518857002258301,0.9575073469069696,10,31,41
"Mrs. Chennault, Backer Of Taiwan, Visits China.txt","/content/drive/MyDrive/extracted_files/reagan_81-88/Mrs. Chennault, Backer Of Taiwan, Visits China.txt",0.9180044929186503,0.9899528622627258,6,1,7
MRS. THATCHER LAUNCHES A SHIP IN SHANGHAI.txt,/content/drive/MyDrive/extracted_files/reagan_81-88/MRS. THATCHER LAUNCHES A SHIP IN SHANGHAI.txt,0.9571325371139928,0.9057497878869375,19,6,25
MURDOCH TO BUILD HOTEL IN PEKING.txt,/content/drive/MyDrive/extracted_files/reagan_81-88/MURDOCH TO BUILD HOTEL IN PEKING.txt,0.9738279283046722,0.9946239113807678,6,5,11
"MUSIC TO MAINLAND EARS, OFF-KEY TO PEKING CHIEFS.txt","/content/drive/MyDrive/extracted_files/reagan_81-88/MUSIC TO MAINLAND EARS, OFF-KEY TO PEKING CHIEFS.txt",0.9653496225674947,0.9600435627831353,30,18,48
MUTINY IS REPORTED ON A CHINESE SHIP OFF KOREA.txt,/content/drive/MyDrive/extracted_files/reagan_81-88/MUTINY IS REPORTED ON A CHINESE SHIP OFF KOREA.txt,0.9849812686443329,0.953502995967865,2,25,27
"NAKASONE, GIVING IN, WILL SHUN SHRINE.txt","/content/drive/MyDrive/extracted_files/reagan_81-88/NAKASONE, GIVING IN, WILL SHUN SHRINE.txt",0.8932189822196961,0.9647160513060433,10,14,24
New Anti-Black Rally in China.txt,/content/drive/MyDrive/extracted_files/reagan_81-88/New Anti-Black Rally in China.txt,0.850700318813324,0.9517644378874037,3,9,12
NEW CHARTER DUE FOR CHINESE PARTY.txt,/content/drive/MyDrive/extracted_files/reagan_81-88/NEW CHARTER DUE FOR CHINESE PARTY.txt,0.959821380674839,0.9327812440255109,8,17,25
NEW CHINA PACT PUSHED IN SENATE.txt,/content/drive/MyDrive/extracted_files/reagan_81-88/NEW CHINA PACT PUSHED IN SENATE.txt,0.9570977911353111,0.8711797595024109,8,2,10
NEW DIRECTORS_NEW FILMS_CHINA_S _WILD MOUNTAINS_.txt,/content/drive/MyDrive/extracted_files/reagan_81-88/NEW DIRECTORS_NEW FILMS_CHINA_S _WILD MOUNTAINS_.txt,0.9346309393644333,0.9600066372326442,20,7,27
NEW JERSEY GUIDE.txt,/content/drive/MyDrive/extracted_files/reagan_81-88/NEW JERSEY GUIDE.txt,0.9530629441142082,0.8972884853680928,40,15,55
NEW JERSEY JOURNAL.txt,/content/drive/MyDrive/extracted_files/reagan_81-88/NEW JERSEY JOURNAL.txt,0.9468607333573428,0.9540659803332705,22,33,55
New Refugees Crowd Camps In Hong Kong.txt,/content/drive/MyDrive/extracted_files/reagan_81-88/New Refugees Crowd Camps In Hong Kong.txt,0.9261243522167206,0.917795995871226,10,24,34
NEW TEXTILE IMPORT RULE PROTESTED.txt,/content/drive/MyDrive/extracted_files/reagan_81-88/NEW TEXTILE IMPORT RULE PROTESTED.txt,0.9399846521290866,0.9559539325775639,11,31,42
NEW VIEWS HINTED BY MRS. CHENNAULT.txt,/content/drive/MyDrive/extracted_files/reagan_81-88/NEW VIEWS HINTED BY MRS. CHENNAULT.txt,0.9546115902753977,0.9432936556199017,13,17,30
NEW YORK AND PEKING TO EXPAND TRADE TIES.txt,/content/drive/MyDrive/extracted_files/reagan_81-88/NEW YORK AND PEKING TO EXPAND TRADE TIES.txt,0.9315765762329101,0.9003150959809622,25,6,31
New York Day by Day_A 9th Newspaper For Chinatown.txt,/content/drive/MyDrive/extracted_files/reagan_81-88/New York Day by Day_A 9th Newspaper For Chinatown.txt,0.9124406774838766,0.8529610514640809,3,5,8
NEW YORK DAY BY DAY_East Meets West on S.I.txt,/content/drive/MyDrive/extracted_files/reagan_81-88/NEW YORK DAY BY DAY_East Meets West on S.I.txt,0.949471366405487,0.9953561822573344,10,3,13
NEW YORK DAY BY DAY_NEW CHINA TIES.txt,/content/drive/MyDrive/extracted_files/reagan_81-88/NEW YORK DAY BY DAY_NEW CHINA TIES.txt,0.9953918721940782,0.8999818762143453,9,3,12
NEW YORK DAY BY DAY_Simian Rarities.txt,/content/drive/MyDrive/extracted_files/reagan_81-88/NEW YORK DAY BY DAY_Simian Rarities.txt,0.9869061708450317,0.9766834576924642,5,6,11
NEW YORK INSPECTORS CITE 36 FOOD OUTLETS FOR HEATLH OFFENSES.txt,/content/drive/MyDrive/extracted_files/reagan_81-88/NEW YORK INSPECTORS CITE 36 FOOD OUTLETS FOR HEATLH OFFENSES.txt,0.8519945280118422,0.8587293177843094,22,20,42
NICARAGUA AGREES WITH SOVIET ON AID.txt,/content/drive/MyDrive/extracted_files/reagan_81-88/NICARAGUA AGREES WITH SOVIET ON AID.txt,0.8972283510061411,0.9698990318510268,13,9,22
Nippon Sales to China.txt,/content/drive/MyDrive/extracted_files/reagan_81-88/Nippon Sales to China.txt,,0.8584533929824829,0,3,3
Nixon Says It Is Vital China Be West_s Ally.txt,/content/drive/MyDrive/extracted_files/reagan_81-88/Nixon Says It Is Vital China Be West_s Ally.txt,0.9972338378429413,0.9931090672810873,6,3,9
NO BREAKTHROUGH IS SEEN IN SOVIET-CHINESE TALKS.txt,/content/drive/MyDrive/extracted_files/reagan_81-88/NO BREAKTHROUGH IS SEEN IN SOVIET-CHINESE TALKS.txt,0.9456428984800974,0.9768413553635279,6,12,18
No Headline In Original.txt,/content/drive/MyDrive/extracted_files/reagan_81-88/No Headline In Original.txt,0.9682279527187347,0.9517553746700287,2,4,6
NO LETUP IN PROPAGANDA WAR ON NATIONALIST ISLES OFF CHINA COAST.txt,/content/drive/MyDrive/extracted_files/reagan_81-88/NO LETUP IN PROPAGANDA WAR ON NATIONALIST ISLES OFF CHINA COAST.txt,0.9745608493685722,0.9033267547686895,8,12,20
North Korea Rejects a Role For China in a Peace Parley.txt,/content/drive/MyDrive/extracted_files/reagan_81-88/North Korea Rejects a Role For China in a Peace Parley.txt,0.8566296994686127,0.9797864854335785,2,2,4
North Korea Threat May Be on Wane.txt,/content/drive/MyDrive/extracted_files/reagan_81-88/North Korea Threat May Be on Wane.txt,0.9240907629330953,0.9295003310493801,15,23,38
North Korean Leader Visits China.txt,/content/drive/MyDrive/extracted_files/reagan_81-88/North Korean Leader Visits China.txt,0.987111046910286,,4,0,4
NORTH KOREANS SAY KIM IL SUNG GREETED VISITORS.txt,/content/drive/MyDrive/extracted_files/reagan_81-88/NORTH KOREANS SAY KIM IL SUNG GREETED VISITORS.txt,0.9362207135638675,0.9569361309210459,37,60,97
Notes On People_Sarah Caldwell Finds Smooth Going in China.txt,/content/drive/MyDrive/extracted_files/reagan_81-88/Notes On People_Sarah Caldwell Finds Smooth Going in China.txt,0.9989518523216248,0.9396852056185404,3,3,6
NUCLEAR ALARM STIRS HONG KONG ACTIVISM.txt,/content/drive/MyDrive/extracted_files/reagan_81-88/NUCLEAR ALARM STIRS HONG KONG ACTIVISM.txt,0.955140334367752,0.9714496210217476,10,24,34
Occidental in Coal Talks with China.txt,/content/drive/MyDrive/extracted_files/reagan_81-88/Occidental in Coal Talks with China.txt,0.9825128197669983,0.8527357578277588,5,1,6
OCCIDENTAL IN PACT WITH CHINA ON COAL.txt,/content/drive/MyDrive/extracted_files/reagan_81-88/OCCIDENTAL IN PACT WITH CHINA ON COAL.txt,0.7579042464494705,0.7682151397069296,4,3,7
Occidental Mine in China.txt,/content/drive/MyDrive/extracted_files/reagan_81-88/Occidental Mine in China.txt,0.8974407196044922,0.961457371711731,5,2,7
Occidental to Drill For Oil Off China.txt,/content/drive/MyDrive/extracted_files/reagan_81-88/Occidental to Drill For Oil Off China.txt,0.9884610176086426,0.8875317374865214,1,3,4
"OF FIG LEAVES, ART AND OTHER DISPUTES_Hong Kong_ Uproar Over Film Censorship.txt","/content/drive/MyDrive/extracted_files/reagan_81-88/OF FIG LEAVES, ART AND OTHER DISPUTES_Hong Kong_ Uproar Over Film Censorship.txt",0.9965615719556808,0.9938577881881169,4,14,18
OF MONKS AND MARTIAL ARTS.txt,/content/drive/MyDrive/extracted_files/reagan_81-88/OF MONKS AND MARTIAL ARTS.txt,0.9620019861630031,0.9454497955739498,35,32,67
OLD NEW YORK IS BEING UNEARTHED ON ELLIS ISLAND.txt,/content/drive/MyDrive/extracted_files/reagan_81-88/OLD NEW YORK IS BEING UNEARTHED ON ELLIS ISLAND.txt,0.9549620971083641,0.9320165228843689,16,25,41
OLYMPIC PROFILE_CHINA_S MASTER TECHNICIAN OF THE ART OF HIGH JUMP.txt,/content/drive/MyDrive/extracted_files/reagan_81-88/OLYMPIC PROFILE_CHINA_S MASTER TECHNICIAN OF THE ART OF HIGH JUMP.txt,0.9748116532961527,0.9746583771705627,27,25,52
OLYMPIC PROFILE_TIMING WAS FINALLY RIGHT.txt,/content/drive/MyDrive/extracted_files/reagan_81-88/OLYMPIC PROFILE_TIMING WAS FINALLY RIGHT.txt,0.9825845980644226,0.968580985770506,25,17,42
OLYMPIC VISAS ASSURED.txt,/content/drive/MyDrive/extracted_files/reagan_81-88/OLYMPIC VISAS ASSURED.txt,0.9790597312590655,0.9834865953611291,17,23,40
OLYMPICS_301 on Chinese Team.txt,/content/drive/MyDrive/extracted_files/reagan_81-88/OLYMPICS_301 on Chinese Team.txt,0.9968023598194122,,4,0,4
"ON SOVIET-CHINA BORDER, THE THAW IS JUST A TRICKLE.txt","/content/drive/MyDrive/extracted_files/reagan_81-88/ON SOVIET-CHINA BORDER, THE THAW IS JUST A TRICKLE.txt",0.9010421091859991,0.9469064298798057,11,17,28
"ON THE ONE AIRLINE IN CHINA, SERVICE WITH A SNARL.txt","/content/drive/MyDrive/extracted_files/reagan_81-88/ON THE ONE AIRLINE IN CHINA, SERVICE WITH A SNARL.txt",0.9663349390029907,0.9584370566451031,12,46,58
"ON THE TRAIL OF TREBITSCH LINCOLN, TRIPLE AGENT.txt","/content/drive/MyDrive/extracted_files/reagan_81-88/ON THE TRAIL OF TREBITSCH LINCOLN, TRIPLE AGENT.txt",0.9224462151527405,0.934824566755976,45,56,101
ON THINKING MEN IN CHINA.txt,/content/drive/MyDrive/extracted_files/reagan_81-88/ON THINKING MEN IN CHINA.txt,0.9533471599221229,0.9720024615526199,40,28,68
ONCE-LAUDED CHINESE ARMY NOW MAINLY OBSOLETE.txt,/content/drive/MyDrive/extracted_files/reagan_81-88/ONCE-LAUDED CHINESE ARMY NOW MAINLY OBSOLETE.txt,0.8715348414012364,0.9326512351328012,14,49,63
One Author Is Rankling Two Chinas.txt,/content/drive/MyDrive/extracted_files/reagan_81-88/One Author Is Rankling Two Chinas.txt,0.9624566555023193,0.9292807689419499,15,27,42
One of China_s Rockets Sends 3 Satellites Aloft.txt,/content/drive/MyDrive/extracted_files/reagan_81-88/One of China_s Rockets Sends 3 Satellites Aloft.txt,0.993368923664093,0.9390963166952133,1,8,9
"ONE SLAIN, TWO WOUNDED IN CHINATOWN SHOOTING.txt","/content/drive/MyDrive/extracted_files/reagan_81-88/ONE SLAIN, TWO WOUNDED IN CHINATOWN SHOOTING.txt",0.8889240821202596,0.9891241153081258,6,15,21
OPERA_ CHINESE TROUPE PRESENTS FIRST OF 10 WORKS.txt,/content/drive/MyDrive/extracted_files/reagan_81-88/OPERA_ CHINESE TROUPE PRESENTS FIRST OF 10 WORKS.txt,0.9615421460734473,0.919697493314743,18,4,22
OUT WITH THE OLD AND IN WITH THE IDEOLOGICALLY CORRECT.txt,/content/drive/MyDrive/extracted_files/reagan_81-88/OUT WITH THE OLD AND IN WITH THE IDEOLOGICALLY CORRECT.txt,0.9129288034005598,0.9414315263430277,22,15,37
Outdoors_Exploring Wildlife of China.txt,/content/drive/MyDrive/extracted_files/reagan_81-88/Outdoors_Exploring Wildlife of China.txt,0.9879296015609395,0.9638102650642395,22,16,38
PAKISTAN ACCUSED OF A NUCLEAR MOVE.txt,/content/drive/MyDrive/extracted_files/reagan_81-88/PAKISTAN ACCUSED OF A NUCLEAR MOVE.txt,0.9625408053398132,0.9535182487396967,4,21,25
Pakistani Arms Dealers Hail God and the AK-47.txt,/content/drive/MyDrive/extracted_files/reagan_81-88/Pakistani Arms Dealers Hail God and the AK-47.txt,0.9751737475395202,0.9431135313851493,15,42,57
PAN AM_S FLIGHTS TO TAIWAN BRING PEKING PROTEST.txt,/content/drive/MyDrive/extracted_files/reagan_81-88/PAN AM_S FLIGHTS TO TAIWAN BRING PEKING PROTEST.txt,0.8648151278495788,0.9346749473501135,5,27,32
PANELS RESTRICT CHINA ATOM PACT.txt,/content/drive/MyDrive/extracted_files/reagan_81-88/PANELS RESTRICT CHINA ATOM PACT.txt,0.9624579071998596,0.9023232698440552,5,5,10
PARTY BY THE POOL.txt,/content/drive/MyDrive/extracted_files/reagan_81-88/PARTY BY THE POOL.txt,0.9595971462818292,0.9355382016726903,52,70,122
Patterns_Anne-Marie Schiro.txt,/content/drive/MyDrive/extracted_files/reagan_81-88/Patterns_Anne-Marie Schiro.txt,0.961982419857612,0.9877416531244914,26,15,41
PEKING AGAIN URGES TAIWAN TO OPEN UNIFICATION TALKS.txt,/content/drive/MyDrive/extracted_files/reagan_81-88/PEKING AGAIN URGES TAIWAN TO OPEN UNIFICATION TALKS.txt,0.9475449572006861,0.8951308902572183,12,17,29
PEKING AIDE ADMITS ERRORS OF IDEOLOGY.txt,/content/drive/MyDrive/extracted_files/reagan_81-88/PEKING AIDE ADMITS ERRORS OF IDEOLOGY.txt,0.9076930284500122,0.9461976250012716,6,15,21
PEKING AIDE OFF TO SOVIET TO RENEW TALKS.txt,/content/drive/MyDrive/extracted_files/reagan_81-88/PEKING AIDE OFF TO SOVIET TO RENEW TALKS.txt,0.8730163127183914,0.9498431980609894,4,16,20
PEKING AND MOSCOW GET REACQUAINTED.txt,/content/drive/MyDrive/extracted_files/reagan_81-88/PEKING AND MOSCOW GET REACQUAINTED.txt,0.9061476952499814,0.9770336013573867,18,13,31
PEKING APPROVES DEAL WITH SQUIBB.txt,/content/drive/MyDrive/extracted_files/reagan_81-88/PEKING APPROVES DEAL WITH SQUIBB.txt,0.96207195520401,0.9137520417571068,6,8,14
Peking Asks Seoul to Return An Air Force Pilot and Plane.txt,/content/drive/MyDrive/extracted_files/reagan_81-88/Peking Asks Seoul to Return An Air Force Pilot and Plane.txt,0.9901711344718933,0.9160354137420654,1,4,5
PEKING CATHOLICS CROWD REBUILT CHURCH.txt,/content/drive/MyDrive/extracted_files/reagan_81-88/PEKING CATHOLICS CROWD REBUILT CHURCH.txt,0.9828833376660067,0.9572067047868457,17,14,31
PEKING FINDS A NEW ENEMY_ _SPIRITUAL POLLUTION_.txt,/content/drive/MyDrive/extracted_files/reagan_81-88/PEKING FINDS A NEW ENEMY_ _SPIRITUAL POLLUTION_.txt,0.7537935078144073,0.9623949856593691,2,29,31
PEKING FINDS THE AIRWAVES FILLED WITH UNKIND REMARKS.txt,/content/drive/MyDrive/extracted_files/reagan_81-88/PEKING FINDS THE AIRWAVES FILLED WITH UNKIND REMARKS.txt,0.9075154491833278,0.9869242856899897,7,24,31
PEKING FIRES ITS FIRST SUBMARINE-LAUNCHED MISSLE.txt,/content/drive/MyDrive/extracted_files/reagan_81-88/PEKING FIRES ITS FIRST SUBMARINE-LAUNCHED MISSLE.txt,0.9230076521635056,0.9805819663134488,12,11,23
PEKING FOOD PRICES TO RISE SHARPLY.txt,/content/drive/MyDrive/extracted_files/reagan_81-88/PEKING FOOD PRICES TO RISE SHARPLY.txt,0.9368309006094933,0.9356024135713992,8,23,31
PEKING IS PLEASED BY ZHAO_S VISIT TO THE U.S.txt,/content/drive/MyDrive/extracted_files/reagan_81-88/PEKING IS PLEASED BY ZHAO_S VISIT TO THE U.S.txt,0.9725516478220622,0.9123772212437221,15,7,22
PEKING PAPER FOR OUTSIDERS FINDS A NICHE.txt,/content/drive/MyDrive/extracted_files/reagan_81-88/PEKING PAPER FOR OUTSIDERS FINDS A NICHE.txt,0.9817330638567606,0.9501628637313843,15,25,40
PEKING PARTY MEETING OPENS_ MAJOR CHANGES ARE EXPECTED.txt,/content/drive/MyDrive/extracted_files/reagan_81-88/PEKING PARTY MEETING OPENS_ MAJOR CHANGES ARE EXPECTED.txt,0.9343626936276753,0.9144349455833435,15,5,20
Peking Planning an Increase In Trade With Eastern Europe.txt,/content/drive/MyDrive/extracted_files/reagan_81-88/Peking Planning an Increase In Trade With Eastern Europe.txt,0.9390983879566193,,4,0,4
Peking Reports Shuffle In Top Military Posts.txt,/content/drive/MyDrive/extracted_files/reagan_81-88/Peking Reports Shuffle In Top Military Posts.txt,0.9609113186597824,0.9166060222519768,4,9,13
PEKING SAYS FIGHTING WITH HANOI HAS SPREAD TO SECOND BORDER AREA.txt,/content/drive/MyDrive/extracted_files/reagan_81-88/PEKING SAYS FIGHTING WITH HANOI HAS SPREAD TO SECOND BORDER AREA.txt,0.9616732001304626,0.9751195251941681,2,30,32
PEKING SAYS FORCE MIGHT BE USED TO REUNITE TAIWAN AND MAINLAND.txt,/content/drive/MyDrive/extracted_files/reagan_81-88/PEKING SAYS FORCE MIGHT BE USED TO REUNITE TAIWAN AND MAINLAND.txt,0.9345919042825699,0.9563249395443842,4,13,17
PEKING SHOWS RENEWED CONCERN OVER INCREASE IN BIRTH RATE.txt,/content/drive/MyDrive/extracted_files/reagan_81-88/PEKING SHOWS RENEWED CONCERN OVER INCREASE IN BIRTH RATE.txt,0.9203481674194336,0.9391049181713778,7,17,24
PEKING STRESSES ECONOMIC GAINS AS PARTY PRIORITY.txt,/content/drive/MyDrive/extracted_files/reagan_81-88/PEKING STRESSES ECONOMIC GAINS AS PARTY PRIORITY.txt,0.9355532246477464,0.9320588707923889,17,13,30
PEKING TO RESTORE POST OF CHIEF OF STATE.txt,/content/drive/MyDrive/extracted_files/reagan_81-88/PEKING TO RESTORE POST OF CHIEF OF STATE.txt,0.9484856612980366,0.9751815140247345,16,20,36
PEKING-HANOI INTERESTS SPLIT AFTER VIETNAM WAR.txt,/content/drive/MyDrive/extracted_files/reagan_81-88/PEKING-HANOI INTERESTS SPLIT AFTER VIETNAM WAR.txt,0.9041421413421631,0.9378212125677812,10,19,29
PEKING_S FASHION CODE LEANS TOWARD THE DON_T_S.txt,/content/drive/MyDrive/extracted_files/reagan_81-88/PEKING_S FASHION CODE LEANS TOWARD THE DON_T_S.txt,0.9527811686197917,0.9549561853592212,15,26,41
Pepsi_s 2d China Plant.txt,/content/drive/MyDrive/extracted_files/reagan_81-88/Pepsi_s 2d China Plant.txt,0.8138127624988556,0.9787145256996155,2,1,3
PERIPHERALS_Typing for Adults.txt,/content/drive/MyDrive/extracted_files/reagan_81-88/PERIPHERALS_Typing for Adults.txt,0.9762393943965435,0.9575294637680054,16,25,41
Peugeot_s China Project.txt,/content/drive/MyDrive/extracted_files/reagan_81-88/Peugeot_s China Project.txt,0.9396941065788269,,2,0,2
"Phillips, Pecten in China.txt","/content/drive/MyDrive/extracted_files/reagan_81-88/Phillips, Pecten in China.txt",0.7565576434135437,,1,0,1
Phone Plan Objections.txt,/content/drive/MyDrive/extracted_files/reagan_81-88/Phone Plan Objections.txt,,0.9583358019590378,0,4,4
PILOT IS SAID TO DEFECT FROM TAIWAN TO CHINA.txt,/content/drive/MyDrive/extracted_files/reagan_81-88/PILOT IS SAID TO DEFECT FROM TAIWAN TO CHINA.txt,0.8840370575586954,0.9778403838475546,3,3,6
Plot to Export U.S. Weapons to China Is Charged.txt,/content/drive/MyDrive/extracted_files/reagan_81-88/Plot to Export U.S. Weapons to China Is Charged.txt,0.9087357670068741,0.985724504177387,4,13,17
PLUMBING CHINA OIL RESERVE.txt,/content/drive/MyDrive/extracted_files/reagan_81-88/PLUMBING CHINA OIL RESERVE.txt,0.940570741891861,0.9328730617250715,20,21,41
POL POT_S PARTY SAYS IT IS DISBANDING.txt,/content/drive/MyDrive/extracted_files/reagan_81-88/POL POT_S PARTY SAYS IT IS DISBANDING.txt,0.9639934727123806,0.9479315718015034,7,15,22
"POPE CHOOSES 25 NEW CARDINALS, INCLUDING TWO AMERICAN PRELATES.txt","/content/drive/MyDrive/extracted_files/reagan_81-88/POPE CHOOSES 25 NEW CARDINALS, INCLUDING TWO AMERICAN PRELATES.txt",0.9700326681137085,0.8431047201156616,30,10,40
Pope Meets a Bishop From China For First Time Since Revolution.txt,/content/drive/MyDrive/extracted_files/reagan_81-88/Pope Meets a Bishop From China For First Time Since Revolution.txt,0.965204099814097,0.9849644601345062,3,2,5
POPE OFFERS A SPECIAL MASS FOR THE CATHOLICS OF CHINA.txt,/content/drive/MyDrive/extracted_files/reagan_81-88/POPE OFFERS A SPECIAL MASS FOR THE CATHOLICS OF CHINA.txt,0.9353501754147666,0.9559420312152189,14,17,31
POPULATION PRIZES FROM U.N. ASSAILED.txt,/content/drive/MyDrive/extracted_files/reagan_81-88/POPULATION PRIZES FROM U.N. ASSAILED.txt,0.9324495911598205,0.9749161541461945,5,20,25
Portuguese Leader in China.txt,/content/drive/MyDrive/extracted_files/reagan_81-88/Portuguese Leader in China.txt,0.9940239191055298,,2,0,2
PREMIER OF CHINA WILL MEET REAGAN IN U.S. THIS YEAR.txt,/content/drive/MyDrive/extracted_files/reagan_81-88/PREMIER OF CHINA WILL MEET REAGAN IN U.S. THIS YEAR.txt,0.9196906934181849,0.9399251277957644,12,28,40
"Q and A_Question_Our family is planning a trip to both Peking, the People_s Republic of China, and T.txt","/content/drive/MyDrive/extracted_files/reagan_81-88/Q and A_Question_Our family is planning a trip to both Peking, the People_s Republic of China, and T.txt",0.9208538134892782,0.9717035442590714,6,20,26
QUEEN COMPLETES CHINA VISIT.txt,/content/drive/MyDrive/extracted_files/reagan_81-88/QUEEN COMPLETES CHINA VISIT.txt,0.9774890184402466,0.7902285854021708,5,3,8
QUEEN FULFILLS A ROYAL GOAL_ TO VISIT CHINA.txt,/content/drive/MyDrive/extracted_files/reagan_81-88/QUEEN FULFILLS A ROYAL GOAL_ TO VISIT CHINA.txt,0.9755026747783025,0.9177784323692322,24,12,36
Queen to Visit China.txt,/content/drive/MyDrive/extracted_files/reagan_81-88/Queen to Visit China.txt,0.9990037083625793,,2,0,2
Reactors for China.txt,/content/drive/MyDrive/extracted_files/reagan_81-88/Reactors for China.txt,0.8187564015388489,0.552141010761261,1,1,2
REAGAN AND THE WORLD.txt,/content/drive/MyDrive/extracted_files/reagan_81-88/REAGAN AND THE WORLD.txt,0.9141241993222918,0.954373200408748,28,61,89
REAGAN ARRIVES FOR VISIT TO CHINA AND TALKS WITH SENIOR LEADERS.txt,/content/drive/MyDrive/extracted_files/reagan_81-88/REAGAN ARRIVES FOR VISIT TO CHINA AND TALKS WITH SENIOR LEADERS.txt,0.9580065977005732,0.8823741912841797,21,5,26
REAGAN BARS ROLE IN ASKING TAIWAN FOR MAINLAND TIES.txt,/content/drive/MyDrive/extracted_files/reagan_81-88/REAGAN BARS ROLE IN ASKING TAIWAN FOR MAINLAND TIES.txt,0.9369904332690768,0.9465849751081222,27,39,66
REAGAN REASSURES TAIWAN ITS NEEDS WEREN_T UNDERCUT_Text of communique is on page A12.txt,/content/drive/MyDrive/extracted_files/reagan_81-88/REAGAN REASSURES TAIWAN ITS NEEDS WEREN_T UNDERCUT_Text of communique is on page A12.txt,0.9410175548659431,0.9059437607464037,9,19,28
REAGAN SEEKS NEW U.N. PUSH IN GULF.txt,/content/drive/MyDrive/extracted_files/reagan_81-88/REAGAN SEEKS NEW U.N. PUSH IN GULF.txt,0.8491872772574425,0.9639079976081848,8,25,33
REAGAN TO PRESS CHINA ON TRADE.txt,/content/drive/MyDrive/extracted_files/reagan_81-88/REAGAN TO PRESS CHINA ON TRADE.txt,0.8937726550632052,0.9685041755437851,9,8,17
REAGAN WELCOMES PEKING PRESIDENT_ ATOM PACT SIGNED.txt,/content/drive/MyDrive/extracted_files/reagan_81-88/REAGAN WELCOMES PEKING PRESIDENT_ ATOM PACT SIGNED.txt,0.9217465331679896,0.9482738545962742,19,21,40
REAGAN_S REVERSAL.txt,/content/drive/MyDrive/extracted_files/reagan_81-88/REAGAN_S REVERSAL.txt,0.9816205132575262,0.90786412358284,21,14,35
RECLUSIVE PANDAS BEGIN TO REVEAL PRIVATE LIVES.txt,/content/drive/MyDrive/extracted_files/reagan_81-88/RECLUSIVE PANDAS BEGIN TO REVEAL PRIVATE LIVES.txt,0.9504542827606202,0.9373257507880529,15,36,51
RECREATING THE POWER OF THE SUN.txt,/content/drive/MyDrive/extracted_files/reagan_81-88/RECREATING THE POWER OF THE SUN.txt,0.9357243254121426,0.9673001030864923,113,184,297
RELIGION AND CHINA MMAKE ACCOMMODATIONS.txt,/content/drive/MyDrive/extracted_files/reagan_81-88/RELIGION AND CHINA MMAKE ACCOMMODATIONS.txt,0.9291782464299884,0.9572854936122894,21,20,41
RESETTLES CHINESE STAGE A PEKING SIT-IN.txt,/content/drive/MyDrive/extracted_files/reagan_81-88/RESETTLES CHINESE STAGE A PEKING SIT-IN.txt,0.8715216517448425,0.930275077621142,4,24,28
RESTAURANTS_by Mimi Sheraton_Dazzling array from North China.txt,/content/drive/MyDrive/extracted_files/reagan_81-88/RESTAURANTS_by Mimi Sheraton_Dazzling array from North China.txt,0.9652144746346907,0.9584327779318157,44,19,63
Restaurants_Endless variety from land of the Hakka.txt,/content/drive/MyDrive/extracted_files/reagan_81-88/Restaurants_Endless variety from land of the Hakka.txt,0.9535531709934103,0.9435998814446586,29,35,64
RETRACING MAO_S LONG MARCH.txt,/content/drive/MyDrive/extracted_files/reagan_81-88/RETRACING MAO_S LONG MARCH.txt,0.9477036614696701,0.9579856256221203,154,235,389
Revisionism in China_ Maids Are in Demand.txt,/content/drive/MyDrive/extracted_files/reagan_81-88/Revisionism in China_ Maids Are in Demand.txt,0.9951609373092651,0.7493504484494528,2,3,5
RICE_ THE PRIZE OF SICHUAN PROVINCE AND BREAKTHROUGH GIFT OF CALIFORNIA.txt,/content/drive/MyDrive/extracted_files/reagan_81-88/RICE_ THE PRIZE OF SICHUAN PROVINCE AND BREAKTHROUGH GIFT OF CALIFORNIA.txt,0.9564536580672631,0.9190698944860034,26,36,62
Rights Group Faults Taiwan.txt,/content/drive/MyDrive/extracted_files/reagan_81-88/Rights Group Faults Taiwan.txt,0.9621564745903015,0.9681405325730642,6,6,12
Rights Group_s Accusations Called _Groundless_ by China.txt,/content/drive/MyDrive/extracted_files/reagan_81-88/Rights Group_s Accusations Called _Groundless_ by China.txt,,0.9825960596402487,0,3,3
Ruins of Chinese City Found.txt,/content/drive/MyDrive/extracted_files/reagan_81-88/Ruins of Chinese City Found.txt,,0.8639746308326721,0,1,1
RUSSIANS AND CHINESE TO EXCHANGE VISITS.txt,/content/drive/MyDrive/extracted_files/reagan_81-88/RUSSIANS AND CHINESE TO EXCHANGE VISITS.txt,0.9208682894706726,0.9371373388502333,5,9,14
SAILOR_S LAMENT_ WHAT DID THEY DO TO SHANGHAI_.txt,/content/drive/MyDrive/extracted_files/reagan_81-88/SAILOR_S LAMENT_ WHAT DID THEY DO TO SHANGHAI_.txt,0.9368671137711098,0.9642472267150879,29,34,63
Salem_s Spell Goes Beyond Witchcraft.txt,/content/drive/MyDrive/extracted_files/reagan_81-88/Salem_s Spell Goes Beyond Witchcraft.txt,0.9648510524720857,0.8819090700149537,66,25,91
Salt Rationing in China.txt,/content/drive/MyDrive/extracted_files/reagan_81-88/Salt Rationing in China.txt,,0.9876927534739176,0,3,3
Savoring the Distinctiveness of Korean Art.txt,/content/drive/MyDrive/extracted_files/reagan_81-88/Savoring the Distinctiveness of Korean Art.txt,0.9903772182953663,0.97661192715168,39,8,47
SCANDAL BLIGHTS HAINAN HOPE.txt,/content/drive/MyDrive/extracted_files/reagan_81-88/SCANDAL BLIGHTS HAINAN HOPE.txt,0.9180709293910435,0.9839054142556539,14,41,55
SCIENCE MAGAZINES FROM U.S. THRIVE IN SOVIET AND CHINA.txt,/content/drive/MyDrive/extracted_files/reagan_81-88/SCIENCE MAGAZINES FROM U.S. THRIVE IN SOVIET AND CHINA.txt,0.9533610393603643,0.9265579599887133,12,32,44
SCOUTING_Going to China.txt,/content/drive/MyDrive/extracted_files/reagan_81-88/SCOUTING_Going to China.txt,,0.8790917098522186,0,4,4
SCREEN_ BRYAN BROWN IN _TAI-PAN_.txt,/content/drive/MyDrive/extracted_files/reagan_81-88/SCREEN_ BRYAN BROWN IN _TAI-PAN_.txt,0.9595199016963735,0.8885736327904922,17,13,30
SCURVY RASCAL SEES IT THROUGH.txt,/content/drive/MyDrive/extracted_files/reagan_81-88/SCURVY RASCAL SEES IT THROUGH.txt,0.974659892419974,0.9418198317289352,24,8,32
Search Ended in China Sea Crash.txt,/content/drive/MyDrive/extracted_files/reagan_81-88/Search Ended in China Sea Crash.txt,,0.9976101219654083,0,2,2
SECRECY IN A DISMISSAL BY STANFORD FUELS ACADEMIC FREEDOM DISPUTE.txt,/content/drive/MyDrive/extracted_files/reagan_81-88/SECRECY IN A DISMISSAL BY STANFORD FUELS ACADEMIC FREEDOM DISPUTE.txt,0.9282455619643716,0.9681954285991725,17,67,84
Secret Chinese-Israeli Arms Deal Reported.txt,/content/drive/MyDrive/extracted_files/reagan_81-88/Secret Chinese-Israeli Arms Deal Reported.txt,0.5625123381614685,0.9046268377985273,1,7,8
SEEING CHINA LIKE A CAPITALIST.txt,/content/drive/MyDrive/extracted_files/reagan_81-88/SEEING CHINA LIKE A CAPITALIST.txt,0.970254681110382,0.943125706911087,25,30,55
Seiko and China In Watch Pact.txt,/content/drive/MyDrive/extracted_files/reagan_81-88/Seiko and China In Watch Pact.txt,0.8240867058436075,0.6775711178779602,3,1,4
Senate Criticizes the Chinese On Missile Sales in Mideast.txt,/content/drive/MyDrive/extracted_files/reagan_81-88/Senate Criticizes the Chinese On Missile Sales in Mideast.txt,0.9816461205482483,0.9417839050292969,1,2,3
"SENATOR JACKSON, IN PEKING, SAYS BETTER TIES ARE AHEAD.txt","/content/drive/MyDrive/extracted_files/reagan_81-88/SENATOR JACKSON, IN PEKING, SAYS BETTER TIES ARE AHEAD.txt",0.964802536699507,0.9943530956904093,9,3,12
Seoul Olympic Rings Include Some Made of Barbed Wire.txt,/content/drive/MyDrive/extracted_files/reagan_81-88/Seoul Olympic Rings Include Some Made of Barbed Wire.txt,0.9115290173462459,0.9603268167911432,28,39,67
SEOUL PLANS LINKS TO EASTERN BLOC.txt,/content/drive/MyDrive/extracted_files/reagan_81-88/SEOUL PLANS LINKS TO EASTERN BLOC.txt,0.9521792034308115,0.9077427246991325,12,17,29
"SHANGHAI JOURNAL_A City in Misery, Betrayed by a Taste for Clams.txt","/content/drive/MyDrive/extracted_files/reagan_81-88/SHANGHAI JOURNAL_A City in Misery, Betrayed by a Taste for Clams.txt",0.9415101369222005,0.9715148365497589,15,50,65
SHANGHAI_S EX-CAPITALISTS BACK ON JOB.txt,/content/drive/MyDrive/extracted_files/reagan_81-88/SHANGHAI_S EX-CAPITALISTS BACK ON JOB.txt,0.9595828205347061,0.9355800615416633,16,18,34
SHARON FESTIVAL TO PROMOTE CULTURES OF ASIA AND INDONESIA.txt,/content/drive/MyDrive/extracted_files/reagan_81-88/SHARON FESTIVAL TO PROMOTE CULTURES OF ASIA AND INDONESIA.txt,0.9897118983445344,0.954768180847168,27,4,31
Shell-Exxon-China Pact.txt,/content/drive/MyDrive/extracted_files/reagan_81-88/Shell-Exxon-China Pact.txt,0.9963087439537048,0.9268723130226135,1,3,4
SHOPPER_S WORLD_HONG KONG_S STREET OF _GREEN TEMPTATION_.txt,/content/drive/MyDrive/extracted_files/reagan_81-88/SHOPPER_S WORLD_HONG KONG_S STREET OF _GREEN TEMPTATION_.txt,0.9585390567779541,0.9356766973223005,35,35,70
SHOPPER_S WORLD_JAPAN_S ANCIENT ART OF LACQUERWARE.txt,/content/drive/MyDrive/extracted_files/reagan_81-88/SHOPPER_S WORLD_JAPAN_S ANCIENT ART OF LACQUERWARE.txt,0.9578935235738755,0.9285987650646883,60,51,111
SHOPPER_S WORLD_VINTAGE TEAS IN A TAIPEI SHOP.txt,/content/drive/MyDrive/extracted_files/reagan_81-88/SHOPPER_S WORLD_VINTAGE TEAS IN A TAIPEI SHOP.txt,0.9497931355779822,0.9487592809730105,44,36,80
SHULTZ ON CHINA_ ACCENTING THE POSITIVE_News Analysis.txt,/content/drive/MyDrive/extracted_files/reagan_81-88/SHULTZ ON CHINA_ ACCENTING THE POSITIVE_News Analysis.txt,0.8825277090072632,0.9631998403505846,15,22,37
SHULTZ-GROMYKO MEETING POSSIBLE AT ARMS CONFERENCE IN JANUARY.txt,/content/drive/MyDrive/extracted_files/reagan_81-88/SHULTZ-GROMYKO MEETING POSSIBLE AT ARMS CONFERENCE IN JANUARY.txt,0.9368360425744738,0.9143971334333005,14,23,37
"SLAYING WAS ORDERED FROM TAIWAN, LAWYER SAYS.txt","/content/drive/MyDrive/extracted_files/reagan_81-88/SLAYING WAS ORDERED FROM TAIWAN, LAWYER SAYS.txt",0.883953503199986,0.9468419572402691,7,29,36
Social Events_SEASON IN FULL SWING.txt,/content/drive/MyDrive/extracted_files/reagan_81-88/Social Events_SEASON IN FULL SWING.txt,0.9370446937424796,0.8489564657211304,35,9,44
SOTHEBY_S HAS AUCTION IN CHINA.txt,/content/drive/MyDrive/extracted_files/reagan_81-88/SOTHEBY_S HAS AUCTION IN CHINA.txt,0.8384631037712097,0.9791320860385895,5,6,11
SOVIET AIDE HINTS AT A CUT IN TROOPS ON CHINESE BORDER.txt,/content/drive/MyDrive/extracted_files/reagan_81-88/SOVIET AIDE HINTS AT A CUT IN TROOPS ON CHINESE BORDER.txt,0.9024602095286052,0.9642658864750582,15,17,32
SOVIET AND CHINA SIN FIVE-YEAR TRADE PACT.txt,/content/drive/MyDrive/extracted_files/reagan_81-88/SOVIET AND CHINA SIN FIVE-YEAR TRADE PACT.txt,0.9526021650859288,0.9615468220277266,14,11,25
SOVIET ANNOUNCES DECISION TO TRIM ITS AFGHAN FORCE.txt,/content/drive/MyDrive/extracted_files/reagan_81-88/SOVIET ANNOUNCES DECISION TO TRIM ITS AFGHAN FORCE.txt,0.9174189023349596,0.9457414229710897,23,30,53
Soviet Deputy Premier_s Trip To China Is Set for May 10.txt,/content/drive/MyDrive/extracted_files/reagan_81-88/Soviet Deputy Premier_s Trip To China Is Set for May 10.txt,0.9385880927244822,,6,0,6
SOVIET PREMIER HINTS AT OVERTURE TO IMPROVE RELATIONS WITH CHINA.txt,/content/drive/MyDrive/extracted_files/reagan_81-88/SOVIET PREMIER HINTS AT OVERTURE TO IMPROVE RELATIONS WITH CHINA.txt,0.8781031429767608,0.9535825029015541,10,16,26
SOVIET SAYS REAGAN CONFIRMS _MILITARISTIC IDEOLOGY_.txt,/content/drive/MyDrive/extracted_files/reagan_81-88/SOVIET SAYS REAGAN CONFIRMS _MILITARISTIC IDEOLOGY_.txt,0.9097873171170553,0.9850242957472801,9,8,17
SOVIET SEEKS STATUS IN GATT.txt,/content/drive/MyDrive/extracted_files/reagan_81-88/SOVIET SEEKS STATUS IN GATT.txt,0.8893950922148568,0.9413856060608573,7,23,30
Soviet-Chinese Talks Due.txt,/content/drive/MyDrive/extracted_files/reagan_81-88/Soviet-Chinese Talks Due.txt,0.9566861192385355,,3,0,3
SPEAKING PERSONALLY_A FRIEND FROM CHINA FINDS SIMPLE PLEASURE.txt,/content/drive/MyDrive/extracted_files/reagan_81-88/SPEAKING PERSONALLY_A FRIEND FROM CHINA FINDS SIMPLE PLEASURE.txt,0.9633247568493798,0.9746528553962708,42,25,67
"SPORTS OF THE TIMES_Graceful, With Strength_.txt","/content/drive/MyDrive/extracted_files/reagan_81-88/SPORTS OF THE TIMES_Graceful, With Strength_.txt",0.9762128910848072,0.9680844183479037,28,28,56
SPORTS OF THE TIMES_THE CHINESE ARE HERE.txt,/content/drive/MyDrive/extracted_files/reagan_81-88/SPORTS OF THE TIMES_THE CHINESE ARE HERE.txt,0.9472975111924685,0.9173051749958712,26,17,43
SPORTS PEOPLE_Ali in China.txt,/content/drive/MyDrive/extracted_files/reagan_81-88/SPORTS PEOPLE_Ali in China.txt,,0.9963186532258987,0,4,4
SPORTS PEOPLE_Chinese Start Tour.txt,/content/drive/MyDrive/extracted_files/reagan_81-88/SPORTS PEOPLE_Chinese Start Tour.txt,0.9962234497070312,0.9900941550731659,1,2,3
SPORTS PEOPLE_Good Behavior.txt,/content/drive/MyDrive/extracted_files/reagan_81-88/SPORTS PEOPLE_Good Behavior.txt,0.7875487208366394,0.9594892263412476,2,3,5
SPORTS WORLD SPECIALS_Globetrotters.txt,/content/drive/MyDrive/extracted_files/reagan_81-88/SPORTS WORLD SPECIALS_Globetrotters.txt,0.8947901805241902,0.912400130714689,15,14,29
ST. JOHN_S FACULTY REBUKES PRESIDENT.txt,/content/drive/MyDrive/extracted_files/reagan_81-88/ST. JOHN_S FACULTY REBUKES PRESIDENT.txt,0.9700066196291071,0.9636876384417216,19,15,34
"STAKES HIGH, CHINESE TENNIS DEFECTOR SPEAKS OUT.txt","/content/drive/MyDrive/extracted_files/reagan_81-88/STAKES HIGH, CHINESE TENNIS DEFECTOR SPEAKS OUT.txt",0.9592412618490366,0.962040867124285,13,28,41
STAMPS_FROM THE FAR EAST.txt,/content/drive/MyDrive/extracted_files/reagan_81-88/STAMPS_FROM THE FAR EAST.txt,0.9590585402079991,0.9089007217709612,63,41,104
"STAMPS_OF BRIDGES, PUSHCARTS AND OIL WAGONS.txt","/content/drive/MyDrive/extracted_files/reagan_81-88/STAMPS_OF BRIDGES, PUSHCARTS AND OIL WAGONS.txt",0.915187133210046,0.9659961064656576,14,42,56
STANFORD REVIVES INQUIRY ON OUSTED CHINA SCHOLAR.txt,/content/drive/MyDrive/extracted_files/reagan_81-88/STANFORD REVIVES INQUIRY ON OUSTED CHINA SCHOLAR.txt,0.8300927579402924,0.965196069329977,2,16,18
STARK TRUTH VS. _FALSE REALISM__ THE BOOK THAT STUNNED BEIJING.txt,/content/drive/MyDrive/extracted_files/reagan_81-88/STARK TRUTH VS. _FALSE REALISM__ THE BOOK THAT STUNNED BEIJING.txt,0.9640069206555685,0.9608668014407158,30,32,62
Stocks Surge In Hong Kong.txt,/content/drive/MyDrive/extracted_files/reagan_81-88/Stocks Surge In Hong Kong.txt,0.985008955001831,0.875948452949524,2,5,7
Study Is Cautious on China_s Growth.txt,/content/drive/MyDrive/extracted_files/reagan_81-88/Study Is Cautious on China_s Growth.txt,0.9471220203808376,0.9635887836155138,14,19,33
STUFFED DUMPLINGS_ THEY GET AROUND.txt,/content/drive/MyDrive/extracted_files/reagan_81-88/STUFFED DUMPLINGS_ THEY GET AROUND.txt,0.9618870844232276,0.9496380716194341,94,81,175
SUMMER READING_A PRISONER OF THE THOUGHT POLICE.txt,/content/drive/MyDrive/extracted_files/reagan_81-88/SUMMER READING_A PRISONER OF THE THOUGHT POLICE.txt,0.9473807937823809,0.9738363511860371,52,64,116
SURF AND SAND IN CHINA.txt,/content/drive/MyDrive/extracted_files/reagan_81-88/SURF AND SAND IN CHINA.txt,0.9648519279593128,0.9562400908846604,59,38,97
TAIPEI JOURNAL_Fishing for the Ones That Got Away.txt,/content/drive/MyDrive/extracted_files/reagan_81-88/TAIPEI JOURNAL_Fishing for the Ones That Got Away.txt,0.9643898031541279,0.9306521150800917,28,18,46
TAIWAN ARMS ISSUE DAMAGING U.S.-CHINESE TIES.txt,/content/drive/MyDrive/extracted_files/reagan_81-88/TAIWAN ARMS ISSUE DAMAGING U.S.-CHINESE TIES.txt,0.9275909811258316,0.967362601910868,32,31,63
TAIWAN AT A GLANCE.txt,/content/drive/MyDrive/extracted_files/reagan_81-88/TAIWAN AT A GLANCE.txt,0.9608654727538427,0.8810746925217765,24,7,31
TAIWAN BIDS HONG KONG FIGHT COMMUNISM.txt,/content/drive/MyDrive/extracted_files/reagan_81-88/TAIWAN BIDS HONG KONG FIGHT COMMUNISM.txt,0.9529690827642169,0.908699611822764,7,6,13
TAIWAN DENOUNCES OVERTURES BY PEKING FOR TALKS.txt,/content/drive/MyDrive/extracted_files/reagan_81-88/TAIWAN DENOUNCES OVERTURES BY PEKING FOR TALKS.txt,0.9412451223893599,0.9132764287616896,11,23,34
TAIWAN FLIER DEFECTS TO CHINA WITH JET.txt,/content/drive/MyDrive/extracted_files/reagan_81-88/TAIWAN FLIER DEFECTS TO CHINA WITH JET.txt,0.985058069229126,0.9648744761943817,6,12,18
TAIWAN MAGAZINES PLAY _MICE_ TO THE CENSOR_S _CAT_.txt,/content/drive/MyDrive/extracted_files/reagan_81-88/TAIWAN MAGAZINES PLAY _MICE_ TO THE CENSOR_S _CAT_.txt,0.9039533828434191,0.9496409047481625,19,43,62
Taiwan May Soon Approve Visits to the Chinese Mainland.txt,/content/drive/MyDrive/extracted_files/reagan_81-88/Taiwan May Soon Approve Visits to the Chinese Mainland.txt,0.9600469991564751,0.9236021116375923,8,16,24
TAIWAN REJECTS AS PROPAGANDA PEKING_S OFFER OF TALKS.txt,/content/drive/MyDrive/extracted_files/reagan_81-88/TAIWAN REJECTS AS PROPAGANDA PEKING_S OFFER OF TALKS.txt,0.936328586190939,0.9487425327301026,16,15,31
TAIWAN SEEMS UNEASY ABOUT ZHAO_S VISIT TO U.S.txt,/content/drive/MyDrive/extracted_files/reagan_81-88/TAIWAN SEEMS UNEASY ABOUT ZHAO_S VISIT TO U.S.txt,0.9791205790307786,0.9514733592669169,18,15,33
TAIWANESE SEEM UNMOVED BY U.S.-CHINA ACCORD.txt,/content/drive/MyDrive/extracted_files/reagan_81-88/TAIWANESE SEEM UNMOVED BY U.S.-CHINA ACCORD.txt,0.9292375236749649,0.9461193421612615,20,23,43
TAIWAN_S EMBARRASSMENT OF RICHES.txt,/content/drive/MyDrive/extracted_files/reagan_81-88/TAIWAN_S EMBARRASSMENT OF RICHES.txt,0.9260556828230619,0.9736309669635914,32,54,86
TALKING POLITICS_Heady Drug Issue.txt,/content/drive/MyDrive/extracted_files/reagan_81-88/TALKING POLITICS_Heady Drug Issue.txt,0.8616035580635071,0.9247829268376032,2,12,14
TANZICHONG JOURNAL_COMRADES IN DEATH_ MAO AND A VICTIM.txt,/content/drive/MyDrive/extracted_files/reagan_81-88/TANZICHONG JOURNAL_COMRADES IN DEATH_ MAO AND A VICTIM.txt,0.9598435428407457,0.9611205352677239,18,45,63
TEACHER CALLS CONFINEMENT IN CHINA A _NIGHTMARE_.txt,/content/drive/MyDrive/extracted_files/reagan_81-88/TEACHER CALLS CONFINEMENT IN CHINA A _NIGHTMARE_.txt,0.8750761614905463,0.9460173197414564,9,23,32
TEAHOUSE REGAINS ITS GLORY.txt,/content/drive/MyDrive/extracted_files/reagan_81-88/TEAHOUSE REGAINS ITS GLORY.txt,0.9744748186182093,0.983657032251358,27,26,53
Technology Exports to China.txt,/content/drive/MyDrive/extracted_files/reagan_81-88/Technology Exports to China.txt,0.9746710393163893,0.9521178106466929,9,12,21
Technology to China.txt,/content/drive/MyDrive/extracted_files/reagan_81-88/Technology to China.txt,0.643785834312439,0.9282609820365906,2,4,6
TEXT OF CHINA_S STATEMENT.txt,/content/drive/MyDrive/extracted_files/reagan_81-88/TEXT OF CHINA_S STATEMENT.txt,0.8836937348047892,0.9358563152226534,3,11,14
TEXT OF STATEMENT BY PEKING.txt,/content/drive/MyDrive/extracted_files/reagan_81-88/TEXT OF STATEMENT BY PEKING.txt,0.9422463463700336,0.9879394769668579,23,1,24
TEXTILE CURBS WIN IN SENATE.txt,/content/drive/MyDrive/extracted_files/reagan_81-88/TEXTILE CURBS WIN IN SENATE.txt,0.9509593645731608,0.9629586243629455,9,25,34
Textile Talks With Chinese.txt,/content/drive/MyDrive/extracted_files/reagan_81-88/Textile Talks With Chinese.txt,0.9840417702992758,0.9930713772773743,3,2,5
"THANKSGIVING_ WHEN CUISINES MEET, IT_S A CHANGEABLE FEAST.txt","/content/drive/MyDrive/extracted_files/reagan_81-88/THANKSGIVING_ WHEN CUISINES MEET, IT_S A CHANGEABLE FEAST.txt",0.963495622662937,0.9352685372034709,34,15,49
THE BEST OF HONG KONG_Four Hotels in the Grandest Manner. . .And Food Fit for Emperors.txt,/content/drive/MyDrive/extracted_files/reagan_81-88/THE BEST OF HONG KONG_Four Hotels in the Grandest Manner. . .And Food Fit for Emperors.txt,0.9253108492919377,0.939139028841799,70,44,114
THE CHINESE STUMBLE ON THE ROAD TO PERSONAL FREEDOM.txt,/content/drive/MyDrive/extracted_files/reagan_81-88/THE CHINESE STUMBLE ON THE ROAD TO PERSONAL FREEDOM.txt,0.9399328933042639,0.9643163656195005,17,24,41
THE CITY_ Chinese-American Named for Bench.txt,/content/drive/MyDrive/extracted_files/reagan_81-88/THE CITY_ Chinese-American Named for Bench.txt,0.9162791967391968,0.8183415532112122,3,5,8
THE CLAN THAT CHANGED CHINA.txt,/content/drive/MyDrive/extracted_files/reagan_81-88/THE CLAN THAT CHANGED CHINA.txt,0.9738019857295724,0.9673021693487425,43,37,80
THE COLD GIVES A LIFT TO DOWN PRODUCTS.txt,/content/drive/MyDrive/extracted_files/reagan_81-88/THE COLD GIVES A LIFT TO DOWN PRODUCTS.txt,0.9898371137678623,0.9344878161654753,16,34,50
THE DANCE_ TSAI FUNG.txt,/content/drive/MyDrive/extracted_files/reagan_81-88/THE DANCE_ TSAI FUNG.txt,0.9925664250667279,0.990890622138977,13,2,15
THE FIGHT FOR OBJECTIVITY IN NEW CHINESE BRITANNICA.txt,/content/drive/MyDrive/extracted_files/reagan_81-88/THE FIGHT FOR OBJECTIVITY IN NEW CHINESE BRITANNICA.txt,0.9189491271972656,0.9324599156777064,13,12,25
"THE FISH STORY_ IT_S A CHINESE TRADITION, TOO.txt","/content/drive/MyDrive/extracted_files/reagan_81-88/THE FISH STORY_ IT_S A CHINESE TRADITION, TOO.txt",0.911953395918796,0.970102825164795,19,25,44
"THE GOOD WOMAN OF BENXI, A SUCCESS.txt","/content/drive/MyDrive/extracted_files/reagan_81-88/THE GOOD WOMAN OF BENXI, A SUCCESS.txt",0.9622826627322606,0.9643604369724498,35,51,86
THE MEDIA BUSINESS_ ADVERTISING_HDM Takes A Global Approach.txt,/content/drive/MyDrive/extracted_files/reagan_81-88/THE MEDIA BUSINESS_ ADVERTISING_HDM Takes A Global Approach.txt,0.9388008952140808,0.9722505344284905,25,9,34
THE NEW VIETNAM SCHOLARSHIP.txt,/content/drive/MyDrive/extracted_files/reagan_81-88/THE NEW VIETNAM SCHOLARSHIP.txt,0.9329090545383784,0.9571139173494482,208,361,569
THE REGION_Kean Plans Travel For New Business.txt,/content/drive/MyDrive/extracted_files/reagan_81-88/THE REGION_Kean Plans Travel For New Business.txt,0.9887513160705567,,5,0,5
THE REGION_Otis Signs Accord On Chinese Trade.txt,/content/drive/MyDrive/extracted_files/reagan_81-88/THE REGION_Otis Signs Accord On Chinese Trade.txt,0.9270647615194321,,4,0,4
THE RUSSIAN LOOK IS ONLY SKIN DEEP IN MANCHURIA.txt,/content/drive/MyDrive/extracted_files/reagan_81-88/THE RUSSIAN LOOK IS ONLY SKIN DEEP IN MANCHURIA.txt,0.9500313087513572,0.959317602894523,19,33,52
THE SEOUL OLYMPICS_ Diving_Gold and Silver to Chinese Women.txt,/content/drive/MyDrive/extracted_files/reagan_81-88/THE SEOUL OLYMPICS_ Diving_Gold and Silver to Chinese Women.txt,0.9225515756342146,0.9575753957033157,18,8,26
THE SEOUL OLYMPICS_ DIVING_Louganis Wins In Final Round.txt,/content/drive/MyDrive/extracted_files/reagan_81-88/THE SEOUL OLYMPICS_ DIVING_Louganis Wins In Final Round.txt,0.9640692097800119,0.8514455216271537,35,14,49
THE SEOUL OLYMPICS_ Roundup_Finn Misses Chance For 4th Rowing Gold.txt,/content/drive/MyDrive/extracted_files/reagan_81-88/THE SEOUL OLYMPICS_ Roundup_Finn Misses Chance For 4th Rowing Gold.txt,0.9527583909034729,0.9336629882454872,50,16,66
THE SEOUL OLYMPICS_ Roundup_U.S. MEN_S VOLLEYBALL TEAM OVERPOWERS JAPAN.txt,/content/drive/MyDrive/extracted_files/reagan_81-88/THE SEOUL OLYMPICS_ Roundup_U.S. MEN_S VOLLEYBALL TEAM OVERPOWERS JAPAN.txt,0.9746495013435682,0.8985126343640414,48,11,59
THE SEOUL OLYMPICS_CHINA PRODUCING NEW WAVES OF YOUNG DIVERS.txt,/content/drive/MyDrive/extracted_files/reagan_81-88/THE SEOUL OLYMPICS_CHINA PRODUCING NEW WAVES OF YOUNG DIVERS.txt,0.9604987886644178,0.9761968702077866,31,16,47
"THE SEOUL OLYMPICS_The Games, From Archery to Yachting_ Diving.txt","/content/drive/MyDrive/extracted_files/reagan_81-88/THE SEOUL OLYMPICS_The Games, From Archery to Yachting_ Diving.txt",0.9398205615580082,0.9356909719380465,16,11,27
"The Summit_From Chinese, Tempered Praise.txt","/content/drive/MyDrive/extracted_files/reagan_81-88/The Summit_From Chinese, Tempered Praise.txt",0.9934749156236649,0.9720221246991839,8,7,15
THE VARIED CHARMS OF THE KUNMING AREA OF CHINA.txt,/content/drive/MyDrive/extracted_files/reagan_81-88/THE VARIED CHARMS OF THE KUNMING AREA OF CHINA.txt,0.9554193284776475,0.9511966811759132,63,28,91
"The View From_ The National Theater for the Deaf_Bringing Change, One Play at a Time.txt","/content/drive/MyDrive/extracted_files/reagan_81-88/The View From_ The National Theater for the Deaf_Bringing Change, One Play at a Time.txt",0.9740390409814551,0.9647672584182337,47,19,66
THE WORLD_BEIJING IS GLIDING EVER MORE WESTWARD.txt,/content/drive/MyDrive/extracted_files/reagan_81-88/THE WORLD_BEIJING IS GLIDING EVER MORE WESTWARD.txt,0.9626517842213312,0.9661309868097305,12,20,32
The World_China and India Open Talks.txt,/content/drive/MyDrive/extracted_files/reagan_81-88/The World_China and India Open Talks.txt,0.9028768390417099,0.9012187123298645,4,7,11
THE WORLD_China Closes Some Gates.txt,/content/drive/MyDrive/extracted_files/reagan_81-88/THE WORLD_China Closes Some Gates.txt,0.9066548347473145,0.9834771454334259,1,6,7
THE WORLD_China Cuts Armed Forces.txt,/content/drive/MyDrive/extracted_files/reagan_81-88/THE WORLD_China Cuts Armed Forces.txt,0.9415053526560465,0.908285035027398,3,9,12
THE WORLD_Facing The Facts About Cambodia.txt,/content/drive/MyDrive/extracted_files/reagan_81-88/THE WORLD_Facing The Facts About Cambodia.txt,0.9271364176974577,0.9831675072511037,17,30,47
THE WORLD_Students Protest In Beijing Amid Rising Reaction.txt,/content/drive/MyDrive/extracted_files/reagan_81-88/THE WORLD_Students Protest In Beijing Amid Rising Reaction.txt,0.975090503692627,0.982441676987542,1,9,10
"THE WORLD_With Lasting Doubts, India Fosters Hopes of Better Ties to China.txt","/content/drive/MyDrive/extracted_files/reagan_81-88/THE WORLD_With Lasting Doubts, India Fosters Hopes of Better Ties to China.txt",0.942663386464119,0.9124071836471558,20,25,45
THE WORLD_WORDS THE CHINESE WERE WAITING TO HEAR.txt,/content/drive/MyDrive/extracted_files/reagan_81-88/THE WORLD_WORDS THE CHINESE WERE WAITING TO HEAR.txt,0.9578531649377611,0.9715113176239861,9,27,36
THEATER_An Actor Gives New Direction to China_s Stage.txt,/content/drive/MyDrive/extracted_files/reagan_81-88/THEATER_An Actor Gives New Direction to China_s Stage.txt,0.9532938841730356,0.9386476039886474,32,50,82
THEFT PLAGUES CHINESE CULTURAL CENTER IN OREGON.txt,/content/drive/MyDrive/extracted_files/reagan_81-88/THEFT PLAGUES CHINESE CULTURAL CENTER IN OREGON.txt,0.9058815201123556,0.9597895463307698,15,15,30
TIBET COMMUNISTS LINK RIOTS TO DALAI LAMA.txt,/content/drive/MyDrive/extracted_files/reagan_81-88/TIBET COMMUNISTS LINK RIOTS TO DALAI LAMA.txt,0.919820215020861,0.9198464107513428,7,25,32
TIBETAN PROTEST FOR INDEPENDENCE BECOMES VIOLENT.txt,/content/drive/MyDrive/extracted_files/reagan_81-88/TIBETAN PROTEST FOR INDEPENDENCE BECOMES VIOLENT.txt,0.8959150314331055,0.9553813478525948,11,34,45
TIBET_S BUDDHIST MONKS ENDURE TO REBUILD A PART OF THE PAST.txt,/content/drive/MyDrive/extracted_files/reagan_81-88/TIBET_S BUDDHIST MONKS ENDURE TO REBUILD A PART OF THE PAST.txt,0.9248988051568309,0.9489410801066293,31,36,67
TIBET_S _EXILE GENERATION_.txt,/content/drive/MyDrive/extracted_files/reagan_81-88/TIBET_S _EXILE GENERATION_.txt,0.947073109069113,0.9556377842658903,118,82,200
TIES TO INDIA_ NEW STRAINS_News Analysis.txt,/content/drive/MyDrive/extracted_files/reagan_81-88/TIES TO INDIA_ NEW STRAINS_News Analysis.txt,0.9198560416698456,0.9317904648027922,20,19,39
Tiny Trees Pose Big Job for Keepers.txt,/content/drive/MyDrive/extracted_files/reagan_81-88/Tiny Trees Pose Big Job for Keepers.txt,0.9410450601577759,0.9753999163707098,25,12,37
"TO BE LEFT ALONE, CHINA_S BUDDISTS OPEN A DOOR.txt","/content/drive/MyDrive/extracted_files/reagan_81-88/TO BE LEFT ALONE, CHINA_S BUDDISTS OPEN A DOOR.txt",0.8785537481307983,0.9023918318748474,29,25,54
TO SOME CHINESE YOUTHS _PRIVILEGE_ IS NOT ENOUGH.txt,/content/drive/MyDrive/extracted_files/reagan_81-88/TO SOME CHINESE YOUTHS _PRIVILEGE_ IS NOT ENOUGH.txt,0.95815653525866,0.9429189035525689,13,26,39
"TONGS, TRIADS AND A CHINATOWN TRAGEDY.txt","/content/drive/MyDrive/extracted_files/reagan_81-88/TONGS, TRIADS AND A CHINATOWN TRAGEDY.txt",0.9375481382012367,0.9696700096130371,16,25,41
Tourism Up in China.txt,/content/drive/MyDrive/extracted_files/reagan_81-88/Tourism Up in China.txt,0.9664356708526611,0.9969369173049927,3,1,4
TRACKING DOWN ORIENTAL INGREDIENTS.txt,/content/drive/MyDrive/extracted_files/reagan_81-88/TRACKING DOWN ORIENTAL INGREDIENTS.txt,0.9860784749726992,0.9506321668624877,37,10,47
TRANSLATING BASEBALL INTO CHINESE.txt,/content/drive/MyDrive/extracted_files/reagan_81-88/TRANSLATING BASEBALL INTO CHINESE.txt,0.9439077348936171,0.9454574910077181,21,22,43
TRAVELS OF AN EXASPERATING MAN.txt,/content/drive/MyDrive/extracted_files/reagan_81-88/TRAVELS OF AN EXASPERATING MAN.txt,0.9387220740318298,0.9267490009466807,22,12,34
Troop Buildup Raises China-India Border Tension.txt,/content/drive/MyDrive/extracted_files/reagan_81-88/Troop Buildup Raises China-India Border Tension.txt,0.8650737047195435,0.8989970460534096,5,8,13
"TROUBLE IN RIVER CITY, RIGHT HERE IN BEIJING.txt","/content/drive/MyDrive/extracted_files/reagan_81-88/TROUBLE IN RIVER CITY, RIGHT HERE IN BEIJING.txt",0.9611036457232575,0.9408979102184898,67,57,124
"TRUTH, OPIUM AND MUDDY WATERS.txt","/content/drive/MyDrive/extracted_files/reagan_81-88/TRUTH, OPIUM AND MUDDY WATERS.txt",0.9637317086259524,0.9234015536308289,48,25,73
TV (AND WITH IT THE WORLD) COMES TO MOGOLIANS.txt,/content/drive/MyDrive/extracted_files/reagan_81-88/TV (AND WITH IT THE WORLD) COMES TO MOGOLIANS.txt,0.9547079838812351,0.9321879456783163,16,29,45
TV VIEW_Unruly Dragon__ An Excursion In Need of a Guide.txt,/content/drive/MyDrive/extracted_files/reagan_81-88/TV VIEW_Unruly Dragon__ An Excursion In Need of a Guide.txt,0.9605570192690249,0.973594443218128,27,37,64
TV Weekend_PEKING ENCOUNTER_ AND _FLASH GORDON_.txt,/content/drive/MyDrive/extracted_files/reagan_81-88/TV Weekend_PEKING ENCOUNTER_ AND _FLASH GORDON_.txt,0.9643391802393156,0.9534313036845281,29,13,42
TV_ AN NBC WHITE PAPER ON CHINA.txt,/content/drive/MyDrive/extracted_files/reagan_81-88/TV_ AN NBC WHITE PAPER ON CHINA.txt,0.9576764577313474,0.9479457879066467,19,25,44
TV_ _A CHINESE AFFAIR_.txt,/content/drive/MyDrive/extracted_files/reagan_81-88/TV_ _A CHINESE AFFAIR_.txt,0.9518049699919564,0.9419660893353549,7,22,29
U. S. POWER IN ASIA HAS GROWN SINCE VIETNAM.txt,/content/drive/MyDrive/extracted_files/reagan_81-88/U. S. POWER IN ASIA HAS GROWN SINCE VIETNAM.txt,0.9205697652968493,0.9626791634649601,44,53,97
U.N. in China Project.txt,/content/drive/MyDrive/extracted_files/reagan_81-88/U.N. in China Project.txt,0.8612600266933441,0.9741612076759338,2,2,4
U.S. AEROSPACE EXHIBIT HOPEFUL OF CHINA GAINS.txt,/content/drive/MyDrive/extracted_files/reagan_81-88/U.S. AEROSPACE EXHIBIT HOPEFUL OF CHINA GAINS.txt,0.9801976548300849,0.972775810956955,9,10,19
U.S. ALLOWS WIDER NORTH KOREAN TALKS.txt,/content/drive/MyDrive/extracted_files/reagan_81-88/U.S. ALLOWS WIDER NORTH KOREAN TALKS.txt,0.9713882207870483,0.8747556060552597,11,16,27
U.S. AND CHINA DISCUSSING EXPORT OF NUCLEAR TECHNOLOGY.txt,/content/drive/MyDrive/extracted_files/reagan_81-88/U.S. AND CHINA DISCUSSING EXPORT OF NUCLEAR TECHNOLOGY.txt,0.8886722028255463,0.9728251536687215,8,15,23
U.S. AND CHINA UNITED BY ANTIPATHY TO THE SOVIET UNION.txt,/content/drive/MyDrive/extracted_files/reagan_81-88/U.S. AND CHINA UNITED BY ANTIPATHY TO THE SOVIET UNION.txt,0.9061039335587445,0.9780454635620117,17,12,29
"U.S. AND INDONESIA, LONG CLOSE, DRIFT APART ON SEVERAL ISSUES.txt","/content/drive/MyDrive/extracted_files/reagan_81-88/U.S. AND INDONESIA, LONG CLOSE, DRIFT APART ON SEVERAL ISSUES.txt",0.9889579534530639,0.9311999426438258,10,26,36
U.S. Citizen From Texas Slain In China by Thieves on Train.txt,/content/drive/MyDrive/extracted_files/reagan_81-88/U.S. Citizen From Texas Slain In China by Thieves on Train.txt,0.6686882376670837,0.9478255311648051,1,6,7
U.S. CLERICS FIND RELIGION IS REVIVING IN CHINA.txt,/content/drive/MyDrive/extracted_files/reagan_81-88/U.S. CLERICS FIND RELIGION IS REVIVING IN CHINA.txt,0.9537578672170639,0.9376168449719747,12,3,15
U.S. CLERICS OPTIMISTIC ON CHINA.txt,/content/drive/MyDrive/extracted_files/reagan_81-88/U.S. CLERICS OPTIMISTIC ON CHINA.txt,0.9511830698360096,0.9307563304901123,11,4,15
U.S. Embassy in Beijing Lifts Warning of Terrorist Attacks.txt,/content/drive/MyDrive/extracted_files/reagan_81-88/U.S. Embassy in Beijing Lifts Warning of Terrorist Attacks.txt,0.9783499240875244,0.9757261176904043,1,6,7
U.S. Exports to China Rise.txt,/content/drive/MyDrive/extracted_files/reagan_81-88/U.S. Exports to China Rise.txt,0.948691705862681,,3,0,3
U.S. Exports to China.txt,/content/drive/MyDrive/extracted_files/reagan_81-88/U.S. Exports to China.txt,,0.9948855340480804,0,4,4
U.S. GAMBLE ON CHINA TIE_News An alysis.txt,/content/drive/MyDrive/extracted_files/reagan_81-88/U.S. GAMBLE ON CHINA TIE_News An alysis.txt,0.9615740378697714,0.9387028725058945,6,27,33
U.S. Group Asks China To Halt Killing of Dogs.txt,/content/drive/MyDrive/extracted_files/reagan_81-88/U.S. Group Asks China To Halt Killing of Dogs.txt,0.9777051210403442,0.9646057741982597,2,7,9
U.S. IS HOLDING UP PEKING ATOM TALKS.txt,/content/drive/MyDrive/extracted_files/reagan_81-88/U.S. IS HOLDING UP PEKING ATOM TALKS.txt,0.8010430932044983,0.9666942656040192,4,30,34
U.S. IS REASSESSING RESPONSE ON TIBET.txt,/content/drive/MyDrive/extracted_files/reagan_81-88/U.S. IS REASSESSING RESPONSE ON TIBET.txt,0.9808875223000845,0.9853538274765015,12,23,35
U.S. Judge Dismisses China Bondholder Suit.txt,/content/drive/MyDrive/extracted_files/reagan_81-88/U.S. Judge Dismisses China Bondholder Suit.txt,0.9015642404556274,0.939994388156467,3,9,12
U.S. OFFICIAL REPORTING GAINS ON A CHINESE NUCLEAR ACCORD.txt,/content/drive/MyDrive/extracted_files/reagan_81-88/U.S. OFFICIAL REPORTING GAINS ON A CHINESE NUCLEAR ACCORD.txt,0.8992725253105164,0.9740860111573163,5,17,22
U.S. OIL SHIP SANK IN SOUTH CHINA SEA.txt,/content/drive/MyDrive/extracted_files/reagan_81-88/U.S. OIL SHIP SANK IN SOUTH CHINA SEA.txt,0.9880167543888092,0.9508453692708697,2,14,16
U.S. Promotes China Expert.txt,/content/drive/MyDrive/extracted_files/reagan_81-88/U.S. Promotes China Expert.txt,0.9948298931121826,,3,0,3
U.S. SAYS IT STANDS BY CHINA PACT.txt,/content/drive/MyDrive/extracted_files/reagan_81-88/U.S. SAYS IT STANDS BY CHINA PACT.txt,0.9921250740687052,0.9894379079341888,3,4,7
U.S. Says Saudis Are Buying Missiles From China.txt,/content/drive/MyDrive/extracted_files/reagan_81-88/U.S. Says Saudis Are Buying Missiles From China.txt,0.9352510645985603,0.9496821810801824,8,12,20
U.S. SAYS WIFE IN SPY CASE HAD DATA FOR CHINA.txt,/content/drive/MyDrive/extracted_files/reagan_81-88/U.S. SAYS WIFE IN SPY CASE HAD DATA FOR CHINA.txt,0.9352681125913348,0.9573806320748678,7,41,48
U.S. Studied Halting Iran-Bound Missiles.txt,/content/drive/MyDrive/extracted_files/reagan_81-88/U.S. Studied Halting Iran-Bound Missiles.txt,0.864561927318573,0.9687714193548475,5,28,33
U.S. TEAM WINS GYMNASTICS IN MAJOR UPSET OVER CHINESE.txt,/content/drive/MyDrive/extracted_files/reagan_81-88/U.S. TEAM WINS GYMNASTICS IN MAJOR UPSET OVER CHINESE.txt,0.9671010944578383,0.9679535996346247,45,21,66
U.S. TO RAISE TECHNOLOGICAL LEVEL OF PRODUCTS THE CHINESE CAN BUY.txt,/content/drive/MyDrive/extracted_files/reagan_81-88/U.S. TO RAISE TECHNOLOGICAL LEVEL OF PRODUCTS THE CHINESE CAN BUY.txt,0.9753896854817867,0.8819198326060647,16,19,35
U.S. WITHHOLDS U.N. POPULATION FUNDS.txt,/content/drive/MyDrive/extracted_files/reagan_81-88/U.S. WITHHOLDS U.N. POPULATION FUNDS.txt,0.9133863720026884,0.9610650170417059,11,21,32
U.S.-China Talks Disclosed.txt,/content/drive/MyDrive/extracted_files/reagan_81-88/U.S.-China Talks Disclosed.txt,0.9219799637794495,0.9981642365455627,3,1,4
U.S.-CHINA TIES_ LOWER EXPECTATIONS_News Analysis.txt,/content/drive/MyDrive/extracted_files/reagan_81-88/U.S.-CHINA TIES_ LOWER EXPECTATIONS_News Analysis.txt,0.9184560009411403,0.9851061747624323,14,26,40
U.S.-CHINA TRADE DOWN 5.5_.txt,/content/drive/MyDrive/extracted_files/reagan_81-88/U.S.-CHINA TRADE DOWN 5.5_.txt,0.8944804271062216,0.9268614312876826,12,23,35
U.S.-China Trade Up.txt,/content/drive/MyDrive/extracted_files/reagan_81-88/U.S.-China Trade Up.txt,0.792191207408905,0.9751085042953491,1,1,2
U.S.-PEKING RELATIONS CALLED DELICATE.txt,/content/drive/MyDrive/extracted_files/reagan_81-88/U.S.-PEKING RELATIONS CALLED DELICATE.txt,0.9875249862670898,0.9643714149792989,4,15,19
"UNABASHEDLY, THE BUSINESS OF HONG KONG IS MONEY.txt","/content/drive/MyDrive/extracted_files/reagan_81-88/UNABASHEDLY, THE BUSINESS OF HONG KONG IS MONEY.txt",0.9216418191790581,0.9542694573219006,24,26,50
UNDER THE THUMB OF MEN.txt,/content/drive/MyDrive/extracted_files/reagan_81-88/UNDER THE THUMB OF MEN.txt,0.9683304031689962,0.9606501162052155,30,16,46
VIETNAM AND CHINA ENGAGING IN RENEWED VERBAL HOSTILITIES.txt,/content/drive/MyDrive/extracted_files/reagan_81-88/VIETNAM AND CHINA ENGAGING IN RENEWED VERBAL HOSTILITIES.txt,0.9922722180684408,0.9706343007939202,3,28,31
VIETNAM PRESSING ITS CASE ON INVASION OF CAMBODIA.txt,/content/drive/MyDrive/extracted_files/reagan_81-88/VIETNAM PRESSING ITS CASE ON INVASION OF CAMBODIA.txt,0.9323635330566993,0.9571419954299927,13,21,34
VIETNAM SAYS CHINA HAS STEPPED UP ITS ATTACKS.txt,/content/drive/MyDrive/extracted_files/reagan_81-88/VIETNAM SAYS CHINA HAS STEPPED UP ITS ATTACKS.txt,0.9344864636659622,0.9444571733474731,4,21,25
VIETNAM_S APPETITE FRIGHTENS NEIGHBORING LANDS.txt,/content/drive/MyDrive/extracted_files/reagan_81-88/VIETNAM_S APPETITE FRIGHTENS NEIGHBORING LANDS.txt,0.9565310597419738,0.9291384331882,15,16,31
"VIEWS OF SPORTS_IN CHINA, A NEW PASTIME, THOUGH NOT QUITE NATIONAL.txt","/content/drive/MyDrive/extracted_files/reagan_81-88/VIEWS OF SPORTS_IN CHINA, A NEW PASTIME, THOUGH NOT QUITE NATIONAL.txt",0.9288973973857032,0.9629998008410136,36,45,81
Visa Meets in China.txt,/content/drive/MyDrive/extracted_files/reagan_81-88/Visa Meets in China.txt,0.9898327887058258,0.7762659192085266,2,1,3
VISIT TO CHINA_.txt,/content/drive/MyDrive/extracted_files/reagan_81-88/VISIT TO CHINA_.txt,0.9454153627157211,,4,0,4
VISITORS STUDY U.S. MODERN DANCE.txt,/content/drive/MyDrive/extracted_files/reagan_81-88/VISITORS STUDY U.S. MODERN DANCE.txt,0.9712039267315584,0.9763838543611414,34,17,51
VOLLEYBALL_U.S. Women Beat China in Volleyball.txt,/content/drive/MyDrive/extracted_files/reagan_81-88/VOLLEYBALL_U.S. Women Beat China in Volleyball.txt,0.9926238315446037,0.8395578463872274,14,3,17
VOTING IN TAIWAN IS A SIGN OF GAINS.txt,/content/drive/MyDrive/extracted_files/reagan_81-88/VOTING IN TAIWAN IS A SIGN OF GAINS.txt,0.9844231946127755,0.9065949158235029,14,11,25
"Washington WatchClyde H. Farnsworth China, Soviet Trade Cases.txt","/content/drive/MyDrive/extracted_files/reagan_81-88/Washington WatchClyde H. Farnsworth China, Soviet Trade Cases.txt",0.9561613976955414,0.9558296179771424,10,25,35
WASHINGTON WATCH_Doing Business in China.txt,/content/drive/MyDrive/extracted_files/reagan_81-88/WASHINGTON WATCH_Doing Business in China.txt,0.9750008583068848,0.9334958990414938,1,3,4
WEINBERGER ARRIVES IN CHINA AND GETS A MIXED WELCOME.txt,/content/drive/MyDrive/extracted_files/reagan_81-88/WEINBERGER ARRIVES IN CHINA AND GETS A MIXED WELCOME.txt,0.9828716437021892,0.9112030044198036,15,8,23
WEINBERGER HOPEFULE ON ARMS FOR CHINA.txt,/content/drive/MyDrive/extracted_files/reagan_81-88/WEINBERGER HOPEFULE ON ARMS FOR CHINA.txt,0.941803107659022,0.9044514536857605,12,10,22
WEINBERGER_S CHINA VISIT_ PLAYING THE SUPPLICANT.txt,/content/drive/MyDrive/extracted_files/reagan_81-88/WEINBERGER_S CHINA VISIT_ PLAYING THE SUPPLICANT.txt,0.9176345785458883,0.9296597475590913,15,23,38
WHAM IS A ROCK PREMIERE IN CHINA.txt,/content/drive/MyDrive/extracted_files/reagan_81-88/WHAM IS A ROCK PREMIERE IN CHINA.txt,0.9656619855335781,0.9489655055497822,14,19,33
"Wham, British Group, Invited to Play in China.txt","/content/drive/MyDrive/extracted_files/reagan_81-88/Wham, British Group, Invited to Play in China.txt",0.9934478402137756,0.9898994565010071,6,1,7
WHAT_S DOING IN CANTON.txt,/content/drive/MyDrive/extracted_files/reagan_81-88/WHAT_S DOING IN CANTON.txt,0.9492448328269852,0.9182086790480265,72,41,113
WHAT_S DOING IN HONG KONG.txt,/content/drive/MyDrive/extracted_files/reagan_81-88/WHAT_S DOING IN HONG KONG.txt,0.9550231524876186,0.934862146543902,49,43,92
WHAT_S DOING IN SAN FRANCISCO.txt,/content/drive/MyDrive/extracted_files/reagan_81-88/WHAT_S DOING IN SAN FRANCISCO.txt,0.9606479885322707,0.9382165090905296,56,36,92
WHAT_S DOING IN TAIPEI.txt,/content/drive/MyDrive/extracted_files/reagan_81-88/WHAT_S DOING IN TAIPEI.txt,0.963616482282089,0.9596766794429106,59,51,110
WHAT_S DOING IN VANCOUVER.txt,/content/drive/MyDrive/extracted_files/reagan_81-88/WHAT_S DOING IN VANCOUVER.txt,0.9706196704907204,0.944276342789332,67,24,91
What_s the Law in China_ It_s No Secret (Finally).txt,/content/drive/MyDrive/extracted_files/reagan_81-88/What_s the Law in China_ It_s No Secret (Finally).txt,0.9895046725869179,0.9913856573402882,8,16,24
WHERE IRON AND BAMBOO CURTAINS MEET.txt,/content/drive/MyDrive/extracted_files/reagan_81-88/WHERE IRON AND BAMBOO CURTAINS MEET.txt,0.8980155996978283,0.9502342205781203,16,26,42
WHERE THE CHINESE GARDEN BLOOMS.txt,/content/drive/MyDrive/extracted_files/reagan_81-88/WHERE THE CHINESE GARDEN BLOOMS.txt,0.9549606474156075,0.9358013570308685,94,34,128
WHY INVESTORS ARE SOUR ON CHINA.txt,/content/drive/MyDrive/extracted_files/reagan_81-88/WHY INVESTORS ARE SOUR ON CHINA.txt,0.9318526566028595,0.9496056101014537,20,62,82
"WIDOW MAKES DOLLS WITH A VENGEANCE, THEY SAY.txt","/content/drive/MyDrive/extracted_files/reagan_81-88/WIDOW MAKES DOLLS WITH A VENGEANCE, THEY SAY.txt",0.949030876159668,0.9593574340279037,13,37,50
WNET DRAMA LOOKS AT ANGEL ISLAND.txt,/content/drive/MyDrive/extracted_files/reagan_81-88/WNET DRAMA LOOKS AT ANGEL ISLAND.txt,0.9854713210037777,0.9736413806676865,28,20,48
WOMAN IN THE NEWS_NOW LEADER_ BORN FEMINIST - MOLLY YARD.txt,/content/drive/MyDrive/extracted_files/reagan_81-88/WOMAN IN THE NEWS_NOW LEADER_ BORN FEMINIST - MOLLY YARD.txt,0.9679607514179114,0.9393149852752686,33,20,53
WORKER FOR POOR WILL BE HONORED.txt,/content/drive/MyDrive/extracted_files/reagan_81-88/WORKER FOR POOR WILL BE HONORED.txt,0.950252575309653,0.9314372718334198,38,10,48
WORLD BANK AIDE SEES CHINA AS BIG BORROWER.txt,/content/drive/MyDrive/extracted_files/reagan_81-88/WORLD BANK AIDE SEES CHINA AS BIG BORROWER.txt,0.9138212154308955,0.9790921575493283,12,18,30
Years of Isolation Produced Intensely Poor Nation.txt,/content/drive/MyDrive/extracted_files/reagan_81-88/Years of Isolation Produced Intensely Poor Nation.txt,0.9726429121060804,0.9775396240384955,22,19,41
Yugoslavia Takes Table Tennis Title.txt,/content/drive/MyDrive/extracted_files/reagan_81-88/Yugoslavia Takes Table Tennis Title.txt,0.9658570970807757,,7,0,7
ZHAO ADDRESSES CANADA ASSEMBLY.txt,/content/drive/MyDrive/extracted_files/reagan_81-88/ZHAO ADDRESSES CANADA ASSEMBLY.txt,0.9552072763442994,0.94513272245725,10,6,16
ZHAO BOTH FLEXIBLE AND FIRM ON TAIWAN ISSUE.txt,/content/drive/MyDrive/extracted_files/reagan_81-88/ZHAO BOTH FLEXIBLE AND FIRM ON TAIWAN ISSUE.txt,0.9569275839762255,0.9323405424753824,22,6,28
ZHAO MEETS ROBOT AND SIDESTEPS BOA.txt,/content/drive/MyDrive/extracted_files/reagan_81-88/ZHAO MEETS ROBOT AND SIDESTEPS BOA.txt,0.9637361127754738,0.9703029915690422,29,16,45
ZHAO_S WIT PROVES TO BE A MATCH FOR MAYOR.txt,/content/drive/MyDrive/extracted_files/reagan_81-88/ZHAO_S WIT PROVES TO BE A MATCH FOR MAYOR.txt,0.9762605726718903,0.9868873258431753,36,12,48
_84 OLYMPIC EFFORT A GREAT LEAP FORWARD FOR CHINA.txt,/content/drive/MyDrive/extracted_files/reagan_81-88/_84 OLYMPIC EFFORT A GREAT LEAP FORWARD FOR CHINA.txt,0.9603251799156791,0.9453034928866795,38,35,73
"_CINEMA IN CHINA,_ A 50-YEAR SURVEY ON CHANNEL 13.txt","/content/drive/MyDrive/extracted_files/reagan_81-88/_CINEMA IN CHINA,_ A 50-YEAR SURVEY ON CHANNEL 13.txt",0.9654531980815687,0.9651855606781808,19,19,38
_Ethics Month_ in China.txt,/content/drive/MyDrive/extracted_files/reagan_81-88/_Ethics Month_ in China.txt,0.9691517353057861,0.792266845703125,1,2,3
_PROLETARIAN RECTITUDE_ RUNS AMOK UNDER CHINA_S NEW ECONOMIC POLICY.txt,/content/drive/MyDrive/extracted_files/reagan_81-88/_PROLETARIAN RECTITUDE_ RUNS AMOK UNDER CHINA_S NEW ECONOMIC POLICY.txt,0.9030269011855125,0.9818111268373636,8,26,34
_Spiritual_ Tibetan Finds A Life in _Material_ U.S.txt,/content/drive/MyDrive/extracted_files/reagan_81-88/_Spiritual_ Tibetan Finds A Life in _Material_ U.S.txt,0.9741096884012223,0.8916594657030973,20,11,31
_STUNNED_ POLICY ANALYSTS DIFFER ON EFFECT OF DEPARTURE.txt,/content/drive/MyDrive/extracted_files/reagan_81-88/_STUNNED_ POLICY ANALYSTS DIFFER ON EFFECT OF DEPARTURE.txt,0.9789020078522819,0.946606308221817,14,12,26
_WHITE RAJAHS_ LINGER IN A MALAYSIAN TOWN.txt,/content/drive/MyDrive/extracted_files/reagan_81-88/_WHITE RAJAHS_ LINGER IN A MALAYSIAN TOWN.txt,0.9840837717056274,0.8856499940156937,17,12,29
_YOU START THE DAY FEELING GOOD_.txt,/content/drive/MyDrive/extracted_files/reagan_81-88/_YOU START THE DAY FEELING GOOD_.txt,0.9560371180375417,0.9784739129245281,30,16,46
