file,file_path,avg_positive,avg_negative,positive_count,negative_count,num_sentences
"$1,000 Phone From Huawei Stalks Apple.txt","/content/drive/MyDrive/extracted_files/trump_17-20/$1,000 Phone From Huawei Stalks Apple.txt",0.9628822639070708,0.9753167187013934,29,31,60
13-Year-Olds Arrested Amid Hong Kong Chaos.txt,/content/drive/MyDrive/extracted_files/trump_17-20/13-Year-Olds Arrested Amid Hong Kong Chaos.txt,0.8896713405847549,0.9597554256518682,4,24,28
2 Chinese Nationals Are Accused of Hacking U.S. Systems.txt,/content/drive/MyDrive/extracted_files/trump_17-20/2 Chinese Nationals Are Accused of Hacking U.S. Systems.txt,0.8418883727147028,0.9680345180707101,13,39,52
2 Giant Pandas Arrive to Warm Welcome in Berlin.txt,/content/drive/MyDrive/extracted_files/trump_17-20/2 Giant Pandas Arrive to Warm Welcome in Berlin.txt,0.9818244496981303,0.9334553301334381,15,10,25
2 Possible Paths Emerge in China Trade War.txt,/content/drive/MyDrive/extracted_files/trump_17-20/2 Possible Paths Emerge in China Trade War.txt,0.9112523744503657,0.9323128223419189,24,40,64
3 Major U.S. Airlines Suspend China Flights Over Coronavirus.txt,/content/drive/MyDrive/extracted_files/trump_17-20/3 Major U.S. Airlines Suspend China Flights Over Coronavirus.txt,0.9616853793462118,0.9608900793667497,3,29,32
"346,000 People_s Data, Displayed on a Wall.txt","/content/drive/MyDrive/extracted_files/trump_17-20/346,000 People_s Data, Displayed on a Wall.txt",0.9526869237422944,0.9743375451334061,10,31,41
4 Takeaways from Xi Jinping_s Speech Defending Communist Party Control.txt,/content/drive/MyDrive/extracted_files/trump_17-20/4 Takeaways from Xi Jinping_s Speech Defending Communist Party Control.txt,0.9769703835248947,0.8546059727668762,20,7,27
A Bad Taste.txt,/content/drive/MyDrive/extracted_files/trump_17-20/A Bad Taste.txt,0.9751051406065623,0.955778363979224,30,33,63
A Bar Street Falls Quiet as Beijing Puts a Limit on Foreigners.txt,/content/drive/MyDrive/extracted_files/trump_17-20/A Bar Street Falls Quiet as Beijing Puts a Limit on Foreigners.txt,0.9719403982162476,0.9686259681528265,6,33,39
"A Beer Festival in China Has German Roots, but No Lederhosen.txt","/content/drive/MyDrive/extracted_files/trump_17-20/A Beer Festival in China Has German Roots, but No Lederhosen.txt",0.9531283208302089,0.9599722524483999,21,12,33
A Big New Airport Shows China_s Strengths (and Weaknesses).txt,/content/drive/MyDrive/extracted_files/trump_17-20/A Big New Airport Shows China_s Strengths (and Weaknesses).txt,0.9397284324680056,0.931736555966464,28,33,61
"A Breezy Resort, and a Thorny Agenda, for Trump_s Meeting With Xi Jinping of China.txt","/content/drive/MyDrive/extracted_files/trump_17-20/A Breezy Resort, and a Thorny Agenda, for Trump_s Meeting With Xi Jinping of China.txt",0.9558740932008495,0.9264225789478847,23,28,51
A China-U.S. Trade Truce Could Enshrine a Global Economic Shift_news analysis.txt,/content/drive/MyDrive/extracted_files/trump_17-20/A China-U.S. Trade Truce Could Enshrine a Global Economic Shift_news analysis.txt,0.9146311960437081,0.9428464478916592,22,45,67
"A Chinese Revolutionary, Reinventing Himself in American Exile_Books of The Times.txt","/content/drive/MyDrive/extracted_files/trump_17-20/A Chinese Revolutionary, Reinventing Himself in American Exile_Books of The Times.txt",0.9517259725502559,0.9368644101279122,28,28,56
A Choppy Week for Markets Ends in Mixed Results.txt,/content/drive/MyDrive/extracted_files/trump_17-20/A Choppy Week for Markets Ends in Mixed Results.txt,0.8903857072194418,0.9537639714576103,12,37,49
A City of Possibilities Where the Best Choice May Be to Leave.txt,/content/drive/MyDrive/extracted_files/trump_17-20/A City of Possibilities Where the Best Choice May Be to Leave.txt,0.9344204199314118,0.9502102971076966,50,60,110
A Computer Chip Shortage Is Linked to 2 Tech Booms_ A.I. and Digital Currencies.txt,/content/drive/MyDrive/extracted_files/trump_17-20/A Computer Chip Shortage Is Linked to 2 Tech Booms_ A.I. and Digital Currencies.txt,0.9416492229158228,0.942653453627298,22,43,65
A Defiant Trump Mutes North Korea Sanctions.txt,/content/drive/MyDrive/extracted_files/trump_17-20/A Defiant Trump Mutes North Korea Sanctions.txt,0.9759303544248853,0.9519236087799072,14,46,60
A Disney Rival in Retreat.txt,/content/drive/MyDrive/extracted_files/trump_17-20/A Disney Rival in Retreat.txt,0.8900476006361154,0.9610649247964224,13,36,49
A Father-Son Split Encapsulates Hong Kong_s Divides.txt,/content/drive/MyDrive/extracted_files/trump_17-20/A Father-Son Split Encapsulates Hong Kong_s Divides.txt,0.9640039883407892,0.9672969349643641,51,57,108
"A Feast, Inspired by Lulu Wang_s _The Farewell_.txt","/content/drive/MyDrive/extracted_files/trump_17-20/A Feast, Inspired by Lulu Wang_s _The Farewell_.txt",0.9677022109771597,0.9427298439873589,58,27,85
A Fictional Heroine_s Fitful Upbringing Is Set Against the Sino-Japanese War_Fiction.txt,/content/drive/MyDrive/extracted_files/trump_17-20/A Fictional Heroine_s Fitful Upbringing Is Set Against the Sino-Japanese War_Fiction.txt,0.9814877046479119,0.9491509220429829,18,28,46
"A Generation Grows Up in China Without Google, Facebook or Twitter_The New New World.txt","/content/drive/MyDrive/extracted_files/trump_17-20/A Generation Grows Up in China Without Google, Facebook or Twitter_The New New World.txt",0.9023582061131795,0.9582772818771569,30,37,67
A Generation of Architects Making Its Mark at Dizzying Speed.txt,/content/drive/MyDrive/extracted_files/trump_17-20/A Generation of Architects Making Its Mark at Dizzying Speed.txt,0.9913460450867811,0.8695028041090284,48,14,62
A Ghostly Spill Menaces Asia_s Richest Fisheries.txt,/content/drive/MyDrive/extracted_files/trump_17-20/A Ghostly Spill Menaces Asia_s Richest Fisheries.txt,0.8861241449009288,0.9634211431850087,11,55,66
A Global Divide Over a Missile Attack.txt,/content/drive/MyDrive/extracted_files/trump_17-20/A Global Divide Over a Missile Attack.txt,0.9523494328771319,0.9203814268112183,14,13,27
A High-Proof Tribute to Tiananmen_s Victims Finds a Way Back to China.txt,/content/drive/MyDrive/extracted_files/trump_17-20/A High-Proof Tribute to Tiananmen_s Victims Finds a Way Back to China.txt,0.962670644124349,0.9345171985955074,15,29,44
A Hockey Globetrotter Finds Her Showcase at Home.txt,/content/drive/MyDrive/extracted_files/trump_17-20/A Hockey Globetrotter Finds Her Showcase at Home.txt,0.9730741803239031,0.9369910909579351,41,26,67
A Homage to Chinese Communism Is Destroyed in Taiwan.txt,/content/drive/MyDrive/extracted_files/trump_17-20/A Homage to Chinese Communism Is Destroyed in Taiwan.txt,0.9471199446254306,0.9503109663724899,9,20,29
A Jungle Airstrip Stirs Suspicions About China_s Plans for Cambodia.txt,/content/drive/MyDrive/extracted_files/trump_17-20/A Jungle Airstrip Stirs Suspicions About China_s Plans for Cambodia.txt,0.9068772324493953,0.9733852572166003,28,52,80
A Leading Investigative Reporter in China Has Had Enough.txt,/content/drive/MyDrive/extracted_files/trump_17-20/A Leading Investigative Reporter in China Has Had Enough.txt,0.8820115884145101,0.9519267732446844,15,55,70
"A Modern History of China, in Photographs_Nonfiction.txt","/content/drive/MyDrive/extracted_files/trump_17-20/A Modern History of China, in Photographs_Nonfiction.txt",0.9503181791305542,0.9223509505391121,25,8,33
A Naval Collision Worries America_s Allies in Asia.txt,/content/drive/MyDrive/extracted_files/trump_17-20/A Naval Collision Worries America_s Allies in Asia.txt,0.9651912848154703,0.9745930297034128,18,35,53
A New Book Argues That Generic Drugs Are Poisoning Us_Nonfiction.txt,/content/drive/MyDrive/extracted_files/trump_17-20/A New Book Argues That Generic Drugs Are Poisoning Us_Nonfiction.txt,0.8940148795092547,0.9837963297963143,27,40,67
A New Culprit Is Identified in China_s Choking Smog.txt,/content/drive/MyDrive/extracted_files/trump_17-20/A New Culprit Is Identified in China_s Choking Smog.txt,0.8711227377255758,0.9842909395694732,6,10,16
A New Red Scare Is Reshaping Washington.txt,/content/drive/MyDrive/extracted_files/trump_17-20/A New Red Scare Is Reshaping Washington.txt,0.9221674984899061,0.9401335459129483,29,51,80
A Place Where Chefs Want to Eat.txt,/content/drive/MyDrive/extracted_files/trump_17-20/A Place Where Chefs Want to Eat.txt,0.9682218735500917,0.9176544574804084,59,43,102
A Poetic Journey Through Western China.txt,/content/drive/MyDrive/extracted_files/trump_17-20/A Poetic Journey Through Western China.txt,0.9480921512341681,0.9295351089433183,131,129,260
A Problem Child of Telecom.txt,/content/drive/MyDrive/extracted_files/trump_17-20/A Problem Child of Telecom.txt,0.9437318183481693,0.9811704016250112,16,46,62
A Provocateur Who Put the Words _China Virus_ in Trump_s Mouth.txt,/content/drive/MyDrive/extracted_files/trump_17-20/A Provocateur Who Put the Words _China Virus_ in Trump_s Mouth.txt,0.9612636905090481,0.9424892969620533,51,39,90
A Refurbished Condo on Victoria Peak.txt,/content/drive/MyDrive/extracted_files/trump_17-20/A Refurbished Condo on Victoria Peak.txt,0.9686113595962524,0.8360436714213827,23,23,46
A Showdown Snags HSBC In the Middle.txt,/content/drive/MyDrive/extracted_files/trump_17-20/A Showdown Snags HSBC In the Middle.txt,0.9211944124915383,0.9807483483763302,11,34,45
A Surge of Covidivorces Now. Coronababies Later_.txt,/content/drive/MyDrive/extracted_files/trump_17-20/A Surge of Covidivorces Now. Coronababies Later_.txt,0.9361261039069204,0.972636879615064,33,53,86
A Tenuous Toehold for Solar.txt,/content/drive/MyDrive/extracted_files/trump_17-20/A Tenuous Toehold for Solar.txt,0.9732623975723982,0.9447027802467346,32,35,67
A Tibetan Collection Fights a Battle That Small Museums Often Face.txt,/content/drive/MyDrive/extracted_files/trump_17-20/A Tibetan Collection Fights a Battle That Small Museums Often Face.txt,0.943490649263064,0.954290387176332,24,21,45
A Tillerson Slip Offers a Peek Into Secret Planning on North Korea.txt,/content/drive/MyDrive/extracted_files/trump_17-20/A Tillerson Slip Offers a Peek Into Secret Planning on North Korea.txt,0.9800911925055764,0.9613047109709846,11,36,47
A Trump-Kim Deal Could Send China_s Trade With North Korea Soaring.txt,/content/drive/MyDrive/extracted_files/trump_17-20/A Trump-Kim Deal Could Send China_s Trade With North Korea Soaring.txt,0.9312481078608282,0.9642119044842927,29,23,52
"A View of Tibet, Subtle, Censored and Unvarnished.txt","/content/drive/MyDrive/extracted_files/trump_17-20/A View of Tibet, Subtle, Censored and Unvarnished.txt",0.9865404268105825,0.966371431350708,36,25,61
A Waterfront Estate With a Dramatic Feel.txt,/content/drive/MyDrive/extracted_files/trump_17-20/A Waterfront Estate With a Dramatic Feel.txt,0.9362906190482053,0.9198891005732797,22,22,44
A Working-Class Remedy That Hasn_t Worked Out.txt,/content/drive/MyDrive/extracted_files/trump_17-20/A Working-Class Remedy That Hasn_t Worked Out.txt,0.9511814023319044,0.9563019959365621,19,34,53
A World of Possibilities for a Trump-Kim Summit Meeting.txt,/content/drive/MyDrive/extracted_files/trump_17-20/A World of Possibilities for a Trump-Kim Summit Meeting.txt,0.9395016506314278,0.9136441562856946,24,14,38
Activist Who Documented Protests Around China Gets 4-Year Term for _Picking Quarrels_.txt,/content/drive/MyDrive/extracted_files/trump_17-20/Activist Who Documented Protests Around China Gets 4-Year Term for _Picking Quarrels_.txt,0.9487721068518502,0.933932363986969,7,14,21
Activists in Belarus Quietly Object as China Pours Money Into the Country.txt,/content/drive/MyDrive/extracted_files/trump_17-20/Activists in Belarus Quietly Object as China Pours Money Into the Country.txt,0.9200309157371521,0.9418945405632257,20,32,52
Acupuncture May Ease Indigestion.txt,/content/drive/MyDrive/extracted_files/trump_17-20/Acupuncture May Ease Indigestion.txt,0.7984062830607096,0.9817374348640442,3,8,11
Administration Tackles Hurdles Of a Kim Meeting.txt,/content/drive/MyDrive/extracted_files/trump_17-20/Administration Tackles Hurdles Of a Kim Meeting.txt,0.9307369694990271,0.9584803836686271,17,35,52
"After Brief TikTok Run, Ex-Disney Executive Lines Up Investment Firm Gig.txt","/content/drive/MyDrive/extracted_files/trump_17-20/After Brief TikTok Run, Ex-Disney Executive Lines Up Investment Firm Gig.txt",0.959569376707077,0.9480470299720765,20,15,35
"After Dalai Lama_s Visit, Mongolia Breaks Ties.txt","/content/drive/MyDrive/extracted_files/trump_17-20/After Dalai Lama_s Visit, Mongolia Breaks Ties.txt",0.9613823127746582,0.9566393769704379,25,13,38
"After Failure With Kim, Another Test Looms in Xi.txt","/content/drive/MyDrive/extracted_files/trump_17-20/After Failure With Kim, Another Test Looms in Xi.txt",0.9840893030166626,0.933100085833977,25,29,54
"After Months Of Detention, Activist Faces Spying Count.txt","/content/drive/MyDrive/extracted_files/trump_17-20/After Months Of Detention, Activist Faces Spying Count.txt",0.9612671931584676,0.9474483400583267,9,20,29
"After Promising _Fire and Fury,_ A Push to Assuage Fears in Asia.txt","/content/drive/MyDrive/extracted_files/trump_17-20/After Promising _Fire and Fury,_ A Push to Assuage Fears in Asia.txt",0.9443664034207662,0.9491010294074104,15,42,57
"After Truce With U.S., China Cuts Tariffs on Many Global Imports.txt","/content/drive/MyDrive/extracted_files/trump_17-20/After Truce With U.S., China Cuts Tariffs on Many Global Imports.txt",0.9511916240056356,0.9571720957756042,3,10,13
"After Xi Leaves U.S., Chinese Media Assail Strike on Syria.txt","/content/drive/MyDrive/extracted_files/trump_17-20/After Xi Leaves U.S., Chinese Media Assail Strike on Syria.txt",0.9763821303844452,0.950999265716922,10,31,41
"Ahead of Asia Trip, Business Lobby Gives Pompeo an Earful on Trade War.txt","/content/drive/MyDrive/extracted_files/trump_17-20/Ahead of Asia Trip, Business Lobby Gives Pompeo an Earful on Trade War.txt",0.987703263759613,0.9628118319170815,15,14,29
Ai Weiwei Display Protested in Manhattan.txt,/content/drive/MyDrive/extracted_files/trump_17-20/Ai Weiwei Display Protested in Manhattan.txt,0.9446650445461273,0.9007609933614731,10,8,18
Ai Weiwei Plans Three Los Angeles Exhibitions.txt,/content/drive/MyDrive/extracted_files/trump_17-20/Ai Weiwei Plans Three Los Angeles Exhibitions.txt,0.9894789887799157,0.9597584307193756,18,4,22
"Ailing Dissident_s Case Fits a Pattern in Chinese Prisons, Critics Say.txt","/content/drive/MyDrive/extracted_files/trump_17-20/Ailing Dissident_s Case Fits a Pattern in Chinese Prisons, Critics Say.txt",0.9926139542034694,0.9757502818107605,7,50,57
"Alibaba_s Online Growth Surges, Even as It Looks Offline.txt","/content/drive/MyDrive/extracted_files/trump_17-20/Alibaba_s Online Growth Surges, Even as It Looks Offline.txt",0.9740607085682097,0.9091356918215752,21,24,45
"Alibaba_s Payment Unit, With Its _Super-App,_ Files to Go Public.txt","/content/drive/MyDrive/extracted_files/trump_17-20/Alibaba_s Payment Unit, With Its _Super-App,_ Files to Go Public.txt",0.9507445061908049,0.9399521594697778,17,22,39
Alibaba_s Strong Results Suggest Chinese Consumers Are Still Spending.txt,/content/drive/MyDrive/extracted_files/trump_17-20/Alibaba_s Strong Results Suggest Chinese Consumers Are Still Spending.txt,0.9387324949105581,0.9222850980965988,24,23,47
"All About Ant Group, the Next Big Tech I.P.O.txt","/content/drive/MyDrive/extracted_files/trump_17-20/All About Ant Group, the Next Big Tech I.P.O.txt",0.9652340312798818,0.9460588321089745,24,32,56
"All About ZTE, the Chinese Sanctions Breaker That Trump Wants to Help.txt","/content/drive/MyDrive/extracted_files/trump_17-20/All About ZTE, the Chinese Sanctions Breaker That Trump Wants to Help.txt",0.9582904378573099,0.9568140208721161,6,34,40
Alphabet Widens Scope Of Comeback In China.txt,/content/drive/MyDrive/extracted_files/trump_17-20/Alphabet Widens Scope Of Comeback In China.txt,0.9351720071974254,0.9837992130181729,21,39,60
Amazon Backs Away From China As Years of Sales Prove Lackluster.txt,/content/drive/MyDrive/extracted_files/trump_17-20/Amazon Backs Away From China As Years of Sales Prove Lackluster.txt,0.9617614398399988,0.9804148607783847,12,18,30
America and Europe Are Split on China. They Must Come Together.txt,/content/drive/MyDrive/extracted_files/trump_17-20/America and Europe Are Split on China. They Must Come Together.txt,0.9455887738027071,0.953427961894444,19,35,54
American Basketball vs. Chinese Hardball_ Guess Who Won.txt,/content/drive/MyDrive/extracted_files/trump_17-20/American Basketball vs. Chinese Hardball_ Guess Who Won.txt,0.9272497814634572,0.9826936379807895,23,61,84
American Companies Tiptoe Toward China_s Big Shopping Day.txt,/content/drive/MyDrive/extracted_files/trump_17-20/American Companies Tiptoe Toward China_s Big Shopping Day.txt,0.9106675561736611,0.9547014053051288,17,26,43
Americans Need Generic Drugs. But Can They Trust Them_.txt,/content/drive/MyDrive/extracted_files/trump_17-20/Americans Need Generic Drugs. But Can They Trust Them_.txt,0.8851566184650768,0.9648465592236746,55,84,139
Americans Scorned for Backing Mao Are Hailed in China.txt,/content/drive/MyDrive/extracted_files/trump_17-20/Americans Scorned for Backing Mao Are Hailed in China.txt,0.9534198850393295,0.9486998869822576,20,39,59
"Amid Fears of Trade War, Trump Predicts China Will Relent.txt","/content/drive/MyDrive/extracted_files/trump_17-20/Amid Fears of Trade War, Trump Predicts China Will Relent.txt",0.9410056173801422,0.9192744212992051,8,17,25
"Amid Optimism, China_s Currency Rises.txt","/content/drive/MyDrive/extracted_files/trump_17-20/Amid Optimism, China_s Currency Rises.txt",0.9485650933705844,0.9595704604597652,26,34,60
"Amid Trouble With the West, Saudi Arabia Looks East.txt","/content/drive/MyDrive/extracted_files/trump_17-20/Amid Trouble With the West, Saudi Arabia Looks East.txt",0.9513776200158256,0.9360845299328074,35,17,52
An Economy That Became No. 2 by Defying No. 1.txt,/content/drive/MyDrive/extracted_files/trump_17-20/An Economy That Became No. 2 by Defying No. 1.txt,0.9600353837013245,0.9643939595956069,95,117,212
An Urgent Push For Safeguards In Gene Editing.txt,/content/drive/MyDrive/extracted_files/trump_17-20/An Urgent Push For Safeguards In Gene Editing.txt,0.9287062647730805,0.9483832837878794,43,69,112
Ancient Mourners Turned On and Tuned In.txt,/content/drive/MyDrive/extracted_files/trump_17-20/Ancient Mourners Turned On and Tuned In.txt,0.9223925225874957,0.938780503888284,17,31,48
Anger Erupts in China After Teen Says Guardian Repeatedly Raped Her.txt,/content/drive/MyDrive/extracted_files/trump_17-20/Anger Erupts in China After Teen Says Guardian Repeatedly Raped Her.txt,0.9548014402389526,0.9519627778618424,16,27,43
"Angry at E.U., Greece Warms to China_s Cash.txt","/content/drive/MyDrive/extracted_files/trump_17-20/Angry at E.U., Greece Warms to China_s Cash.txt",0.9462313159652378,0.9409176150093908,46,46,92
Angry at South Korea_ No More Kimchi Here.txt,/content/drive/MyDrive/extracted_files/trump_17-20/Angry at South Korea_ No More Kimchi Here.txt,0.9465291897455851,0.9715338718891143,15,50,65
Another _Unfounded_ Study on Origins of Virus Spreads Online.txt,/content/drive/MyDrive/extracted_files/trump_17-20/Another _Unfounded_ Study on Origins of Virus Spreads Online.txt,0.8260341712406704,0.9762947393788232,7,36,43
Anti-Asian Harassment Is Surging. Can Ads and Hashtags Help_.txt,/content/drive/MyDrive/extracted_files/trump_17-20/Anti-Asian Harassment Is Surging. Can Ads and Hashtags Help_.txt,0.9127325686541471,0.9226971656084061,11,20,31
Anti-Chinese Posters at Melbourne Universities Are Tied to White Supremacists_The Breakdown.txt,/content/drive/MyDrive/extracted_files/trump_17-20/Anti-Chinese Posters at Melbourne Universities Are Tied to White Supremacists_The Breakdown.txt,0.9123196601867676,0.9620381069183349,4,25,29
"Apple Adds to Qualcomm_s Troubles, Filing Lawsuit Over Rebates.txt","/content/drive/MyDrive/extracted_files/trump_17-20/Apple Adds to Qualcomm_s Troubles, Filing Lawsuit Over Rebates.txt",0.9508549010052401,0.9570774869485335,17,44,61
"Apple Customer Data in China Was Sold for $7.3 Million, Police Say.txt","/content/drive/MyDrive/extracted_files/trump_17-20/Apple Customer Data in China Was Sold for $7.3 Million, Police Say.txt",0.9922332406044007,0.9618828232799258,5,28,33
Apple Drops Apps in China That Help Internet Users There Elude Censors.txt,/content/drive/MyDrive/extracted_files/trump_17-20/Apple Drops Apps in China That Help Internet Users There Elude Censors.txt,0.9920924703280131,0.9877113605800428,6,19,25
Apple Names New Director In China as Sales Decline.txt,/content/drive/MyDrive/extracted_files/trump_17-20/Apple Names New Director In China as Sales Decline.txt,0.9360815167427063,0.9449489977624681,5,9,14
Apps to Check the Air and Foil Big Brother.txt,/content/drive/MyDrive/extracted_files/trump_17-20/Apps to Check the Air and Foil Big Brother.txt,0.9562929049134254,0.9819381322179522,24,28,52
Artist Flees Beijing After Filming Devastation of Mass Evictions.txt,/content/drive/MyDrive/extracted_files/trump_17-20/Artist Flees Beijing After Filming Devastation of Mass Evictions.txt,0.9325611770153046,0.9546257154694919,10,29,39
"As Beijing Flexes Muscles, Waves of Risk Churn South China Sea.txt","/content/drive/MyDrive/extracted_files/trump_17-20/As Beijing Flexes Muscles, Waves of Risk Churn South China Sea.txt",0.9340292742619147,0.9398498957355818,26,72,98
"As Beijing Tightens Its Grip, Cash in Hong Kong Keeps Flowing.txt","/content/drive/MyDrive/extracted_files/trump_17-20/As Beijing Tightens Its Grip, Cash in Hong Kong Keeps Flowing.txt",0.9377492523193359,0.9752967442784991,25,35,60
"As China Talks Begin, Trump_s Trade Negotiator Tries to Keep President From Wavering.txt","/content/drive/MyDrive/extracted_files/trump_17-20/As China Talks Begin, Trump_s Trade Negotiator Tries to Keep President From Wavering.txt",0.9415512681007385,0.9322033524513245,26,36,62
"As China Trade Talks Stall, Xi Faces a Decision_ Fold_ Or Double Down_.txt","/content/drive/MyDrive/extracted_files/trump_17-20/As China Trade Talks Stall, Xi Faces a Decision_ Fold_ Or Double Down_.txt",0.9326025749507704,0.9521348595619201,19,55,74
"As Coronavirus Explodes in China, Countries Struggle to Control Its Spread.txt","/content/drive/MyDrive/extracted_files/trump_17-20/As Coronavirus Explodes in China, Countries Struggle to Control Its Spread.txt",0.8192975680033366,0.9620672063185618,15,52,67
"As Crisis Spirals, U.S. Will Evacuate Americans From Quarantined Ship.txt","/content/drive/MyDrive/extracted_files/trump_17-20/As Crisis Spirals, U.S. Will Evacuate Americans From Quarantined Ship.txt",0.9289501366161165,0.9527035481051395,21,38,59
"As Europe Backs Away From U.S. Positions, China Quietly Steps Into Breach.txt","/content/drive/MyDrive/extracted_files/trump_17-20/As Europe Backs Away From U.S. Positions, China Quietly Steps Into Breach.txt",0.9769885014085209,0.8833470910787582,17,20,37
"As Fears of Infection Spread, Paradise Comes With Prejudice.txt","/content/drive/MyDrive/extracted_files/trump_17-20/As Fears of Infection Spread, Paradise Comes With Prejudice.txt",0.9241811803409031,0.9706788118928671,7,32,39
"As Hong Kong Firms Fall in Line Over Protests, Some Workers Push Back.txt","/content/drive/MyDrive/extracted_files/trump_17-20/As Hong Kong Firms Fall in Line Over Protests, Some Workers Push Back.txt",0.9180943899684482,0.9846997000277042,18,32,50
"As Huawei Loses Google, the U.S.-China Tech Cold War Gets Its Iron Curtain_The New New World.txt","/content/drive/MyDrive/extracted_files/trump_17-20/As Huawei Loses Google, the U.S.-China Tech Cold War Gets Its Iron Curtain_The New New World.txt",0.9623880808552107,0.9619972359302432,24,43,67
"As Police Announce More Arrests, Protesters Take Stock of Tactics.txt","/content/drive/MyDrive/extracted_files/trump_17-20/As Police Announce More Arrests, Protesters Take Stock of Tactics.txt",0.8010447091526456,0.963411089145776,9,33,42
"As Qualcomm Deal Is Scrapped, China Denies Trade Link.txt","/content/drive/MyDrive/extracted_files/trump_17-20/As Qualcomm Deal Is Scrapped, China Denies Trade Link.txt",0.7589068174362182,0.9571814889257605,5,22,27
"As the Global Economy Cools, Millions Are Still Short of a Full Recovery.txt","/content/drive/MyDrive/extracted_files/trump_17-20/As the Global Economy Cools, Millions Are Still Short of a Full Recovery.txt",0.9454506403870053,0.9742328914729032,18,55,73
"As U.N. Gathers, Taiwan, Frozen Out, Struggles to Get Noticed.txt","/content/drive/MyDrive/extracted_files/trump_17-20/As U.N. Gathers, Taiwan, Frozen Out, Struggles to Get Noticed.txt",0.9457020908594131,0.9308779372109307,24,18,42
"As U.S. Diplomats Fell Sick, Washington Minimized the Danger.txt","/content/drive/MyDrive/extracted_files/trump_17-20/As U.S. Diplomats Fell Sick, Washington Minimized the Danger.txt",0.9277499951422215,0.960818653756922,16,77,93
"As U.S. Schools Move to Reopen Despite Covid-19, Teachers Threaten to Strike.txt","/content/drive/MyDrive/extracted_files/trump_17-20/As U.S. Schools Move to Reopen Despite Covid-19, Teachers Threaten to Strike.txt",0.9221850167959929,0.9615981855370976,64,222,286
"As U.S.-China Trade War Rages, Some Australian Farmers See an Opportunity.txt","/content/drive/MyDrive/extracted_files/trump_17-20/As U.S.-China Trade War Rages, Some Australian Farmers See an Opportunity.txt",0.9633447378873825,0.9354988837242126,28,25,53
Asia Society Blames Staff for Barring Hong Kong Activist_s Speech.txt,/content/drive/MyDrive/extracted_files/trump_17-20/Asia Society Blames Staff for Barring Hong Kong Activist_s Speech.txt,0.9542930892535618,0.9715432950428554,7,21,28
Asian Nations Shaken by President_s Warning on Korean Nuclear Program.txt,/content/drive/MyDrive/extracted_files/trump_17-20/Asian Nations Shaken by President_s Warning on Korean Nuclear Program.txt,0.9359022341668606,0.9674282420066095,16,31,47
"At Hamburger Central, Antibiotics for Cattle That Aren_t Sick.txt","/content/drive/MyDrive/extracted_files/trump_17-20/At Hamburger Central, Antibiotics for Cattle That Aren_t Sick.txt",0.8969057564224515,0.9558068107474934,28,88,116
"At Happy Stony Noodle, a Childhood Favorite Anchors the Menu_Hungry City.txt","/content/drive/MyDrive/extracted_files/trump_17-20/At Happy Stony Noodle, a Childhood Favorite Anchors the Menu_Hungry City.txt",0.8972408260617938,0.9089733021599906,14,14,28
At Least 9 Die as Driver Plows Into Crowd in China.txt,/content/drive/MyDrive/extracted_files/trump_17-20/At Least 9 Die as Driver Plows Into Crowd in China.txt,0.6983475685119629,0.9687670667966207,1,15,16
At Stake When U.S. and China Leaders Meet_ Possibility of a New Cold War.txt,/content/drive/MyDrive/extracted_files/trump_17-20/At Stake When U.S. and China Leaders Meet_ Possibility of a New Cold War.txt,0.9812753355061566,0.9640642567114397,27,33,60
"At Starbucks, Trying Hard To Ease Fears.txt","/content/drive/MyDrive/extracted_files/trump_17-20/At Starbucks, Trying Hard To Ease Fears.txt",0.919901990228229,0.970428318347571,18,53,71
"At the State Dept., Calling for Alliances and Acting as a Coalition of One.txt","/content/drive/MyDrive/extracted_files/trump_17-20/At the State Dept., Calling for Alliances and Acting as a Coalition of One.txt",0.9249346613883972,0.9089627414941788,10,24,34
Attack Heightens Fears Of Political Violence By Organized Crime.txt,/content/drive/MyDrive/extracted_files/trump_17-20/Attack Heightens Fears Of Political Violence By Organized Crime.txt,0.890348740418752,0.9690318981806437,15,30,45
August_s Book Club Pick_ A High-Octane Revenge Novel That Rips Through the Chinese Underworld.txt,/content/drive/MyDrive/extracted_files/trump_17-20/August_s Book Club Pick_ A High-Octane Revenge Novel That Rips Through the Chinese Underworld.txt,0.9782916903495789,0.9075123250484467,19,10,29
Australia Feels Its Ties to U.S. Put It in a Bind.txt,/content/drive/MyDrive/extracted_files/trump_17-20/Australia Feels Its Ties to U.S. Put It in a Bind.txt,0.9539720302536374,0.9493163313184466,42,21,63
Australia Questions Global Allegiances.txt,/content/drive/MyDrive/extracted_files/trump_17-20/Australia Questions Global Allegiances.txt,0.9252551885751578,0.9661901737704421,26,33,59
Australia Shudders Amid Talk of a Chinese Military Base in Its Backyard.txt,/content/drive/MyDrive/extracted_files/trump_17-20/Australia Shudders Amid Talk of a Chinese Military Base in Its Backyard.txt,0.879825234413147,0.942781116281237,8,14,22
Australian Vote on Extradition Treaty With China Is Canceled.txt,/content/drive/MyDrive/extracted_files/trump_17-20/Australian Vote on Extradition Treaty With China Is Canceled.txt,0.9266249090433121,0.9213110287984212,8,15,23
Australia_s Prime Minister _Surprised_ by State_s Secret Deal With China.txt,/content/drive/MyDrive/extracted_files/trump_17-20/Australia_s Prime Minister _Surprised_ by State_s Secret Deal With China.txt,0.9732527891794841,0.9681169663866361,15,24,39
Backlash Grows to TikTok-Oracle Deal.txt,/content/drive/MyDrive/extracted_files/trump_17-20/Backlash Grows to TikTok-Oracle Deal.txt,0.9714361464276033,0.957460287639073,17,35,52
BBC News Editor Quits Her Post to Protest Gender Pay Gap.txt,/content/drive/MyDrive/extracted_files/trump_17-20/BBC News Editor Quits Her Post to Protest Gender Pay Gap.txt,0.9250751478331429,0.9765498638153076,7,16,23
"Before Talks With Trump, Xi Promotes His Image as a Leader With Friends.txt","/content/drive/MyDrive/extracted_files/trump_17-20/Before Talks With Trump, Xi Promotes His Image as a Leader With Friends.txt",0.9341793381250821,0.9460312288541061,13,26,39
"Behind Airport Killing, Family Turmoil and a Far-Reaching Plot.txt","/content/drive/MyDrive/extracted_files/trump_17-20/Behind Airport Killing, Family Turmoil and a Far-Reaching Plot.txt",0.9019002033316571,0.9656615149643686,23,72,95
"Behind an $18 Billion Donation to a New York Charity, a Shadowy Chinese Conglomerate.txt","/content/drive/MyDrive/extracted_files/trump_17-20/Behind an $18 Billion Donation to a New York Charity, a Shadowy Chinese Conglomerate.txt",0.9810822109381357,0.9647100094486686,12,34,46
"Behind Tech_s Shine, Some Warnings Signs Appear.txt","/content/drive/MyDrive/extracted_files/trump_17-20/Behind Tech_s Shine, Some Warnings Signs Appear.txt",0.9533721396797582,0.9389110548155648,19,42,61
Behind the Increase in Gas Emissions Last Year.txt,/content/drive/MyDrive/extracted_files/trump_17-20/Behind the Increase in Gas Emissions Last Year.txt,0.9154752549670991,0.9358344358556411,21,17,38
"Behind the Protesters_ Pastors, Medics, Artists And Hug Dispensers.txt","/content/drive/MyDrive/extracted_files/trump_17-20/Behind the Protesters_ Pastors, Medics, Artists And Hug Dispensers.txt",0.9321261467160405,0.9399517685174942,37,40,77
Beijing Artist Who Filmed Crackdown Freed on Bail.txt,/content/drive/MyDrive/extracted_files/trump_17-20/Beijing Artist Who Filmed Crackdown Freed on Bail.txt,0.9535765469074249,0.9443939924240112,10,17,27
Beijing Complicates Sale of TikTok.txt,/content/drive/MyDrive/extracted_files/trump_17-20/Beijing Complicates Sale of TikTok.txt,0.9496117149080548,0.9701095083180595,7,34,41
Beijing Curbs Car Tariffs In Trade Gesture to U.S. That May Barely Register.txt,/content/drive/MyDrive/extracted_files/trump_17-20/Beijing Curbs Car Tariffs In Trade Gesture to U.S. That May Barely Register.txt,0.9172104469367436,0.9710558690130711,14,16,30
Beijing Denounced by State Dept. on Human Rights.txt,/content/drive/MyDrive/extracted_files/trump_17-20/Beijing Denounced by State Dept. on Human Rights.txt,0.8757043878237406,0.9514649396850949,9,21,30
Beijing Has Few Options Against U.S. Over Huawei.txt,/content/drive/MyDrive/extracted_files/trump_17-20/Beijing Has Few Options Against U.S. Over Huawei.txt,0.980190184381273,0.9838260544670953,9,45,54
Beijing Hints at Using Military Force to Tame the Protests in Hong Kong.txt,/content/drive/MyDrive/extracted_files/trump_17-20/Beijing Hints at Using Military Force to Tame the Protests in Hong Kong.txt,0.914272612538831,0.9324308310945829,29,24,53
"Beijing Kindergarten Is Accused of Abuse, and Internet Erupts in Fury.txt","/content/drive/MyDrive/extracted_files/trump_17-20/Beijing Kindergarten Is Accused of Abuse, and Internet Erupts in Fury.txt",0.9435763955116272,0.9626401912334354,19,43,62
"Beijing Parade Glorifies Party, And Xi_s Power.txt","/content/drive/MyDrive/extracted_files/trump_17-20/Beijing Parade Glorifies Party, And Xi_s Power.txt",0.9531525887292007,0.9380110669136047,29,25,54
Beijing Seeing Risk as Young Want for Jobs.txt,/content/drive/MyDrive/extracted_files/trump_17-20/Beijing Seeing Risk as Young Want for Jobs.txt,0.8982110825868753,0.9772568612682576,26,49,75
Beijing Tightens Its Grip on News Coverage as Cases Continue to Surge.txt,/content/drive/MyDrive/extracted_files/trump_17-20/Beijing Tightens Its Grip on News Coverage as Cases Continue to Surge.txt,0.9495731095472971,0.9649306734402975,12,54,66
Beijing Vows Market Cure While China Slows Down.txt,/content/drive/MyDrive/extracted_files/trump_17-20/Beijing Vows Market Cure While China Slows Down.txt,0.9828516088033977,0.9414258071354458,19,35,54
Beijing Warns U.S. Over Navy Patrol in South China Sea.txt,/content/drive/MyDrive/extracted_files/trump_17-20/Beijing Warns U.S. Over Navy Patrol in South China Sea.txt,0.9617185235023499,0.9379452492879785,5,23,28
Big Investors Shed Tech Stocks as Markets Tumbled Last Quarter.txt,/content/drive/MyDrive/extracted_files/trump_17-20/Big Investors Shed Tech Stocks as Markets Tumbled Last Quarter.txt,0.9939865171909332,0.9741660925475034,2,22,24
Biles Breaks Record as U.S. Women Win Another Team Title.txt,/content/drive/MyDrive/extracted_files/trump_17-20/Biles Breaks Record as U.S. Women Win Another Team Title.txt,0.9591257671515147,0.9017255050795419,18,7,25
Births in China Fall to Their Lowest Level in Nearly Six Decades.txt,/content/drive/MyDrive/extracted_files/trump_17-20/Births in China Fall to Their Lowest Level in Nearly Six Decades.txt,0.9517315966742379,0.9576537737975249,14,37,51
"Black Friday 2018_ Online, China Holds the Shopping Crown.txt","/content/drive/MyDrive/extracted_files/trump_17-20/Black Friday 2018_ Online, China Holds the Shopping Crown.txt",0.9514035439491272,0.9623192250728607,25,30,55
Blackwater_s Founder Distances Himself From China Deal.txt,/content/drive/MyDrive/extracted_files/trump_17-20/Blackwater_s Founder Distances Himself From China Deal.txt,0.913008281817803,0.9481828904151917,26,25,51
"Blockchain Will Be Theirs, Russian Spy Boasted at Conference.txt","/content/drive/MyDrive/extracted_files/trump_17-20/Blockchain Will Be Theirs, Russian Spy Boasted at Conference.txt",0.9713880181312561,0.9112796270185046,30,36,66
"Blocked by China, Taiwan Presses to Join U.N. Agency_s Meeting.txt","/content/drive/MyDrive/extracted_files/trump_17-20/Blocked by China, Taiwan Presses to Join U.N. Agency_s Meeting.txt",0.963094256140969,0.9349600970745087,11,20,31
Born in the U.S.A.txt,/content/drive/MyDrive/extracted_files/trump_17-20/Born in the U.S.A.txt,0.9629638053603091,0.958598642831757,59,84,143
"Break the China Habit_ Lobsters, Lights and Toilets Show How Hard It Is.txt","/content/drive/MyDrive/extracted_files/trump_17-20/Break the China Habit_ Lobsters, Lights and Toilets Show How Hard It Is.txt",0.9340542221770567,0.961263008574222,34,47,81
Britain Holds Up China Aerospace Deal Over National Security.txt,/content/drive/MyDrive/extracted_files/trump_17-20/Britain Holds Up China Aerospace Deal Over National Security.txt,0.9014946699142456,0.9120135222162519,5,21,26
Britain Risks Rift With U.S. by Giving New Access to Huawei.txt,/content/drive/MyDrive/extracted_files/trump_17-20/Britain Risks Rift With U.S. by Giving New Access to Huawei.txt,0.9146512527214853,0.9527700896616336,19,27,46
"Britain Suspends Extradition Treaty With Hong Kong, Angering Beijing.txt","/content/drive/MyDrive/extracted_files/trump_17-20/Britain Suspends Extradition Treaty With Hong Kong, Angering Beijing.txt",0.9872766695916653,0.9616271781921387,16,25,41
Britain Turns to Chinese Textbooks to Improve Its Math Scores.txt,/content/drive/MyDrive/extracted_files/trump_17-20/Britain Turns to Chinese Textbooks to Improve Its Math Scores.txt,0.9586608052253723,0.9843349655469259,30,21,51
"Broadcom_s Bid for Qualcomm May Be Headed for Rejection, U.S. Panel Warns.txt","/content/drive/MyDrive/extracted_files/trump_17-20/Broadcom_s Bid for Qualcomm May Be Headed for Rejection, U.S. Panel Warns.txt",0.9626783728599548,0.9726132587953047,1,11,12
"Broken Life, Shattered Dream.txt","/content/drive/MyDrive/extracted_files/trump_17-20/Broken Life, Shattered Dream.txt",0.9679029406385219,0.9732457569667271,47,63,110
Business Travelers Who _Need to Be in the Room_ Find No Way to Get There.txt,/content/drive/MyDrive/extracted_files/trump_17-20/Business Travelers Who _Need to Be in the Room_ Find No Way to Get There.txt,0.9498583929879325,0.9778923216988059,14,34,48
Businesses Plead to Stop More China Tariffs. They Expect to Be Ignored.txt,/content/drive/MyDrive/extracted_files/trump_17-20/Businesses Plead to Stop More China Tariffs. They Expect to Be Ignored.txt,0.8976495862007141,0.9550229213958563,11,43,54
"Businessman in China Fights Fraud Verdict, and the Odds.txt","/content/drive/MyDrive/extracted_files/trump_17-20/Businessman in China Fights Fraud Verdict, and the Odds.txt",0.945943261895861,0.9569786339998245,7,20,27
Byron Lars Is Still Here.txt,/content/drive/MyDrive/extracted_files/trump_17-20/Byron Lars Is Still Here.txt,0.9750001400204028,0.9553355889187919,59,36,95
"Cambridge University Press Bends on Censorship, Pulling Articles on Site in China.txt","/content/drive/MyDrive/extracted_files/trump_17-20/Cambridge University Press Bends on Censorship, Pulling Articles on Site in China.txt",0.9161440253257751,0.9657071650028228,5,30,35
"Can Humans Give Coronavirus to Bats, and Other Wildlife_.txt","/content/drive/MyDrive/extracted_files/trump_17-20/Can Humans Give Coronavirus to Bats, and Other Wildlife_.txt",0.9375396072864532,0.9674234909396018,10,31,41
Can the N.B.A. Learn From Taiwan_s Basketball Bubble_.txt,/content/drive/MyDrive/extracted_files/trump_17-20/Can the N.B.A. Learn From Taiwan_s Basketball Bubble_.txt,0.9419412586999976,0.9600963358019219,23,61,84
Can the U.S. Stop China From Controlling the Next Internet Age_.txt,/content/drive/MyDrive/extracted_files/trump_17-20/Can the U.S. Stop China From Controlling the Next Internet Age_.txt,0.9430985510349273,0.9584594195087751,10,24,34
Can Trump Still Claim Victory if Kim Jong-un Keeps His Nuclear Arms_.txt,/content/drive/MyDrive/extracted_files/trump_17-20/Can Trump Still Claim Victory if Kim Jong-un Keeps His Nuclear Arms_.txt,0.9371056370437145,0.9718318998813629,16,30,46
Can Vietnam Avoid Getting Hurt in the Crossfire When the Tariffs Are Flying_.txt,/content/drive/MyDrive/extracted_files/trump_17-20/Can Vietnam Avoid Getting Hurt in the Crossfire When the Tariffs Are Flying_.txt,0.9086259404818217,0.9476010128855705,33,40,73
Can We Stop a Cold War With China_.txt,/content/drive/MyDrive/extracted_files/trump_17-20/Can We Stop a Cold War With China_.txt,0.9601538592860812,0.9610228025636007,42,43,85
Can _Team Science_ Yield a Covid-19 Treatment_.txt,/content/drive/MyDrive/extracted_files/trump_17-20/Can _Team Science_ Yield a Covid-19 Treatment_.txt,0.9168671002754798,0.954096970350846,52,92,144
Canada_s Ambassador to China Pushed Out Over Controversy.txt,/content/drive/MyDrive/extracted_files/trump_17-20/Canada_s Ambassador to China Pushed Out Over Controversy.txt,0.9053261041641235,0.9255283077557882,5,12,17
Canceling of Trump-Kim Meeting Shakes Asia but Could Help China.txt,/content/drive/MyDrive/extracted_files/trump_17-20/Canceling of Trump-Kim Meeting Shakes Asia but Could Help China.txt,0.8920292286645799,0.9654149825756366,21,39,60
"Carbon Dioxide Emissions Hit a Record in 2019, Even as Coal Fades.txt","/content/drive/MyDrive/extracted_files/trump_17-20/Carbon Dioxide Emissions Hit a Record in 2019, Even as Coal Fades.txt",0.9503196844687829,0.9756545752286911,13,20,33
Carmaker In China Sees Fiat Chrysler As a U.S. Ally.txt,/content/drive/MyDrive/extracted_files/trump_17-20/Carmaker In China Sees Fiat Chrysler As a U.S. Ally.txt,0.9205432613690694,0.9544095374070681,15,26,41
Cash-Strapped Chinese Giant Taps a New Money Source_ Its Workers.txt,/content/drive/MyDrive/extracted_files/trump_17-20/Cash-Strapped Chinese Giant Taps a New Money Source_ Its Workers.txt,0.9392925543444497,0.9749256844321886,14,48,62
Cathay Pacific C.E.O._s Resignation Shows China_s Looming Power Over Hong Kong Unrest.txt,/content/drive/MyDrive/extracted_files/trump_17-20/Cathay Pacific C.E.O._s Resignation Shows China_s Looming Power Over Hong Kong Unrest.txt,0.9651276469230652,0.9789640216723733,19,46,65
Cathay Pacific_s Chairman Resigns as China Pressures Hong Kong Business.txt,/content/drive/MyDrive/extracted_files/trump_17-20/Cathay Pacific_s Chairman Resigns as China Pressures Hong Kong Business.txt,0.932701043287913,0.9671114912399879,15,26,41
"Caught Between Indian and Chinese Troops, at 15,000 Feet.txt","/content/drive/MyDrive/extracted_files/trump_17-20/Caught Between Indian and Chinese Troops, at 15,000 Feet.txt",0.9493289709091186,0.9541972979903222,35,40,75
Central Bank In China Set For a Change In Leadership.txt,/content/drive/MyDrive/extracted_files/trump_17-20/Central Bank In China Set For a Change In Leadership.txt,0.9613094441592693,0.9148174971342087,32,24,56
Chairman Of Anbang Long Tested China_s Rules.txt,/content/drive/MyDrive/extracted_files/trump_17-20/Chairman Of Anbang Long Tested China_s Rules.txt,0.9521915316581726,0.9316813060731599,13,33,46
"Checking Trump_s Statements on China, Iran and Trade.txt","/content/drive/MyDrive/extracted_files/trump_17-20/Checking Trump_s Statements on China, Iran and Trade.txt",0.9363926617722762,0.9469207620078867,19,44,63
Cheering On Trump in China.txt,/content/drive/MyDrive/extracted_files/trump_17-20/Cheering On Trump in China.txt,0.9487281074890723,0.9231406735877196,26,48,74
Chief Executive of TikTok Says He Will Resign.txt,/content/drive/MyDrive/extracted_files/trump_17-20/Chief Executive of TikTok Says He Will Resign.txt,0.9544790889087477,0.9495492815971375,19,25,44
"China Accuses Two Canadians of Spying, Widening a Political Rift.txt","/content/drive/MyDrive/extracted_files/trump_17-20/China Accuses Two Canadians of Spying, Widening a Political Rift.txt",0.928981214761734,0.9687555197038149,14,38,52
"China and India Brawl at 14,000 Feet Along the Border.txt","/content/drive/MyDrive/extracted_files/trump_17-20/China and India Brawl at 14,000 Feet Along the Border.txt",0.926010262221098,0.9360218481584028,32,33,65
China and India Move to Defuse Tensions After Clashes in the Himalayas.txt,/content/drive/MyDrive/extracted_files/trump_17-20/China and India Move to Defuse Tensions After Clashes in the Himalayas.txt,0.9228606969118118,0.9514502241061285,8,13,21
China and India Pledge to Ease Tensions After Border Clashes.txt,/content/drive/MyDrive/extracted_files/trump_17-20/China and India Pledge to Ease Tensions After Border Clashes.txt,0.9041175733913075,0.9539773964881897,11,25,36
China and Indonesia Order Grounding of Boeing 737 Max 8 Aircraft.txt,/content/drive/MyDrive/extracted_files/trump_17-20/China and Indonesia Order Grounding of Boeing 737 Max 8 Aircraft.txt,0.9258952471945021,0.9784450985136486,9,21,30
China and the Case of the Interpol Chief.txt,/content/drive/MyDrive/extracted_files/trump_17-20/China and the Case of the Interpol Chief.txt,0.8291880403246198,0.9456356588531943,7,17,24
China and U.S. Diverge On Electric Car Sales.txt,/content/drive/MyDrive/extracted_files/trump_17-20/China and U.S. Diverge On Electric Car Sales.txt,0.9812514810335069,0.9329158589243889,21,16,37
China and Vatican Reach Deal on Appointment of Bishops.txt,/content/drive/MyDrive/extracted_files/trump_17-20/China and Vatican Reach Deal on Appointment of Bishops.txt,0.9524502555529276,0.9349562957882881,36,40,76
China Avoids Label_ Currency Manipulator.txt,/content/drive/MyDrive/extracted_files/trump_17-20/China Avoids Label_ Currency Manipulator.txt,0.9666759234208328,0.9649594878328258,13,29,42
"China Backs Hong Kong Officials, but Leaves Protests for Them to Solve.txt","/content/drive/MyDrive/extracted_files/trump_17-20/China Backs Hong Kong Officials, but Leaves Protests for Them to Solve.txt",0.9717822372913361,0.9444178958733876,12,30,42
China Bans _Muhammad_ and _Jihad_ as Baby Names in Heavily Muslim Region.txt,/content/drive/MyDrive/extracted_files/trump_17-20/China Bans _Muhammad_ and _Jihad_ as Baby Names in Heavily Muslim Region.txt,0.8465302586555481,0.9708976575306484,3,14,17
"China Breaks Silence on Muslim Detention Camps, Calling Them _Humane_.txt","/content/drive/MyDrive/extracted_files/trump_17-20/China Breaks Silence on Muslim Detention Camps, Calling Them _Humane_.txt",0.9466970719789204,0.9281155506769816,19,30,49
"China Brings Warm Words to U.N., and Rights Activists Feel a Chill.txt","/content/drive/MyDrive/extracted_files/trump_17-20/China Brings Warm Words to U.N., and Rights Activists Feel a Chill.txt",0.937747901136225,0.9478095084428787,11,20,31
China Cancels Military Meeting With Vietnam Over Territorial Dispute.txt,/content/drive/MyDrive/extracted_files/trump_17-20/China Cancels Military Meeting With Vietnam Over Territorial Dispute.txt,0.9752443850040435,0.967152807020372,10,31,41
China Censors Winnie-the-Pooh on Social Media.txt,/content/drive/MyDrive/extracted_files/trump_17-20/China Censors Winnie-the-Pooh on Social Media.txt,0.9503326416015625,0.9741900021379645,4,22,26
"China Charges 2 Canadians With Spying, Deepening a Political Standoff.txt","/content/drive/MyDrive/extracted_files/trump_17-20/China Charges 2 Canadians With Spying, Deepening a Political Standoff.txt",0.8844153881072998,0.9354141788049177,7,22,29
China Condemns U.S. Over Hong Kong. That Won_t Stop Trade Talks._News Analysis.txt,/content/drive/MyDrive/extracted_files/trump_17-20/China Condemns U.S. Over Hong Kong. That Won_t Stop Trade Talks._News Analysis.txt,0.9429146075248718,0.958682321983835,25,46,71
China Considers Scrapping Its Support for Bitcoin.txt,/content/drive/MyDrive/extracted_files/trump_17-20/China Considers Scrapping Its Support for Bitcoin.txt,0.9678256213665009,0.9599950597399757,10,21,31
China Demands Canada Release Huawei Executive Meng Wanzhou.txt,/content/drive/MyDrive/extracted_files/trump_17-20/China Demands Canada Release Huawei Executive Meng Wanzhou.txt,0.9903319627046585,0.9763689372274611,4,9,13
China Detains an American FedEx Pilot.txt,/content/drive/MyDrive/extracted_files/trump_17-20/China Detains an American FedEx Pilot.txt,0.9850240775517055,0.9406910293242511,7,34,41
China Displays Aerospace Ambitions as Its New Jetliner Takes Flight.txt,/content/drive/MyDrive/extracted_files/trump_17-20/China Displays Aerospace Ambitions as Its New Jetliner Takes Flight.txt,0.937991322893085,0.916061649719874,33,24,57
China Expands Its Internal Web of Online Censors and Forbidden Topics.txt,/content/drive/MyDrive/extracted_files/trump_17-20/China Expands Its Internal Web of Online Censors and Forbidden Topics.txt,0.940477404743433,0.9519518565487217,16,37,53
"China Gets New Partner, Further Isolating Taiwan.txt","/content/drive/MyDrive/extracted_files/trump_17-20/China Gets New Partner, Further Isolating Taiwan.txt",0.9855297178030014,0.9381378293037415,20,10,30
China Giants Back a Deal On Telecom.txt,/content/drive/MyDrive/extracted_files/trump_17-20/China Giants Back a Deal On Telecom.txt,0.9653280377388,0.9235865473747253,17,24,41
China Halts Ant Group_s Blockbuster I.P.O.txt,/content/drive/MyDrive/extracted_files/trump_17-20/China Halts Ant Group_s Blockbuster I.P.O.txt,0.9314598470926285,0.9518348884582519,20,25,45
"China Has a Big Economic Problem, and It Isn_t the Trade War.txt","/content/drive/MyDrive/extracted_files/trump_17-20/China Has a Big Economic Problem, and It Isn_t the Trade War.txt",0.9335679875479804,0.9615253524647819,18,36,54
China Has a New Plan to Tame Tibet.txt,/content/drive/MyDrive/extracted_files/trump_17-20/China Has a New Plan to Tame Tibet.txt,0.937632292509079,0.9388964845209705,28,49,77
China Hastens A Global Move To Electric Cars.txt,/content/drive/MyDrive/extracted_files/trump_17-20/China Hastens A Global Move To Electric Cars.txt,0.9740774548716016,0.9255957583586375,36,30,66
China Hawks in Congress See an Opportunity in Coronavirus.txt,/content/drive/MyDrive/extracted_files/trump_17-20/China Hawks in Congress See an Opportunity in Coronavirus.txt,0.9704666197299957,0.9035908764806287,10,29,39
China Held Internet Star Over _Insult_ To Anthem.txt,/content/drive/MyDrive/extracted_files/trump_17-20/China Held Internet Star Over _Insult_ To Anthem.txt,0.9179907772276137,0.9644424946684587,9,19,28
"China Hustles for Vaccine, Despite Patchy Reputation.txt","/content/drive/MyDrive/extracted_files/trump_17-20/China Hustles for Vaccine, Despite Patchy Reputation.txt",0.9302720944086711,0.962969072584836,30,53,83
"China in 1972, As Documented By Antonioni.txt","/content/drive/MyDrive/extracted_files/trump_17-20/China in 1972, As Documented By Antonioni.txt",0.9553442564275529,0.8877636949221294,18,15,33
China Invites Cancer Experts to Treat a Nobel Laureate.txt,/content/drive/MyDrive/extracted_files/trump_17-20/China Invites Cancer Experts to Treat a Nobel Laureate.txt,0.8153356711069742,0.9760319987932841,3,9,12
China Irked As U.S. Plans To Sell Arms To Taiwan.txt,/content/drive/MyDrive/extracted_files/trump_17-20/China Irked As U.S. Plans To Sell Arms To Taiwan.txt,0.8779282910483224,0.946905916929245,14,10,24
"China Is Aiming to _Break_ Detained Australian Writer, Lawyers Say.txt","/content/drive/MyDrive/extracted_files/trump_17-20/China Is Aiming to _Break_ Detained Australian Writer, Lawyers Say.txt",0.986644834280014,0.9536117234013297,6,22,28
China Is Confronting New U.S. Hostility. But Is It Ready for the Fight_.txt,/content/drive/MyDrive/extracted_files/trump_17-20/China Is Confronting New U.S. Hostility. But Is It Ready for the Fight_.txt,0.9575378605813691,0.9517700727595839,33,43,76
China Is Drawing Myanmar Closer as the World Turns Away.txt,/content/drive/MyDrive/extracted_files/trump_17-20/China Is Drawing Myanmar Closer as the World Turns Away.txt,0.952110248307387,0.9493685762087504,24,18,42
"China Is on the Rise Everywhere, Except in Soccer.txt","/content/drive/MyDrive/extracted_files/trump_17-20/China Is on the Rise Everywhere, Except in Soccer.txt",0.9788261610886146,0.9516618589560191,29,30,59
China Is Rebuffed Over Suggestion for Defusing Korean Tensions.txt,/content/drive/MyDrive/extracted_files/trump_17-20/China Is Rebuffed Over Suggestion for Defusing Korean Tensions.txt,0.9343225772564228,0.9627164155244827,13,36,49
China Is Told To Close Down Houston Office.txt,/content/drive/MyDrive/extracted_files/trump_17-20/China Is Told To Close Down Houston Office.txt,0.9056056695325034,0.9582934874599263,14,59,73
China Isn_t Having Enough Babies.txt,/content/drive/MyDrive/extracted_files/trump_17-20/China Isn_t Having Enough Babies.txt,0.9358569408456484,0.9384745545685291,24,32,56
China Jails Workers From Crown Resorts of Australia in Message to Casinos.txt,/content/drive/MyDrive/extracted_files/trump_17-20/China Jails Workers From Crown Resorts of Australia in Message to Casinos.txt,0.9356003046035767,0.9475535920688084,10,21,31
China Lashes Out at U.S._s Action Against Mass Incarcerations.txt,/content/drive/MyDrive/extracted_files/trump_17-20/China Lashes Out at U.S._s Action Against Mass Incarcerations.txt,0.9335577217015353,0.9610721993446351,11,25,36
China Lent Billions To Poor Countries. And Now They Can_t Pay It Back.txt,/content/drive/MyDrive/extracted_files/trump_17-20/China Lent Billions To Poor Countries. And Now They Can_t Pay It Back.txt,0.93708878329822,0.9588976215038981,28,56,84
China Likely to Let 4 Dissident Lawmakers Finish Terms in Hong Kong.txt,/content/drive/MyDrive/extracted_files/trump_17-20/China Likely to Let 4 Dissident Lawmakers Finish Terms in Hong Kong.txt,0.9104989030781914,0.9900036559385412,17,17,34
"China Loosens Foreign Auto Rules, in Potential Peace Offering to Trump.txt","/content/drive/MyDrive/extracted_files/trump_17-20/China Loosens Foreign Auto Rules, in Potential Peace Offering to Trump.txt",0.9541726175107454,0.9511897955089808,19,32,51
China Lowers Growth Target as Lawmakers Meet.txt,/content/drive/MyDrive/extracted_files/trump_17-20/China Lowers Growth Target as Lawmakers Meet.txt,0.9571809196472167,0.9353484188516935,25,24,49
"China Moves to Stabilize Currency, Despite Promise to Loosen Control.txt","/content/drive/MyDrive/extracted_files/trump_17-20/China Moves to Stabilize Currency, Despite Promise to Loosen Control.txt",0.8292164717401777,0.9466394186019897,7,36,43
China Needs Freedom of Information_Student Editorial Contest Winner.txt,/content/drive/MyDrive/extracted_files/trump_17-20/China Needs Freedom of Information_Student Editorial Contest Winner.txt,0.9689847767353058,0.9810454742661838,10,29,39
China Performs Its Song and Dance.txt,/content/drive/MyDrive/extracted_files/trump_17-20/China Performs Its Song and Dance.txt,0.9099525958299637,0.9877013266086578,4,2,6
China Plans a Shake-Up That Would Shore Up Party Rule.txt,/content/drive/MyDrive/extracted_files/trump_17-20/China Plans a Shake-Up That Would Shore Up Party Rule.txt,0.9646116220034086,0.9476390480995178,26,21,47
China Plans New Tariffs In Retaliation To U.S. Policy.txt,/content/drive/MyDrive/extracted_files/trump_17-20/China Plans New Tariffs In Retaliation To U.S. Policy.txt,0.9523119756153652,0.9577926516532898,7,20,27
China Plays _Fight the Landlord_ to Tame Hong Kong_The New New World.txt,/content/drive/MyDrive/extracted_files/trump_17-20/China Plays _Fight the Landlord_ to Tame Hong Kong_The New New World.txt,0.9511170233449628,0.9802138308684031,31,36,67
China Pledges to Investigate Fears of Sonic Attacks on U.S. Diplomats.txt,/content/drive/MyDrive/extracted_files/trump_17-20/China Pledges to Investigate Fears of Sonic Attacks on U.S. Diplomats.txt,0.8648502495553758,0.9836851380489491,9,27,36
China Releases #MeToo Activist Who Covered Hong Kong Protests.txt,/content/drive/MyDrive/extracted_files/trump_17-20/China Releases #MeToo Activist Who Covered Hong Kong Protests.txt,0.9676000237464905,0.9683408588171005,10,16,26
China Renews Its _Belt and Road_ Push for Global Influence.txt,/content/drive/MyDrive/extracted_files/trump_17-20/China Renews Its _Belt and Road_ Push for Global Influence.txt,0.9338736000813936,0.9511793490612146,19,33,52
"China Reports New Cases of Deadly Virus, Adding to Outbreak Concerns.txt","/content/drive/MyDrive/extracted_files/trump_17-20/China Reports New Cases of Deadly Virus, Adding to Outbreak Concerns.txt",0.9525770346323649,0.9188518203221835,6,26,32
China Says Anbang_s Founder Defrauded Investors of $10 Billion.txt,/content/drive/MyDrive/extracted_files/trump_17-20/China Says Anbang_s Founder Defrauded Investors of $10 Billion.txt,0.9333900809288025,0.9772606001180761,10,34,44
China Says Detained Canadian Worked for Group Without Legal Registration.txt,/content/drive/MyDrive/extracted_files/trump_17-20/China Says Detained Canadian Worked for Group Without Legal Registration.txt,0.8990504503250122,0.9611218845522081,15,37,52
China Says It Will Roll Out _National Security_ Steps for Hong Kong.txt,/content/drive/MyDrive/extracted_files/trump_17-20/China Says It Will Roll Out _National Security_ Steps for Hong Kong.txt,0.9674874544143677,0.9334775606791178,17,18,35
China Says Its Economy Grew Briskly In Quarter.txt,/content/drive/MyDrive/extracted_files/trump_17-20/China Says Its Economy Grew Briskly In Quarter.txt,0.9829387037377608,0.9794536691445571,19,13,32
China Seeks Allies as Trump_s Trade War Mounts. It Won_t Be Easy.txt,/content/drive/MyDrive/extracted_files/trump_17-20/China Seeks Allies as Trump_s Trade War Mounts. It Won_t Be Easy.txt,0.9582542037141735,0.9523796659928782,29,27,56
China Sends a Subtle Signal on North Korea.txt,/content/drive/MyDrive/extracted_files/trump_17-20/China Sends a Subtle Signal on North Korea.txt,0.9704178124666214,0.9558781208815398,16,27,43
China Sends Warning to Taiwan and U.S. With Big Show of Air Power.txt,/content/drive/MyDrive/extracted_files/trump_17-20/China Sends Warning to Taiwan and U.S. With Big Show of Air Power.txt,0.9785520301924812,0.9198576137423515,9,16,25
China Sentences Tycoon Who Criticized Xi to 18 Years in Prison.txt,/content/drive/MyDrive/extracted_files/trump_17-20/China Sentences Tycoon Who Criticized Xi to 18 Years in Prison.txt,0.932689905166626,0.9887829891272953,8,28,36
China Set to Ease Limits on Foreign Stakes in Financial Firms.txt,/content/drive/MyDrive/extracted_files/trump_17-20/China Set to Ease Limits on Foreign Stakes in Financial Firms.txt,0.9442459456622601,0.9774051446181077,16,26,42
China Shed $1 Trillion in Reserves. Should the World Be Worried_.txt,/content/drive/MyDrive/extracted_files/trump_17-20/China Shed $1 Trillion in Reserves. Should the World Be Worried_.txt,0.9806645154953003,0.9414819697539012,10,30,40
China Should Match California_s Effort to Slow Climate Change.txt,/content/drive/MyDrive/extracted_files/trump_17-20/China Should Match California_s Effort to Slow Climate Change.txt,0.9811167458693186,0.9683124754163954,30,18,48
"China Spins Hong Kong, But World Isn_t Buying.txt","/content/drive/MyDrive/extracted_files/trump_17-20/China Spins Hong Kong, But World Isn_t Buying.txt",0.9616815216011472,0.9450993984937668,18,40,58
China Spins Tale That the U.S. Army Started the Coronavirus Epidemic.txt,/content/drive/MyDrive/extracted_files/trump_17-20/China Spins Tale That the U.S. Army Started the Coronavirus Epidemic.txt,0.8930302262306213,0.9708733870869591,11,42,53
China Stopped Its Economy to Tackle Coronavirus. Now the World Suffers.txt,/content/drive/MyDrive/extracted_files/trump_17-20/China Stopped Its Economy to Tackle Coronavirus. Now the World Suffers.txt,0.924477565579298,0.9635869665787771,41,52,93
China Strikes Defiant Stance on Trade Against Trump.txt,/content/drive/MyDrive/extracted_files/trump_17-20/China Strikes Defiant Stance on Trade Against Trump.txt,0.966035008430481,0.9781738955240983,10,26,36
China Surrenders Little to U.S. in First Round of Trade Talks.txt,/content/drive/MyDrive/extracted_files/trump_17-20/China Surrenders Little to U.S. in First Round of Trade Talks.txt,0.9067305856280856,0.9853444536526997,9,15,24
China to Take A Harder Line On Pollution.txt,/content/drive/MyDrive/extracted_files/trump_17-20/China to Take A Harder Line On Pollution.txt,0.9311460483641851,0.9548385381698609,21,20,41
China Trade Talks Approach Critical Point.txt,/content/drive/MyDrive/extracted_files/trump_17-20/China Trade Talks Approach Critical Point.txt,0.9375925540924073,0.9055769528661456,10,14,24
China Unveils New Leadership but No Clear Successor to President.txt,/content/drive/MyDrive/extracted_files/trump_17-20/China Unveils New Leadership but No Clear Successor to President.txt,0.9454571935865614,0.9584853450457255,27,24,51
China Vows Punishment For Deals Overseas.txt,/content/drive/MyDrive/extracted_files/trump_17-20/China Vows Punishment For Deals Overseas.txt,0.9064343720674515,0.967906000216802,12,30,42
China Vows Retaliation for Latest Trump Moves.txt,/content/drive/MyDrive/extracted_files/trump_17-20/China Vows Retaliation for Latest Trump Moves.txt,0.8809168594224113,0.971204442136428,7,17,24
China Vows Tougher Security in Hong Kong. Easier Said Than Done.txt,/content/drive/MyDrive/extracted_files/trump_17-20/China Vows Tougher Security in Hong Kong. Easier Said Than Done.txt,0.9585745744407177,0.9534044589315142,16,35,51
China vs. the World.txt,/content/drive/MyDrive/extracted_files/trump_17-20/China vs. the World.txt,0.9345583224838431,0.9402484639746244,44,61,105
China Wary Of Hurried Trade Deal.txt,/content/drive/MyDrive/extracted_files/trump_17-20/China Wary Of Hurried Trade Deal.txt,0.8911359645426273,0.9671404144980691,16,33,49
"China Will Be Part of a Popular Stock Index, Opening the Door to Foreign Money.txt","/content/drive/MyDrive/extracted_files/trump_17-20/China Will Be Part of a Popular Stock Index, Opening the Door to Foreign Money.txt",0.9775824275883761,0.9568818189479686,11,27,38
China Won_t Easily Join U.S. in Fake Meat Craze.txt,/content/drive/MyDrive/extracted_files/trump_17-20/China Won_t Easily Join U.S. in Fake Meat Craze.txt,0.9130195152191889,0.9664265294464267,21,49,70
"China, Fanning Patriotism, Adds 6 Years to War with Japan in History Books.txt","/content/drive/MyDrive/extracted_files/trump_17-20/China, Fanning Patriotism, Adds 6 Years to War with Japan in History Books.txt",0.9458729074551508,0.930467980603377,13,24,37
"China, Hosting Kim, Sends Warning to U.S. on Trade.txt","/content/drive/MyDrive/extracted_files/trump_17-20/China, Hosting Kim, Sends Warning to U.S. on Trade.txt",0.9094146452844143,0.9504499503544399,16,35,51
"China, Outmatched_.txt","/content/drive/MyDrive/extracted_files/trump_17-20/China, Outmatched_.txt",0.9430198272069296,0.9866816202799479,3,3,6
"China-Backed Hackers Broke Into 100 Firms and Agencies, U.S. Says.txt","/content/drive/MyDrive/extracted_files/trump_17-20/China-Backed Hackers Broke Into 100 Firms and Agencies, U.S. Says.txt",0.9683693885803223,0.9861895943942823,5,19,24
China_s Aggressive Diplomacy Weakens Xi Jinping_s Global Standing_News analysis.txt,/content/drive/MyDrive/extracted_files/trump_17-20/China_s Aggressive Diplomacy Weakens Xi Jinping_s Global Standing_News analysis.txt,0.964014354874106,0.9750038550959693,17,36,53
China_s Ambassador to Canada Blames _White Supremacy_ in Feud Over Arrests.txt,/content/drive/MyDrive/extracted_files/trump_17-20/China_s Ambassador to Canada Blames _White Supremacy_ in Feud Over Arrests.txt,0.7761233448982239,0.9841110602669094,3,23,26
China_s Appetite Pushes Fisheries to the Brink.txt,/content/drive/MyDrive/extracted_files/trump_17-20/China_s Appetite Pushes Fisheries to the Brink.txt,0.9490970238562553,0.9653172132216001,31,76,107
"China_s Bird Flu Surge Is a Low Epidemic Threat, W.H.O. Says.txt","/content/drive/MyDrive/extracted_files/trump_17-20/China_s Bird Flu Surge Is a Low Epidemic Threat, W.H.O. Says.txt",0.5377092957496643,0.9500979341958699,1,19,20
China_s Chance to Save Antarctic Sea Life.txt,/content/drive/MyDrive/extracted_files/trump_17-20/China_s Chance to Save Antarctic Sea Life.txt,0.9615080992380778,0.9267080293761359,30,9,39
China_s Communists Rewrite the Rules for Foreign Businesses.txt,/content/drive/MyDrive/extracted_files/trump_17-20/China_s Communists Rewrite the Rules for Foreign Businesses.txt,0.9621720743179322,0.9422724517908964,25,33,58
China_s Coronavirus Crisis Is Just Beginning.txt,/content/drive/MyDrive/extracted_files/trump_17-20/China_s Coronavirus Crisis Is Just Beginning.txt,0.94300183840096,0.9538627225299214,32,43,75
China_s Demand for Lobster Dries Up.txt,/content/drive/MyDrive/extracted_files/trump_17-20/China_s Demand for Lobster Dries Up.txt,0.9451300017535686,0.9741045278415346,16,57,73
"China_s Economy Grows Strongly, Yet Central Bank Eases Policy.txt","/content/drive/MyDrive/extracted_files/trump_17-20/China_s Economy Grows Strongly, Yet Central Bank Eases Policy.txt",0.9823526740074158,0.9505374932289123,12,25,37
China_s Future in Balance as Politburo Prepares for New Blood.txt,/content/drive/MyDrive/extracted_files/trump_17-20/China_s Future in Balance as Politburo Prepares for New Blood.txt,0.9749429183346885,0.9412996385778699,28,28,56
China_s Hong Kong Crackdown Could Put Trump in an Unwelcome Spot.txt,/content/drive/MyDrive/extracted_files/trump_17-20/China_s Hong Kong Crackdown Could Put Trump in an Unwelcome Spot.txt,0.9415801124913352,0.9489854714449715,14,34,48
China_s Ill-Timed Attack on the Free Press.txt,/content/drive/MyDrive/extracted_files/trump_17-20/China_s Ill-Timed Attack on the Free Press.txt,0.9559674933552742,0.9654365607670375,8,21,29
China_s Leader Picks Harvard-Trained Ally to Tighten Grip on Economy.txt,/content/drive/MyDrive/extracted_files/trump_17-20/China_s Leader Picks Harvard-Trained Ally to Tighten Grip on Economy.txt,0.9711036456597818,0.932091150018904,37,18,55
"China_s Legislature Formally Ends Term Limits, Paving Way to Let Xi Rule for Life.txt","/content/drive/MyDrive/extracted_files/trump_17-20/China_s Legislature Formally Ends Term Limits, Paving Way to Let Xi Rule for Life.txt",0.9399000344605282,0.9699495434761047,29,21,50
China_s Logging in Siberia Is a Source of Jobs and Worry.txt,/content/drive/MyDrive/extracted_files/trump_17-20/China_s Logging in Siberia Is a Source of Jobs and Worry.txt,0.9281581590572993,0.961361896160037,12,43,55
China_s Love-Hate Relationship With U.S. Has Xi_s Party in a Bind.txt,/content/drive/MyDrive/extracted_files/trump_17-20/China_s Love-Hate Relationship With U.S. Has Xi_s Party in a Bind.txt,0.9322148220879691,0.9202735456260475,28,37,65
China_s Media Crackdown Spreads to Hong Kong.txt,/content/drive/MyDrive/extracted_files/trump_17-20/China_s Media Crackdown Spreads to Hong Kong.txt,0.9591928571462631,0.9639837108552456,4,16,20
China_s Parliament Is a Growing Billionaires_ Club.txt,/content/drive/MyDrive/extracted_files/trump_17-20/China_s Parliament Is a Growing Billionaires_ Club.txt,0.9972589425742626,0.897987531291114,16,9,25
"China_s Party Congress Brings Crackdown on Critics, Nightclubs and Airbnb.txt","/content/drive/MyDrive/extracted_files/trump_17-20/China_s Party Congress Brings Crackdown on Critics, Nightclubs and Airbnb.txt",0.9271827285939996,0.9733903391941173,11,37,48
China_s Plan to Recognize Deadly Quake Is Scorned.txt,/content/drive/MyDrive/extracted_files/trump_17-20/China_s Plan to Recognize Deadly Quake Is Scorned.txt,0.966091302724985,0.9802398761113484,13,15,28
China_s President Presses Military Overhaul and Two Generals Fall.txt,/content/drive/MyDrive/extracted_files/trump_17-20/China_s President Presses Military Overhaul and Two Generals Fall.txt,0.9309550581439849,0.9571726662772042,31,28,59
China_s President Seeks to Carve Bigger Global Role in First Visit to Davos.txt,/content/drive/MyDrive/extracted_files/trump_17-20/China_s President Seeks to Carve Bigger Global Role in First Visit to Davos.txt,0.9795820437944852,0.9729454842480746,26,11,37
"China_s Role in Climate Change, and Possibly in Fighting It.txt","/content/drive/MyDrive/extracted_files/trump_17-20/China_s Role in Climate Change, and Possibly in Fighting It.txt",0.8992298038109489,0.9645756225328188,23,37,60
China_s Stance on Homosexuality Has Changed. Its Textbooks Haven_t.txt,/content/drive/MyDrive/extracted_files/trump_17-20/China_s Stance on Homosexuality Has Changed. Its Textbooks Haven_t.txt,0.9621050986978743,0.9698210968212648,18,44,62
China_s State-Backed Tech Is Major Trade Sore Spot for U.S.txt,/content/drive/MyDrive/extracted_files/trump_17-20/China_s State-Backed Tech Is Major Trade Sore Spot for U.S.txt,0.9533503714360689,0.9552594316311371,19,39,58
China_s Taste for Soybeans Is a Weak Spot in the Trade War With Trump.txt,/content/drive/MyDrive/extracted_files/trump_17-20/China_s Taste for Soybeans Is a Weak Spot in the Trade War With Trump.txt,0.8747431695461273,0.9596268377214108,20,53,73
China_s Top Ideologue Calls For Tight Control of Web.txt,/content/drive/MyDrive/extracted_files/trump_17-20/China_s Top Ideologue Calls For Tight Control of Web.txt,0.9902383420202467,0.9473839551210403,18,16,34
China_s Voracious Appetite for Timber Stokes Fury in Russia and Beyond.txt,/content/drive/MyDrive/extracted_files/trump_17-20/China_s Voracious Appetite for Timber Stokes Fury in Russia and Beyond.txt,0.9353649283156675,0.9715895701427849,34,49,83
China_s Weight Fuels Reversal By Trump On Foreign Aid.txt,/content/drive/MyDrive/extracted_files/trump_17-20/China_s Weight Fuels Reversal By Trump On Foreign Aid.txt,0.9676916324175321,0.918860989181619,26,38,64
Chinese Billionaire Indicted in $1.8 Billion Tariff Fraud Scheme.txt,/content/drive/MyDrive/extracted_files/trump_17-20/Chinese Billionaire Indicted in $1.8 Billion Tariff Fraud Scheme.txt,0.9412894248962402,0.9728062965653159,6,22,28
Chinese Businesswoman Found Guilty of Trespassing at Mar-a-Lago.txt,/content/drive/MyDrive/extracted_files/trump_17-20/Chinese Businesswoman Found Guilty of Trespassing at Mar-a-Lago.txt,0.8974525653398954,0.9766820073127747,13,40,53
Chinese Censors Block Work About Technology.txt,/content/drive/MyDrive/extracted_files/trump_17-20/Chinese Censors Block Work About Technology.txt,0.9240238070487976,0.9412986142881985,16,29,45
Chinese City Uses Facial Recognition for Shaming.txt,/content/drive/MyDrive/extracted_files/trump_17-20/Chinese City Uses Facial Recognition for Shaming.txt,0.8383968001917789,0.9814046121412708,19,31,50
Chinese Coffee Chain_s Scandal Renews U.S. Calls for Oversight.txt,/content/drive/MyDrive/extracted_files/trump_17-20/Chinese Coffee Chain_s Scandal Renews U.S. Calls for Oversight.txt,0.9493618786334992,0.9422875560966193,20,51,71
Chinese Envoy Is Embraced By a Warmer North Korea.txt,/content/drive/MyDrive/extracted_files/trump_17-20/Chinese Envoy Is Embraced By a Warmer North Korea.txt,0.9841726284760696,0.9679555126598903,13,7,20
Chinese Family Reportedly Paid $6.5 Million to Consultant for Spot at Stanford.txt,/content/drive/MyDrive/extracted_files/trump_17-20/Chinese Family Reportedly Paid $6.5 Million to Consultant for Spot at Stanford.txt,0.8783394694328308,0.9787564641899533,7,18,25
Chinese Fans Paid Dearly for World Cup Tickets That Never Materialized.txt,/content/drive/MyDrive/extracted_files/trump_17-20/Chinese Fans Paid Dearly for World Cup Tickets That Never Materialized.txt,0.9289618513800881,0.9721634326837002,11,39,50
Chinese Find_ This Carnivore Strayed Very Far From the Americas.txt,/content/drive/MyDrive/extracted_files/trump_17-20/Chinese Find_ This Carnivore Strayed Very Far From the Americas.txt,0.926457978785038,0.9035552612372807,8,14,22
Chinese Firm Scraps Deal to Buy Anthony Scaramucci_s Hedge Fund.txt,/content/drive/MyDrive/extracted_files/trump_17-20/Chinese Firm Scraps Deal to Buy Anthony Scaramucci_s Hedge Fund.txt,0.9830254571778434,0.9567172639071941,7,16,23
"Chinese Goods May Face 25_ Tariffs, Not 10_, as Trump_s Anger Grows.txt","/content/drive/MyDrive/extracted_files/trump_17-20/Chinese Goods May Face 25_ Tariffs, Not 10_, as Trump_s Anger Grows.txt",0.9286453723907471,0.9599947263212765,13,34,47
Chinese Intelligence Officers Accused of Stealing Aerospace Secrets.txt,/content/drive/MyDrive/extracted_files/trump_17-20/Chinese Intelligence Officers Accused of Stealing Aerospace Secrets.txt,0.8487218141555786,0.9771586837975875,5,23,28
Chinese Journalists Sought Freedom in the U.S. Now They_re in Limbo.txt,/content/drive/MyDrive/extracted_files/trump_17-20/Chinese Journalists Sought Freedom in the U.S. Now They_re in Limbo.txt,0.928395226597786,0.9728216271142702,16,37,53
Chinese Judge Blasts Trump Over Judiciary.txt,/content/drive/MyDrive/extracted_files/trump_17-20/Chinese Judge Blasts Trump Over Judiciary.txt,0.9601924602801983,0.971810443834825,13,11,24
Chinese Leader On Edge in Year Rife With Risks.txt,/content/drive/MyDrive/extracted_files/trump_17-20/Chinese Leader On Edge in Year Rife With Risks.txt,0.8898544684052467,0.9505252778530121,16,30,46
Chinese Markets Were Early to the Trade War Meltdown. Now They_re Not So Worried.txt,/content/drive/MyDrive/extracted_files/trump_17-20/Chinese Markets Were Early to the Trade War Meltdown. Now They_re Not So Worried.txt,0.8544466733932495,0.9852319359779358,5,19,24
"Chinese Military May Gain From Western University Ties, Report Warns.txt","/content/drive/MyDrive/extracted_files/trump_17-20/Chinese Military May Gain From Western University Ties, Report Warns.txt",0.9270843575077672,0.9400352065761884,31,24,55
Chinese Official Calls Turmoil in Hong Kong Worst Since 1997 Handover.txt,/content/drive/MyDrive/extracted_files/trump_17-20/Chinese Official Calls Turmoil in Hong Kong Worst Since 1997 Handover.txt,0.8723738710085551,0.9482579278318506,15,38,53
"Chinese Restaurants Are Closing. That_s a Good Thing, the Owners Say.txt","/content/drive/MyDrive/extracted_files/trump_17-20/Chinese Restaurants Are Closing. That_s a Good Thing, the Owners Say.txt",0.9738594144582748,0.9327975924198444,36,52,88
Chinese Ship Is Deployed Near Taiwan.txt,/content/drive/MyDrive/extracted_files/trump_17-20/Chinese Ship Is Deployed Near Taiwan.txt,0.9572072178125381,0.907970917224884,4,5,9
Chinese Tech Company Blocked From Buying American Components.txt,/content/drive/MyDrive/extracted_files/trump_17-20/Chinese Tech Company Blocked From Buying American Components.txt,0.9657533288002014,0.9366102516651154,10,30,40
Chinese Tech Giant Faces Death Sentence in a New U.S. Cold War.txt,/content/drive/MyDrive/extracted_files/trump_17-20/Chinese Tech Giant Faces Death Sentence in a New U.S. Cold War.txt,0.9473958084216485,0.9283179280658563,26,48,74
Chinese Tech Giant Scrambles to Save Business in Australia.txt,/content/drive/MyDrive/extracted_files/trump_17-20/Chinese Tech Giant Scrambles to Save Business in Australia.txt,0.9722089086260114,0.9642044650880914,28,19,47
Chinese-Australian Writer Yang Hengjun Detained in China.txt,/content/drive/MyDrive/extracted_files/trump_17-20/Chinese-Australian Writer Yang Hengjun Detained in China.txt,0.9418183778013501,0.9519245747257682,14,34,48
Cirque du Soleil Buys Blue Man Group.txt,/content/drive/MyDrive/extracted_files/trump_17-20/Cirque du Soleil Buys Blue Man Group.txt,0.9739779215306044,0.9410348676499867,32,21,53
"Citing New Security Law, U.S. Warns of Hong Kong Travel Risk.txt","/content/drive/MyDrive/extracted_files/trump_17-20/Citing New Security Law, U.S. Warns of Hong Kong Travel Risk.txt",0.9259291092554728,0.9854554459452629,3,16,19
Climate Change May Be Intensifying China_s Smog Crisis.txt,/content/drive/MyDrive/extracted_files/trump_17-20/Climate Change May Be Intensifying China_s Smog Crisis.txt,0.814540445804596,0.9463573396205902,8,32,40
Colleagues Voice Shock at Princeton University Scholar_s Spying Conviction in Iran.txt,/content/drive/MyDrive/extracted_files/trump_17-20/Colleagues Voice Shock at Princeton University Scholar_s Spying Conviction in Iran.txt,0.9748950302600861,0.9318649207844454,14,17,31
Coming Close to Nuclear Holocaust_nonfiction.txt,/content/drive/MyDrive/extracted_files/trump_17-20/Coming Close to Nuclear Holocaust_nonfiction.txt,0.9207604442323957,0.94840240975221,21,12,33
Communist Party Steps Out of Shadows in Hong Kong.txt,/content/drive/MyDrive/extracted_files/trump_17-20/Communist Party Steps Out of Shadows in Hong Kong.txt,0.9825925961617501,0.9291714388270711,31,43,74
Companies Hint That Investors Are Right to Fret About Growth.txt,/content/drive/MyDrive/extracted_files/trump_17-20/Companies Hint That Investors Are Right to Fret About Growth.txt,0.8980039264026441,0.9697527246815818,19,42,61
Consider the Virus_s Point of View.txt,/content/drive/MyDrive/extracted_files/trump_17-20/Consider the Virus_s Point of View.txt,0.9151440899480473,0.9594065106832064,44,65,109
Coronavirus Adds to Pressure for U.S. Oil Industry.txt,/content/drive/MyDrive/extracted_files/trump_17-20/Coronavirus Adds to Pressure for U.S. Oil Industry.txt,0.9626169630459377,0.9763981292887431,7,41,48
Coronavirus Lockdowns Torment an Army of Poor Migrant Workers in China.txt,/content/drive/MyDrive/extracted_files/trump_17-20/Coronavirus Lockdowns Torment an Army of Poor Migrant Workers in China.txt,0.8650343954563141,0.9800520344422414,10,52,62
Coronavirus Outbreak Sours Japan on Chinese Tourist Boom.txt,/content/drive/MyDrive/extracted_files/trump_17-20/Coronavirus Outbreak Sours Japan on Chinese Tourist Boom.txt,0.932446989748213,0.955014371102856,18,31,49
"Coronavirus Stalls Milan, Italy_s Economic Engine.txt","/content/drive/MyDrive/extracted_files/trump_17-20/Coronavirus Stalls Milan, Italy_s Economic Engine.txt",0.9340963590712774,0.9774233827403948,21,51,72
Coronavirus_ Revenge of the Pangolins_.txt,/content/drive/MyDrive/extracted_files/trump_17-20/Coronavirus_ Revenge of the Pangolins_.txt,0.907717764377594,0.9738712518714195,16,43,59
Countdown To China_s Sci-Fi Era.txt,/content/drive/MyDrive/extracted_files/trump_17-20/Countdown To China_s Sci-Fi Era.txt,0.9836311683510289,0.9004463666961307,33,21,54
Court in China Freezes Internet Tycoon_s Assets.txt,/content/drive/MyDrive/extracted_files/trump_17-20/Court in China Freezes Internet Tycoon_s Assets.txt,0.8806456526120504,0.9387353459993998,6,21,27
Covid-19 Arrived in Seattle. Where It Went From There Stunned the Scientists.txt,/content/drive/MyDrive/extracted_files/trump_17-20/Covid-19 Arrived in Seattle. Where It Went From There Stunned the Scientists.txt,0.9203574448018461,0.9530492183708009,37,84,121
Crazy Work Hours and Lots of Cameras_ Silicon Valley Goes to China_The New New World.txt,/content/drive/MyDrive/extracted_files/trump_17-20/Crazy Work Hours and Lots of Cameras_ Silicon Valley Goes to China_The New New World.txt,0.9771683178842068,0.9421472492672148,32,42,74
Criticism Intensifies of President_s Calls for Inquiries Into Rivals.txt,/content/drive/MyDrive/extracted_files/trump_17-20/Criticism Intensifies of President_s Calls for Inquiries Into Rivals.txt,0.941595713297526,0.9627756911355096,18,37,55
Daily Report_ American Jobs and Chinese Robots_Bits.txt,/content/drive/MyDrive/extracted_files/trump_17-20/Daily Report_ American Jobs and Chinese Robots_Bits.txt,0.9064812461535136,0.9760352117674691,9,21,30
"Daines Holds Off Bullock in Montana, Keeping Key Senate Seat in G.O.P. Hands.txt","/content/drive/MyDrive/extracted_files/trump_17-20/Daines Holds Off Bullock in Montana, Keeping Key Senate Seat in G.O.P. Hands.txt",0.8527608752250672,0.925212772992941,10,13,23
"Dalai Lama_s Journey Provokes China, and Hints at His Heir.txt","/content/drive/MyDrive/extracted_files/trump_17-20/Dalai Lama_s Journey Provokes China, and Hints at His Heir.txt",0.9535608152548473,0.9445453104765519,30,23,53
Daryl Morey Steps Down as G.M. of the Houston Rockets.txt,/content/drive/MyDrive/extracted_files/trump_17-20/Daryl Morey Steps Down as G.M. of the Houston Rockets.txt,0.9667418701895352,0.9697107434272766,29,15,44
"Days After Meeting Trump in Singapore, Kim Returns to China With Leverage.txt","/content/drive/MyDrive/extracted_files/trump_17-20/Days After Meeting Trump in Singapore, Kim Returns to China With Leverage.txt",0.9786428326652163,0.9281563049270993,21,21,42
"Defying Beijing, Voters In Hong Kong Endorse Protest Leaders in Primary.txt","/content/drive/MyDrive/extracted_files/trump_17-20/Defying Beijing, Voters In Hong Kong Endorse Protest Leaders in Primary.txt",0.9739886671304703,0.983882753799359,20,48,68
"Defying Revolution in China, With Selfies.txt","/content/drive/MyDrive/extracted_files/trump_17-20/Defying Revolution in China, With Selfies.txt",0.9479348103205363,0.9846032134124211,30,28,58
Delay in Huawei Ban Is Sought by White House Budget Office.txt,/content/drive/MyDrive/extracted_files/trump_17-20/Delay in Huawei Ban Is Sought by White House Budget Office.txt,0.8169056653976441,0.9847972393035889,5,19,24
Democracy_s demise in Hong Kong.txt,/content/drive/MyDrive/extracted_files/trump_17-20/Democracy_s demise in Hong Kong.txt,0.9518945664167404,0.982288658618927,12,31,43
Democrats Pledge to Alter Trade. Problem_ Trump Beat Them to It.txt,/content/drive/MyDrive/extracted_files/trump_17-20/Democrats Pledge to Alter Trade. Problem_ Trump Beat Them to It.txt,0.8925706510958464,0.9494383179623148,23,46,69
Designers Flock to City Of Flip-Flops And T-Shirts.txt,/content/drive/MyDrive/extracted_files/trump_17-20/Designers Flock to City Of Flip-Flops And T-Shirts.txt,0.9716427871159145,0.9242252877780369,35,21,56
Did Trump Drop 2-State Policy_ Mideast Experts Say Don_t Be So Sure_White House Memo.txt,/content/drive/MyDrive/extracted_files/trump_17-20/Did Trump Drop 2-State Policy_ Mideast Experts Say Don_t Be So Sure_White House Memo.txt,0.9460492559841701,0.9606552282969157,14,30,44
"Didi Chuxing, a Chinese Rival to Uber, Raises $4 Billion.txt","/content/drive/MyDrive/extracted_files/trump_17-20/Didi Chuxing, a Chinese Rival to Uber, Raises $4 Billion.txt",0.9302807287736372,0.9781273305416107,11,6,17
Director Returns Home With _Liberating_ Vision.txt,/content/drive/MyDrive/extracted_files/trump_17-20/Director Returns Home With _Liberating_ Vision.txt,0.9881211186564246,0.9418809273663689,43,17,60
Disarray Plagues U.S. Companies_ Efforts to Win Tariff Exemptions.txt,/content/drive/MyDrive/extracted_files/trump_17-20/Disarray Plagues U.S. Companies_ Efforts to Win Tariff Exemptions.txt,0.8932242512702941,0.9768354445695877,10,44,54
Disease.txt,/content/drive/MyDrive/extracted_files/trump_17-20/Disease.txt,0.936499861734254,0.9165216982364655,28,22,50
Disney Wanted to Make a Splash in China With _Mulan._ It Stumbled Instead.txt,/content/drive/MyDrive/extracted_files/trump_17-20/Disney Wanted to Make a Splash in China With _Mulan._ It Stumbled Instead.txt,0.9444782180445535,0.984868863843522,42,53,95
Doctors Say Chinese Dissident Is Fit To Travel Abroad for Cancer Treatment.txt,/content/drive/MyDrive/extracted_files/trump_17-20/Doctors Say Chinese Dissident Is Fit To Travel Abroad for Cancer Treatment.txt,0.9167096359389169,0.9288055176536242,7,24,31
Dodging Police as Clampdown Reshapes a Silk Road City.txt,/content/drive/MyDrive/extracted_files/trump_17-20/Dodging Police as Clampdown Reshapes a Silk Road City.txt,0.9103293825279583,0.9411079029242198,44,60,104
"Domestic Malaise, as Well as Trade Woes, Retards China Growth.txt","/content/drive/MyDrive/extracted_files/trump_17-20/Domestic Malaise, as Well as Trade Woes, Retards China Growth.txt",0.9429588185416328,0.9331586502847218,9,42,51
Don_t Ban TikTok. Make an Example of It._The Shift.txt,/content/drive/MyDrive/extracted_files/trump_17-20/Don_t Ban TikTok. Make an Example of It._The Shift.txt,0.8890639841556549,0.9755147397518158,14,42,56
Don_t Even Try Paying Cash in China_on tech.txt,/content/drive/MyDrive/extracted_files/trump_17-20/Don_t Even Try Paying Cash in China_on tech.txt,0.953801634311676,0.9522138392925262,25,50,75
Doubts Grow Over China_s Tree Program.txt,/content/drive/MyDrive/extracted_files/trump_17-20/Doubts Grow Over China_s Tree Program.txt,0.9119138345122337,0.955809935927391,8,12,20
DreamWorks Film _Abominable_ Is Pulled by Vietnam Over Chinese Map Scene.txt,/content/drive/MyDrive/extracted_files/trump_17-20/DreamWorks Film _Abominable_ Is Pulled by Vietnam Over Chinese Map Scene.txt,0.9589630535670689,0.9347212910652161,7,15,22
"Eastern China Is Source of Banned Gas That Damages Ozone Layer, Study Finds.txt","/content/drive/MyDrive/extracted_files/trump_17-20/Eastern China Is Source of Banned Gas That Damages Ozone Layer, Study Finds.txt",0.9218074627544569,0.9619530035603431,23,31,54
Economic Trouble Signs Hang Over Trump_s Trade War_News Analysis.txt,/content/drive/MyDrive/extracted_files/trump_17-20/Economic Trouble Signs Hang Over Trump_s Trade War_News Analysis.txt,0.8968203701078892,0.9682174269109964,16,32,48
Egyptian Police Detain Uighurs and Deport Them to China.txt,/content/drive/MyDrive/extracted_files/trump_17-20/Egyptian Police Detain Uighurs and Deport Them to China.txt,0.846725324789683,0.9559324635909154,3,26,29
Einstein the Anti-Racist_ Not in His Travel Diaries.txt,/content/drive/MyDrive/extracted_files/trump_17-20/Einstein the Anti-Racist_ Not in His Travel Diaries.txt,0.9748371491829554,0.939431425503322,24,35,59
Emerging Market Stocks Have Come Roaring Back. Can They Go Any Higher__Fundamentally.txt,/content/drive/MyDrive/extracted_files/trump_17-20/Emerging Market Stocks Have Come Roaring Back. Can They Go Any Higher__Fundamentally.txt,0.9287421272860633,0.9417171515524387,18,16,34
English Premier League Terminates China TV Agreement Amid Dispute.txt,/content/drive/MyDrive/extracted_files/trump_17-20/English Premier League Terminates China TV Agreement Amid Dispute.txt,0.9085424616932869,0.9619061288080717,8,19,27
"Equipment for Military, _Made in the U.S.A.,_ Was From China.txt","/content/drive/MyDrive/extracted_files/trump_17-20/Equipment for Military, _Made in the U.S.A.,_ Was From China.txt",0.8223104923963547,0.9751813728362322,4,32,36
Ethnic Chinese In Australia See Suspicions Rise.txt,/content/drive/MyDrive/extracted_files/trump_17-20/Ethnic Chinese In Australia See Suspicions Rise.txt,0.9629009936166846,0.9503071243698532,23,37,60
Europe and Asia Move to Bolster Global Systems That Trump Has Attacked.txt,/content/drive/MyDrive/extracted_files/trump_17-20/Europe and Asia Move to Bolster Global Systems That Trump Has Attacked.txt,0.9502491311329168,0.950676529303841,41,23,64
Every One of the World_s Big Economies Is Now Growing.txt,/content/drive/MyDrive/extracted_files/trump_17-20/Every One of the World_s Big Economies Is Now Growing.txt,0.9588917763002457,0.9562312637056624,31,35,66
"Evidence Links North Korea to Cyberattack, but China Stays Mute.txt","/content/drive/MyDrive/extracted_files/trump_17-20/Evidence Links North Korea to Cyberattack, but China Stays Mute.txt",0.8363898495833079,0.9449732573259444,12,42,54
Ex-C.I.A. Officer Indicted in Dismantling of U.S. Informant Network in China.txt,/content/drive/MyDrive/extracted_files/trump_17-20/Ex-C.I.A. Officer Indicted in Dismantling of U.S. Informant Network in China.txt,0.901206910610199,0.942346278578043,7,16,23
Ex-Chief of Chinese Lender Swept Up in Crackdown.txt,/content/drive/MyDrive/extracted_files/trump_17-20/Ex-Chief of Chinese Lender Swept Up in Crackdown.txt,0.9314988363872875,0.9778688699007034,11,24,35
Ex-Employee at U.K. Consulate Says China Tortured Him.txt,/content/drive/MyDrive/extracted_files/trump_17-20/Ex-Employee at U.K. Consulate Says China Tortured Him.txt,0.9318120525433466,0.9540991993511424,13,34,47
Ex-Official Is Said to Spy For Chinese.txt,/content/drive/MyDrive/extracted_files/trump_17-20/Ex-Official Is Said to Spy For Chinese.txt,0.9807344079017639,0.9621871590614319,1,15,16
Examining U.S. Deals Made With Asia That the President Says Are Worth Billions.txt,/content/drive/MyDrive/extracted_files/trump_17-20/Examining U.S. Deals Made With Asia That the President Says Are Worth Billions.txt,0.9406934701479398,0.947779156267643,13,32,45
Explaining the attraction of contemporary art.txt,/content/drive/MyDrive/extracted_files/trump_17-20/Explaining the attraction of contemporary art.txt,0.9733436921468148,0.9703421321782199,52,22,74
"Explosion Rocks Industrial Zone in Eastern China, Killing 47.txt","/content/drive/MyDrive/extracted_files/trump_17-20/Explosion Rocks Industrial Zone in Eastern China, Killing 47.txt",0.9878102988004684,0.9845772319369845,4,18,22
Extradition Plan Draws Ire of Hong Kong Residents.txt,/content/drive/MyDrive/extracted_files/trump_17-20/Extradition Plan Draws Ire of Hong Kong Residents.txt,0.9217969179153442,0.9703595767850461,12,46,58
F.C.C. Plans to Block China Mobile From U.S.txt,/content/drive/MyDrive/extracted_files/trump_17-20/F.C.C. Plans to Block China Mobile From U.S.txt,0.9519034349001371,0.9360021840442311,13,22,35
"F.D.A. Halts Overseas Inspections of Drugs and Devices, Citing Coronavirus.txt","/content/drive/MyDrive/extracted_files/trump_17-20/F.D.A. Halts Overseas Inspections of Drugs and Devices, Citing Coronavirus.txt",0.8238411583006382,0.9449484021432938,16,31,47
F.D.A. to Allow Use of KN95 Masks Approved by China.txt,/content/drive/MyDrive/extracted_files/trump_17-20/F.D.A. to Allow Use of KN95 Masks Approved by China.txt,0.8288622399171194,0.9566340527751229,6,22,28
Facebook Briefly Suspends Account of Outspoken Chinese Billionaire.txt,/content/drive/MyDrive/extracted_files/trump_17-20/Facebook Briefly Suspends Account of Outspoken Chinese Billionaire.txt,0.9431349515914917,0.975989240866441,5,26,31
Facebook Questions Beijing Law Chilling Hong Kong.txt,/content/drive/MyDrive/extracted_files/trump_17-20/Facebook Questions Beijing Law Chilling Hong Kong.txt,0.869787851969401,0.98716257236622,12,27,39
"Family Trails, Blazed in Canada.txt","/content/drive/MyDrive/extracted_files/trump_17-20/Family Trails, Blazed in Canada.txt",0.9618588655159391,0.9527916719516119,58,60,118
"Far From Home and Censors, Some Chinese Students Protest Xi_s Power Move.txt","/content/drive/MyDrive/extracted_files/trump_17-20/Far From Home and Censors, Some Chinese Students Protest Xi_s Power Move.txt",0.9698226034641266,0.9253109047810236,10,24,34
Farmers Stung By Trade Strife Get $16 Billion.txt,/content/drive/MyDrive/extracted_files/trump_17-20/Farmers Stung By Trade Strife Get $16 Billion.txt,0.8535002250420419,0.9609043105788853,19,46,65
Farmers Tense And G.O.P. Torn Over Trade War.txt,/content/drive/MyDrive/extracted_files/trump_17-20/Farmers Tense And G.O.P. Torn Over Trade War.txt,0.87383991166165,0.9448616894808682,19,55,74
"Fate in Peril, Toshiba Puts Crown Jewel Up for Bids.txt","/content/drive/MyDrive/extracted_files/trump_17-20/Fate in Peril, Toshiba Puts Crown Jewel Up for Bids.txt",0.915472503970651,0.979390709740775,17,35,52
Favors and Largess Eased Deutsche Into China.txt,/content/drive/MyDrive/extracted_files/trump_17-20/Favors and Largess Eased Deutsche Into China.txt,0.9435904411708608,0.9292579445074189,85,106,191
Fed Asks if It Took Away the Punch Bowl Too Soon.txt,/content/drive/MyDrive/extracted_files/trump_17-20/Fed Asks if It Took Away the Punch Bowl Too Soon.txt,0.9246282458305359,0.9834513940981456,10,28,38
Fed Signals That a Rate Cut Remains Possible.txt,/content/drive/MyDrive/extracted_files/trump_17-20/Fed Signals That a Rate Cut Remains Possible.txt,0.9411353554044452,0.9744637191295624,14,30,44
Federal 5G Network Proposal Is Panned by F.C.C. and Industry.txt,/content/drive/MyDrive/extracted_files/trump_17-20/Federal 5G Network Proposal Is Panned by F.C.C. and Industry.txt,0.9049376520243558,0.9611548943953081,11,22,33
"Federal Judge Halts Trump_s Ban on WeChat, Citing First Amendment.txt","/content/drive/MyDrive/extracted_files/trump_17-20/Federal Judge Halts Trump_s Ban on WeChat, Citing First Amendment.txt",0.8570360881941659,0.9686659220606089,7,32,39
Federal Judge Orders a Chinese Billionaire to Prison.txt,/content/drive/MyDrive/extracted_files/trump_17-20/Federal Judge Orders a Chinese Billionaire to Prison.txt,0.9839932322502136,0.9744409555974214,1,23,24
Federal Retirement Fund Halts Planned China Investment Under Pressure.txt,/content/drive/MyDrive/extracted_files/trump_17-20/Federal Retirement Fund Halts Planned China Investment Under Pressure.txt,0.9003950854142507,0.9679650171943333,6,23,29
Fiat Chrysler and Renault Discuss a Potential Alliance.txt,/content/drive/MyDrive/extracted_files/trump_17-20/Fiat Chrysler and Renault Discuss a Potential Alliance.txt,0.8947842001914978,0.9554412698745728,10,25,35
FIFA Revenue May Surge With China_s Help.txt,/content/drive/MyDrive/extracted_files/trump_17-20/FIFA Revenue May Surge With China_s Help.txt,0.9049576024214426,0.9483010351657868,12,20,32
Film by Beijing Students Explores Being Young and Transgender in China.txt,/content/drive/MyDrive/extracted_files/trump_17-20/Film by Beijing Students Explores Being Young and Transgender in China.txt,0.9793824648857117,0.9316531951938357,25,28,53
Finding Joy in the Unknown_State of the unions.txt,/content/drive/MyDrive/extracted_files/trump_17-20/Finding Joy in the Unknown_State of the unions.txt,0.9718214858461309,0.968161738280094,54,33,87
First Confirmed Diagnosis In Nigeria Adds Pressure On a Weak Health System.txt,/content/drive/MyDrive/extracted_files/trump_17-20/First Confirmed Diagnosis In Nigeria Adds Pressure On a Weak Health System.txt,0.9310705249126141,0.9668031018227339,13,32,45
Five Blunt Truths About the North Korea Crisis_Nicholas Kristof.txt,/content/drive/MyDrive/extracted_files/trump_17-20/Five Blunt Truths About the North Korea Crisis_Nicholas Kristof.txt,0.9561225955302899,0.9653976401861977,13,34,47
"Five Years Ago Saturday, a Turning Point for Hong Kong and China.txt","/content/drive/MyDrive/extracted_files/trump_17-20/Five Years Ago Saturday, a Turning Point for Hong Kong and China.txt",0.9144676095909543,0.9459733927951139,18,34,52
Floored.txt,/content/drive/MyDrive/extracted_files/trump_17-20/Floored.txt,0.932250452575399,0.9572283151118379,67,152,219
Florida Judge Strikes Down Order Requiring Schools to Physically Reopen Amid Covid-19 Risks.txt,/content/drive/MyDrive/extracted_files/trump_17-20/Florida Judge Strikes Down Order Requiring Schools to Physically Reopen Amid Covid-19 Risks.txt,0.9033620129613316,0.9559320367998996,68,236,304
"For Couriers, China_s E-Commerce Boom Can Be a Tough Road.txt","/content/drive/MyDrive/extracted_files/trump_17-20/For Couriers, China_s E-Commerce Boom Can Be a Tough Road.txt",0.9411384871131495,0.9608934476690473,19,53,72
"For Refusing a Drink With the Boss, He Was Slapped in the Face.txt","/content/drive/MyDrive/extracted_files/trump_17-20/For Refusing a Drink With the Boss, He Was Slapped in the Face.txt",0.8922418696539742,0.9550930449837133,14,38,52
Foreign Deals May Face New Scrutiny.txt,/content/drive/MyDrive/extracted_files/trump_17-20/Foreign Deals May Face New Scrutiny.txt,0.9461932107806206,0.9411712537209193,16,24,40
"Foreign Journalist_s Expulsion _Sends a Chilling Message,_ Hong Kong Is Told.txt","/content/drive/MyDrive/extracted_files/trump_17-20/Foreign Journalist_s Expulsion _Sends a Chilling Message,_ Hong Kong Is Told.txt",0.955521397292614,0.9398859090664807,16,34,50
Forget the Bottle of Wine.txt,/content/drive/MyDrive/extracted_files/trump_17-20/Forget the Bottle of Wine.txt,0.9618264922389278,0.9008305439582238,54,13,67
"Forget TikTok. China_s Powerhouse App Is WeChat, and Its Power Is Sweeping.txt","/content/drive/MyDrive/extracted_files/trump_17-20/Forget TikTok. China_s Powerhouse App Is WeChat, and Its Power Is Sweeping.txt",0.9544940101248878,0.9659882719318073,56,120,176
Former C.I.A. Officer Sentenced to 20 Years After Spying for China.txt,/content/drive/MyDrive/extracted_files/trump_17-20/Former C.I.A. Officer Sentenced to 20 Years After Spying for China.txt,0.9102697637346056,0.9268758197625478,9,18,27
Former Hong Kong Official Pleads Not Guilty in Africa Bribery Case.txt,/content/drive/MyDrive/extracted_files/trump_17-20/Former Hong Kong Official Pleads Not Guilty in Africa Bribery Case.txt,0.9096337755521139,0.985394628608928,6,17,23
"Fossilized Fledglings_ What the Pterosaurs Left for Breakfast_ Sixteen Dozen Eggs, All Unscrambled.txt","/content/drive/MyDrive/extracted_files/trump_17-20/Fossilized Fledglings_ What the Pterosaurs Left for Breakfast_ Sixteen Dozen Eggs, All Unscrambled.txt",0.9045949073938223,0.9486588550650555,13,23,36
"Four Years After Declaring War on Pollution, China Is Winning.txt","/content/drive/MyDrive/extracted_files/trump_17-20/Four Years After Declaring War on Pollution, China Is Winning.txt",0.9087781281698317,0.9477408657903257,21,23,44
France Revisited During a Tumultuous 1968.txt,/content/drive/MyDrive/extracted_files/trump_17-20/France Revisited During a Tumultuous 1968.txt,0.9550732605987124,0.9527055025100708,18,11,29
"From Antiques to Backpacks and Christmas Lights, Consumers Will Feel the Pinch.txt","/content/drive/MyDrive/extracted_files/trump_17-20/From Antiques to Backpacks and Christmas Lights, Consumers Will Feel the Pinch.txt",0.8431664228439331,0.9588428457578023,5,30,35
"From the Shadows, China_s Communist Party Mobilizes Against Hong Kong Protests.txt","/content/drive/MyDrive/extracted_files/trump_17-20/From the Shadows, China_s Communist Party Mobilizes Against Hong Kong Protests.txt",0.9567623161352597,0.9489106203234473,26,43,69
Furry Casualties of the Trade War.txt,/content/drive/MyDrive/extracted_files/trump_17-20/Furry Casualties of the Trade War.txt,0.9598745803038279,0.9845521231086887,12,49,61
Galleries.txt,/content/drive/MyDrive/extracted_files/trump_17-20/Galleries.txt,0.9250123707147745,0.945435131297392,26,17,43
Germany Nears Recession and Chinese Factories Slow in Trade War Fallout.txt,/content/drive/MyDrive/extracted_files/trump_17-20/Germany Nears Recession and Chinese Factories Slow in Trade War Fallout.txt,0.960708275437355,0.9754243248548263,8,39,47
Germany_s Lessons for China and America.txt,/content/drive/MyDrive/extracted_files/trump_17-20/Germany_s Lessons for China and America.txt,0.9548502219350714,0.9579912424087524,19,33,52
Global Big Spenders_ Shares Plunge After China Warns of Hidden Risks.txt,/content/drive/MyDrive/extracted_files/trump_17-20/Global Big Spenders_ Shares Plunge After China Warns of Hidden Risks.txt,0.891440749168396,0.9670307546854019,1,20,21
Global Luxury Market Feels Effects of a Virus.txt,/content/drive/MyDrive/extracted_files/trump_17-20/Global Luxury Market Feels Effects of a Virus.txt,0.905637868813106,0.9735040565331777,14,30,44
Global Stocks Drop Amid a Worsening Economic Outlook in China.txt,/content/drive/MyDrive/extracted_files/trump_17-20/Global Stocks Drop Amid a Worsening Economic Outlook in China.txt,0.9800396760304769,0.9952021084333721,3,19,22
Global Ties Drag Profits At American Companies.txt,/content/drive/MyDrive/extracted_files/trump_17-20/Global Ties Drag Profits At American Companies.txt,0.9539071754975752,0.9719586372375488,11,21,32
Globe_s Indelible Mark_ Trump _.txt,/content/drive/MyDrive/extracted_files/trump_17-20/Globe_s Indelible Mark_ Trump _.txt,0.9485585888226827,0.9034784930092948,27,35,62
Goldman Sachs Leads Big Bank Rally.txt,/content/drive/MyDrive/extracted_files/trump_17-20/Goldman Sachs Leads Big Bank Rally.txt,0.920277320421659,0.969887877886112,13,26,39
Good Air Quality May Depend on You.txt,/content/drive/MyDrive/extracted_files/trump_17-20/Good Air Quality May Depend on You.txt,0.9266643933951855,0.9625944265952477,16,26,42
Google Employees Protest Secret Work on Censored Search Engine for China.txt,/content/drive/MyDrive/extracted_files/trump_17-20/Google Employees Protest Secret Work on Censored Search Engine for China.txt,0.9556310065090656,0.9678582567157168,16,33,49
Google Missed Out on China. Can It Flourish in India_.txt,/content/drive/MyDrive/extracted_files/trump_17-20/Google Missed Out on China. Can It Flourish in India_.txt,0.9548636972904205,0.9130473043769598,20,32,52
"Google, Seeking a Return to China, Is Said to Be Building a Censored Search Engine.txt","/content/drive/MyDrive/extracted_files/trump_17-20/Google, Seeking a Return to China, Is Said to Be Building a Censored Search Engine.txt",0.9699830954725092,0.9641045042962739,11,33,44
Great Leap Backward.txt,/content/drive/MyDrive/extracted_files/trump_17-20/Great Leap Backward.txt,0.9643991873377845,0.9580465338446877,21,22,43
Great Walls.txt,/content/drive/MyDrive/extracted_files/trump_17-20/Great Walls.txt,0.9726786845553238,0.9289431757397122,113,90,203
Guggenheim Exhibit With Video of Dogs Trying to Fight Stirs Criticism.txt,/content/drive/MyDrive/extracted_files/trump_17-20/Guggenheim Exhibit With Video of Dogs Trying to Fight Stirs Criticism.txt,0.957739494740963,0.927534266312917,8,15,23
"He Had Never Sold a Ventilator, but He Still Got an $86 Million Deal.txt","/content/drive/MyDrive/extracted_files/trump_17-20/He Had Never Sold a Ventilator, but He Still Got an $86 Million Deal.txt",0.9746110002199809,0.9769668479760488,15,66,81
He Has Reason To Smile.txt,/content/drive/MyDrive/extracted_files/trump_17-20/He Has Reason To Smile.txt,0.9403929733313047,0.9086463618278503,26,25,51
"He Travels The World For Deals, So He Says.txt","/content/drive/MyDrive/extracted_files/trump_17-20/He Travels The World For Deals, So He Says.txt",0.967424194018046,0.9701765458634559,48,47,95
He Tweeted About Chinese Government Corruption. Twitter Suspended His Account.txt,/content/drive/MyDrive/extracted_files/trump_17-20/He Tweeted About Chinese Government Corruption. Twitter Suspended His Account.txt,0.8965785702069601,0.9703152460210464,3,17,20
Health Care and Tech Lead Markets Lower.txt,/content/drive/MyDrive/extracted_files/trump_17-20/Health Care and Tech Lead Markets Lower.txt,0.9404972642660141,0.9737490915483044,8,31,39
Here_s How Wuhan Plans to Test All 11 Million of Its People for Coronavirus.txt,/content/drive/MyDrive/extracted_files/trump_17-20/Here_s How Wuhan Plans to Test All 11 Million of Its People for Coronavirus.txt,0.897146463394165,0.9702985375485522,13,47,60
HNA Seeking Direct Bridge to Washington.txt,/content/drive/MyDrive/extracted_files/trump_17-20/HNA Seeking Direct Bridge to Washington.txt,0.8687353134155273,0.9910267740488052,8,8,16
Hollywood Courts China on Two Fronts.txt,/content/drive/MyDrive/extracted_files/trump_17-20/Hollywood Courts China on Two Fronts.txt,0.970748633146286,0.9667100554162805,16,22,38
Hollywood_s Pitch to China.txt,/content/drive/MyDrive/extracted_files/trump_17-20/Hollywood_s Pitch to China.txt,0.9167679217126634,0.9480292359987895,18,30,48
Hong Kong Arrests 75 After Sweep On Sex Trade.txt,/content/drive/MyDrive/extracted_files/trump_17-20/Hong Kong Arrests 75 After Sweep On Sex Trade.txt,0.8490470250447592,0.9767451524734497,3,10,13
Hong Kong Arrests Lawmakers and Bars Another Journalist.txt,/content/drive/MyDrive/extracted_files/trump_17-20/Hong Kong Arrests Lawmakers and Bars Another Journalist.txt,0.9279160300890604,0.9796487800776958,12,48,60
"Hong Kong Bans Tiananmen Vigil for 1st Time, in New Challenge to Protests.txt","/content/drive/MyDrive/extracted_files/trump_17-20/Hong Kong Bans Tiananmen Vigil for 1st Time, in New Challenge to Protests.txt",0.9304215908050537,0.9381485441151787,8,17,25
Hong Kong Charges 2 In Train Station Attack.txt,/content/drive/MyDrive/extracted_files/trump_17-20/Hong Kong Charges 2 In Train Station Attack.txt,0.8438011050224304,0.9735963547771628,10,44,54
Hong Kong Colleges Become Besieged Citadels as Police Close In.txt,/content/drive/MyDrive/extracted_files/trump_17-20/Hong Kong Colleges Become Besieged Citadels as Police Close In.txt,0.9568313282469044,0.9584376309432235,23,51,74
Hong Kong Convulsed by Protest as Police Fire Tear Gas Into Subway.txt,/content/drive/MyDrive/extracted_files/trump_17-20/Hong Kong Convulsed by Protest as Police Fire Tear Gas Into Subway.txt,0.9641232848167419,0.9868081688880921,10,35,45
"Hong Kong Delays Election, Citing Coronavirus. The Opposition Isn_t Buying It.txt","/content/drive/MyDrive/extracted_files/trump_17-20/Hong Kong Delays Election, Citing Coronavirus. The Opposition Isn_t Buying It.txt",0.935618656873703,0.9600599187871685,10,46,56
"Hong Kong Denies Entry to Human Rights Watch Director, Group Says.txt","/content/drive/MyDrive/extracted_files/trump_17-20/Hong Kong Denies Entry to Human Rights Watch Director, Group Says.txt",0.9200803995132446,0.9564638257026672,5,25,30
"Hong Kong Ennui, Animated.txt","/content/drive/MyDrive/extracted_files/trump_17-20/Hong Kong Ennui, Animated.txt",0.9702359349639328,0.9566072126229604,27,24,51
"Hong Kong Has Lost Autonomy, Pompeo Says, Opening Door to U.S. Action.txt","/content/drive/MyDrive/extracted_files/trump_17-20/Hong Kong Has Lost Autonomy, Pompeo Says, Opening Door to U.S. Action.txt",0.9394125808030367,0.9528304589422125,32,38,70
Hong Kong Leader_s Annual Speech Is Disrupted by Jeering Lawmakers.txt,/content/drive/MyDrive/extracted_files/trump_17-20/Hong Kong Leader_s Annual Speech Is Disrupted by Jeering Lawmakers.txt,0.9342024156025478,0.9533038620025881,7,31,38
Hong Kong Legislators Brawl Amid Fears Over Widening Chinese Control.txt,/content/drive/MyDrive/extracted_files/trump_17-20/Hong Kong Legislators Brawl Amid Fears Over Widening Chinese Control.txt,0.9244641065597534,0.9934135211838616,6,18,24
Hong Kong March_ Vast Protest of Extradition Bill Shows Fear of Eroding Freedoms.txt,/content/drive/MyDrive/extracted_files/trump_17-20/Hong Kong March_ Vast Protest of Extradition Bill Shows Fear of Eroding Freedoms.txt,0.8920733701615107,0.9482137537470051,21,51,72
Hong Kong May Ban Political Party That Seeks Independence From China.txt,/content/drive/MyDrive/extracted_files/trump_17-20/Hong Kong May Ban Political Party That Seeks Independence From China.txt,0.9832895636558533,0.9376587085425854,5,16,21
Hong Kong Police End 2-Week Campus Siege.txt,/content/drive/MyDrive/extracted_files/trump_17-20/Hong Kong Police End 2-Week Campus Siege.txt,0.9749252915382385,0.9539094451935061,5,31,36
Hong Kong Protests Spread to Airport as City Worries About More Unrest.txt,/content/drive/MyDrive/extracted_files/trump_17-20/Hong Kong Protests Spread to Airport as City Worries About More Unrest.txt,0.8243451416492462,0.9731608138364904,2,34,36
"Hong Kong Protests_ Brawl Erupts Downtown, with Tensions High on Campuses.txt","/content/drive/MyDrive/extracted_files/trump_17-20/Hong Kong Protests_ Brawl Erupts Downtown, with Tensions High on Campuses.txt",0.9362781102007086,0.9811434628708022,11,56,67
Hong Kong Protests_ Compare These Before-and-After Photos.txt,/content/drive/MyDrive/extracted_files/trump_17-20/Hong Kong Protests_ Compare These Before-and-After Photos.txt,0.9643802917920626,0.9187787195046743,13,30,43
Hong Kong Rail Plan Raises Fears of Mainland China_s Influence.txt,/content/drive/MyDrive/extracted_files/trump_17-20/Hong Kong Rail Plan Raises Fears of Mainland China_s Influence.txt,0.9170038948456446,0.9892674945294857,12,16,28
Hong Kong Tightens Border as Medical Workers Call for Shutdown.txt,/content/drive/MyDrive/extracted_files/trump_17-20/Hong Kong Tightens Border as Medical Workers Call for Shutdown.txt,0.9656124625887189,0.9387161513654197,7,41,48
Hong Kong_s Challenge to Xi Jinping_s Iron Rule.txt,/content/drive/MyDrive/extracted_files/trump_17-20/Hong Kong_s Challenge to Xi Jinping_s Iron Rule.txt,0.9511551221211751,0.9402107094463549,15,19,34
Hong Kong_s Leader Is Set to Delay Extradition Bill Indefinitely.txt,/content/drive/MyDrive/extracted_files/trump_17-20/Hong Kong_s Leader Is Set to Delay Extradition Bill Indefinitely.txt,0.9628100196520487,0.9784686880953172,3,34,37
"Hong Kong_s Leader, Yielding to Protests, Suspends Extradition Bill.txt","/content/drive/MyDrive/extracted_files/trump_17-20/Hong Kong_s Leader, Yielding to Protests, Suspends Extradition Bill.txt",0.9326777524418302,0.9719453079359872,9,35,44
Hong Kong_s New Weapon Against Protesters_ A Purple Warning Flag.txt,/content/drive/MyDrive/extracted_files/trump_17-20/Hong Kong_s New Weapon Against Protesters_ A Purple Warning Flag.txt,0.9886573553085327,0.9787213206291199,3,10,13
Hong Kong_s Retreat Chips Away at Xi Jinping_s Iron Image.txt,/content/drive/MyDrive/extracted_files/trump_17-20/Hong Kong_s Retreat Chips Away at Xi Jinping_s Iron Image.txt,0.9354543685913086,0.9499540030956268,18,26,44
Hot-Weather Comfort Food.txt,/content/drive/MyDrive/extracted_files/trump_17-20/Hot-Weather Comfort Food.txt,0.9432142068599833,0.9560592550980417,29,19,48
House Passes Intelligence Bill That Would Expand Secrecy Around Operatives.txt,/content/drive/MyDrive/extracted_files/trump_17-20/House Passes Intelligence Bill That Would Expand Secrecy Around Operatives.txt,0.9414670192278348,0.9460096524821388,13,18,31
How a World War II-Era Reparations Case Is Roiling Asia.txt,/content/drive/MyDrive/extracted_files/trump_17-20/How a World War II-Era Reparations Case Is Roiling Asia.txt,0.9541827006773516,0.9343401286337111,11,45,56
How Americans Fell for Korean Beauty.txt,/content/drive/MyDrive/extracted_files/trump_17-20/How Americans Fell for Korean Beauty.txt,0.9639587593930108,0.9350393204128041,28,34,62
How Australia Became the Defamation Capital of the World.txt,/content/drive/MyDrive/extracted_files/trump_17-20/How Australia Became the Defamation Capital of the World.txt,0.9366926352183024,0.980470834866814,12,46,58
How Censorship Works.txt,/content/drive/MyDrive/extracted_files/trump_17-20/How Censorship Works.txt,0.9716025279915851,0.9610428769480098,23,44,67
How China and India Came to Lethal Blows.txt,/content/drive/MyDrive/extracted_files/trump_17-20/How China and India Came to Lethal Blows.txt,0.9426821199330416,0.9589801349423148,33,44,77
How China Changed Jaylen Brown_Marc stein_s newsletter.txt,/content/drive/MyDrive/extracted_files/trump_17-20/How China Changed Jaylen Brown_Marc stein_s newsletter.txt,0.973897044388753,0.9625544850943518,53,61,114
How China Could Stop Brazil_s Ecological Tragedy.txt,/content/drive/MyDrive/extracted_files/trump_17-20/How China Could Stop Brazil_s Ecological Tragedy.txt,0.9747328758239746,0.9213302626329309,22,17,39
How China Got Sri Lanka to Cough Up a Port.txt,/content/drive/MyDrive/extracted_files/trump_17-20/How China Got Sri Lanka to Cough Up a Port.txt,0.9498425924553061,0.9767478664269608,53,89,142
How China May Help Its Enemy Get Elected in Taiwan.txt,/content/drive/MyDrive/extracted_files/trump_17-20/How China May Help Its Enemy Get Elected in Taiwan.txt,0.9237961247563362,0.9513828009366989,24,20,44
"How Chinese Spies Got N.S.A._s Hacking Tools, and Went on the Attack.txt","/content/drive/MyDrive/extracted_files/trump_17-20/How Chinese Spies Got N.S.A._s Hacking Tools, and Went on the Attack.txt",0.8770636986283695,0.9685434646773756,17,57,74
How Do You Spell the Texture of Deliciousness_ Just _Q_.txt,/content/drive/MyDrive/extracted_files/trump_17-20/How Do You Spell the Texture of Deliciousness_ Just _Q_.txt,0.9820845877682721,0.9565604086275454,27,27,54
How Does China_s Currency Move Put Pressure on U.S._.txt,/content/drive/MyDrive/extracted_files/trump_17-20/How Does China_s Currency Move Put Pressure on U.S._.txt,0.9059468150138855,0.9678346601625284,10,48,58
How France Lost the Weapons to Fight a Pandemic.txt,/content/drive/MyDrive/extracted_files/trump_17-20/How France Lost the Weapons to Fight a Pandemic.txt,0.833100414276123,0.9699991015451295,10,56,66
How Many Coronavirus Cases in China_ Officials Tweak the Answer.txt,/content/drive/MyDrive/extracted_files/trump_17-20/How Many Coronavirus Cases in China_ Officials Tweak the Answer.txt,0.9402974446614584,0.9738779664039612,12,36,48
How Qualcomm Became Vulnerable to a Takeover Bid.txt,/content/drive/MyDrive/extracted_files/trump_17-20/How Qualcomm Became Vulnerable to a Takeover Bid.txt,0.9899630943934122,0.9360224201872542,18,37,55
How San Francisco_s Chinatown Got Ahead of the Coronavirus_California Today.txt,/content/drive/MyDrive/extracted_files/trump_17-20/How San Francisco_s Chinatown Got Ahead of the Coronavirus_California Today.txt,0.9341795411374834,0.9652523889261133,54,34,88
How the Communist Party Guided China to Success.txt,/content/drive/MyDrive/extracted_files/trump_17-20/How the Communist Party Guided China to Success.txt,0.9743167370557785,0.9527109299387251,40,35,75
How the Qing Court Sowed the Seeds of Environmental Protection in China.txt,/content/drive/MyDrive/extracted_files/trump_17-20/How the Qing Court Sowed the Seeds of Environmental Protection in China.txt,0.9817346127136893,0.9290083885192871,23,25,48
How the U.S.-China Trade War Hurts the Rest of the World.txt,/content/drive/MyDrive/extracted_files/trump_17-20/How the U.S.-China Trade War Hurts the Rest of the World.txt,0.9412658744388156,0.9571165612765721,9,7,16
How the Virus Won.txt,/content/drive/MyDrive/extracted_files/trump_17-20/How the Virus Won.txt,0.9165691265038082,0.970207130086833,14,58,72
How to Control Your Citizens_ Opportunity and Fear.txt,/content/drive/MyDrive/extracted_files/trump_17-20/How to Control Your Citizens_ Opportunity and Fear.txt,0.962357998579398,0.9398628854751587,87,75,162
How to Profit in a Stock Market Downturn.txt,/content/drive/MyDrive/extracted_files/trump_17-20/How to Profit in a Stock Market Downturn.txt,0.918142420904977,0.9732370612233184,14,43,57
How to Survive as a Woman at a Chinese Banquet.txt,/content/drive/MyDrive/extracted_files/trump_17-20/How to Survive as a Woman at a Chinese Banquet.txt,0.9739573218605735,0.9683903492987156,66,48,114
How Trump_s Trade War Is Being Fought Around the World.txt,/content/drive/MyDrive/extracted_files/trump_17-20/How Trump_s Trade War Is Being Fought Around the World.txt,0.9297999058450971,0.9630902647972107,14,50,64
How We Broke the World.txt,/content/drive/MyDrive/extracted_files/trump_17-20/How We Broke the World.txt,0.9379759268327192,0.9635084780553976,44,96,140
How _Frost Boy_ Became a Symbol For a Robust China.txt,/content/drive/MyDrive/extracted_files/trump_17-20/How _Frost Boy_ Became a Symbol For a Robust China.txt,0.9499777406454086,0.9120267464054955,12,18,30
Huawei Chief Receives Date For Hearing In Canada.txt,/content/drive/MyDrive/extracted_files/trump_17-20/Huawei Chief Receives Date For Hearing In Canada.txt,0.9441827403174506,0.9209709962209066,9,24,33
Huawei Fires Back at U.S. With Answer To Android.txt,/content/drive/MyDrive/extracted_files/trump_17-20/Huawei Fires Back at U.S. With Answer To Android.txt,0.9274417579174041,0.9279771762735703,10,17,27
Huawei Hits Roadblock As Czechs Retreat on 5G.txt,/content/drive/MyDrive/extracted_files/trump_17-20/Huawei Hits Roadblock As Czechs Retreat on 5G.txt,0.9276092516051399,0.9687102813469736,18,38,56
Huawei Is a Target as Trump Moves to Ban Foreign Telecom Gear.txt,/content/drive/MyDrive/extracted_files/trump_17-20/Huawei Is a Target as Trump Moves to Ban Foreign Telecom Gear.txt,0.9164078666104211,0.9596129768603557,18,37,55
"Huawei Risks to Britain Can Be Blunted, U.K. Official Says, in a Rebuff to U.S.txt","/content/drive/MyDrive/extracted_files/trump_17-20/Huawei Risks to Britain Can Be Blunted, U.K. Official Says, in a Rebuff to U.S.txt",0.967430451337029,0.9428512593110402,17,30,47
Huawei Said to Be Under U.S. Investigation in Trade-Secrets Case.txt,/content/drive/MyDrive/extracted_files/trump_17-20/Huawei Said to Be Under U.S. Investigation in Trade-Secrets Case.txt,0.8878150820732117,0.9166403207927942,5,32,37
Huawei Security _Defects_ Found in Review by Britain.txt,/content/drive/MyDrive/extracted_files/trump_17-20/Huawei Security _Defects_ Found in Review by Britain.txt,0.9216570019721985,0.9697114916948172,15,26,41
Huawei Tells British Parliament It_s No Threat to Security.txt,/content/drive/MyDrive/extracted_files/trump_17-20/Huawei Tells British Parliament It_s No Threat to Security.txt,0.9079934083498441,0.9663378965286982,13,21,34
"Huawei, Failing to Crack U.S. Market, Signals a Change in Tactics.txt","/content/drive/MyDrive/extracted_files/trump_17-20/Huawei, Failing to Crack U.S. Market, Signals a Change in Tactics.txt",0.9675715753906652,0.9704289751894334,19,34,53
Huawei_s Identity Problem.txt,/content/drive/MyDrive/extracted_files/trump_17-20/Huawei_s Identity Problem.txt,0.9774468143781027,0.9592290991231015,33,38,71
Hunting for White Elephants in China_s Coal Country_TIMES INSIDER.txt,/content/drive/MyDrive/extracted_files/trump_17-20/Hunting for White Elephants in China_s Coal Country_TIMES INSIDER.txt,0.9374630764911049,0.9557080253958702,19,40,59
I Work for N.S.A. We Cannot Afford to Lose the Digital Revolution.txt,/content/drive/MyDrive/extracted_files/trump_17-20/I Work for N.S.A. We Cannot Afford to Lose the Digital Revolution.txt,0.9623366922140122,0.964031121986253,80,140,220
"If Pilot and Tower Can_t Grasp Each Other, Disaster May Lurk.txt","/content/drive/MyDrive/extracted_files/trump_17-20/If Pilot and Tower Can_t Grasp Each Other, Disaster May Lurk.txt",0.9273040844843938,0.9725546271373064,13,39,52
If Stalin Had a Smartphone.txt,/content/drive/MyDrive/extracted_files/trump_17-20/If Stalin Had a Smartphone.txt,0.9592021522314652,0.95957024944456,23,38,61
"In a Brash Public Move, Trump Asks the Chinese To Examine the Bidens.txt","/content/drive/MyDrive/extracted_files/trump_17-20/In a Brash Public Move, Trump Asks the Chinese To Examine the Bidens.txt",0.9555172744919272,0.9557020710963829,17,51,68
"In a Cockroach Genome, _Little Mighty_ Secrets.txt","/content/drive/MyDrive/extracted_files/trump_17-20/In a Cockroach Genome, _Little Mighty_ Secrets.txt",0.9365692403581407,0.8599500974019368,18,15,33
"In Baltimore and Beyond, a Stolen N.S.A. Tool Wreaks Havoc.txt","/content/drive/MyDrive/extracted_files/trump_17-20/In Baltimore and Beyond, a Stolen N.S.A. Tool Wreaks Havoc.txt",0.8738343558813396,0.9595306362166549,19,66,85
"In Center of Classroom, At the Heart of a Crisis.txt","/content/drive/MyDrive/extracted_files/trump_17-20/In Center of Classroom, At the Heart of a Crisis.txt",0.9288772432530512,0.9701890451343436,61,76,137
"In China, Color-Coded Data Raises Red Flags.txt","/content/drive/MyDrive/extracted_files/trump_17-20/In China, Color-Coded Data Raises Red Flags.txt",0.9379714521077963,0.9459359616041183,26,60,86
"In China, Deals Thought to Be With Disney Turn Out Less Than Magical.txt","/content/drive/MyDrive/extracted_files/trump_17-20/In China, Deals Thought to Be With Disney Turn Out Less Than Magical.txt",0.9323695957660675,0.9686878752708435,10,25,35
"In China, Despair for Cause of Democracy After Nobel Laureate_s Death.txt","/content/drive/MyDrive/extracted_files/trump_17-20/In China, Despair for Cause of Democracy After Nobel Laureate_s Death.txt",0.936207052734163,0.9524148464202881,18,35,53
"In China, Photo of Trade Talks Embodies _Young_ Country Passing Aging U.S.txt","/content/drive/MyDrive/extracted_files/trump_17-20/In China, Photo of Trade Talks Embodies _Young_ Country Passing Aging U.S.txt",0.953332928093997,0.961721952756246,11,15,26
"In China_s Coal Capital, a Promise Remains Elusive.txt","/content/drive/MyDrive/extracted_files/trump_17-20/In China_s Coal Capital, a Promise Remains Elusive.txt",0.9243933981464755,0.968470879576423,31,44,75
"In China_s Crisis, Xi Sees a Crucible to Strengthen His Rule.txt","/content/drive/MyDrive/extracted_files/trump_17-20/In China_s Crisis, Xi Sees a Crucible to Strengthen His Rule.txt",0.9207260923253165,0.9577786055478182,36,33,69
"In City Where China Welcomed the World, Xi Prepares for a Colder One.txt","/content/drive/MyDrive/extracted_files/trump_17-20/In City Where China Welcomed the World, Xi Prepares for a Colder One.txt",0.9575306039590102,0.9779617081988942,26,22,48
"In Delaying Tariffs, Trump Faces Up to Economic Reality.txt","/content/drive/MyDrive/extracted_files/trump_17-20/In Delaying Tariffs, Trump Faces Up to Economic Reality.txt",0.9431047531274649,0.9413791037187343,13,41,54
"In Discussion Ostensibly About Tax Cuts, Trump Keeps China in Cross Hairs.txt","/content/drive/MyDrive/extracted_files/trump_17-20/In Discussion Ostensibly About Tax Cuts, Trump Keeps China in Cross Hairs.txt",0.9066211541493734,0.958213288675655,15,22,37
"In Getting Tough on Chinese Trade, Trump Risks Alienating Allies.txt","/content/drive/MyDrive/extracted_files/trump_17-20/In Getting Tough on Chinese Trade, Trump Risks Alienating Allies.txt",0.9163999422030016,0.9571756989725174,22,31,53
"In Greece, an Economic Revival Fueled by _Golden Visas_ and Tourism.txt","/content/drive/MyDrive/extracted_files/trump_17-20/In Greece, an Economic Revival Fueled by _Golden Visas_ and Tourism.txt",0.9442512778674855,0.9195959281038355,34,27,61
"In Hong Kong Protests, China Angrily Connects Dots Back to U.S.txt","/content/drive/MyDrive/extracted_files/trump_17-20/In Hong Kong Protests, China Angrily Connects Dots Back to U.S.txt",0.9562359625293363,0.9540557134896517,31,32,63
"In Hong Kong, Anxiety and Defiance Over Trump_s Decision to Cut Ties.txt","/content/drive/MyDrive/extracted_files/trump_17-20/In Hong Kong, Anxiety and Defiance Over Trump_s Decision to Cut Ties.txt",0.9501183376862452,0.9582823677496477,26,33,59
"In Hong Kong, Daring Escapes From a Violent Siege at a University.txt","/content/drive/MyDrive/extracted_files/trump_17-20/In Hong Kong, Daring Escapes From a Violent Siege at a University.txt",0.812247920036316,0.9637512676417828,10,48,58
"In Meetings With Powerful Leaders, Signs of Bannon_s Continued Influence.txt","/content/drive/MyDrive/extracted_files/trump_17-20/In Meetings With Powerful Leaders, Signs of Bannon_s Continued Influence.txt",0.9267788863182068,0.9463978324617658,25,7,32
"In Push for Trade Deal, Trump Administration Shelves Sanctions Over China_s Crackdown on Uighurs.txt","/content/drive/MyDrive/extracted_files/trump_17-20/In Push for Trade Deal, Trump Administration Shelves Sanctions Over China_s Crackdown on Uighurs.txt",0.9372193813323975,0.9709247807238964,18,47,65
"In Retreat, Wall Street Pulls Back From Rally.txt","/content/drive/MyDrive/extracted_files/trump_17-20/In Retreat, Wall Street Pulls Back From Rally.txt",0.9427267909049988,0.9780749342810939,29,71,100
"In Reversal, Chinese Lawyer Confesses, and Rights Groups Denounce His Trial.txt","/content/drive/MyDrive/extracted_files/trump_17-20/In Reversal, Chinese Lawyer Confesses, and Rights Groups Denounce His Trial.txt",0.8877701030837165,0.9544181317994089,9,33,42
"In Show of Force, U.S. Sends Carriers to South China Sea.txt","/content/drive/MyDrive/extracted_files/trump_17-20/In Show of Force, U.S. Sends Carriers to South China Sea.txt",0.9408993287519976,0.9626883632606931,11,18,29
"In Suit, Student Says Billionaire Raped Her.txt","/content/drive/MyDrive/extracted_files/trump_17-20/In Suit, Student Says Billionaire Raped Her.txt",0.9904454549153646,0.9634278850121931,3,22,25
"In Taiwan, a Small Driverless Bus May Hint at Big Things to Come.txt","/content/drive/MyDrive/extracted_files/trump_17-20/In Taiwan, a Small Driverless Bus May Hint at Big Things to Come.txt",0.9524214511567896,0.952013720359121,22,28,50
"In Texas, Taiwan_s President Meets Cruz and Governor Over China_s Objections.txt","/content/drive/MyDrive/extracted_files/trump_17-20/In Texas, Taiwan_s President Meets Cruz and Governor Over China_s Objections.txt",0.9890010104729579,0.9716474513212839,26,12,38
"In Tit-for-Tat Move, China Orders U.S. to Shut a Key Consulate of Its Own.txt","/content/drive/MyDrive/extracted_files/trump_17-20/In Tit-for-Tat Move, China Orders U.S. to Shut a Key Consulate of Its Own.txt",0.968955311510298,0.9787451169992748,18,38,56
"In Tweets on Syria, Russia and China_ Triumph of Contradiction.txt","/content/drive/MyDrive/extracted_files/trump_17-20/In Tweets on Syria, Russia and China_ Triumph of Contradiction.txt",0.9172871112823486,0.9283467829227448,10,34,44
"In Tweetstorm, Trump Bends Truth on Foreign Policy and the Border Wall.txt","/content/drive/MyDrive/extracted_files/trump_17-20/In Tweetstorm, Trump Bends Truth on Foreign Policy and the Border Wall.txt",0.8970262706279755,0.9642497862086576,14,34,48
"In _The Room Where It Happened,_ John Bolton Dumps His Notes and Smites His Enemies.txt","/content/drive/MyDrive/extracted_files/trump_17-20/In _The Room Where It Happened,_ John Bolton Dumps His Notes and Smites His Enemies.txt",0.9116494655609131,0.9790656719452295,15,39,54
India and Australia Tighten Bonds to Counter China_s Rise.txt,/content/drive/MyDrive/extracted_files/trump_17-20/India and Australia Tighten Bonds to Counter China_s Rise.txt,0.9839277086050614,0.9804643869400025,23,5,28
"India Shot Down a Satellite, Modi Says, Shifting Balance of Power in Asia.txt","/content/drive/MyDrive/extracted_files/trump_17-20/India Shot Down a Satellite, Modi Says, Shifting Balance of Power in Asia.txt",0.9295675406853358,0.9531193988190757,36,36,72
"India Tests Ballistic Missile, Posing New Threat to China.txt","/content/drive/MyDrive/extracted_files/trump_17-20/India Tests Ballistic Missile, Posing New Threat to China.txt",0.9860684812068939,0.9539343789219856,10,8,18
Indian General Talks of _Deradicalization Camps_ for Kashmiris.txt,/content/drive/MyDrive/extracted_files/trump_17-20/Indian General Talks of _Deradicalization Camps_ for Kashmiris.txt,0.8684667013585567,0.9452421553432941,16,32,48
"Inside China_s Dystopian Dreams_ A.I., Shame and Lots of Cameras.txt","/content/drive/MyDrive/extracted_files/trump_17-20/Inside China_s Dystopian Dreams_ A.I., Shame and Lots of Cameras.txt",0.9349634314958866,0.9496911499235365,52,81,133
"Inside The Wall Street Journal, Tensions Rise Over _Sick Man_ China Headline.txt","/content/drive/MyDrive/extracted_files/trump_17-20/Inside The Wall Street Journal, Tensions Rise Over _Sick Man_ China Headline.txt",0.8406148195266724,0.9552057286103567,15,48,63
Interior Department Grounds Chinese-Made Drones Amid Review.txt,/content/drive/MyDrive/extracted_files/trump_17-20/Interior Department Grounds Chinese-Made Drones Amid Review.txt,0.9039546151955923,0.9897691561625555,6,13,19
"Interpol Chief Was Pride of China, But His Country Shows a Dark Side.txt","/content/drive/MyDrive/extracted_files/trump_17-20/Interpol Chief Was Pride of China, But His Country Shows a Dark Side.txt",0.9960170462727547,0.9422626838539586,16,33,49
Interpol Meets to Select New President After Leader_s Arrest in China.txt,/content/drive/MyDrive/extracted_files/trump_17-20/Interpol Meets to Select New President After Leader_s Arrest in China.txt,0.7938597798347473,0.9712902771102058,7,18,25
Investment From China Precipitates New Caution.txt,/content/drive/MyDrive/extracted_files/trump_17-20/Investment From China Precipitates New Caution.txt,0.9642987698316574,0.9726031698831697,24,41,65
Investors Creep Back After Worst Market Rout in Years.txt,/content/drive/MyDrive/extracted_files/trump_17-20/Investors Creep Back After Worst Market Rout in Years.txt,0.980742803641728,0.9521313520769278,14,48,62
Investors Take Solace in News Of China Talks.txt,/content/drive/MyDrive/extracted_files/trump_17-20/Investors Take Solace in News Of China Talks.txt,0.895567378577064,0.9504420467325159,17,37,54
Is a Sub-Cultural Revolution Threatening Hong Kong__Red Century.txt,/content/drive/MyDrive/extracted_files/trump_17-20/Is a Sub-Cultural Revolution Threatening Hong Kong__Red Century.txt,0.9281151084338918,0.968546237796545,17,32,49
Is China Heading for Crisis_.txt,/content/drive/MyDrive/extracted_files/trump_17-20/Is China Heading for Crisis_.txt,0.9472593367099762,0.959532524410047,14,38,52
Is It Time to Give Trump a Grade_.txt,/content/drive/MyDrive/extracted_files/trump_17-20/Is It Time to Give Trump a Grade_.txt,0.9630411834943862,0.9844092779299792,42,34,76
Is Microsoft Sure It Wants to Buy TikTok_.txt,/content/drive/MyDrive/extracted_files/trump_17-20/Is Microsoft Sure It Wants to Buy TikTok_.txt,0.9553858488798141,0.960365515095847,12,35,47
It Nourishes the Continent. Now Its Lifeblood Is at Risk.txt,/content/drive/MyDrive/extracted_files/trump_17-20/It Nourishes the Continent. Now Its Lifeblood Is at Risk.txt,0.8769123185248602,0.9647915768623352,21,25,46
Italy_s Silk Road Deal With China Signals a Shift as U.S. Influence Wanes.txt,/content/drive/MyDrive/extracted_files/trump_17-20/Italy_s Silk Road Deal With China Signals a Shift as U.S. Influence Wanes.txt,0.9474294962305011,0.9509356844992864,33,21,54
"Its Eye on China, Britain Pushes Back on Foreign Takeovers.txt","/content/drive/MyDrive/extracted_files/trump_17-20/Its Eye on China, Britain Pushes Back on Foreign Takeovers.txt",0.9629314839839935,0.9487558446432415,24,19,43
"It_s Bedlam in the Mask Market, as Profiteers Out-Hustle Good Samaritans.txt","/content/drive/MyDrive/extracted_files/trump_17-20/It_s Bedlam in the Mask Market, as Profiteers Out-Hustle Good Samaritans.txt",0.8654244520046093,0.9785469078469551,27,87,114
I_m Chinese. That Doesn_t Mean I Have Coronavirus.txt,/content/drive/MyDrive/extracted_files/trump_17-20/I_m Chinese. That Doesn_t Mean I Have Coronavirus.txt,0.9650386222477617,0.9429105056656731,29,63,92
I_ve Been Waiting for a Song Like _Glory to Hong Kong_ My Whole Life.txt,/content/drive/MyDrive/extracted_files/trump_17-20/I_ve Been Waiting for a Song Like _Glory to Hong Kong_ My Whole Life.txt,0.989184937169475,0.9326605881963458,31,21,52
Jack Ma Is Retiring. Is China_s Economy Losing Steam_.txt,/content/drive/MyDrive/extracted_files/trump_17-20/Jack Ma Is Retiring. Is China_s Economy Losing Steam_.txt,0.9378469181060791,0.9656998106411525,25,35,60
Jack Ma_s American Dream Runs Up Against China First.txt,/content/drive/MyDrive/extracted_files/trump_17-20/Jack Ma_s American Dream Runs Up Against China First.txt,0.9496557414531708,0.9798155705134074,8,15,23
"James Packer, Australian Billionaire, Resigns From Casino Company.txt","/content/drive/MyDrive/extracted_files/trump_17-20/James Packer, Australian Billionaire, Resigns From Casino Company.txt",0.9198406404919095,0.9595824011734554,9,14,23
JD.com Chief Richard Liu Will Not Be Charged With Sexual Assault.txt,/content/drive/MyDrive/extracted_files/trump_17-20/JD.com Chief Richard Liu Will Not Be Charged With Sexual Assault.txt,0.8979533665320453,0.9630835354328156,17,34,51
Jimmy Lai Is Arrested in Hong Kong. Freedom Loses Again.txt,/content/drive/MyDrive/extracted_files/trump_17-20/Jimmy Lai Is Arrested in Hong Kong. Freedom Loses Again.txt,0.9788373668988546,0.9370591830123555,15,22,37
Jimmy Lai vs. China.txt,/content/drive/MyDrive/extracted_files/trump_17-20/Jimmy Lai vs. China.txt,0.9890088926662098,0.9339487722941807,11,7,18
Journalist Returned to Hometown Just When Her Skills Were Needed.txt,/content/drive/MyDrive/extracted_files/trump_17-20/Journalist Returned to Hometown Just When Her Skills Were Needed.txt,0.94985708323392,0.9472107726794022,11,26,37
Kenyan Painter Casts Eye On China_s Role in Africa.txt,/content/drive/MyDrive/extracted_files/trump_17-20/Kenyan Painter Casts Eye On China_s Role in Africa.txt,0.9749978419506189,0.9143671542406082,33,28,61
"Killing C.I.A. Informants, China Crippled U.S. Spying Operations.txt","/content/drive/MyDrive/extracted_files/trump_17-20/Killing C.I.A. Informants, China Crippled U.S. Spying Operations.txt",0.88875478047591,0.9453822559034321,26,71,97
Killing the Pax Americana.txt,/content/drive/MyDrive/extracted_files/trump_17-20/Killing the Pax Americana.txt,0.9437048077583313,0.9809296391904354,20,48,68
Kim Jong-un_s China Visit Strengthens His Hand in Nuclear Talks.txt,/content/drive/MyDrive/extracted_files/trump_17-20/Kim Jong-un_s China Visit Strengthens His Hand in Nuclear Talks.txt,0.9577128205980573,0.9774583050837884,28,26,54
Kim Jong-un_s Half Brother Is Reported Assassinated in Malaysia.txt,/content/drive/MyDrive/extracted_files/trump_17-20/Kim Jong-un_s Half Brother Is Reported Assassinated in Malaysia.txt,0.9120731254418691,0.9479957991176181,18,45,63
Koch Executive_s Harassment in China Adds to Fears Among Visitors.txt,/content/drive/MyDrive/extracted_files/trump_17-20/Koch Executive_s Harassment in China Adds to Fears Among Visitors.txt,0.8645414205697867,0.9485694887461485,13,54,67
Kodak Debacle Puts an Agency In the Hot Seat.txt,/content/drive/MyDrive/extracted_files/trump_17-20/Kodak Debacle Puts an Agency In the Hot Seat.txt,0.9172627892759111,0.9445451159734983,18,37,55
Kung Fu Yoga.txt,/content/drive/MyDrive/extracted_files/trump_17-20/Kung Fu Yoga.txt,0.9233410443578448,0.92068084081014,7,6,13
Kushners Back Out of Chinese Investor Events.txt,/content/drive/MyDrive/extracted_files/trump_17-20/Kushners Back Out of Chinese Investor Events.txt,0.9397288181565024,0.959404382440779,11,18,29
"Label U.S. Pasted on China Is Symbolic, but Still Stings.txt","/content/drive/MyDrive/extracted_files/trump_17-20/Label U.S. Pasted on China Is Symbolic, but Still Stings.txt",0.9554256945848465,0.9688326095012908,16,47,63
"Lacking a Point Person on China, U.S. Risks Aggravating Tensions.txt","/content/drive/MyDrive/extracted_files/trump_17-20/Lacking a Point Person on China, U.S. Risks Aggravating Tensions.txt",0.9544436195317436,0.9506990432739257,17,30,47
"Last-Minute Buying, and a Weekly Gain.txt","/content/drive/MyDrive/extracted_files/trump_17-20/Last-Minute Buying, and a Weekly Gain.txt",0.9509797351700919,0.9802353829145432,7,28,35
Latest Sign of China_s Slowdown_ A Technology Cash Crunch_The New New World.txt,/content/drive/MyDrive/extracted_files/trump_17-20/Latest Sign of China_s Slowdown_ A Technology Cash Crunch_The New New World.txt,0.9712746342023214,0.9614220616363344,24,42,66
Leader of Chinese Property Giant Retires.txt,/content/drive/MyDrive/extracted_files/trump_17-20/Leader of Chinese Property Giant Retires.txt,0.9506892595026228,0.9821009822189808,18,16,34
Leaders in China Meet and Outline _Critical Battles_.txt,/content/drive/MyDrive/extracted_files/trump_17-20/Leaders in China Meet and Outline _Critical Battles_.txt,0.9817287467774891,0.9061107067834764,21,21,42
"Lindsey Graham Welcomed Trump_s China Tariffs, Then Helped Companies Avoid Them.txt","/content/drive/MyDrive/extracted_files/trump_17-20/Lindsey Graham Welcomed Trump_s China Tariffs, Then Helped Companies Avoid Them.txt",0.9629145827558305,0.9548392324912839,18,41,59
Look at Us.txt,/content/drive/MyDrive/extracted_files/trump_17-20/Look at Us.txt,0.9635501137146583,0.9459941140536604,65,87,152
Looking For Allies Amid Split Over Trade.txt,/content/drive/MyDrive/extracted_files/trump_17-20/Looking For Allies Amid Split Over Trade.txt,0.8416078329086304,0.9591717422008514,10,46,56
Lovely Layers Of Subtle Shifts.txt,/content/drive/MyDrive/extracted_files/trump_17-20/Lovely Layers Of Subtle Shifts.txt,0.9849383234977722,0.9653981645901998,13,15,28
Low Oil Prices Spur the Saudis To Play the Field.txt,/content/drive/MyDrive/extracted_files/trump_17-20/Low Oil Prices Spur the Saudis To Play the Field.txt,0.9411113858222961,0.9641558596721063,35,26,61
Madam Speaker.txt,/content/drive/MyDrive/extracted_files/trump_17-20/Madam Speaker.txt,0.9746332389967782,0.9579010357459387,35,36,71
Many Chinese Graduate Students and Researchers to Lose U.S. Visas.txt,/content/drive/MyDrive/extracted_files/trump_17-20/Many Chinese Graduate Students and Researchers to Lose U.S. Visas.txt,0.8649881388011732,0.968080664674441,19,48,67
Mao 101_ Training the Communists of Tomorrow in China.txt,/content/drive/MyDrive/extracted_files/trump_17-20/Mao 101_ Training the Communists of Tomorrow in China.txt,0.9500394114132585,0.9428701230457851,29,28,57
Mapo Tofu Inspires a Journey of Love.txt,/content/drive/MyDrive/extracted_files/trump_17-20/Mapo Tofu Inspires a Journey of Love.txt,0.9269030122529893,0.9442968487739563,21,15,36
"Mapping the Brutality of North Korea, and Where the Bodies Are Buried.txt","/content/drive/MyDrive/extracted_files/trump_17-20/Mapping the Brutality of North Korea, and Where the Bodies Are Buried.txt",0.8926187065931467,0.9612992405891418,13,27,40
Market Falls as Trade Concerns Resurface.txt,/content/drive/MyDrive/extracted_files/trump_17-20/Market Falls as Trade Concerns Resurface.txt,0.9756631255149841,0.988704997759599,3,13,16
"Market Steadies Itself, Ending 4-Day Slide.txt","/content/drive/MyDrive/extracted_files/trump_17-20/Market Steadies Itself, Ending 4-Day Slide.txt",0.8855045487483343,0.9705441470803886,12,29,41
Market Surges as the Fed Signals Flexibility.txt,/content/drive/MyDrive/extracted_files/trump_17-20/Market Surges as the Fed Signals Flexibility.txt,0.915037140250206,0.9475319422781467,16,16,32
Markets Applaud China_s Economic Plan.txt,/content/drive/MyDrive/extracted_files/trump_17-20/Markets Applaud China_s Economic Plan.txt,0.9585444006052884,0.9431561422348023,11,25,36
"Markets Climb Again, but Macy_s Dives.txt","/content/drive/MyDrive/extracted_files/trump_17-20/Markets Climb Again, but Macy_s Dives.txt",0.8213888108730316,0.9483911945269659,8,26,34
Markets Close Up on Year of Record Highs.txt,/content/drive/MyDrive/extracted_files/trump_17-20/Markets Close Up on Year of Record Highs.txt,0.922763592004776,0.9533975176189257,20,23,43
"Markets Dip Over Trade Tensions, but Energy Sector Gains.txt","/content/drive/MyDrive/extracted_files/trump_17-20/Markets Dip Over Trade Tensions, but Energy Sector Gains.txt",0.9292919188737869,0.9672332178978693,8,21,29
Markets Extend a Weeklong Rebound.txt,/content/drive/MyDrive/extracted_files/trump_17-20/Markets Extend a Weeklong Rebound.txt,0.9770442117815432,0.9378939214206877,23,21,44
Markets Sink Amid Uncertainty.txt,/content/drive/MyDrive/extracted_files/trump_17-20/Markets Sink Amid Uncertainty.txt,0.915749212106069,0.9761856115526624,6,36,42
Markets Slump After Run Of Record-Setting Days.txt,/content/drive/MyDrive/extracted_files/trump_17-20/Markets Slump After Run Of Record-Setting Days.txt,0.8682150393724442,0.9457622081041336,4,20,24
Marriott Concedes 5 Million Passport Numbers Lost to Hackers Were Not Encrypted.txt,/content/drive/MyDrive/extracted_files/trump_17-20/Marriott Concedes 5 Million Passport Numbers Lost to Hackers Were Not Encrypted.txt,0.8340381264686585,0.9704899911222786,5,29,34
Marriott Data Breach Traced to Chinese Hackers.txt,/content/drive/MyDrive/extracted_files/trump_17-20/Marriott Data Breach Traced to Chinese Hackers.txt,0.8636076966921489,0.9624152585517528,15,43,58
Meet Me in Mongolia_ How Aging Aircraft May Dictate Kim-Trump Venue.txt,/content/drive/MyDrive/extracted_files/trump_17-20/Meet Me in Mongolia_ How Aging Aircraft May Dictate Kim-Trump Venue.txt,0.9456298987070719,0.964405058324337,15,40,55
Mexico_s Strategy for Dealing With Trump_ Warn Him About China.txt,/content/drive/MyDrive/extracted_files/trump_17-20/Mexico_s Strategy for Dealing With Trump_ Warn Him About China.txt,0.9350908067491319,0.9355557941728168,27,36,63
Microsoft Says It_ll Continue Pursuit of TikTok.txt,/content/drive/MyDrive/extracted_files/trump_17-20/Microsoft Says It_ll Continue Pursuit of TikTok.txt,0.9100550167700824,0.9359081457642948,17,34,51
Mike Pompeo Warns Panama Against Doing Business With China.txt,/content/drive/MyDrive/extracted_files/trump_17-20/Mike Pompeo Warns Panama Against Doing Business With China.txt,0.9575075830022494,0.9298781093798185,24,19,43
Military Competition in Pacific Endures as Biggest Flash Point Between U.S. and China_News Analysis.txt,/content/drive/MyDrive/extracted_files/trump_17-20/Military Competition in Pacific Endures as Biggest Flash Point Between U.S. and China_News Analysis.txt,0.9735445358923503,0.9286366803892727,28,29,57
Mint and Mustard Mystery In Packages From China.txt,/content/drive/MyDrive/extracted_files/trump_17-20/Mint and Mustard Mystery In Packages From China.txt,0.9789480652127948,0.9821133924567181,7,23,30
"Missing Taiwanese Man May Be in Chinese Custody, Some Fear.txt","/content/drive/MyDrive/extracted_files/trump_17-20/Missing Taiwanese Man May Be in Chinese Custody, Some Fear.txt",0.9816999009677342,0.9194733886157765,7,17,24
Mnuchin Dismisses Data Showing Trade War Pain.txt,/content/drive/MyDrive/extracted_files/trump_17-20/Mnuchin Dismisses Data Showing Trade War Pain.txt,0.9014598876237869,0.9521024227142334,12,37,49
Mnuchin Says China Deal Is Likely to Be Signed in November.txt,/content/drive/MyDrive/extracted_files/trump_17-20/Mnuchin Says China Deal Is Likely to Be Signed in November.txt,0.9591889791190624,0.9688623269399007,16,15,31
Mnuchin_s Hollywood Ties Raise Ethics Questions in China Talks.txt,/content/drive/MyDrive/extracted_files/trump_17-20/Mnuchin_s Hollywood Ties Raise Ethics Questions in China Talks.txt,0.9395675173512211,0.9066822528839111,27,43,70
"Mochi and Pastries by Day, Cocktails by Night in the West Village_Off the Menu.txt","/content/drive/MyDrive/extracted_files/trump_17-20/Mochi and Pastries by Day, Cocktails by Night in the West Village_Off the Menu.txt",0.9555444916089376,0.888758475963886,42,13,55
Modi and Xi To Meet Friday With Election As Backdrop.txt,/content/drive/MyDrive/extracted_files/trump_17-20/Modi and Xi To Meet Friday With Election As Backdrop.txt,0.9527144387916282,0.9597810849998937,27,33,60
"MoneyGram and Ant Financial Call Off Merger, Citing Regulatory Concerns.txt","/content/drive/MyDrive/extracted_files/trump_17-20/MoneyGram and Ant Financial Call Off Merger, Citing Regulatory Concerns.txt",0.9488379250873219,0.9456057373215171,11,34,45
Murderer Of 11 Women In China Gets Death Penalty.txt,/content/drive/MyDrive/extracted_files/trump_17-20/Murderer Of 11 Women In China Gets Death Penalty.txt,0.9305762052536011,0.9853798707326253,6,15,21
My Grandmother_s Favorite Scammer.txt,/content/drive/MyDrive/extracted_files/trump_17-20/My Grandmother_s Favorite Scammer.txt,0.9525082720362622,0.9685848930786396,46,58,104
"Needling China, Trump Erodes Hopes for a Deal.txt","/content/drive/MyDrive/extracted_files/trump_17-20/Needling China, Trump Erodes Hopes for a Deal.txt",0.9316838724272591,0.9814335473559119,14,44,58
"New Economic Outlook, And Facebook in Hot Seat.txt","/content/drive/MyDrive/extracted_files/trump_17-20/New Economic Outlook, And Facebook in Hot Seat.txt",0.9522490453720093,0.9897742196917534,25,16,41
New Studies Add to Evidence that Children May Transmit the Coronavirus.txt,/content/drive/MyDrive/extracted_files/trump_17-20/New Studies Add to Evidence that Children May Transmit the Coronavirus.txt,0.9380698554656085,0.9460132447156039,17,55,72
New This Season in a Canadian Hockey League_ Road Trips to China.txt,/content/drive/MyDrive/extracted_files/trump_17-20/New This Season in a Canadian Hockey League_ Road Trips to China.txt,0.945819040662364,0.9144249698695015,38,17,55
New York Times Will Move Part of Hong Kong Office to Seoul.txt,/content/drive/MyDrive/extracted_files/trump_17-20/New York Times Will Move Part of Hong Kong Office to Seoul.txt,0.9084675567490714,0.975363878827346,21,19,40
"New Zealand Fears Fraying Ties With China, Its Biggest Customer.txt","/content/drive/MyDrive/extracted_files/trump_17-20/New Zealand Fears Fraying Ties With China, Its Biggest Customer.txt",0.8865003883838654,0.9647157941545759,6,35,41
New Zealand Lawmaker_s Past Raises Alarms About China_s Reach.txt,/content/drive/MyDrive/extracted_files/trump_17-20/New Zealand Lawmaker_s Past Raises Alarms About China_s Reach.txt,0.9348669201135635,0.9523676562309266,12,25,37
Next Group to Protest Against Hong Kong_s Government_ Its Employees.txt,/content/drive/MyDrive/extracted_files/trump_17-20/Next Group to Protest Against Hong Kong_s Government_ Its Employees.txt,0.9400558471679688,0.9584803751536778,13,35,48
Next in Line to Lead on Climate Change.txt,/content/drive/MyDrive/extracted_files/trump_17-20/Next in Line to Lead on Climate Change.txt,0.9783070844572943,0.9337837208401073,37,22,59
No Headline In Original.txt,/content/drive/MyDrive/extracted_files/trump_17-20/No Headline In Original.txt,0.9887106606834813,0.9575145934757433,19,19,38
"Nobel Laureate Very Ill, Chinese Doctors Warn.txt","/content/drive/MyDrive/extracted_files/trump_17-20/Nobel Laureate Very Ill, Chinese Doctors Warn.txt",0.9896165281534195,0.9676101490855217,12,40,52
North Korea Is No Longer the Hermit Kingdom _ but How Long Will China Be Its Lifeline__On Money.txt,/content/drive/MyDrive/extracted_files/trump_17-20/North Korea Is No Longer the Hermit Kingdom _ but How Long Will China Be Its Lifeline__On Money.txt,0.9067654589811961,0.9448248187700907,30,45,75
North Korea_s Trade Gap Heightens Need for Cash And Reliance on Chinese.txt,/content/drive/MyDrive/extracted_files/trump_17-20/North Korea_s Trade Gap Heightens Need for Cash And Reliance on Chinese.txt,0.9057239294052124,0.9714593917131424,11,40,51
Not Without My Brothers.txt,/content/drive/MyDrive/extracted_files/trump_17-20/Not Without My Brothers.txt,0.9262379061962877,0.9539366552233696,112,200,312
Off Shanghai_s beaten paths.txt,/content/drive/MyDrive/extracted_files/trump_17-20/Off Shanghai_s beaten paths.txt,0.9938391208648681,0.9556191682815551,15,5,20
"On China_s National Day, Hong Kong Police Quash Protests.txt","/content/drive/MyDrive/extracted_files/trump_17-20/On China_s National Day, Hong Kong Police Quash Protests.txt",0.9377072718408372,0.9236119122340761,9,29,38
"On North Korea and Iran, Intelligence Chiefs Contradict Trump.txt","/content/drive/MyDrive/extracted_files/trump_17-20/On North Korea and Iran, Intelligence Chiefs Contradict Trump.txt",0.9288716153665022,0.9663654743014155,22,37,59
"On Rubles, Renminbi And Trump.txt","/content/drive/MyDrive/extracted_files/trump_17-20/On Rubles, Renminbi And Trump.txt",0.9394119544462725,0.975418867888274,11,27,38
"On Russia-China Border, Selective Memory of Massacre Works for Both Sides_Russia Dispatch.txt","/content/drive/MyDrive/extracted_files/trump_17-20/On Russia-China Border, Selective Memory of Massacre Works for Both Sides_Russia Dispatch.txt",0.9635077975690365,0.9558188751339912,16,40,56
"On State TV, Chinese Forces Storm a Compound a Lot Like Bin Laden_s.txt","/content/drive/MyDrive/extracted_files/trump_17-20/On State TV, Chinese Forces Storm a Compound a Lot Like Bin Laden_s.txt",0.939920003925051,0.9680548906326294,14,21,35
"Once Formidable, Taiwan_s Military Is Now Overshadowed by China_s.txt","/content/drive/MyDrive/extracted_files/trump_17-20/Once Formidable, Taiwan_s Military Is Now Overshadowed by China_s.txt",0.9474855707241938,0.9492033902141783,26,36,62
"Once Stalled, Emissions Of Carbon Are Rising.txt","/content/drive/MyDrive/extracted_files/trump_17-20/Once Stalled, Emissions Of Carbon Are Rising.txt",0.9408810079097748,0.9673024364139723,10,23,33
One African Nation Put the Brakes on Chinese Debt. But Not for Long.txt,/content/drive/MyDrive/extracted_files/trump_17-20/One African Nation Put the Brakes on Chinese Debt. But Not for Long.txt,0.9294260974441256,0.951816676184535,28,32,60
OPEC Scrambles to React As Virus Imperils Demand.txt,/content/drive/MyDrive/extracted_files/trump_17-20/OPEC Scrambles to React As Virus Imperils Demand.txt,0.9242303868134817,0.9807130595048269,6,30,36
Optimism in Short Supply as Trade Talks With China Open.txt,/content/drive/MyDrive/extracted_files/trump_17-20/Optimism in Short Supply as Trade Talks With China Open.txt,0.942895750204722,0.9810263552973347,12,31,43
Oracle_s Embrace of Trump Could Benefit TikTok Bid.txt,/content/drive/MyDrive/extracted_files/trump_17-20/Oracle_s Embrace of Trump Could Benefit TikTok Bid.txt,0.9431511738470623,0.9538745841672344,28,31,59
Pastor Accused of _Inciting Subversion_ as China Cracks Down on Churches.txt,/content/drive/MyDrive/extracted_files/trump_17-20/Pastor Accused of _Inciting Subversion_ as China Cracks Down on Churches.txt,0.8959469331635369,0.9643938364209356,9,37,46
Paul Ryan Dismisses Trump _Spy_ Charge as G.O.P. Shows Signs of Resistance.txt,/content/drive/MyDrive/extracted_files/trump_17-20/Paul Ryan Dismisses Trump _Spy_ Charge as G.O.P. Shows Signs of Resistance.txt,0.9007251063982645,0.959145328483066,15,37,52
Pentagon Disinvites Beijing From Military Exercise.txt,/content/drive/MyDrive/extracted_files/trump_17-20/Pentagon Disinvites Beijing From Military Exercise.txt,0.8736850519975027,0.9239715477999519,6,17,23
"Peter Navarro, Trump_s Trade Warrior, Has Not Made His Peace With China.txt","/content/drive/MyDrive/extracted_files/trump_17-20/Peter Navarro, Trump_s Trade Warrior, Has Not Made His Peace With China.txt",0.9487328396903144,0.9694434627890587,27,40,67
Philippine Defense Official Calls for Review of U.S. Treaty.txt,/content/drive/MyDrive/extracted_files/trump_17-20/Philippine Defense Official Calls for Review of U.S. Treaty.txt,0.9349551017467792,0.9558180841532621,13,22,35
Photos From the Hong Kong Extradition Protests.txt,/content/drive/MyDrive/extracted_files/trump_17-20/Photos From the Hong Kong Extradition Protests.txt,0.9884965300559998,0.9631453778432764,5,23,28
Piano Forte.txt,/content/drive/MyDrive/extracted_files/trump_17-20/Piano Forte.txt,0.9546767808496952,0.9451807513833046,32,16,48
Piper Inn.txt,/content/drive/MyDrive/extracted_files/trump_17-20/Piper Inn.txt,0.9300936236977577,0.8886530041694641,16,5,21
Plan for $10 Billion Chip Plant Shows China_s Growing Pull.txt,/content/drive/MyDrive/extracted_files/trump_17-20/Plan for $10 Billion Chip Plant Shows China_s Growing Pull.txt,0.9377680889197758,0.8576109759947833,14,17,31
Plan to Block TikTok Is Delayed After President Gives _Blessing_.txt,/content/drive/MyDrive/extracted_files/trump_17-20/Plan to Block TikTok Is Delayed After President Gives _Blessing_.txt,0.9793713546934582,0.9623855614080662,21,41,62
Plastics Pile Up as China Refuses to Take the West_s Recycling.txt,/content/drive/MyDrive/extracted_files/trump_17-20/Plastics Pile Up as China Refuses to Take the West_s Recycling.txt,0.9611608340190008,0.9757332876324654,13,40,53
Plunging Markets Start to Poke the Bear.txt,/content/drive/MyDrive/extracted_files/trump_17-20/Plunging Markets Start to Poke the Bear.txt,0.9154991507530212,0.9467527362016531,6,26,32
"Poland Arrests 2, Including Huawei Worker, on Spying Charges.txt","/content/drive/MyDrive/extracted_files/trump_17-20/Poland Arrests 2, Including Huawei Worker, on Spying Charges.txt",0.9474288683671218,0.9590912178411322,13,59,72
Policy Shifts Hint at Who Has White House Sway.txt,/content/drive/MyDrive/extracted_files/trump_17-20/Policy Shifts Hint at Who Has White House Sway.txt,0.9578525622685751,0.963204855010623,6,42,48
Pomp and Pride at People_s Congress in Beijing.txt,/content/drive/MyDrive/extracted_files/trump_17-20/Pomp and Pride at People_s Congress in Beijing.txt,0.9816841920216878,0.9378613084554672,15,4,19
Pompeo Flashes Temper Over Question on Trump Business Interests.txt,/content/drive/MyDrive/extracted_files/trump_17-20/Pompeo Flashes Temper Over Question on Trump Business Interests.txt,0.9025913079579672,0.928925034072664,6,18,24
Pope Asks Chinese Catholics to Trust His Deal With Their Government.txt,/content/drive/MyDrive/extracted_files/trump_17-20/Pope Asks Chinese Catholics to Trust His Deal With Their Government.txt,0.9459951184689999,0.9527463714281718,16,12,28
"President Plans to Skip Talks With Asian Allies This Fall, White House Says.txt","/content/drive/MyDrive/extracted_files/trump_17-20/President Plans to Skip Talks With Asian Allies This Fall, White House Says.txt",0.9320447146892548,0.9802849037306649,10,14,24
President Says Threat of _Fury_ May Be Too Tepid.txt,/content/drive/MyDrive/extracted_files/trump_17-20/President Says Threat of _Fury_ May Be Too Tepid.txt,0.9604237922306719,0.9433342801200019,29,45,74
Pro-Trump Farmers Fear His Tariffs.txt,/content/drive/MyDrive/extracted_files/trump_17-20/Pro-Trump Farmers Fear His Tariffs.txt,0.9421903547786531,0.9486653972894717,21,39,60
Promotion for Prot_g_ of Xi Could Lead to Even More Powerful Role.txt,/content/drive/MyDrive/extracted_files/trump_17-20/Promotion for Prot_g_ of Xi Could Lead to Even More Powerful Role.txt,0.9701377749443054,0.9614193656227805,38,33,71
Propaganda Posters Dot the Chinese Capital.txt,/content/drive/MyDrive/extracted_files/trump_17-20/Propaganda Posters Dot the Chinese Capital.txt,0.9843501801843997,0.9041628042856852,27,18,45
Proposed U.N. Resolution Would Toughen Sanctions on North Korea.txt,/content/drive/MyDrive/extracted_files/trump_17-20/Proposed U.N. Resolution Would Toughen Sanctions on North Korea.txt,0.9632772207260132,0.9412831385930379,1,15,16
Prospect of Atmospheric Nuclear Test by North Korea Raises Specter of Danger.txt,/content/drive/MyDrive/extracted_files/trump_17-20/Prospect of Atmospheric Nuclear Test by North Korea Raises Specter of Danger.txt,0.8956446796655655,0.9576244118601777,12,43,55
Prospect of Rate Cut Keeps the Market Aloft.txt,/content/drive/MyDrive/extracted_files/trump_17-20/Prospect of Rate Cut Keeps the Market Aloft.txt,0.9455237605355002,0.9504846125035673,11,37,48
"Protests, Coronavirus and a Baby on the Way.txt","/content/drive/MyDrive/extracted_files/trump_17-20/Protests, Coronavirus and a Baby on the Way.txt",0.9664463698863983,0.9831767591034494,18,41,59
Public Resources Belong to Us All. But Who Decides What to Do With Them__Letter 76.txt,/content/drive/MyDrive/extracted_files/trump_17-20/Public Resources Belong to Us All. But Who Decides What to Do With Them__Letter 76.txt,0.9530255198478699,0.9544501746854475,39,31,70
"Pushing to Tighten Control Over Mobile Apps, China Orders Stores to Register.txt","/content/drive/MyDrive/extracted_files/trump_17-20/Pushing to Tighten Control Over Mobile Apps, China Orders Stores to Register.txt",0.7358566323916117,0.9911705808980125,6,14,20
"Putin Outlines Political Overhaul, Including a Possible Post for Himself.txt","/content/drive/MyDrive/extracted_files/trump_17-20/Putin Outlines Political Overhaul, Including a Possible Post for Himself.txt",0.9567780073951272,0.9684099793434143,17,20,37
Pyramid Investigation Has Investors Protesting Near Heart of Beijing.txt,/content/drive/MyDrive/extracted_files/trump_17-20/Pyramid Investigation Has Investors Protesting Near Heart of Beijing.txt,0.9670194327831269,0.9637597699960073,10,36,46
Racing Toward the Cliff_DealBook Newsletter.txt,/content/drive/MyDrive/extracted_files/trump_17-20/Racing Toward the Cliff_DealBook Newsletter.txt,0.9040007846696037,0.9686117655989053,42,69,111
"Reading, Writing And Revolution.txt","/content/drive/MyDrive/extracted_files/trump_17-20/Reading, Writing And Revolution.txt",0.9535758995240734,0.9538479815511143,31,34,65
Ready to Put the Shade On a Costly Trade War.txt,/content/drive/MyDrive/extracted_files/trump_17-20/Ready to Put the Shade On a Costly Trade War.txt,0.9063464159315283,0.9658373345931371,22,48,70
"Recession-Spotting, Beyond the Math.txt","/content/drive/MyDrive/extracted_files/trump_17-20/Recession-Spotting, Beyond the Math.txt",0.9704602035609159,0.9758241176605225,11,47,58
Recyclers Cringe as Southeast Asia Says It_s Sick of the West_s Trash.txt,/content/drive/MyDrive/extracted_files/trump_17-20/Recyclers Cringe as Southeast Asia Says It_s Sick of the West_s Trash.txt,0.9845347926020622,0.9768151726041522,8,42,50
Red-State Voters Stand by Republicans Despite the Pain From a Trade War.txt,/content/drive/MyDrive/extracted_files/trump_17-20/Red-State Voters Stand by Republicans Despite the Pain From a Trade War.txt,0.958629826704661,0.9702504349477363,18,33,51
Remaking Global Trade in China_s Image.txt,/content/drive/MyDrive/extracted_files/trump_17-20/Remaking Global Trade in China_s Image.txt,0.936431086063385,0.9285468785267956,45,53,98
Ren Hang.txt,/content/drive/MyDrive/extracted_files/trump_17-20/Ren Hang.txt,0.9521719330833072,0.9879164551866466,21,29,50
Report Warns of Hurdles For Intelligence Agencies.txt,/content/drive/MyDrive/extracted_files/trump_17-20/Report Warns of Hurdles For Intelligence Agencies.txt,0.9646236188709736,0.9145039044893705,16,13,29
Republican Judges Are Quietly Upending Public Health Laws.txt,/content/drive/MyDrive/extracted_files/trump_17-20/Republican Judges Are Quietly Upending Public Health Laws.txt,0.9042674732208252,0.9743369974588093,25,19,44
Republicans Bow to White House on Chinese Telecom Firm ZTE.txt,/content/drive/MyDrive/extracted_files/trump_17-20/Republicans Bow to White House on Chinese Telecom Firm ZTE.txt,0.9829340898073636,0.9668408178147816,13,21,34
Retailers Race Against Amazon to Automate Stores.txt,/content/drive/MyDrive/extracted_files/trump_17-20/Retailers Race Against Amazon to Automate Stores.txt,0.9547764095995162,0.9670148695387492,18,41,59
"Retooling China, From the Bottom Up.txt","/content/drive/MyDrive/extracted_files/trump_17-20/Retooling China, From the Bottom Up.txt",0.9308183709780375,0.9484494633452837,30,43,73
"Return to Trade Pact May Not Be So Easy for U.S., Allies Warn.txt","/content/drive/MyDrive/extracted_files/trump_17-20/Return to Trade Pact May Not Be So Easy for U.S., Allies Warn.txt",0.9133152912060419,0.9583905074331496,24,27,51
Role of Pangolin Viruses In Pandemic Is Still Murky.txt,/content/drive/MyDrive/extracted_files/trump_17-20/Role of Pangolin Viruses In Pandemic Is Still Murky.txt,0.9458240526063102,0.9566193991585782,7,38,45
Russia Is Teaching the World to Spy.txt,/content/drive/MyDrive/extracted_files/trump_17-20/Russia Is Teaching the World to Spy.txt,0.9550847027982984,0.9449470874510313,14,38,52
S&P 500 Hits High on Trade Deal Hopes.txt,/content/drive/MyDrive/extracted_files/trump_17-20/S&P 500 Hits High on Trade Deal Hopes.txt,0.9836563605528611,0.9356600642204285,13,28,41
Salesforce and Other Silicon Valley Firms Are Using Corporate Connections to Buy Masks for Hospitals.txt,/content/drive/MyDrive/extracted_files/trump_17-20/Salesforce and Other Silicon Valley Firms Are Using Corporate Connections to Buy Masks for Hospitals.txt,0.9327560133404202,0.9488426476228432,18,61,79
"Sanctions Enrage North Korea, But Their Sting Is Uncertain.txt","/content/drive/MyDrive/extracted_files/trump_17-20/Sanctions Enrage North Korea, But Their Sting Is Uncertain.txt",0.9000840703646342,0.9488259184928167,15,42,57
"Saudi Arabia Declares Cease-Fire in Yemen, Citing Fears of Coronavirus.txt","/content/drive/MyDrive/extracted_files/trump_17-20/Saudi Arabia Declares Cease-Fire in Yemen, Citing Fears of Coronavirus.txt",0.9522732960975776,0.950762384636387,59,157,216
Saudi Aramco Offers Some Details on Coming Stock Offering.txt,/content/drive/MyDrive/extracted_files/trump_17-20/Saudi Aramco Offers Some Details on Coming Stock Offering.txt,0.9619043648242951,0.9744944985096271,10,26,36
Schools Shut in Beijing as Coronavirus Flares.txt,/content/drive/MyDrive/extracted_files/trump_17-20/Schools Shut in Beijing as Coronavirus Flares.txt,0.9792693119782668,0.9763512446962553,13,29,42
"Scorched Silence, Fragile Rebirth, Award-Winning Music.txt","/content/drive/MyDrive/extracted_files/trump_17-20/Scorched Silence, Fragile Rebirth, Award-Winning Music.txt",0.9749673952658972,0.9574218365279111,36,22,58
"Second Canadian Arrested in China, Escalating Diplomatic Feud.txt","/content/drive/MyDrive/extracted_files/trump_17-20/Second Canadian Arrested in China, Escalating Diplomatic Feud.txt",0.9618925849596659,0.9650967006499951,18,26,44
"Security Council Tightens Economic Vise on North Korea, Blocking Fuel, Ships and Workers.txt","/content/drive/MyDrive/extracted_files/trump_17-20/Security Council Tightens Economic Vise on North Korea, Blocking Fuel, Ships and Workers.txt",0.9355319175455306,0.9675474297255278,18,32,50
"Seeing Bias, Chinese Aim Their Fury at United.txt","/content/drive/MyDrive/extracted_files/trump_17-20/Seeing Bias, Chinese Aim Their Fury at United.txt",0.8917517132229276,0.9773741739767569,9,27,36
Selldorf Architects Gets Qianlong Garden Project.txt,/content/drive/MyDrive/extracted_files/trump_17-20/Selldorf Architects Gets Qianlong Garden Project.txt,0.9832221269607544,0.9905688613653183,11,4,15
Senator Tom Cotton Repeats Fringe Theory of Coronavirus Origins.txt,/content/drive/MyDrive/extracted_files/trump_17-20/Senator Tom Cotton Repeats Fringe Theory of Coronavirus Origins.txt,0.9883269406855106,0.9618625164031982,16,30,46
"Seth Meyers_ After TikTok, Trump Could Ban Candy Crush_Best of Late Night.txt","/content/drive/MyDrive/extracted_files/trump_17-20/Seth Meyers_ After TikTok, Trump Could Ban Candy Crush_Best of Late Night.txt",0.920724263558021,0.924873623251915,13,20,33
Severe Floods in China Leave Over 106 Dead or Missing.txt,/content/drive/MyDrive/extracted_files/trump_17-20/Severe Floods in China Leave Over 106 Dead or Missing.txt,0.877553117275238,0.9936194360256195,5,10,15
Shadowy Church in South Korea Is Hot Spot of Cases After Member Falls Ill.txt,/content/drive/MyDrive/extracted_files/trump_17-20/Shadowy Church in South Korea Is Hot Spot of Cases After Member Falls Ill.txt,0.8749629785032833,0.9747164239806514,17,62,79
"Shanghai Disneyland_ Mulan, Mickey and Dumplings.txt","/content/drive/MyDrive/extracted_files/trump_17-20/Shanghai Disneyland_ Mulan, Mickey and Dumplings.txt",0.9607551401311701,0.9467860443951333,55,73,128
"She_s on a #MeToo Mission in China, Battling Censors and Lawsuits_The Saturday Profile.txt","/content/drive/MyDrive/extracted_files/trump_17-20/She_s on a #MeToo Mission in China, Battling Censors and Lawsuits_The Saturday Profile.txt",0.9540538611235442,0.9363121458075263,27,44,71
Ship Carrying Cows Capsizes_ Almost All of Crew Is Missing.txt,/content/drive/MyDrive/extracted_files/trump_17-20/Ship Carrying Cows Capsizes_ Almost All of Crew Is Missing.txt,0.9726026952266693,0.9652675943715232,8,28,36
Sick Workers and Spooked Customers_ Coronavirus Threatens Small Businesses.txt,/content/drive/MyDrive/extracted_files/trump_17-20/Sick Workers and Spooked Customers_ Coronavirus Threatens Small Businesses.txt,0.8092316389083862,0.9378809820521962,10,44,54
Siemens and Alstom Will Merge Rail Operations Into Global Giant.txt,/content/drive/MyDrive/extracted_files/trump_17-20/Siemens and Alstom Will Merge Rail Operations Into Global Giant.txt,0.9785736853426154,0.8691624253988266,11,4,15
"Sim Chi Yin, a Patient Photographer, Wins Chris Hondros Award.txt","/content/drive/MyDrive/extracted_files/trump_17-20/Sim Chi Yin, a Patient Photographer, Wins Chris Hondros Award.txt",0.9602937269210815,0.9039980947971344,25,10,35
Sister Fights to Free Uighur Businessman Held in China After U.S. Trip.txt,/content/drive/MyDrive/extracted_files/trump_17-20/Sister Fights to Free Uighur Businessman Held in China After U.S. Trip.txt,0.9248617580958776,0.948507611318068,35,55,90
Sizing Up What You Can No Longer Say in Hong Kong.txt,/content/drive/MyDrive/extracted_files/trump_17-20/Sizing Up What You Can No Longer Say in Hong Kong.txt,0.8956884145736694,0.9692668914794922,8,26,34
Skull of Smallest Dinosaur Discovered in Amber_Trilobites.txt,/content/drive/MyDrive/extracted_files/trump_17-20/Skull of Smallest Dinosaur Discovered in Amber_Trilobites.txt,0.9018300904168023,0.9641000063795793,9,19,28
SoftBank Said to Consider an Investment in Uber.txt,/content/drive/MyDrive/extracted_files/trump_17-20/SoftBank Said to Consider an Investment in Uber.txt,0.9619965751965841,0.939822542667389,6,15,21
Solar Panels Loom as the Stakes in Trump_s First Trade Battle With China.txt,/content/drive/MyDrive/extracted_files/trump_17-20/Solar Panels Loom as the Stakes in Trump_s First Trade Battle With China.txt,0.958317868411541,0.9420406427876703,8,29,37
Some Regrets About the Internet Are in Order.txt,/content/drive/MyDrive/extracted_files/trump_17-20/Some Regrets About the Internet Are in Order.txt,0.9384027563390278,0.939765365227409,42,46,88
Some Unfinished Business for Popovich.txt,/content/drive/MyDrive/extracted_files/trump_17-20/Some Unfinished Business for Popovich.txt,0.9400880024546668,0.933504936911843,63,55,118
Sonic Postcards Across the Ocean_THE DAILY NEWSLETTER.txt,/content/drive/MyDrive/extracted_files/trump_17-20/Sonic Postcards Across the Ocean_THE DAILY NEWSLETTER.txt,0.9563431982640866,0.9383617196764265,27,35,62
"Sorry, the World_s Biggest Bike Maker Can_t Help You Buy a Bike Right Now.txt","/content/drive/MyDrive/extracted_files/trump_17-20/Sorry, the World_s Biggest Bike Maker Can_t Help You Buy a Bike Right Now.txt",0.9500223225668857,0.9776337001774762,38,37,75
South Korea Election Turns Into 2-Way Race as Dark Horse Surges.txt,/content/drive/MyDrive/extracted_files/trump_17-20/South Korea Election Turns Into 2-Way Race as Dark Horse Surges.txt,0.9522528618574142,0.9396192462820756,40,38,78
South Korean Leader Seeks _New Start_ With China in Bid to End Trade War.txt,/content/drive/MyDrive/extracted_files/trump_17-20/South Korean Leader Seeks _New Start_ With China in Bid to End Trade War.txt,0.9287993931770324,0.9708958024328406,25,22,47
South Koreans Feel Cheated After U.S. Carrier Miscue.txt,/content/drive/MyDrive/extracted_files/trump_17-20/South Koreans Feel Cheated After U.S. Carrier Miscue.txt,0.9222603605853187,0.9473218116266974,18,29,47
South Korea_s Most Dangerous Enemy_ Demographics_On Money.txt,/content/drive/MyDrive/extracted_files/trump_17-20/South Korea_s Most Dangerous Enemy_ Demographics_On Money.txt,0.9429170191287994,0.9426380816627952,38,34,72
Southeast Asian Nations Join U.S. in Naval Drills.txt,/content/drive/MyDrive/extracted_files/trump_17-20/Southeast Asian Nations Join U.S. in Naval Drills.txt,0.8827613070607185,0.9318224008266742,16,26,42
Specter of Meddling by Beijing Looms Over Taiwan_s Elections.txt,/content/drive/MyDrive/extracted_files/trump_17-20/Specter of Meddling by Beijing Looms Over Taiwan_s Elections.txt,0.9297424043927874,0.9504615863164266,7,39,46
Sports Calendar Is Hit Hard by the Coronavirus.txt,/content/drive/MyDrive/extracted_files/trump_17-20/Sports Calendar Is Hit Hard by the Coronavirus.txt,0.9090334812800089,0.9803704818089803,15,36,51
Staff Picks From the Book Review.txt,/content/drive/MyDrive/extracted_files/trump_17-20/Staff Picks From the Book Review.txt,0.9747244172236499,0.8567978602189285,34,13,47
"Steel Is Pouring Out of China, And It Won_t Be Easy to Stop.txt","/content/drive/MyDrive/extracted_files/trump_17-20/Steel Is Pouring Out of China, And It Won_t Be Easy to Stop.txt",0.9781457290929907,0.9770189625151614,17,47,64
"Stephon Marbury Stops at N.Y.U., as His Story Continues.txt","/content/drive/MyDrive/extracted_files/trump_17-20/Stephon Marbury Stops at N.Y.U., as His Story Continues.txt",0.927597027271986,0.9562528388840812,32,28,60
Sticking It Out to Give Hungry Neighbors a Refuge.txt,/content/drive/MyDrive/extracted_files/trump_17-20/Sticking It Out to Give Hungry Neighbors a Refuge.txt,0.9860090533892314,0.9355417655573951,15,18,33
Stockpiling Hogs for a Rainy Day.txt,/content/drive/MyDrive/extracted_files/trump_17-20/Stockpiling Hogs for a Rainy Day.txt,0.8856149037679036,0.9652262197600471,15,45,60
Stocks Climb as Investors Look to China-U.S. Trade Talks.txt,/content/drive/MyDrive/extracted_files/trump_17-20/Stocks Climb as Investors Look to China-U.S. Trade Talks.txt,0.9265907662255424,0.9378900825977325,7,12,19
Stocks Drop as Italy_s Political Anxiety Spills Across Its Borders.txt,/content/drive/MyDrive/extracted_files/trump_17-20/Stocks Drop as Italy_s Political Anxiety Spills Across Its Borders.txt,0.943416440486908,0.9645675867795944,5,20,25
Stocks Fall as Wall St. Turns Its Focus to Escalating U.S.-China Trade War.txt,/content/drive/MyDrive/extracted_files/trump_17-20/Stocks Fall as Wall St. Turns Its Focus to Escalating U.S.-China Trade War.txt,0.7704774936040243,0.9866928269988612,3,19,22
"Stocks Plummet, Signaling Anxiety on Wall Street.txt","/content/drive/MyDrive/extracted_files/trump_17-20/Stocks Plummet, Signaling Anxiety on Wall Street.txt",0.8970030389334026,0.9683760954783514,19,26,45
Stocks Slump as Trump_s Threat of New Tariffs Scares Investors.txt,/content/drive/MyDrive/extracted_files/trump_17-20/Stocks Slump as Trump_s Threat of New Tariffs Scares Investors.txt,0.8271937171618143,0.9933952018618584,3,8,11
Stocks Soar as Traders_ Mood Brightens.txt,/content/drive/MyDrive/extracted_files/trump_17-20/Stocks Soar as Traders_ Mood Brightens.txt,0.9499865969022115,0.9424312070012093,33,40,73
Stop Investing in China_s Brutality.txt,/content/drive/MyDrive/extracted_files/trump_17-20/Stop Investing in China_s Brutality.txt,0.9454216269346384,0.9513941973447799,13,40,53
"Stop Wildlife Trade to Prevent Next Epidemic, Conservationists Say.txt","/content/drive/MyDrive/extracted_files/trump_17-20/Stop Wildlife Trade to Prevent Next Epidemic, Conservationists Say.txt",0.9408202719688415,0.9439508833137213,25,51,76
"Stranded Chinese Team Isn_t Sick, But It Is Tired of Being in Spain.txt","/content/drive/MyDrive/extracted_files/trump_17-20/Stranded Chinese Team Isn_t Sick, But It Is Tired of Being in Spain.txt",0.9136274134119352,0.9571234262906588,24,52,76
"Strong Data Prompts Buying, Though Tariffs Loom.txt","/content/drive/MyDrive/extracted_files/trump_17-20/Strong Data Prompts Buying, Though Tariffs Loom.txt",0.9171169129284945,0.9391063658090738,11,26,37
"Stung by Retaliatory Tariffs, Producers of American Spirits Urge Trump to Back Down.txt","/content/drive/MyDrive/extracted_files/trump_17-20/Stung by Retaliatory Tariffs, Producers of American Spirits Urge Trump to Back Down.txt",0.955732544263204,0.982961711045858,12,37,49
Summits of Adversaries_ They Haven_t Always Worked Out So Well.txt,/content/drive/MyDrive/extracted_files/trump_17-20/Summits of Adversaries_ They Haven_t Always Worked Out So Well.txt,0.9233118891716003,0.9778365829716558,28,23,51
T-Mobile-Sprint Merger Wins Approval of F.C.C. Chairman.txt,/content/drive/MyDrive/extracted_files/trump_17-20/T-Mobile-Sprint Merger Wins Approval of F.C.C. Chairman.txt,0.9327756547927857,0.943860036711539,25,31,56
Table for Two (Countries).txt,/content/drive/MyDrive/extracted_files/trump_17-20/Table for Two (Countries).txt,0.9345902938109177,0.9540010876953602,26,16,42
"Taco Bell, Betting on China, Goes Easy on the Grease.txt","/content/drive/MyDrive/extracted_files/trump_17-20/Taco Bell, Betting on China, Goes Easy on the Grease.txt",0.9581565053566642,0.9556560254096985,23,50,73
Taiwan Accuses China of Renewed Intimidation.txt,/content/drive/MyDrive/extracted_files/trump_17-20/Taiwan Accuses China of Renewed Intimidation.txt,0.8538160920143127,0.9225940448897225,8,14,22
Taiwan Citizens Accused of Violating U.N. Sanctions on North Korea.txt,/content/drive/MyDrive/extracted_files/trump_17-20/Taiwan Citizens Accused of Violating U.N. Sanctions on North Korea.txt,0.9342036843299866,0.9779242136899162,3,17,20
Taiwan Condemns China After Fighter Jets Cross Maritime Line.txt,/content/drive/MyDrive/extracted_files/trump_17-20/Taiwan Condemns China After Fighter Jets Cross Maritime Line.txt,0.9680949648221334,0.9576471348603567,3,6,9
Taiwan Urges Hong Kong to Investigate Killing That Helped Stir Protests.txt,/content/drive/MyDrive/extracted_files/trump_17-20/Taiwan Urges Hong Kong to Investigate Killing That Helped Stir Protests.txt,0.8675554692745209,0.946478821337223,2,16,18
"Takata, Unable to Overcome Airbag Crisis, Files for Bankruptcy Protection.txt","/content/drive/MyDrive/extracted_files/trump_17-20/Takata, Unable to Overcome Airbag Crisis, Files for Bankruptcy Protection.txt",0.9413336291909218,0.9657729585965474,8,30,38
Tariffs on China Will Exact Cost For _Both Sides_.txt,/content/drive/MyDrive/extracted_files/trump_17-20/Tariffs on China Will Exact Cost For _Both Sides_.txt,0.9291017279028893,0.9496006088436775,16,53,69
Tech Companies Drag Markets Lower.txt,/content/drive/MyDrive/extracted_files/trump_17-20/Tech Companies Drag Markets Lower.txt,0.9886918067932129,0.9887195642177875,1,13,14
Tech Giants_ Bitter Battle Goes to Trial.txt,/content/drive/MyDrive/extracted_files/trump_17-20/Tech Giants_ Bitter Battle Goes to Trial.txt,0.8814122517903645,0.9497327770178134,15,52,67
Tech Industry Pushes Back On U.S. Rules.txt,/content/drive/MyDrive/extracted_files/trump_17-20/Tech Industry Pushes Back On U.S. Rules.txt,0.9083314310936701,0.9644976469377676,21,48,69
Tech Shares Lead Another Day of Losses.txt,/content/drive/MyDrive/extracted_files/trump_17-20/Tech Shares Lead Another Day of Losses.txt,0.9296176433563232,0.9819288207035438,5,51,56
"Ten Years After Going Public, Blackstone Stock Hasn_t Budged_Breakingviews.txt","/content/drive/MyDrive/extracted_files/trump_17-20/Ten Years After Going Public, Blackstone Stock Hasn_t Budged_Breakingviews.txt",0.9556430237633842,0.9677397970642362,21,28,49
Tensions Flare but Trade Booms.txt,/content/drive/MyDrive/extracted_files/trump_17-20/Tensions Flare but Trade Booms.txt,0.9186111826163071,0.9491276068565173,13,39,52
Tesla Talking To Chinese_ May Set Up Car Factory.txt,/content/drive/MyDrive/extracted_files/trump_17-20/Tesla Talking To Chinese_ May Set Up Car Factory.txt,0.9582264870405197,0.9854049455551874,12,21,33
The Art of Living Under Sanctions.txt,/content/drive/MyDrive/extracted_files/trump_17-20/The Art of Living Under Sanctions.txt,0.9753940332503546,0.958420357017806,21,66,87
The Best Movies and TV Shows New on Netflix Canada in August.txt,/content/drive/MyDrive/extracted_files/trump_17-20/The Best Movies and TV Shows New on Netflix Canada in August.txt,0.955097904128413,0.943602549307274,31,33,64
"The Bride, the Groom And a Greek Photo Shoot.txt","/content/drive/MyDrive/extracted_files/trump_17-20/The Bride, the Groom And a Greek Photo Shoot.txt",0.9589380490779876,0.9556889783951544,50,31,81
The Canadians Detained in China_ An Ex-Diplomat and a Daring _Fixer_.txt,/content/drive/MyDrive/extracted_files/trump_17-20/The Canadians Detained in China_ An Ex-Diplomat and a Daring _Fixer_.txt,0.9642183347181841,0.9305784304936727,22,21,43
The Charms of South Korean Drama.txt,/content/drive/MyDrive/extracted_files/trump_17-20/The Charms of South Korean Drama.txt,0.9678563501523889,0.9036545928786782,23,17,40
"The Chinese Surveillance State, Part 2.txt","/content/drive/MyDrive/extracted_files/trump_17-20/The Chinese Surveillance State, Part 2.txt",0.979840980635749,0.975498616695404,9,4,13
The Contradiction in Trump_s Policies on Iran and North Korea.txt,/content/drive/MyDrive/extracted_files/trump_17-20/The Contradiction in Trump_s Policies on Iran and North Korea.txt,0.9071503419142503,0.9759241624010934,13,36,49
"The Coronavirus Still Is a Global Health Emergency, W.H.O. Warns.txt","/content/drive/MyDrive/extracted_files/trump_17-20/The Coronavirus Still Is a Global Health Emergency, W.H.O. Warns.txt",0.947953576626985,0.9208134545220269,23,27,50
The Death of Hong Kong as We Know It_.txt,/content/drive/MyDrive/extracted_files/trump_17-20/The Death of Hong Kong as We Know It_.txt,0.9444110024543035,0.9632756619742422,21,33,54
The Dish That Will Make You Fall in Love With Chinese Food_Eat.txt,/content/drive/MyDrive/extracted_files/trump_17-20/The Dish That Will Make You Fall in Love With Chinese Food_Eat.txt,0.9161987274885177,0.958983644195225,20,23,43
The Economy Can Take Tariffs. The Risk Is Erratic Policy.txt,/content/drive/MyDrive/extracted_files/trump_17-20/The Economy Can Take Tariffs. The Risk Is Erratic Policy.txt,0.986423351934978,0.9573210098526694,14,33,47
The Immigrant-Free Economy.txt,/content/drive/MyDrive/extracted_files/trump_17-20/The Immigrant-Free Economy.txt,0.9158340714595936,0.9497439086437225,27,80,107
The Journalists Changing Roles During the Coronavirus Outbreak_Times Insider.txt,/content/drive/MyDrive/extracted_files/trump_17-20/The Journalists Changing Roles During the Coronavirus Outbreak_Times Insider.txt,0.9457560637417961,0.8862372849668775,34,14,48
The Long View Of a Vast Land.txt,/content/drive/MyDrive/extracted_files/trump_17-20/The Long View Of a Vast Land.txt,0.9924934002069327,0.9205802430709203,13,12,25
The Making of a Chinese Patriot.txt,/content/drive/MyDrive/extracted_files/trump_17-20/The Making of a Chinese Patriot.txt,0.9699015481905504,0.9433016698611411,22,38,60
The Media_s Hunter Biden Conundrum.txt,/content/drive/MyDrive/extracted_files/trump_17-20/The Media_s Hunter Biden Conundrum.txt,0.9580476582050323,0.9597006334977991,14,34,48
The Miracle Years Are Over. Get Used to It.txt,/content/drive/MyDrive/extracted_files/trump_17-20/The Miracle Years Are Over. Get Used to It.txt,0.950043722987175,0.9759265515539381,24,36,60
The Murder Case That Lit the Fuse in Hong Kong.txt,/content/drive/MyDrive/extracted_files/trump_17-20/The Murder Case That Lit the Fuse in Hong Kong.txt,0.9160545667012533,0.9547299779951572,27,64,91
"The Muscles From Brussels, Kicking Himself.txt","/content/drive/MyDrive/extracted_files/trump_17-20/The Muscles From Brussels, Kicking Himself.txt",0.9597435525485447,0.948732054233551,35,20,55
The New U.S.-China Rivalry_ A Technology Race.txt,/content/drive/MyDrive/extracted_files/trump_17-20/The New U.S.-China Rivalry_ A Technology Race.txt,0.9747812492506844,0.9843555045127869,28,25,53
The New York Times vs. the _Great Firewall_ of China.txt,/content/drive/MyDrive/extracted_files/trump_17-20/The New York Times vs. the _Great Firewall_ of China.txt,0.9463002756237984,0.973271804196494,32,42,74
The Price of Pursuing Democracy.txt,/content/drive/MyDrive/extracted_files/trump_17-20/The Price of Pursuing Democracy.txt,0.9341983417669932,0.9681156678446408,30,58,88
The Real China Challenge_ Managing Its Decline.txt,/content/drive/MyDrive/extracted_files/trump_17-20/The Real China Challenge_ Managing Its Decline.txt,0.9147883057594299,0.9451532002006259,22,28,50
The Real Dangers of Surveillance_on tech.txt,/content/drive/MyDrive/extracted_files/trump_17-20/The Real Dangers of Surveillance_on tech.txt,0.9198656926552454,0.9750036804572396,24,46,70
The Road to Confrontation.txt,/content/drive/MyDrive/extracted_files/trump_17-20/The Road to Confrontation.txt,0.9437656290289285,0.9727552500036027,69,90,159
The Slur I Never Expected to Hear in 2020.txt,/content/drive/MyDrive/extracted_files/trump_17-20/The Slur I Never Expected to Hear in 2020.txt,0.9070626854896545,0.9612759645370876,35,136,171
The Tiananmen Square Anniversary_ A Guide to Our Coverage.txt,/content/drive/MyDrive/extracted_files/trump_17-20/The Tiananmen Square Anniversary_ A Guide to Our Coverage.txt,0.9846696257591248,0.9841136336326599,3,1,4
The Trillion-Dollar Nowhere.txt,/content/drive/MyDrive/extracted_files/trump_17-20/The Trillion-Dollar Nowhere.txt,0.9518032271521432,0.9470820106635583,175,214,389
The World Is Embracing S.U.V.s. That_s Bad News for the Climate.txt,/content/drive/MyDrive/extracted_files/trump_17-20/The World Is Embracing S.U.V.s. That_s Bad News for the Climate.txt,0.9512242531776428,0.9529047179222107,25,50,75
"The World Is Turning to Bailouts, but China Is Holding Back.txt","/content/drive/MyDrive/extracted_files/trump_17-20/The World Is Turning to Bailouts, but China Is Holding Back.txt",0.9352793569366137,0.9767874116482942,24,46,70
The World-Shaking News That You_re Missing.txt,/content/drive/MyDrive/extracted_files/trump_17-20/The World-Shaking News That You_re Missing.txt,0.9722338774624992,0.9422162771224976,34,51,85
There May Soon Be Three Internets. America_s Won_t Necessarily Be the Best.txt,/content/drive/MyDrive/extracted_files/trump_17-20/There May Soon Be Three Internets. America_s Won_t Necessarily Be the Best.txt,0.8916834105144847,0.9671065728915366,11,38,49
They Run the World_s Biggest Countries. Their Talk Won_t Be Easy.txt,/content/drive/MyDrive/extracted_files/trump_17-20/They Run the World_s Biggest Countries. Their Talk Won_t Be Easy.txt,0.9374755982841764,0.9689323348658425,28,28,56
Thousands of Chinese Companies Are Found to Violate Pollution Rules.txt,/content/drive/MyDrive/extracted_files/trump_17-20/Thousands of Chinese Companies Are Found to Violate Pollution Rules.txt,0.9157333884920392,0.9849305860698223,7,16,23
Thousands of Confiscated Coffins and an Exhumed Corpse Stoke Fury in China.txt,/content/drive/MyDrive/extracted_files/trump_17-20/Thousands of Confiscated Coffins and an Exhumed Corpse Stoke Fury in China.txt,0.9346601366996765,0.9785103410482406,6,20,26
Thousands Protest in Hong Kong on Anniversary of Handover to China.txt,/content/drive/MyDrive/extracted_files/trump_17-20/Thousands Protest in Hong Kong on Anniversary of Handover to China.txt,0.9593755677342415,0.9528672993183136,8,20,28
Three Young Democracy Advocates in Hong Kong Are Sentenced to Prison.txt,/content/drive/MyDrive/extracted_files/trump_17-20/Three Young Democracy Advocates in Hong Kong Are Sentenced to Prison.txt,0.9504232466220855,0.9530259264366967,10,28,38
Tibetan Filmmaker Flees to U.S. After _Arduous_ Escape from China.txt,/content/drive/MyDrive/extracted_files/trump_17-20/Tibetan Filmmaker Flees to U.S. After _Arduous_ Escape from China.txt,0.9936814308166504,0.9628141313791275,7,20,27
TikTok Ban_ Creators and Fans Are Big Mad.txt,/content/drive/MyDrive/extracted_files/trump_17-20/TikTok Ban_ Creators and Fans Are Big Mad.txt,0.9875554566582044,0.970988217741251,24,48,72
TikTok Revives Impulse to Act Like a C.E.O.txt,/content/drive/MyDrive/extracted_files/trump_17-20/TikTok Revives Impulse to Act Like a C.E.O.txt,0.9772905389467875,0.9691297614574432,15,50,65
TikTok Sues United States Over a Ban Trump Issued.txt,/content/drive/MyDrive/extracted_files/trump_17-20/TikTok Sues United States Over a Ban Trump Issued.txt,0.8794342692081745,0.9584302725615325,13,27,40
TikTok_s Chief Tries to Ease the Suspicions of the West.txt,/content/drive/MyDrive/extracted_files/trump_17-20/TikTok_s Chief Tries to Ease the Suspicions of the West.txt,0.9671945240762498,0.9633050012588501,27,50,77
Tillerson Leads From State Dept. Shadows as White House Steps In_Diplomatic Memo.txt,/content/drive/MyDrive/extracted_files/trump_17-20/Tillerson Leads From State Dept. Shadows as White House Steps In_Diplomatic Memo.txt,0.9720800042152404,0.96145528058211,35,36,71
"To Sway Trump on Trade, Businesses Turn to Cable TV.txt","/content/drive/MyDrive/extracted_files/trump_17-20/To Sway Trump on Trade, Businesses Turn to Cable TV.txt",0.9147810610857877,0.9303130337170192,11,28,39
Tomb Robbing Makes Comeback in China.txt,/content/drive/MyDrive/extracted_files/trump_17-20/Tomb Robbing Makes Comeback in China.txt,0.9659754306077957,0.9574056669421818,20,46,66
Too Many Chinese Children Need Glasses. Beijing Blames Video Games.txt,/content/drive/MyDrive/extracted_files/trump_17-20/Too Many Chinese Children Need Glasses. Beijing Blames Video Games.txt,0.9674388874660839,0.9759261362692889,11,17,28
Tour Asia. Learn a Lot. Maybe Win a Trophy.txt,/content/drive/MyDrive/extracted_files/trump_17-20/Tour Asia. Learn a Lot. Maybe Win a Trophy.txt,0.9629291792710623,0.9569371098821814,48,44,92
Trade Chief Defends _Not Perfect_ China Deal.txt,/content/drive/MyDrive/extracted_files/trump_17-20/Trade Chief Defends _Not Perfect_ China Deal.txt,0.8671799247915094,0.9647391885519028,11,28,39
Trade Clashes Are Weakening Global Growth.txt,/content/drive/MyDrive/extracted_files/trump_17-20/Trade Clashes Are Weakening Global Growth.txt,0.9178802616455976,0.9660998419407876,17,62,79
Trade Concessions Spur a Modest Rally.txt,/content/drive/MyDrive/extracted_files/trump_17-20/Trade Concessions Spur a Modest Rally.txt,0.9715327589135421,0.9356167183982002,19,18,37
"Trade Delegates Agree China Needs to Change, But Differ on Approach.txt","/content/drive/MyDrive/extracted_files/trump_17-20/Trade Delegates Agree China Needs to Change, But Differ on Approach.txt",0.8943915111677987,0.9621835390726725,14,30,44
Trade Rivals Risk Pulling Rest of World Over Brink.txt,/content/drive/MyDrive/extracted_files/trump_17-20/Trade Rivals Risk Pulling Rest of World Over Brink.txt,0.9324352264404296,0.9719222974777222,15,50,65
Trade Truce With Mexico Buoys Markets.txt,/content/drive/MyDrive/extracted_files/trump_17-20/Trade Truce With Mexico Buoys Markets.txt,0.935656832324134,0.9677160926487135,18,23,41
Translating a Surveillance Tool into a Virus Tracker for Democracies.txt,/content/drive/MyDrive/extracted_files/trump_17-20/Translating a Surveillance Tool into a Virus Tracker for Democracies.txt,0.9069347282250723,0.9662441326224286,12,46,58
Treasury Opts Against Labeling China a Currency Manipulator.txt,/content/drive/MyDrive/extracted_files/trump_17-20/Treasury Opts Against Labeling China a Currency Manipulator.txt,0.9313333630561829,0.9799376353621483,9,24,33
"Trump Acts, And Kushners Stand to Gain.txt","/content/drive/MyDrive/extracted_files/trump_17-20/Trump Acts, And Kushners Stand to Gain.txt",0.9159135490655899,0.9437069050196943,20,29,49
Trump Administration Considering Halting Sales of Aircraft Parts to China.txt,/content/drive/MyDrive/extracted_files/trump_17-20/Trump Administration Considering Halting Sales of Aircraft Parts to China.txt,0.9712162435054779,0.9588921692060388,10,23,33
Trump Adopts a More Aggressive Stance With U.S. Allies and Adversaries in Asia.txt,/content/drive/MyDrive/extracted_files/trump_17-20/Trump Adopts a More Aggressive Stance With U.S. Allies and Adversaries in Asia.txt,0.9345523585443911,0.957821998745203,23,32,55
Trump and Xi_ Two Imposing Leaders With Clashing Agendas.txt,/content/drive/MyDrive/extracted_files/trump_17-20/Trump and Xi_ Two Imposing Leaders With Clashing Agendas.txt,0.9456983529604398,0.9517392289070856,13,42,55
Trump Backs Away From Demand for Immediate North Korean Denuclearization.txt,/content/drive/MyDrive/extracted_files/trump_17-20/Trump Backs Away From Demand for Immediate North Korean Denuclearization.txt,0.9672407225558632,0.9603365560372671,38,36,74
Trump Calls China a _Threat To the World_ Ahead of Talks.txt,/content/drive/MyDrive/extracted_files/trump_17-20/Trump Calls China a _Threat To the World_ Ahead of Talks.txt,0.9728671163320541,0.9370221098264059,8,18,26
Trump Calls Xi With a Warning On North Korea.txt,/content/drive/MyDrive/extracted_files/trump_17-20/Trump Calls Xi With a Warning On North Korea.txt,0.9260615025247846,0.9437291481915642,14,34,48
"Trump Casts Doubt on China Deal, After Advisers Back It.txt","/content/drive/MyDrive/extracted_files/trump_17-20/Trump Casts Doubt on China Deal, After Advisers Back It.txt",0.9864951685855263,0.9680766463279724,19,35,54
"Trump Could Seek a China Trade Truce at G-20, Despite Tough Talk.txt","/content/drive/MyDrive/extracted_files/trump_17-20/Trump Could Seek a China Trade Truce at G-20, Despite Tough Talk.txt",0.9586111344397068,0.9616491364878278,16,43,59
Trump Dangles Aid Before North Korea. But Does Kim Jong-un Want It_.txt,/content/drive/MyDrive/extracted_files/trump_17-20/Trump Dangles Aid Before North Korea. But Does Kim Jong-un Want It_.txt,0.920427645955767,0.9304281689903953,28,22,50
Trump Deals Only Raise Trade Walls.txt,/content/drive/MyDrive/extracted_files/trump_17-20/Trump Deals Only Raise Trade Walls.txt,0.9506064510345459,0.9635588684502769,25,34,59
Trump Declines to Label China a Currency Manipulator as Trade War Brews.txt,/content/drive/MyDrive/extracted_files/trump_17-20/Trump Declines to Label China a Currency Manipulator as Trade War Brews.txt,0.9848339080810546,0.9788881294867572,5,17,22
"Trump Delays Auto Tariffs in Press for Deal With Japan, Europe.txt","/content/drive/MyDrive/extracted_files/trump_17-20/Trump Delays Auto Tariffs in Press for Deal With Japan, Europe.txt",0.9251572555965848,0.9701099508213546,18,53,71
Trump Escalates Feud With Apple and Threatens Tariffs on France.txt,/content/drive/MyDrive/extracted_files/trump_17-20/Trump Escalates Feud With Apple and Threatens Tariffs on France.txt,0.9224995411932468,0.9600792104999224,16,48,64
Trump Expected to Allow Limited Sales to Huawei.txt,/content/drive/MyDrive/extracted_files/trump_17-20/Trump Expected to Allow Limited Sales to Huawei.txt,0.9095040957132975,0.9494236494813647,6,14,20
Trump Floats Tariff Exclusions for Apple at Texas Manufacturing Plant.txt,/content/drive/MyDrive/extracted_files/trump_17-20/Trump Floats Tariff Exclusions for Apple at Texas Manufacturing Plant.txt,0.948302400112152,0.9678834431311664,5,34,39
Trump Found a Love for Tariffs Battling a Booming _80s Japan.txt,/content/drive/MyDrive/extracted_files/trump_17-20/Trump Found a Love for Tariffs Battling a Booming _80s Japan.txt,0.9018155694007873,0.9567972672613043,25,38,63
Trump Hits China With Stiff Trade Measures.txt,/content/drive/MyDrive/extracted_files/trump_17-20/Trump Hits China With Stiff Trade Measures.txt,0.9203930894533793,0.9356626079928491,24,31,55
"Trump Hits China With Tariffs on $200 Billion in Goods, Escalating Trade War.txt","/content/drive/MyDrive/extracted_files/trump_17-20/Trump Hits China With Tariffs on $200 Billion in Goods, Escalating Trade War.txt",0.937459971755743,0.9583899489155522,16,54,70
Trump in Asia_ _We_re the Hottest Show in Town__White House Memo.txt,/content/drive/MyDrive/extracted_files/trump_17-20/Trump in Asia_ _We_re the Hottest Show in Town__White House Memo.txt,0.9258409080834225,0.973021213710308,29,40,69
Trump Leaves New South Korean Leader in Bind.txt,/content/drive/MyDrive/extracted_files/trump_17-20/Trump Leaves New South Korean Leader in Bind.txt,0.934274448081851,0.9554591730237008,32,40,72
Trump May Add New Chinese Trademark to Portfolio.txt,/content/drive/MyDrive/extracted_files/trump_17-20/Trump May Add New Chinese Trademark to Portfolio.txt,0.9537155755928585,0.9640352241694927,14,16,30
Trump Mixes Optimism With Threats Over China.txt,/content/drive/MyDrive/extracted_files/trump_17-20/Trump Mixes Optimism With Threats Over China.txt,0.9502043594484744,0.9552109898665012,23,39,62
Trump Offers Contradictory Signals on China Trade War.txt,/content/drive/MyDrive/extracted_files/trump_17-20/Trump Offers Contradictory Signals on China Trade War.txt,0.939316680431366,0.9248561467443194,25,35,60
Trump Ordered U.S. Companies to Leave China. Is That Possible_.txt,/content/drive/MyDrive/extracted_files/trump_17-20/Trump Ordered U.S. Companies to Leave China. Is That Possible_.txt,0.9295779636928013,0.9639963890825,21,56,77
Trump Says He Avoided Punishing China Over Uighur Camps to Protect Trade Talks.txt,/content/drive/MyDrive/extracted_files/trump_17-20/Trump Says He Avoided Punishing China Over Uighur Camps to Protect Trade Talks.txt,0.8861798644065857,0.9838608304659525,12,18,30
Trump Says Tariffs Mean Ford Can Make New Model at Home. Ford Says It Won_t.txt,/content/drive/MyDrive/extracted_files/trump_17-20/Trump Says Tariffs Mean Ford Can Make New Model at Home. Ford Says It Won_t.txt,0.9739508390426636,0.9913140585025152,5,12,17
Trump Says Tariffs Will Save American Factories. History Shows Otherwise.txt,/content/drive/MyDrive/extracted_files/trump_17-20/Trump Says Tariffs Will Save American Factories. History Shows Otherwise.txt,0.9167844002897089,0.9582077818257468,22,42,64
"Trump Signs China Trade Deal, Pausing Sticky Economic Conflict.txt","/content/drive/MyDrive/extracted_files/trump_17-20/Trump Signs China Trade Deal, Pausing Sticky Economic Conflict.txt",0.9394710775878694,0.9691068040473121,36,28,64
"Trump Signs Tariffs, Defying Array of Allies.txt","/content/drive/MyDrive/extracted_files/trump_17-20/Trump Signs Tariffs, Defying Array of Allies.txt",0.9332280120541973,0.959741333309485,31,49,80
"Trump Targets WeChat and TikTok, in Sharp Escalation With China.txt","/content/drive/MyDrive/extracted_files/trump_17-20/Trump Targets WeChat and TikTok, in Sharp Escalation With China.txt",0.939170407752196,0.9644733627637228,24,45,69
"Trump to Raise North Korea Sanctions With Chinese Leader, Pence Says.txt","/content/drive/MyDrive/extracted_files/trump_17-20/Trump to Raise North Korea Sanctions With Chinese Leader, Pence Says.txt",0.942280574278398,0.9704433023929596,11,10,21
"Trump, Changing Course on Taiwan, Gives China an Upper Hand.txt","/content/drive/MyDrive/extracted_files/trump_17-20/Trump, Changing Course on Taiwan, Gives China an Upper Hand.txt",0.912050579723559,0.9632204254468282,19,30,49
Trump-Kim Summit Creates New Anxieties for Asian Allies.txt,/content/drive/MyDrive/extracted_files/trump_17-20/Trump-Kim Summit Creates New Anxieties for Asian Allies.txt,0.9284317919186184,0.9596153143289927,21,37,58
Trump_s 5G Plan Is More Than a Gift to His Base.txt,/content/drive/MyDrive/extracted_files/trump_17-20/Trump_s 5G Plan Is More Than a Gift to His Base.txt,0.9606491804122925,0.9406653983252389,25,35,60
Trump_s Charm and Threats May Not Be Working on China. Here_s Why.txt,/content/drive/MyDrive/extracted_files/trump_17-20/Trump_s Charm and Threats May Not Be Working on China. Here_s Why.txt,0.8964616552643154,0.9543242805144366,23,34,57
"Trump_s Granddaughter, 5, Sings in Chinese, and China Swoons.txt","/content/drive/MyDrive/extracted_files/trump_17-20/Trump_s Granddaughter, 5, Sings in Chinese, and China Swoons.txt",0.8693675398826599,0.8955114245414734,13,10,23
Trump_s Shutdown Surrender Adds Pressure to Secure China Trade Win.txt,/content/drive/MyDrive/extracted_files/trump_17-20/Trump_s Shutdown Surrender Adds Pressure to Secure China Trade Win.txt,0.9491752505302429,0.984682722017169,10,32,42
Trump_s Talk of a Car Tariff Ignores Intricacies.txt,/content/drive/MyDrive/extracted_files/trump_17-20/Trump_s Talk of a Car Tariff Ignores Intricacies.txt,0.9430561488674533,0.938437682390213,31,40,71
"Trump_s Trademark Continues Its March Across the Globe, Raising Eyebrows.txt","/content/drive/MyDrive/extracted_files/trump_17-20/Trump_s Trademark Continues Its March Across the Globe, Raising Eyebrows.txt",0.9519669642815223,0.9390874519580747,26,41,67
Trump_s Turn Toward China Curtails Navy Patrols in Disputed Zones.txt,/content/drive/MyDrive/extracted_files/trump_17-20/Trump_s Turn Toward China Curtails Navy Patrols in Disputed Zones.txt,0.9466733667585585,0.9410735996145951,9,38,47
Trump_s View of Syria and Assad Altered After _Unacceptable_ Chemical Attack.txt,/content/drive/MyDrive/extracted_files/trump_17-20/Trump_s View of Syria and Assad Altered After _Unacceptable_ Chemical Attack.txt,0.9664507645827073,0.9571008248762651,13,44,57
U.K. to Quarantine All Incoming Air Travelers_ a Chinese Coronavirus Vaccine Shows Promise.txt,/content/drive/MyDrive/extracted_files/trump_17-20/U.K. to Quarantine All Incoming Air Travelers_ a Chinese Coronavirus Vaccine Shows Promise.txt,0.9393777014717223,0.9467246896690793,63,144,207
U.N. Unveils Blacklist to Fight North Korea Sanctions-Busting.txt,/content/drive/MyDrive/extracted_files/trump_17-20/U.N. Unveils Blacklist to Fight North Korea Sanctions-Busting.txt,0.9849703311920166,0.9580474062399431,7,11,18
U.S. Accuses Hackers of Trying to Steal Coronavirus Vaccine Data for China.txt,/content/drive/MyDrive/extracted_files/trump_17-20/U.S. Accuses Hackers of Trying to Steal Coronavirus Vaccine Data for China.txt,0.8898225575685501,0.963876277870602,8,45,53
U.S. Adds Sanctions Over Internment of Muslims in China.txt,/content/drive/MyDrive/extracted_files/trump_17-20/U.S. Adds Sanctions Over Internment of Muslims in China.txt,0.9513034224510193,0.9564759053967216,10,22,32
U.S. and Beijing Exchange Tariffs And Expand Feud.txt,/content/drive/MyDrive/extracted_files/trump_17-20/U.S. and Beijing Exchange Tariffs And Expand Feud.txt,0.9325980452390817,0.9597446676847097,13,37,50
U.S. and China Angle for Trade Truce (but Also Dig Their Heels In).txt,/content/drive/MyDrive/extracted_files/trump_17-20/U.S. and China Angle for Trade Truce (but Also Dig Their Heels In).txt,0.9246442168951035,0.9533104731681499,12,47,59
U.S. and China Call Truce in Trade War.txt,/content/drive/MyDrive/extracted_files/trump_17-20/U.S. and China Call Truce in Trade War.txt,0.9708330929279327,0.9541976822389139,28,37,65
U.S. and China to Rekindle Trade Talks as More Tariffs Loom.txt,/content/drive/MyDrive/extracted_files/trump_17-20/U.S. and China to Rekindle Trade Talks as More Tariffs Loom.txt,0.9295893788337708,0.9556733553226178,5,26,31
U.S. Army Veteran Is Charged With Trying to Spy for Chinese Officials.txt,/content/drive/MyDrive/extracted_files/trump_17-20/U.S. Army Veteran Is Charged With Trying to Spy for Chinese Officials.txt,0.9054490476846695,0.9540348285582008,12,41,53
U.S. Bill Supporting Hong Kong Rights Heads to Trump_s Desk.txt,/content/drive/MyDrive/extracted_files/trump_17-20/U.S. Bill Supporting Hong Kong Rights Heads to Trump_s Desk.txt,0.8954747567574183,0.9557666863713946,12,21,33
"U.S. Charges Huawei With Racketeering, Adding Pressure on China.txt","/content/drive/MyDrive/extracted_files/trump_17-20/U.S. Charges Huawei With Racketeering, Adding Pressure on China.txt",0.9372571269671123,0.9678511632525403,15,46,61
U.S. Cites Forced Labor In Curbing China Goods.txt,/content/drive/MyDrive/extracted_files/trump_17-20/U.S. Cites Forced Labor In Curbing China Goods.txt,0.8699122468630472,0.9690837474430308,6,34,40
U.S. Imposes More Sanctions for Human Rights Abuses in China.txt,/content/drive/MyDrive/extracted_files/trump_17-20/U.S. Imposes More Sanctions for Human Rights Abuses in China.txt,0.9677238265673319,0.9537994933850837,6,33,39
U.S. Lawmakers Propose Tough Limits on Imports from Xinjiang.txt,/content/drive/MyDrive/extracted_files/trump_17-20/U.S. Lawmakers Propose Tough Limits on Imports from Xinjiang.txt,0.8206099681556225,0.9582874744366376,16,39,55
U.S. May Ban Cotton From Xinjiang Region of China Over Rights Concerns.txt,/content/drive/MyDrive/extracted_files/trump_17-20/U.S. May Ban Cotton From Xinjiang Region of China Over Rights Concerns.txt,0.7762418588002523,0.966064898406758,3,17,20
"U.S. Military_s Global Edge Has Diminished, Strategy Review Finds.txt","/content/drive/MyDrive/extracted_files/trump_17-20/U.S. Military_s Global Edge Has Diminished, Strategy Review Finds.txt",0.9773525595664978,0.9635136952767005,15,26,41
U.S. Negotiators Take Tougher Stance Ahead of China Talks.txt,/content/drive/MyDrive/extracted_files/trump_17-20/U.S. Negotiators Take Tougher Stance Ahead of China Talks.txt,0.9639076845986503,0.9779844454356602,7,21,28
U.S. Objects to World Bank_s Lending Plans for China.txt,/content/drive/MyDrive/extracted_files/trump_17-20/U.S. Objects to World Bank_s Lending Plans for China.txt,0.9523126780986786,0.9381455279685356,14,37,51
U.S. Officials Warn Health Researchers_ China May Be Trying to Steal Your Data.txt,/content/drive/MyDrive/extracted_files/trump_17-20/U.S. Officials Warn Health Researchers_ China May Be Trying to Steal Your Data.txt,0.9247276842594147,0.955799190771012,20,42,62
U.S. Penalizes 24 Chinese Companies Over Role in South China Sea.txt,/content/drive/MyDrive/extracted_files/trump_17-20/U.S. Penalizes 24 Chinese Companies Over Role in South China Sea.txt,0.8902371200648221,0.9613985574763754,11,23,34
U.S. Presses China Further Over Actions In Hong Kong.txt,/content/drive/MyDrive/extracted_files/trump_17-20/U.S. Presses China Further Over Actions In Hong Kong.txt,0.9439248442649841,0.9504078269004822,8,20,28
"U.S. Reinstating Iran Sanctions, Defying Europe.txt","/content/drive/MyDrive/extracted_files/trump_17-20/U.S. Reinstating Iran Sanctions, Defying Europe.txt",0.8653983235359192,0.9818832909359652,15,34,49
U.S. Scholar Says Beijing Thwarted Request to Visit.txt,/content/drive/MyDrive/extracted_files/trump_17-20/U.S. Scholar Says Beijing Thwarted Request to Visit.txt,0.9649198452631632,0.9698227452380317,15,28,43
U.S. Stocks Rebound Slightly After Tech-Driven Slump.txt,/content/drive/MyDrive/extracted_files/trump_17-20/U.S. Stocks Rebound Slightly After Tech-Driven Slump.txt,0.8848310623850141,0.9521522959073384,7,15,22
U.S. Strikes China Trade Deals but Leaves Major Issues Untouched.txt,/content/drive/MyDrive/extracted_files/trump_17-20/U.S. Strikes China Trade Deals but Leaves Major Issues Untouched.txt,0.924927308009221,0.9292129533631461,13,21,34
U.S. Study Urges Better Ties With China.txt,/content/drive/MyDrive/extracted_files/trump_17-20/U.S. Study Urges Better Ties With China.txt,0.9542330460888999,0.9333676408838343,14,27,41
"U.S. Suspends Tariffs on China, Stoking Fears of a Loss of Leverage.txt","/content/drive/MyDrive/extracted_files/trump_17-20/U.S. Suspends Tariffs on China, Stoking Fears of a Loss of Leverage.txt",0.968639557560285,0.9568738035253577,12,37,49
U.S. to Tell Russia It Is Leaving Landmark I.N.F. Treaty.txt,/content/drive/MyDrive/extracted_files/trump_17-20/U.S. to Tell Russia It Is Leaving Landmark I.N.F. Treaty.txt,0.8455747001700931,0.9695251265237498,18,43,61
Uber Rival Gets Billions And Looks To Go Global.txt,/content/drive/MyDrive/extracted_files/trump_17-20/Uber Rival Gets Billions And Looks To Go Global.txt,0.930713415145874,0.9656576633453369,10,10,20
Uighur Exiles Push for Court Case Accusing China of Genocide.txt,/content/drive/MyDrive/extracted_files/trump_17-20/Uighur Exiles Push for Court Case Accusing China of Genocide.txt,0.9625828067461649,0.9555690862514354,6,27,33
"Under Lockdown for Coronavirus, Parents Struggle to Deal With Their Kids.txt","/content/drive/MyDrive/extracted_files/trump_17-20/Under Lockdown for Coronavirus, Parents Struggle to Deal With Their Kids.txt",0.9323208173116048,0.9659677084456099,30,47,77
"Under New Rule, Chinese Diplomats Must Notify State Dept. of Meetings in U.S.txt","/content/drive/MyDrive/extracted_files/trump_17-20/Under New Rule, Chinese Diplomats Must Notify State Dept. of Meetings in U.S.txt",0.9108645439147949,0.9443115552266439,5,15,20
"Underdog, Unafraid To Fight.txt","/content/drive/MyDrive/extracted_files/trump_17-20/Underdog, Unafraid To Fight.txt",0.9895812590916951,0.9136289899999445,15,11,26
Unearthing a Trove From Tiananmen.txt,/content/drive/MyDrive/extracted_files/trump_17-20/Unearthing a Trove From Tiananmen.txt,0.8904273509979248,0.9333436543291266,6,11,17
Value Stocks May Offer Best Prospects in Emerging Markets.txt,/content/drive/MyDrive/extracted_files/trump_17-20/Value Stocks May Offer Best Prospects in Emerging Markets.txt,0.9274123676361576,0.9451496215427623,31,34,65
Vietnam Yields to China On Gas-Drilling Project.txt,/content/drive/MyDrive/extracted_files/trump_17-20/Vietnam Yields to China On Gas-Drilling Project.txt,0.9031072795391083,0.9685325072361872,10,26,36
Violent E-Sports in the Olympics_ Some Say Yes.txt,/content/drive/MyDrive/extracted_files/trump_17-20/Violent E-Sports in the Olympics_ Some Say Yes.txt,0.9111567238966624,0.9291511203931726,24,23,47
"Virus in Check, China Economy Bounces Back.txt","/content/drive/MyDrive/extracted_files/trump_17-20/Virus in Check, China Economy Bounces Back.txt",0.9355297772972672,0.9575459698836009,27,30,57
Visa Delays at Backlogged Immigration Service Strand International Students.txt,/content/drive/MyDrive/extracted_files/trump_17-20/Visa Delays at Backlogged Immigration Service Strand International Students.txt,0.9462918693369086,0.9609562639267214,11,31,42
Voters in Taiwan Are Likely to Defy Calls by Beijing For Unification.txt,/content/drive/MyDrive/extracted_files/trump_17-20/Voters in Taiwan Are Likely to Defy Calls by Beijing For Unification.txt,0.9596111216852742,0.9352976783462192,31,23,54
W.H.O. Members Reject Trump_s Demands but Agree to Study Its Virus Response.txt,/content/drive/MyDrive/extracted_files/trump_17-20/W.H.O. Members Reject Trump_s Demands but Agree to Study Its Virus Response.txt,0.8964085380236307,0.9555648054395404,15,49,64
W.T.O. Allows China to Impose Trade Sanctions on American Goods.txt,/content/drive/MyDrive/extracted_files/trump_17-20/W.T.O. Allows China to Impose Trade Sanctions on American Goods.txt,0.8959755897521973,0.9499342686989728,11,34,45
Wall St. Moves Unsteadily as Global Markets Drop.txt,/content/drive/MyDrive/extracted_files/trump_17-20/Wall St. Moves Unsteadily as Global Markets Drop.txt,0.8734204173088074,0.9960232741302915,3,18,21
Want a Divorce in China_ You Might Have to Fail a Quiz First.txt,/content/drive/MyDrive/extracted_files/trump_17-20/Want a Divorce in China_ You Might Have to Fail a Quiz First.txt,0.8777504563331604,0.9585361058513323,11,24,35
"Want to #DeleteFacebook_ Well, You Can Try.txt","/content/drive/MyDrive/extracted_files/trump_17-20/Want to #DeleteFacebook_ Well, You Can Try.txt",0.9570787799985785,0.9473677954431308,19,59,78
"Watching Trump From Abroad With Sarcasm, Silence and Scorn.txt","/content/drive/MyDrive/extracted_files/trump_17-20/Watching Trump From Abroad With Sarcasm, Silence and Scorn.txt",0.9380625103201184,0.9397870987653733,14,40,54
We Have Questions About SoftBank_DealBook Newsletter.txt,/content/drive/MyDrive/extracted_files/trump_17-20/We Have Questions About SoftBank_DealBook Newsletter.txt,0.9045951350739128,0.9431480499414298,38,65,103
We Need a More Resilient American Economy.txt,/content/drive/MyDrive/extracted_files/trump_17-20/We Need a More Resilient American Economy.txt,0.9762305116653442,0.9566179582050869,25,35,60
"Web Use in North Korea Rises, Evading Sanctions.txt","/content/drive/MyDrive/extracted_files/trump_17-20/Web Use in North Korea Rises, Evading Sanctions.txt",0.9373874701559544,0.9224754428863525,16,25,41
Westminster Dog Show Photos_ Up Close and Personal.txt,/content/drive/MyDrive/extracted_files/trump_17-20/Westminster Dog Show Photos_ Up Close and Personal.txt,0.9380549559226403,0.8543194201257494,13,9,22
What Happened (and Didn_t) at the Bonn Climate Talks.txt,/content/drive/MyDrive/extracted_files/trump_17-20/What Happened (and Didn_t) at the Bonn Climate Talks.txt,0.9281927908168119,0.9273030608892441,17,28,45
"What if North Korea Opens Its Economy, Even a Little_.txt","/content/drive/MyDrive/extracted_files/trump_17-20/What if North Korea Opens Its Economy, Even a Little_.txt",0.9394799023866653,0.9648425579071045,28,39,67
What Is Kim Jong-un_s Game_.txt,/content/drive/MyDrive/extracted_files/trump_17-20/What Is Kim Jong-un_s Game_.txt,0.9680962926811643,0.9707001914148745,18,23,41
What Lunar New Year Reveals About the World_s Calendars.txt,/content/drive/MyDrive/extracted_files/trump_17-20/What Lunar New Year Reveals About the World_s Calendars.txt,0.9596270521481832,0.9340915339333671,27,14,41
What Xi Jinping Hasn_t Learned From China_s Emperors.txt,/content/drive/MyDrive/extracted_files/trump_17-20/What Xi Jinping Hasn_t Learned From China_s Emperors.txt,0.9486272976948664,0.9567352831363678,39,40,79
"What_s in a Name_ For Taiwan, Preparing for the Spotlight, a Lot.txt","/content/drive/MyDrive/extracted_files/trump_17-20/What_s in a Name_ For Taiwan, Preparing for the Spotlight, a Lot.txt",0.8769270994446494,0.9738552730817062,11,26,37
What_s Under Discussion at One of China_s Biggest Political Gatherings.txt,/content/drive/MyDrive/extracted_files/trump_17-20/What_s Under Discussion at One of China_s Biggest Political Gatherings.txt,0.9178470281454233,0.9830568856917895,26,52,78
When a President Sabotages His Own Country.txt,/content/drive/MyDrive/extracted_files/trump_17-20/When a President Sabotages His Own Country.txt,0.8949028650919596,0.9625108114310673,18,28,46
When Bebop Is Interrupted By Russian Propaganda.txt,/content/drive/MyDrive/extracted_files/trump_17-20/When Bebop Is Interrupted By Russian Propaganda.txt,0.9623248842027452,0.9523027491569519,36,50,86
When Globalization Really Began_nonfiction.txt,/content/drive/MyDrive/extracted_files/trump_17-20/When Globalization Really Began_nonfiction.txt,0.971573083297066,0.9267989993095398,23,5,28
"When It Comes to a Trade War, China Takes the Long View_On Money.txt","/content/drive/MyDrive/extracted_files/trump_17-20/When It Comes to a Trade War, China Takes the Long View_On Money.txt",0.9598382211500599,0.9224368333816528,31,39,70
"When It Comes to China, Silence Is Golden.txt","/content/drive/MyDrive/extracted_files/trump_17-20/When It Comes to China, Silence Is Golden.txt",0.9518093571943396,0.9415657567977905,17,25,42
Where Does America Sit in a Pandemic World__DealBook Debrief.txt,/content/drive/MyDrive/extracted_files/trump_17-20/Where Does America Sit in a Pandemic World__DealBook Debrief.txt,0.9619396269321442,0.8444815278053284,10,8,18
White House Considers Barring Chinese Telecom Sales as Tensions Mount.txt,/content/drive/MyDrive/extracted_files/trump_17-20/White House Considers Barring Chinese Telecom Sales as Tensions Mount.txt,0.9946095645427704,0.9617512822151184,6,20,26
"White House Unveils Tariffs on Over 1,300 Chinese Products.txt","/content/drive/MyDrive/extracted_files/trump_17-20/White House Unveils Tariffs on Over 1,300 Chinese Products.txt",0.8586025759577751,0.9566630558534102,8,33,41
"Who Cancels Lunch With Warren Buffett_ A Chinese Tycoon Did, but Why_.txt","/content/drive/MyDrive/extracted_files/trump_17-20/Who Cancels Lunch With Warren Buffett_ A Chinese Tycoon Did, but Why_.txt",0.9014992889236001,0.9798413600240435,17,42,59
Who Was in the Room_ These Advisers Joined Trump for the Syria Strike.txt,/content/drive/MyDrive/extracted_files/trump_17-20/Who Was in the Room_ These Advisers Joined Trump for the Syria Strike.txt,0.9883005420366923,0.9339210844039917,39,25,64
Why Are Scientists So Upset About the First Crispr Babies_.txt,/content/drive/MyDrive/extracted_files/trump_17-20/Why Are Scientists So Upset About the First Crispr Babies_.txt,0.9490334779024124,0.9617474507540464,20,64,84
Why Beijing_s Response Has Been Rather Muted.txt,/content/drive/MyDrive/extracted_files/trump_17-20/Why Beijing_s Response Has Been Rather Muted.txt,0.9059808904474432,0.9668797196880463,11,31,42
Why Calls to Boycott _Mulan_ Over Concerns About China Are Growing.txt,/content/drive/MyDrive/extracted_files/trump_17-20/Why Calls to Boycott _Mulan_ Over Concerns About China Are Growing.txt,0.8648844132056603,0.9691225540253424,13,31,44
Why China No Longer Needs Hong Kong.txt,/content/drive/MyDrive/extracted_files/trump_17-20/Why China No Longer Needs Hong Kong.txt,0.9482532739639282,0.951007750901309,20,22,42
Why Is China Coming After Americans Like Me in the U.S._.txt,/content/drive/MyDrive/extracted_files/trump_17-20/Why Is China Coming After Americans Like Me in the U.S._.txt,0.9578413150527261,0.9767922520637512,22,30,52
Why Laundromats Are the Hot New Place to Hang Out in Hong Kong_Hong Kong Journal.txt,/content/drive/MyDrive/extracted_files/trump_17-20/Why Laundromats Are the Hot New Place to Hang Out in Hong Kong_Hong Kong Journal.txt,0.9497021499433016,0.985451356569926,19,30,49
Why My Chinese Dad Quit His iPhone.txt,/content/drive/MyDrive/extracted_files/trump_17-20/Why My Chinese Dad Quit His iPhone.txt,0.9123428918066478,0.9506767511367797,21,20,41
Why Not Assemble iPhones in America_ Consider This Screw.txt,/content/drive/MyDrive/extracted_files/trump_17-20/Why Not Assemble iPhones in America_ Consider This Screw.txt,0.9743381261825561,0.9526153173086778,15,53,68
Why Students Can_t Get Laptops.txt,/content/drive/MyDrive/extracted_files/trump_17-20/Why Students Can_t Get Laptops.txt,0.9420002672983252,0.9712870942221747,23,45,68
Why Tariff and Trade Disputes Are More Than a Money Problem_Strategies.txt,/content/drive/MyDrive/extracted_files/trump_17-20/Why Tariff and Trade Disputes Are More Than a Money Problem_Strategies.txt,0.9276670879787869,0.9509749218821526,18,40,58
Why the World Needs America and China to Get Along.txt,/content/drive/MyDrive/extracted_files/trump_17-20/Why the World Needs America and China to Get Along.txt,0.9567183918423123,0.9254741668701172,18,20,38
"Wilbur Ross, Fresh From China Visit, Warns of _Lopsided_ Trade Relationship.txt","/content/drive/MyDrive/extracted_files/trump_17-20/Wilbur Ross, Fresh From China Visit, Warns of _Lopsided_ Trade Relationship.txt",0.931243570951315,0.935738247983596,13,17,30
"Wild About Tech, China Even Loves Waiters Too Clunky to Serve.txt","/content/drive/MyDrive/extracted_files/trump_17-20/Wild About Tech, China Even Loves Waiters Too Clunky to Serve.txt",0.961582499742508,0.9464795443746779,40,45,85
Wildlife at Risk After Fiery Tanker Disaster.txt,/content/drive/MyDrive/extracted_files/trump_17-20/Wildlife at Risk After Fiery Tanker Disaster.txt,0.9324619472026825,0.9461512673984874,4,22,26
Will Congress Block Trump_s Deal With a Dangerous Company_.txt,/content/drive/MyDrive/extracted_files/trump_17-20/Will Congress Block Trump_s Deal With a Dangerous Company_.txt,0.8849622905254364,0.9533111476898193,16,25,41
Will President Trump Stand With Hong Kong_.txt,/content/drive/MyDrive/extracted_files/trump_17-20/Will President Trump Stand With Hong Kong_.txt,0.9536413364112377,0.9521231272003867,16,22,38
Will Taiwan Be the First Domino to Fall to China__Contributing Op-Ed Writer.txt,/content/drive/MyDrive/extracted_files/trump_17-20/Will Taiwan Be the First Domino to Fall to China__Contributing Op-Ed Writer.txt,0.945499648066128,0.9545196909457445,17,32,49
Will Trump Speak Up Against China_s Oppression_.txt,/content/drive/MyDrive/extracted_files/trump_17-20/Will Trump Speak Up Against China_s Oppression_.txt,0.9485545977950096,0.9661325597763062,8,25,33
"With Modi in Washington, China and India _Jostle_ on Their Border.txt","/content/drive/MyDrive/extracted_files/trump_17-20/With Modi in Washington, China and India _Jostle_ on Their Border.txt",0.9136878006598529,0.9557195997238159,17,25,42
"With Propaganda Push in China, Wuhan Emerges as a Star.txt","/content/drive/MyDrive/extracted_files/trump_17-20/With Propaganda Push in China, Wuhan Emerges as a Star.txt",0.9700868924458822,0.9868574844939368,30,28,58
"With This Ring, or Maybe That Ring, I Thee Wed.txt","/content/drive/MyDrive/extracted_files/trump_17-20/With This Ring, or Maybe That Ring, I Thee Wed.txt",0.9440550099719655,0.9918842554092407,22,5,27
"With U.S. Relations Unsteady, China_s Premier Tries Smoothing Things Over.txt","/content/drive/MyDrive/extracted_files/trump_17-20/With U.S. Relations Unsteady, China_s Premier Tries Smoothing Things Over.txt",0.957229102912702,0.9367507226539381,19,33,52
Woman From China Carrying Malware Arrested After Entering Mar-a-Lago.txt,/content/drive/MyDrive/extracted_files/trump_17-20/Woman From China Carrying Malware Arrested After Entering Mar-a-Lago.txt,0.924048920472463,0.9747546937154687,6,46,52
Worried About Turkey_s Economic Problems_ China_s Could Be Worse.txt,/content/drive/MyDrive/extracted_files/trump_17-20/Worried About Turkey_s Economic Problems_ China_s Could Be Worse.txt,0.91909559071064,0.963902395347069,12,29,41
Wreckage of Missing Myanmar Military Plane Is Found.txt,/content/drive/MyDrive/extracted_files/trump_17-20/Wreckage of Missing Myanmar Military Plane Is Found.txt,0.961673249801,0.9564535106931414,6,21,27
Xi Doctrine Will Guide A Nation.txt,/content/drive/MyDrive/extracted_files/trump_17-20/Xi Doctrine Will Guide A Nation.txt,0.975562192242721,0.9623959823088213,29,11,40
Xi Infuses New Year Tour With Folksy Accents.txt,/content/drive/MyDrive/extracted_files/trump_17-20/Xi Infuses New Year Tour With Folksy Accents.txt,0.9944509319637133,0.9429680969980028,23,9,32
Xi Jinping Positions China at Center of New Economic Order.txt,/content/drive/MyDrive/extracted_files/trump_17-20/Xi Jinping Positions China at Center of New Economic Order.txt,0.9643250459974463,0.9541891108859669,22,22,44
Xi Jinping_s Strength Is China_s Weakness.txt,/content/drive/MyDrive/extracted_files/trump_17-20/Xi Jinping_s Strength Is China_s Weakness.txt,0.9145326699529376,0.9217098019061944,28,39,67
Xi Promised Economic Reform in China. The World Is Still Waiting.txt,/content/drive/MyDrive/extracted_files/trump_17-20/Xi Promised Economic Reform in China. The World Is Still Waiting.txt,0.9680225253105164,0.9518294005017531,23,38,61
"Zimbabwe_s Military, in Apparent Takeover, Says It Has Custody of Mugabe.txt","/content/drive/MyDrive/extracted_files/trump_17-20/Zimbabwe_s Military, in Apparent Takeover, Says It Has Custody of Mugabe.txt",0.9427942335605621,0.9477287828922272,12,26,38
_A Slap in the Face__ Chinese Readers Share Their Coronavirus Stories.txt,/content/drive/MyDrive/extracted_files/trump_17-20/_A Slap in the Face__ Chinese Readers Share Their Coronavirus Stories.txt,0.8887719305662009,0.9543172339849835,26,79,105
_Abominable_ Dominates Weekend Box Office.txt,/content/drive/MyDrive/extracted_files/trump_17-20/_Abominable_ Dominates Weekend Box Office.txt,0.951563740770022,0.7257172465324402,12,8,20
"_Because of a so-called trade war with China, America lost 300,000 manufacturing jobs. Farmers have.txt","/content/drive/MyDrive/extracted_files/trump_17-20/_Because of a so-called trade war with China, America lost 300,000 manufacturing jobs. Farmers have.txt",0.9648594856262207,0.9957533597946167,1,5,6
_Bitter Money_ and _Bitter Rice__ Migrant Workers Face Toil and Trouble.txt,/content/drive/MyDrive/extracted_files/trump_17-20/_Bitter Money_ and _Bitter Rice__ Migrant Workers Face Toil and Trouble.txt,0.9762024283409119,0.9565715647879101,26,21,47
_Clean Up This Mess__ The Chinese Thinkers Behind Xi_s Hard Line.txt,/content/drive/MyDrive/extracted_files/trump_17-20/_Clean Up This Mess__ The Chinese Thinkers Behind Xi_s Hard Line.txt,0.9533839849538581,0.9500029395366537,43,29,72
_Daily Bread of Diplomacy__ Envoy Says China Didn_t Sway Report.txt,/content/drive/MyDrive/extracted_files/trump_17-20/_Daily Bread of Diplomacy__ Envoy Says China Didn_t Sway Report.txt,0.8904425144195557,0.9793341107228223,5,34,39
_Donald the Strong_ Finds Fans in China For His Brash Style.txt,/content/drive/MyDrive/extracted_files/trump_17-20/_Donald the Strong_ Finds Fans in China For His Brash Style.txt,0.9693692475557327,0.8897468220619928,40,21,61
_Facing the Darkest Hour__ Hong Kong_s Protest Movement in Crisis.txt,/content/drive/MyDrive/extracted_files/trump_17-20/_Facing the Darkest Hour__ Hong Kong_s Protest Movement in Crisis.txt,0.9273766577243805,0.9580272817220844,16,61,77
_Game of Chicken__ China and U.S. Are Risking a Clash at Sea.txt,/content/drive/MyDrive/extracted_files/trump_17-20/_Game of Chicken__ China and U.S. Are Risking a Clash at Sea.txt,0.9388087003127389,0.9529124382469389,23,36,59
_Good Arguments__ Canadian Ambassador Criticized Over Huawei Remarks.txt,/content/drive/MyDrive/extracted_files/trump_17-20/_Good Arguments__ Canadian Ambassador Criticized Over Huawei Remarks.txt,0.9760092071124485,0.9544190764427185,14,14,28
"_Gray Rhinos,_ Choking on Debt, Prompt Beijing to Tighten Reins.txt","/content/drive/MyDrive/extracted_files/trump_17-20/_Gray Rhinos,_ Choking on Debt, Prompt Beijing to Tighten Reins.txt",0.9001864518438066,0.9442457838190926,35,36,71
_Growing Pains of Going Global_.txt,/content/drive/MyDrive/extracted_files/trump_17-20/_Growing Pains of Going Global_.txt,0.9444249299439517,0.9612577206948224,22,34,56
"_He suspended all travel from China, the second largest economy in the world. Joe Biden opposed that.txt","/content/drive/MyDrive/extracted_files/trump_17-20/_He suspended all travel from China, the second largest economy in the world. Joe Biden opposed that.txt",0.9727604985237122,0.9622417603220258,1,7,8
_Humiliation_ Is Haunting Trade Talks.txt,/content/drive/MyDrive/extracted_files/trump_17-20/_Humiliation_ Is Haunting Trade Talks.txt,0.9323819554769076,0.942411239500399,26,27,53
_I Am Just Hong Kong__ A City_s Fate in China_s Hands.txt,/content/drive/MyDrive/extracted_files/trump_17-20/_I Am Just Hong Kong__ A City_s Fate in China_s Hands.txt,0.9399417979376656,0.9577028421419007,49,56,105
_I Cannot Remain Silent_.txt,/content/drive/MyDrive/extracted_files/trump_17-20/_I Cannot Remain Silent_.txt,0.9366801182428995,0.9500264888224395,18,23,41
_I just gave $28 billion to our farmers._.txt,/content/drive/MyDrive/extracted_files/trump_17-20/_I just gave $28 billion to our farmers._.txt,0.996422529220581,0.9435751835505167,3,3,6
"_I Personally Don_t Need_ Press Access, Tillerson Says, but Reality May Intervene.txt","/content/drive/MyDrive/extracted_files/trump_17-20/_I Personally Don_t Need_ Press Access, Tillerson Says, but Reality May Intervene.txt",0.9453721876655307,0.9488835951377605,28,29,57
_Insult to China__ A Model_s Freckles Spark an Online Storm.txt,/content/drive/MyDrive/extracted_files/trump_17-20/_Insult to China__ A Model_s Freckles Spark an Online Storm.txt,0.9325822266665372,0.927057705427471,11,19,30
_It_s 8 P.M. on Election Day._ Experts Share Nightmare Scenarios.txt,/content/drive/MyDrive/extracted_files/trump_17-20/_It_s 8 P.M. on Election Day._ Experts Share Nightmare Scenarios.txt,0.955873278900981,0.9815005640407185,32,91,123
"_It_s a Very Difficult, Scary Move__ U.S. Denounces China_s Security Law.txt","/content/drive/MyDrive/extracted_files/trump_17-20/_It_s a Very Difficult, Scary Move__ U.S. Denounces China_s Security Law.txt",0.965095575650533,0.9542417473652783,15,34,49
"_One Country, Two Systems._ Will It End_.txt","/content/drive/MyDrive/extracted_files/trump_17-20/_One Country, Two Systems._ Will It End_.txt",0.9309159029613842,0.9559429335594177,11,25,36
_Panda Diplomacy__ A $24 Million Zoo Enclosure Angers Some.txt,/content/drive/MyDrive/extracted_files/trump_17-20/_Panda Diplomacy__ A $24 Million Zoo Enclosure Angers Some.txt,0.8761585326421828,0.9591804653406143,21,20,41
_Phase 1_ Accord To Freeze Tariffs Against Chinese.txt,/content/drive/MyDrive/extracted_files/trump_17-20/_Phase 1_ Accord To Freeze Tariffs Against Chinese.txt,0.9694522998549722,0.9747331828782053,33,33,66
_Pretty Ugly_ Report on Manufacturing Is Another Blow to Confidence.txt,/content/drive/MyDrive/extracted_files/trump_17-20/_Pretty Ugly_ Report on Manufacturing Is Another Blow to Confidence.txt,0.9376398379152472,0.9577539818627494,11,35,46
"_Prospective Threat_ of Chinese Spying Justifies Huawei Ban, U.S. Says.txt","/content/drive/MyDrive/extracted_files/trump_17-20/_Prospective Threat_ of Chinese Spying Justifies Huawei Ban, U.S. Says.txt",0.9109645128250122,0.9894938937255314,5,14,19
_Show Absolutely No Mercy__ Inside China_s Mass Detentions.txt,/content/drive/MyDrive/extracted_files/trump_17-20/_Show Absolutely No Mercy__ Inside China_s Mass Detentions.txt,0.9379996890957291,0.9651133615395119,74,145,219
"_The West Is Winning,_ Pompeo Said. The West Wasn_t Buying It.txt","/content/drive/MyDrive/extracted_files/trump_17-20/_The West Is Winning,_ Pompeo Said. The West Wasn_t Buying It.txt",0.9474613693627444,0.9619565154566909,22,33,55
_This Government Is Lucky__ Coronavirus Quiets Global Protest Movements.txt,/content/drive/MyDrive/extracted_files/trump_17-20/_This Government Is Lucky__ Coronavirus Quiets Global Protest Movements.txt,0.9204972471509661,0.9545991867780685,14,64,78
_Weaponized_ Currency and Mining Limits_ China_s Responses to Trump Take Shape.txt,/content/drive/MyDrive/extracted_files/trump_17-20/_Weaponized_ Currency and Mining Limits_ China_s Responses to Trump Take Shape.txt,0.9086757699648539,0.9629131101426625,12,42,54
