file,text,topic_cluster_id,topic_label,era,era_label,topic_category,topic_category_label
An Empire Run Amid Rice Paddies.txt,"ï»¿
Retailers in bankruptcy?
A crumbling real estate market?
A global recession?
The problems might as well be happening on Mars, as far as Zhang Guoxi is concerned.
While gnarled old peasants slog barefoot behind water buffaloes in the rice paddies here, Mr. Zhang, apparently China's richest private businessman, has found a better way to make a living.
A balding 39-year-old who dropped out of school after the sixth grade, Mr. Zhang runs an international business empire based on furniture exports, property development and stock trading from his 10-story corporate headquarters, which juts above the paddies. 
From this remote country town he has emerged as an entrepreneur with assets worth tens of millions of dollars.
Â 
Defining the Limits
Mr. Zhang (whose full name is pronounced JAHNG gwaw-shee) is one of the best measures of how much capitalism the Communist authorities are prepared to tolerate in their drive for national prosperity. 
For 15 years, he has more or less defined the frontier of what can be tolerated, and despite the hardline oratory from Beijing in the last few years, he continues to thrive.
""Sure, I live very well,"" he said, grinning, when he was asked how many homes he owns. 
""Very well!""
After a pause, he added with a mischievous gleam in his eye: ""So I should say, 'Long live Comrade Xiaoping!'
"" The reference was to Deng Xiaoping, the 87-year-old paramount Chinese leader, who since January has led a new drive to carry out further capitalist-style changes in the economy.
In a society where peasants earn cash incomes of about $150 a year, Mr. Zhang is rich in a way that can scarcely be fathomed, rich in a way that the Rockefellers are rich. 
He sips Remy Martin cognac, and he has a chauffeur-driven car waiting for him in each city where he has an office. 
The state even provides him with his own police station of a dozen officers solely to protect his company and serve as his bodyguards.
Mr. Zhang may be leading the pack, but there are many other business tycoons emerging across China, capturing the spirit of the times. 
In the 1970's, many Chinese wanted to be revolutionary; today, they want to be rich. 
Most private businesses are only about a dozen years old, but they are expanding rapidly and branching across the nation and even the world. 
By the end of the century, China's private industrialists may be far more numerous and powerful than they are today.
""Deng Xiaoping has always said that China should let some people get rich first and let these people pull the economy along,"" said Christine Wong, an associate professor of economics at the University of California at Santa Cruz. 
""Now that Deng Xiaoping has reasserted his dominance in trying to formulate economic policy, I expect that things will look up for people like that.""
Already the wealth and power that Mr. Zhang has gathered are jarring, partly because his base is not Beijing or Shanghai, but this small county seat of Yujiang in Jiangxi Province. 
Jiangxi is a poor, landlocked area that early in the century was a Communist guerrilla base. 
Most of the buildings around Yujiang are dilapidated brick homes with propaganda slogans proclaiming ""Socialism is Good!"" or calling on people to have just one child.
Â 
Touches of Modernity
Mr. Zhang's corporate headquarters rises abruptly from these surroundings, 10 stories of gleaming modernity with international direct dialing and fax service, in a sprawling compound that also includes a goldfish pond and two marble arches -- ""I'm an artist, after all,"" he explained. 
His buildings have their own slogans, but they are not political: ""Guard against fires!"" the banners warn.
Financial success carries political risks in China, and for that reason Mr. Zhang prefers to refer to his enterprise not as ""privately run"" but as ""people run.""
But he does not dispute that his company is privately owned -- after all it is called the Guoxi Group, named after him -- and Government ministries have publicly referred to it as a private company.
Mr. Zhang is also discreet enough to dodge questions about his personal spending habits and about his net worth, but he finally acknowledges that $30 million or more might be a good estimate.
""More or less, more or less,"" he repeats, each time accenting the word ""more.""
Â 
Some Special Skills
Entrepreneurs in China often run into trouble with grasping officials, who arbitrarily impose huge taxes or who force the owner to sell to the Government. 
Mr. Zhang has had few such problems, and his methods offer a window into the skills that business tycoons need to succeed in China.
One of the most crucial skills is cultivation of Government and Communist Party officials, a task that the gregarious Mr. Zhang assumes with ease. 
He is a good friend of the provincial governor and of county officials, and he has contributed more than $1.5 million in recent years to local charities and public causes.
""He is a good party member and an excellent businessman,"" Gov. Wu Guanzheng said of Mr. Zhang at a recent public meeting. 
""For many years he has loved the party and the people, and done many good deeds.""
The latest good deed -- and the purpose of the meeting -- was Mr. Zhang's contribution of $200,000 to endow a new Zhang Guoxi Education Foundation. 
Everything he contributes to seems to bear his name: the Zhang Guoxi Big Bridge is being completed to link Yujiang with the other side of a broad river.
""Boss, three cars can pass at a time on the bridge, no problem!""
Luo Genshen, the head of the construction team, says obsequiously as Mr. Zhang stands in the middle of the bridge and inspects the work. 
After asking a few questions, Mr. Zhang returns to his Nissan Cedrick to be chauffeured to his next spot on a round of inspections.
Â 
Providing Services
Mr. Zhang also helped pay to bring running water and international telephone service to Yujiang. 
In addition, he contributed the only other structures in Yujiang that rival his headquarters in height: a television relay tower to improve local reception and a seven-story science tower at the local school.
Perhaps because of the philanthropy, local officials regard Mr. Zhang as a great hero rather than an evil capitalist. 
""We hope that more Zhang Guoxis will emerge!""
The Jiangxi Daily News declared in a front-page headline. 
And local Communist Party officials have formally called on the entire community to ""learn from Comrade Zhang Guoxi.""
In some parts of China, including Beijing, Communist Party organizations have officially banned wealthy entrepreneurs from joining the party. 
But Mr. Zhang joined the party in 1972, long before he struck it rich, and he not only remains in the party but serves as party boss of his enterprise group, while also holding down the posts of chairman and general manager.
Zhang Guoxi's name means fruit of happiness, because at birth he was only a bit more than four pounds, the size of a small fruit. 
His mother died when he was 2, and after finishing elementary school he dropped out and began work as a carpenter. 
A few years later, in 1973, he sold his family home for $250 and used the money to start his company.
Initially, the company made carved wooden chests, when it was not fighting off criticisms and investigations by Communist Party ideologues who denounced it as the ""tail of capitalism.""
Â 
Recalling Rough Times
""I'm fine now, and people see me going abroad and praised in the papers, and so on,"" Mr. Zhang said soberly. 
""But back in 1973 to 1977, it was really rough and I was often hungry. 
If I told you about those years, you'd be in tears.""
After Mr. Deng came to power in 1978, the company prospered and began to export the wooden chests and other carved furniture to Japan. 
Then it branched into the manufacture of gold-plated Buddhist altars, which in Japan sell for about $10,000 each.
As business grew, Mr. Zhang opened offices in three Chinese cities, as well as Japan, Hong Kong, Canada and Germany. 
The Guoxi Group became a general international trading company, with interests ranging from stock trading in Hong Kong to Chinese restaurants in Germany. 
The company is about to open a new trading office in Thailand and is building a nine-story hotel in the southern Chinese resort of Sanya.",1,companies,HWBUSH,HW Bush (1989-1992),CATEGORY_7,"enterprises, companies, market"
"As China_s Economy Thrives, The Public Sector Flounders.txt","ï»¿
The Avenue of Eternal Peace, the main road through the capital, ends at the gate to one of the country's gargantuan state enterprises, a steel factory that employs 186,000 workers and sprawls from the edge of the city into the mountains and plains beyond.
It takes half an hour by train to go from one end to the other of the central factory of the Capital Iron and Steel Mill, where giant blast furnaces run 24 hours a day. 
Along the way, the main path splinters into the different parts of this mini-society: a park, a flower garden with a small zoo, a hospital, two colleges, a nursery, a kindergarten, and a farm that grows fish, poultry and vegetables for the factory workers.
In its conception, Capital Steel was the Communist antidote to a class society; it was an integrated community where people work for the state and the state supplies them with their every need, where men and women would be entitled to a job, a house, free health care and a few bowls of subsidized rice each day.
After 40 years of Communist Party rule, however, that dream has collapsed and the system has decayed into a giant labyrinth of mismanagement, an underclass in an emerging dual economy that pits the market mechanism against central planning.
Â 
A Two-Tier Economy
The import of capitalistic attitudes by private businesses and collectives has brought economic expansion and prosperity to southeast China's provinces, such as Guangdong, Fujian and Zhejiang. 
But China seems compelled to cling to the lagging state sector, and the growing economic inequalities between the two tiers of the economy are leading to political headaches for China's Communist leaders.
With orthodox ideology discredited throughout the country, China's state sector, still the largest part of the country's economy, is one of the most important Communist symbols left and it is slowly withering: some 40 percent of the state enterprises are losing money, stockpiles of unsold goods are mounting, and losses are growing daily.
Government-owned businesses continue to benefit from all sorts of preferential policies and the Government has agreed to lighten their tax burden, but even so, these enterprises are being pummeled by competition from private and collective enterprises, and these days many no longer pay their bills or their debts.
""They are the state's main source of income and the backbone of the socialist economy,"" Jiang Zemin, the Communist Party leader, said recently. 
""So whether we can revive them affects not only the stabilityI of the national economy, but also the status of the public ownership economy and the solidity of the entire socialist system.""
Â 
The System's Pride Becomes Albatross
Because these enterprises are seen as the bulwark of Chinese Communism, the Chinese leadership is devoting enormous efforts to reviving them. 
Perhaps no issue is now attracting so much attention of top Government leaders, and they likely face no greater frustration than the chronic losses and inefficiencies of the state sector.
With a growing number of factories refusing to pay their debts, doing business in China requires a measure of imagination. 
One factory recently resorted to sending a team of elderly, sick and disabled workers to plead, snivel and cry for repayment of loans from another enterprise.
That did not work, so the factory then dispatched a group of women employees with their babies crying piteously for food, according to an account in an official Shanghai newspaper. 
The hope was that the enterprise that owed the money would fear that the wails of babies would bring bad luck and would promptly repay. 
But that did not work either. 
These days, nothing seems to work.
""There is no hope for the state enterprises, no way out,"" said a Chinese economist who has worked for the Government on these problems. 
The best hope, she said, is that the state sector will expire quietly.
But many Chinese believe that is unlikely, and the leaders themselves apparently are afraid to allow the enterprises to collapse. 
A few years ago, when economic reformers were in control, there was an effort to introduce Western-style bankruptcy and force out of business those enterprises that were inefficient.
But the architect of the bankruptcy program was imprisoned after the 1989 crackdown, and the Chinese leadership now seems caught in a painful dilemma: it cannot afford the mounting losses of the state sector, but it dares not close the factories for fear of unrest from laid-off workers.
State-owned companies have dominated Chinese industry and manufacturing for four decades, but their share of the economy dropped sharply after Deng Xiaoping began the economic restructuring of the 1980's. 
The state sector accounts for only about 53 percent of industrial production, and the figure is dropping steadily.
Â 
Private Sector To Outstrip Public
This year or next will be a milestone: for the first time in more than four decades of Communist Party rule, less than half of industrial output will come from state enterprises. 
The leaders are aghast, but they seem to have no alternative but to accept economic growth, whatever its source. 
If the private sector will provide revenue and jobs, they will apparently accept it.
When Prime Minister Li Peng was examining the problems at a state-run enterprise in Guangdong recently, he reportedly said, in a fit of exasperation, ""Share-ownership is the only way out.""
Mr. Li's offhand remarks were never published, and so they are unlikely to reflect a policy shift. 
Nevertheless, as passed around in economic circles, they suggest the despair and disillusionment with the state sector at the highest level of Government. 
State-owned banks are forced to lend more and more money to keep state enterprises afloat, but for many enterprises there is little prospect that the debts will be repaid.
""It's a cancer to the economy,"" said Han Qiaowen, chief editor of a journal in Shanghai on debt problems. 
""The system of credit is breaking down. 
People no longer respect the need for credit, and there is no way to control this. 
If you owe money, there is no punishment.""
Nationally, unpaid debts among enterprises totaled some $56 billion at the end of June. 
The Government said in October that about $19 billion in debts had been repaid, but did not say whether the total amount had fallen or risen.
In fact, many enterprises may actually have the funds to repay their debts to suppliers or other creditors, but they simply choose not to. 
Instead, they spread their funds among various accounts at several banks so that authorities would have difficulty proving that could repay.
""Just because we don't repay our loans doesn't mean our enterprise is going broke,"" said Zhang Guangde, deputy director of the China Textile Machinery Manufacturing Works in Shanghai. 
His enterprise owes nearly $2 million to suppliers, but he said it is also owed about the same amount by customers.
Â 
Borrowers Win, Creditors Lose
Because there is no legal framework to enforce loan repayment, collecting loans has become one of the biggest headaches among factory managers. 
A popular saying these days among businessmen goes: ""Lending money is like spilling water on the floor.""
Another goes: ""Those who owe money are bold and self-assured; those who want repayment must crawl on their knees and beg.""
To be sure, not all state enterprises are in such bad shape. 
The state is still immensely proud of Capital Steel and a few other factories that are still held up as examples of the best of Communism. 
By official count, one third of state enterprises are making money, nearly 40 percent are losing money and the rest are approximately breaking even.
Most of China's Government is financed by the one-third of companies that are still turning a profit. 
Anywhere from 55 percent to 75 percent of an enterprise's profits currently go to the Government in the form of various kinds of taxes.
The profitable companies also have to subsidize the money-losing ones. 
Subsidies to unprofitable companies rose from $8.4 billion in 1988 to $10.9 billion in 1990, and may be even higher this year. 
One third of the Government's revenues, far more than is spent on either the military or education, goes to bail out these money-losing enterprises.
One reason why the enterprises perform so poorly is that their main role has been not so much insuring profits as insuring political stabilityII by looking out for workers. 
Enterprises almost never dismiss workers, wages move up with seniority no matter how slovenly or unproductive people are, and so work places often resemble nothing so much as tea parties. 
Meanwhile, the companies still are responsible for the cradle-to-grave services for each tea-drinker.
At the Shanghai No. 2 Cotton Mill, for instance, there is a payroll of 10,600 people -- of whom only 4,000 are engaged in production. 
About 2,500 more are engaged in non-production work, ranging from preparing Communist Party slogans for meetings to fixing the plumbing in worker housing. 
In addition, the factory must pay pensions and provide housing for 4,100 retired workers.
The factories are also facing new commercial pressures. 
Two years ago, the Government determined everything: the amount that the factory would produce, the sale price, and the price of the raw materials. 
But this year, the state said it would buy only half the factory output and supply only half of the raw materials.
The result is that the mill was forced to buy raw cotton at a high free- market price for the other half of its production. 
But there is an oversupply of cotton yarn, and the factory says it cannot get a reasonable price for the yarn that the state no longer buys. 
For a factory that never had to make its own decisions or worry about profits, this is a rude awakening.
Last year profits were $2.5 million on revenues of $27 million, which is considered strong by Chinese standards. 
But not all of these profits can go into renovating machinery. 
The factory pays $566 per year per worker and then on top of that, it must dig into its profits to pay for all sorts of subsidies and to purchase or build housing for its workers.
Â 
Diverting Profits To Worker Benefits
Managers at many state-owned factories aim not to maximize profits but to maximize incomes and benefits for their workers, the constituency that is perhaps most important to them. 
Regulators scrutinize corporate accounts to insure that they are reinvesting enough in equipment and not diverting funds to buy eggs or vacation trips or housing for workers, but the No. 2 Cotton Mill admits glumly that it is not able to provide much for employees these days.
""Most of the workers have to find their own housing,"" said Zheng Fangyou, a deputy director at the factory. 
""I can't say that we provide most of our workers housing.""
Understanding the problems of money-losing enterprises is complicated by the fact that everyone is trying to conceal problems from everyone else. 
Factory managers hide problems from Government officials, and the officials hide difficulties from foreigners. 
Every request in various parts of China to interview officials of unprofitable or barely profitable state enterprises was turned down.
But Chinese newspapers have revealed some aspects of the problem. 
Recent reports suggest that many enterprises may have ""hidden losses,"" either because they under-report losses or siphon off a portion of the earnings.
An investigation into the fiscal accounts of 257 enterprises in nine provinces and cities discovered that 202 of them had accumulated over the last four years hidden losses of $257 million, nearly twice the amount of losses they officially reported. 
The report, published earlier this month in the People's Daily, said the companies had overstated earnings, partly because costs, such as amortization, were not included and partly because of theft.
In the case of a shoe factory in Hebei Province, accountants discovered 5,000 pairs of shoes were missing, at a loss of $19,000. 
A cigarette factory in Jilin Province found 13,872 cartons had vanished.
Perhaps the best solution to the problems of the state enterprises, says a Western economist in Beijing, is for private and collective enterprises to continue to take over their role and share of production gradually. 
He explains, ""Then these dinosaurs will simply fade away.""",1,companies,HWBUSH,HW Bush (1989-1992),CATEGORY_7,"enterprises, companies, market"
"At Bush_s Beijing Villa, Marxists Pursue Profit.txt","ï»¿
As President Bush visits here this weekend, his lodgings will be testimony to China's growing interest in market economics.
China is waiving the $20,000-a-night charge for the elegant 24-bedroom villa where Mr. Bush will stay. 
But these days the historic Diaoyutai Guest House, a one-time imperial park where visiting dignitaries are housed in any one of 15 villas, is renting out its accommodations to tourists, business people and anyone else with hard currency.
Indeed, while Mr. Bush and about 35 other top officials will be given free lodging as state guests, the United States will have to pay for the scores of other guests in the official delegation who will stay here.
Protocol officers are still working out the lodging arrangements, including the bill, but even the least expensive rooms cost $140 a night. 
Many Chinese workers do not earn that much money in a month. 
#800 Years of Intrigue Diaoyutai Guest House, in short, has taken seriously the Communist Party's advice that business is honorable and that to get rich is glorious.
Throughout China, state institutions are searching for new ways to make money. 
The army is manufacturing televisions, schools are operating shoe factories on the side, and the Public Security Bureau is managing hotels.
In the last few years, Diaoyutai has proved that it can keep up with anyone in finding new sources of revenue. 
Indeed, the legendary guest house, with 800 years of history and intrigue, even turns a small profit these days in spite of the large number of official guests for whom it is obliged to provide free accommodation.
If Mr. Bush decides to swim in the Diaoyutai pool, for instance, he may find that a few other people have already paid for the privilege. 
A little more than a year ago, the Diaoyutai management began to offer corporate club memberships - $40,000 each - that allow two top corporate officers to use the accommodations indefinitely.
Â 
A Place to Relax
So far, 60 companies have signed up, including Occidental Petroleum Corporation, Johnson & Johnson, and AT&T, according to Sun Guotong, the deputy director general of Diaoyutai. 
The honorary members, who do not have to pay, include President Yang Shangkun and Prime Minister Li Peng.
''It's a place where leading businessmen and leading officials can relax together,'' said Mr. Sun, explaining the club's marketing strategy.
Since the early 1980's, the compound also has rented rooms out to what it reckons are high-class visitors. 
A potential guest cannot simply show up at the front door, because the armed guards at the gate turn away all cars whose license plates have not been cleared in advance. 
But bookings can be made in advance.
''High-level tourists can come here to stay,'' Mr. Sun said. 
''Just high-level people, and only on recommendations.''
But he acknowledged that anyone could book a room through a few select travel agencies.
The famous Yang Yuan restaurant, where Deng Xiaoping sometimes entertains visitors, is also open to bookings. 
It is not cheap. 
A banquet starts at $200 a person, and goes up to $400.
Diaoyutai, which means fishing terrace, is a former park with a history dating to the days in the 12th century when the emperor Zhang Zhong built an angling platform on a lake here.
Subsequent emperors also enjoyed the park, and the 200-year-old calligraphy of Emperor Qian Long is still preserved on one of the buildings.
In 1959, the Government built 15 villas on the 104-acre site to accommodate visiting dignitaries. 
In the Cultural Revolution from 1966 to 1976, Chairman Mao's wife, Jiang Qing, lived here and watched American movies while chaos raged outside.
In 1972, President Richard M. Nixon met Prime Minister Zhou Enlai in another of the villas.
Â 
Gorbachev Due in May
Mr. Bush will be staying at the best of the villas, refurbished only three years ago. 
Queen Elizabeth was the first guest after the refurbishment, and this year the villa is expected to accommodate not only the President but also the Soviet leader, Mikhail S. Gorbachev, who visits in May, and Prince Charles and Princess Diana, who are due in November.
A few people have rented out the villa, even at $20,000 a night, which comes with 40 attendants.
In its bid to serve the state by making money, Diaoyutai is even engaged in a joint venture with Hong Kong interests to build an outside hotel that will be called the Diaoyutai Hotel, to capitalize on the guest house's name.
The guest house has been frantically busy preparing for Mr. Bush.
''We hear he likes to swim,'' Mr. Sun said early this week. 
''We have the pool here, but we don't know what temperature he likes the water. 
We have asked them what temperature we should set the thermostat.''",1,companies,HWBUSH,HW Bush (1989-1992),CATEGORY_7,"enterprises, companies, market"
Banks Follow Immigrants to Flushing.txt,"ï»¿
On a street where hardware, electronics and shoe stores competed for space 10 years ago, a gleaming new glass obelisk juts above the squat buildings. 
Each block, it seems, has a new type of tenant -- with sleek gray steel, polished brass and tinted windows suggesting an international financial center.
Seven banks crowd into just two blocks in the din and traffic of Main Street in downtown Flushing, Queens, and the incongruous glass obelisk will make eight. 
Wander down the side streets or nearby Roosevelt Avenue and Northern Boulevard and the number of banks multiplies to at least 35 -- American, Chinese, Korean, British, Indian, Pakistani and Colombian.
As thousands of immigrants, particularly Chinese and Koreans, have settled in Flushing in the last decade, the banks have followed, tailoring their strategies to serve the savings-minded workers and flourishing small businesses.
Many are branches of the big American banks, which continue to dominate business in Flushing. 
But small AsianAmerican banks, with headquarters in Flushing or Chinatown, also compete fiercely for customers, and the latest arrival is a branch of a large Taiwan-based bank.
The China Trust Bank -- the largest private bank in Taiwan, which has its American headquarters in lower Manhattan -- opened its doors four weeks ago in a temporary office that was once a vegetable stand at 40-36 Main Street. 
Just a few steps away are the Hong Kong-Shanghai Banking Corporation, Amerasia Bank and Golden City Bank, which will open soon in the new glass obelisk on Main Street. 
Across the street is Manufacturers Hanover, and a block away are Green Point Savings and Citibank. 
Around the corner is Asia Bank, the oldest Chinese-American bank in Flushing, which opened in 1984.
In its first two weeks, the China Trust branch took in $6 million from 400 depositors, said the manager, Frank Lin. 
""It's fantastic,"" Mr. Lin said of the new business, and a state banking official described the total as ""pretty darn good.""
China Trust officials say they expect business in Flushing to keep growing, and they are spending $13 million to build a new three-story office just down the street.
The banks have in part been lured by the booming businesses in the area, where scores of restaurants and flashy boutiques have helped transform Flushing into the fourth-largest retail center in New York City. 
Pauline Chu, a Community School Board member who is running for City Council, said there are 200 stores in a three-block area and 800 restaurants in the neighborhood. 
A new 175-room Sheraton hotel will open in November.
But business executives and state banking officials say another big reason for the influx of banks and capital is fear over the Chinese takeover of Hong Kong in 1997. 
Uncertainty over the future of the British colony has prompted a flight of people and money from Hong Kong and Taiwan into the area since the early 1980's.
""The scare over 1997 is definitely one of the factors,"" said Clare E. Sykes, a spokeswoman for the State Banking Department. 
""Flushing is a fast-growth, healthy area, a good bankable area. 
It is faster growing than Chinatown.""
Â 
Separate From Chinatown
Ms. Chu said about 140,000 Chinese and Korean immigrants now live in the Flushing area, which had few Asian residents 10 years ago.
Many residents and business owners envision Flushing as a flourishing international community, separate from Chinatown in Manhattan and uniquely positioned between New York City, Long Island, New Jersey and Connecticut, said Ho Pei Lee, a developer and builder.
A study comparing banks in Chinatown and Flushing convinced China Trust Bank to open its new Main Street branch, Mr. Lin said. 
The 1990 study showed that deposits in 28 Chinatown banks totaled $3.24 billion, while deposits in 34 Flushing banks totaled $3.13 billion.
""We are going to surpass the money deposited in Chinatown,"" Mr. Lee said. 
""Flushing has a lot of potential for the future.""
Â 
A Mix of Strategies
The study found that American banks still have the greatest share of deposits in the area, and many have tailored their banking strategies to the community. 
Automatic teller machines offer transactions in three languages, and Citibank has a special Asian Banking Center where Korean, Mandarin and Cantonese are spoken.
The much smaller Chinese-American banks, including Asia Bank, Amerasia, Great Eastern and others, held only 12 percent of the deposits in the 1990 study. 
But they have managed to survive and thrive in Flushing, where banking strategies are a mix of old world and new.
The Chinese and Korean immigrants, traditionally great savers, are often wary of outsiders. 
Many prefer to speak their native language with tellers and say they find a more personal touch -- and shorter lines -- at the Chinese-American and Korean banks.
""We have a lot of new blood here -- immigrants, money and investments,"" said Thomas Tai, president of the Flushing Chinese Business Association. 
""Chinese banks thrive because of their personal relationships. 
They pay attention to past records, reputations of friends and family from the original country.""
Mr. Lin, the manager of the new China Trust branch, said his bank expected to attract many Taiwanese as well as immigrants from Hong Kong and mainland China familiar with the bank's reputation. 
It has a capital base 10 times that of local Chinese-American banks and therefore can compete directly with the American giants, Mr. Lin said. 
""Chinese people have a lot of savings,"" he said. 
""They will come to us because we are Chinese. 
Chinese people are traditionally shy. 
They won't talk to strangers.""
Â 
Service and Interest Rates
China Bank also hopes to lure non-Asian customers, Mr. Lin said, with automatic teller machines and high rates on certificates of deposit. 
""We are here to compete against Citibank and Chase, not with the local Chinese community banks,"" he said.
Many market-wise depositors in Flushing keep accounts in both Asian and American banks, and shop around for the best deposit yields. 
Competition centers on the rates on certificates of deposit, with the Chinese banks generally offering higher rates than the American banks. 
Many of the banks have weekend hours, and some even offer free parking, a premium in traffic-jammed Flushing.
Joy Xu, 25 years old, arrived in the United States two years ago and banks at Asia Bank. 
""My uncle introduced me, and they speak Chinese,"" Ms. Xu said. 
""It's quick here, while in Citibank you have to wait a long time and they're always out to lunch.""
Yeming Wang, 40, a Shanghai native, uses an American bank but has also kept an account at Asia Bank because, she said, the interest and the service is good and ""they always give you a gift for Chinese New Year.""
Some residents choose a bank because they know its reputation. 
""I feel better in two banks,"" said Alex Lee, 22, a construction worker. 
""One is Hong-Kong Shanghai, because I had it before in Hong Kong and I feel familiar with it.""
Â",1,companies,HWBUSH,HW Bush (1989-1992),CATEGORY_7,"enterprises, companies, market"
"Big Board Contends Company Is Hong Kong, Not Chinese.txt","ï»¿
If the International Monetary Fund and its equally staid sister, the World Bank, can embrace former Soviet republics, what is to prevent the New York Stock Exchange from drawing a Chinese company to its capitalist bosom?
Nothing, apparently, except that Big Board officials say Brilliance China Automotive Holdings Ltd., a Bermuda-based holding company whose sole business is the manufacture and sale of mini-vans in China, is really based in Hong Kong.
The boundary dispute came to light yesterday after Brilliance China, the 37th-largest industrial enterprise in China, announced that it had filed a registration statement with the Securities and Exchange Commission covering the proposed sale of five million common shares at an anticipated initial offering price of $14 to $16 a share.
The Big Board, which already makes markets for 115 foreign companies from 22 countries, was eager to add China to its list. 
Unfortunately, it now acknowledges that this one does not quite qualify as Chinese.
Â 
Â 
Offices in Hong Kong
Company perquisites prevent it. 
It seems that the Shenyang Jinbei Passenger Vehicle Manufacturing Company, Brilliance China's sole holding, has its principal executive offices on the 65th floor of the sleek Bank of China Tower in downtown Hong Kong.
The fact that the bulk of the company's 51.375 employees and all of the manufacturing operations are in Shenyang, the capital of Liaoning Province in northeastern China, did not sway the Big Board.
""Domicile is established by where the company has its executive headquarters,"" said Ray Pellechia, a spokesman for the New York Stock Exchange.
Nevertheless, investors considering the purchase of Brilliance China shares should be well versed in movements in the value of Renminbis, the ""people's currency,"" and not Hong Kong dollars. 
And they should know that Shenyang Jinbei, which has the Toyota Motor Company and the General Motors Corporation as joint-venture partners in some of its operations, now imports more than 95 percent of the components that make up its Deluxe Mini-bus, and that those imports are subject to a tariff of 120 percent.
In the share offering prospectus, the company says it intends to increase domestic component content to more than 60 percent by the end of 1994, thereby lowering import levies to 80 percent.
Even though Shenyang Jinbei was converted from a state-owned enterprise into a share-owned company in 1988, the first large-scale state-owned business to do so, the market the company caters to still qualifies as captive.
More than 75 percent of Brilliance China is owned by the Bank of China and the Chinese Financial Education Development Foundation, and Shenyang Jinbei sells almost 90 percent of its mini-buses to Government agencies or state-owned enterprises.
Last year Shenyang Jinbei produced more than 11,500 mini-buses, about 40 percent of all the 11-seat to 15-seat vehicles produced in China, and had net income of $8.4 million on sales of $114.4 million.
Shenyang Jinbei's Deluxe Mini-buses have a list price of $49,490, while its Standard Mini-buses sell for $7,802.
Production is expected to rise by nearly 35 percent this year, and sales and net income were up sharply in the first half of the year, according to the prospectus.
Through the end of June, Shenyang Jinbei had net income of just over $11 million on sales of $92.1 million.
Â 
Â 
Dividends Planned
In the prospectus, Brilliance China says it intends to transfer some of Shenyang Jinbei's earnings to shareholders by paying dividends of 8 cents a share, beginning in the first quarter.
Shenyang Jinbei intends to use the proceeds from its stock sale to buy additional production equipment, build warehouses and plants and upgrade the technical quality of its vehicle-component manufacturers.
Despite China's well-publicized and very real political problems, investment bankers said the economic outlook for the country was promising, and that demand for Shenyang Jinbei shares could be strong.
""I think there will be growing investor interest in China,"" Robert Hormats, vice chairman of Goldman Sachs International, said. 
""The prospects for growth are substantial, and the country has an enormous number of entrepreneurs who are looking for capital. 
The key to investing in China is to have a substantial amount of information on the companies in which you invest.""
Investment bankers involved in the Shenyang Jinbei stock offering are counting on the information in the prospectus, as well as the Big Board listing, to provide comfort to investors who like to play in emerging markets.
Demand for the Shenyang Jinbei shares is likely to be particularly strong from mutual funds that one way or another offer investors an opportunity to invest in China.
The First Boston Corporation is acting as lead manager for the offering, with Merrill Lynch & Company and Salomon Brothers acting as co-lead managers.",1,companies,HWBUSH,HW Bush (1989-1992),CATEGORY_7,"enterprises, companies, market"
Bootleg Tape of Aide_s Jab Is Hit in China.txt,"ï»¿
The hottest cassettes in China these days are underground copies of a speech on agriculture by a Politburo member addressing the Central Communist Party School for senior officials.
Bootleg videos and cassettes of the speech are in demand because of a tongue-in-cheek proposal by Tian Jiyun, a reform-minded Deputy Prime Minister, that the Government set up special zones in which hard-line officials could live according to their orthodox Marxist principles.
""Couldn't you establish a special economic zone for leftists?"" he suggests in his Shandong Province accent. 
""Salaries would be low, prices of goods would be low, you would rely on coupons, you would have to stand on line to buy everything and suffer everything else that goes along with leftism.""
Mr. Tian then describes how the zone could compete with southern China's current special economic zones that have adopted capitalist-style management techniques. 
Those zones, like Shenzhen, are the most prosperous parts of the country, and millions of Chinese try to get permission to move there. 
In contrast, the ""leftist"" zone would be open to anyone.
""If we actually set up a place to do this, would anybody want to go?""
Mr. Tian asks. 
There are peals of laughter in the audience.
Â 
Deng Rival May Be Target
Mr. Tian does not name any leftist, but many of those listening to the tapes volunteer names of people like Chun Yun, a conservative central planner who is the rival of Deng Xiaoping, China's senior leader. 
Another person whom Mr. Tian persumably had in mind is Deng Liqun, a hard-liner active in ideology and propaganda decisions.
The speech was never publicized in the official Chinese press, but it was apparently given about a month ago. 
A video recording was made officially, and that was apparently then copied unofficially -- perhaps with the backing of senior officials trying to discredit the hard-liners.
Mr. Tian's address is the first time recently that any Politburo member has made a humorous speech, at least intentionally, and it suggests that reformers may be taking a new tack in the political struggles within the leadership. 
While Mr. Tian's comments are viewed as daring attacks on the hard-liners, they fit in with a campaign that Mr. Deng began in January to accelerate economic change.
Mr. Deng declared that China must be wary of rightists but that the main danger comes from leftists.
In Communist parlance, ""rightism"" means sympathies for democracy and Western-style capitalism. 
""Leftism"" means a Maoist-style preference for waging class struggle and maintaining a centrally-planned economy.
Â 
Reports Are Exaggerated
Word about the tapes is spreading even faster than the copies themselves, and accounts of Mr. Tian's speech are becoming exaggerated with various ideas that he never mentioned.
Some people, for instance, say Mr. Tian called for a prohibition on residents of the leftist zones from being allowed to send their children abroad. 
That strikes an immediate chord with many Chinese, for it is common for some of the most anti-Western Chinese leaders to send their children to the United States for graduate study.
While Mr. Tian never said these things, he certainly makes a mockery of Communism as it existed in the 1960's and 1970's, when life was full of shortages and it was difficult to find a restaurant open after dark.
""We would all talk beforehand about what we needed to buy with our meat coupons,"" Mr. Tian, who interspersed his comments with a few earthy phrases, recalled. 
""Then the next day, we'd all run to the stores to get in line, no matter what line, only to find out that there wasn't anything there that we wanted. 
We'd just back away and run up to get into another line.""
Some say that such a strong message would certainly have been backed in advance by a top leader, possibly Mr. Deng himself and at least by Qiao Shi, the Politburo member in charge of security and the president of the Central Party School.
""Someone certainly is putting him up to it,"" said a Chinese who circulates among top officials. 
""He wouldn't have the courage to say all that otherwise.""",1,companies,HWBUSH,HW Bush (1989-1992),CATEGORY_7,"enterprises, companies, market"
Calls for Economic Changes Rise Among Chinese Officials.txt,"ï»¿
After a two-year freeze on the process of opening China's state-controlled economy to market forces, a growing number of Chinese economic officials are openly calling for a wave of changes, arguing that without further liberalization China's march toward development may reverse.
For several months, China's leaders have acknowledged a need to ease the austerity measures imposed in the fall of 1988 to battle soaring inflation. 
Now, momentum is building for more basic changes, like those of the early 1980's, when China was a leader among Communist countries in experimenting with market-oriented policies to revitalize its state-run economy.
''In China, without real reform, the economic situation will become hopeless,'' Ren Junyin, deputy director of planning at the nation's central bank, the People's Bank of China, said in an interview in Beijing. 
''It is only a matter of time and the conditions before we undertake serious reform.''
No Changes in Policy
Chinese officials and some Western experts say the tolerance being shown for opening the market of economic ideas suggests some easing of the tense political climate that has existed since tanks were sent into Tiananmen Square in Beijing last June to crush the democracy movement. 
They add that it also shows some acknowledgement of the depth of the current problems on the part of the leadership.
Finance Minister Wang Bingqian has described the economic situation as fairly grim, and Prime Minister Li Peng recently acknowledged that the economy was fragile. 
Still, the leadership has produced no changes in policy in response to the calls for change.
Dwight H. Perkins, a China expert at Harvard University who recently con-ducted research with the State Planning Commission in Beijing, said: ''I don't think there's any real commitment for reform now. 
What I see is lots of ad hoc thinking about administrative intervention in the economy, but no real plan. 
Most of the people at the top have no real understanding or confidence in how markets work.''
Yet the calls for change have grown louder.
Zheng Hongqing, head of an important Government research center, was quoted on the front page of The China Daily newspaper last week, saying the Government has too much control over bloated state enterprises. 
He proposed a shareholding system for companies and the introduction of competition among banks.
In fact, China's first organized stock exchange is scheduled to open near here in Shenzhen within a few months. 
It will be closely watched as a sign of how tolerant the authorities will be.
Other proposals being floated are the creation of a national stock market, an easing of price controls and an opening of banks that make loans based on the prospect of getting repaid rather than on Government policy. 
Even with such ideas being widely circulated, China's current leadership is still expressing its suspicions about market-oriented changes, making the prospects for fundamental change uncertain.
Li Guixian, president of the People's Bank, recently told a financial conference in Shenyong, in northeast China, that banks ''are supposed to provide lending mainly in light of the state policies rather than for profit.''
Â 
Alert to Conspiracy
And a broadside was recently issued by Communist Party officials insisting that China would maintain its vigilance against ''peaceful evolution,'' code words here for what is believed to be an American conspiracy to transform the Communist planned system into a capitalist system.
The mood was expressed well by Rong Yiren, one of Chinese Communism's best-known capitalists. 
Mr. Rong is chairman of the China International Trust and Investment Corporation, known as Citic, a multifaceted Government-owned merchant bank in Beijing born of the open-door policies a decade ago. 
Citic has survived by deftly sensing and conforming to the prevailing winds.
''My view is that we should adopt a very gradual, stable reform policy that does not proceed hastily,'' Mr. Rong said, seated in his modern office under a picture of himself with Deng Xiaoping, China's senior leader.
Â 
Expression of Disapproval
Nonetheless, it does not appear that the debate or the pressure for change will be halted. 
''China's economy is too large to be run efficiently on the basis of commands from the center,'' the World Bank said in a recent report. 
In blunt language the report stated the case for pushing ahead with liberalization, saying disapprovingly that China's leadership seemed to believe that ''problems encountered in the course of reform,'' like inflation, could be fixed by resorting to the same inflexible mechanism ''responsible for the distortions the reform was designed to correct.''
Nicholas R. Lardy, an expert on the Chinese economy at the University of Washington, observed: ''They are at a critical point. 
The underlying economy is much softer than most of the figures suggest.''
The profits of state-owned enterprises plummeted 60 percent in the first half of the year, cutting even further into state revenues already depleted by heavy Government price subsidies. 
Industry is suffering from nagging shortages of basic commodities like energy and water because state-fixed prices are too low and promote inefficiency, economists say. 
And there could be an even more severe slowdown in foreign investment, which has tumbled 22 percent this year.
Â 
Enormous Changes
Before the economic liberalization ground to a halt two years ago, enormous changes had been wrought. 
Farmers were freed to grow more of what they wanted and to sell in more open markets; some central Government functions were taken on by the provinces; the economy was opened to a limited amount of foreign investment and trade, and the seeds of a real banking system were sown.
The changes put China far ahead of most Communist countries in liberalizing its economy, and they brought a large measure of prosperity to the countryside.
The region around Canton was a major beneficiary of the reforms. 
Farmers' incomes rose, and a flood of investment from Hong Kong caused a boom in factory and hotel construction. 
The region then suffered as the austerity measures and renewed emphasis on state control forced thousands of newly formed small businesses to close.
Â 
Some Positive Economic Signs
''This is like rowing a boat upstream,'' said Gao Xiqing, a graduate of the Duke University School of Law who is the general counsel of a new body trying to establish China's first formal stock exchange in Beijing. 
''You can't stand still. 
You have to go ahead or you go backwards.''
There are some positive economic signs, like vibrant exports this year. 
Inflation has fallen to about 3 percent. 
After a recession last year and earlier in 1990, industrial activity perked up modestly in the last two months. 
Urban store shelves are filled, and streets are lined with merchants sitting atop hillocks of watermelons, as city dwellers enjoy a bumper harvest.
After negative growth in the first months of this year, the Government has reported that the economy had an annual growth rate of 1.6 percent in the first half, compared with the first half of 1989. 
In the crucial area of industrial production, growth at state-owned enterprises rose 2.7 percent, less than half the 5.6 percent growth rate at more freely operated collectively run enterprises and a fraction of the 54.3 percent growth rate of foreign-financed ventures in China.
Â 
Experts' Recommendations
To put the whole economy on a more stable growth path, the experts advocate a number of changes:
* Creating broader markets for determining prices. 
To avoid jolting consumers too harshly, the World Bank and others have proposed phasing in market-determined prices.
* Permitting a greater element of private ownership. 
To many, this step is the most important and the one that seems to be the slowest in moving ahead.
* Freeing the financial system so that banks make their lending decisions on the basis of their likelihood of getting repaid.
''It boils down to a political question of what you can sell the people,'' said Mr. Lardy of the University of Washington.''There has to be some pain before they can really move ahead.''",1,companies,HWBUSH,HW Bush (1989-1992),CATEGORY_7,"enterprises, companies, market"
Capitalist-Style Layoffs Ignite Sabotage and Strikes in China.txt,"ï»¿
Worried by layoffs and rising prices, many Chinese workers seem increasingly disenchanted by the capitalist-style changes taking hold in shops and factory floors around the country.
As a result, for the first time since China began liberalizing its economy more than a dozen years ago, many ordinary citizens seem to be no longer agents of change but obstacles to it. 
Workers in several cities have attacked factory directors who have tried to introduce market-oriented changes, and there are growing reports of strikes and acts of sabotage.
Those incidents suggest that opposition to fundamental change is increasingly coming not only from octogenarian Communist hard-liners but also from many ordinary blue-collar workers.
Â 
Fear and Fury?
Similar tensions have erupted throughout the former Communist bloc. 
While China has been able to avoid deep social upheavals associated with ""shock therapy"" in other countries, the experience here suggests that even a gradual weaning away from central planning can lead to widespread fear and sometimes fury.
""There's enormous frustration out there with the reforms,"" a Chinese economic official said. 
""The leaders are running scared.""
What alarms the leadership is cases like that of Huang Chuanying, a bank director whom the official Chinese press hailed as ""a daring reformer.""
Mr. Huang tried to curb the Maoist-style labor practices that have crippled state-owned enterprises all over China, and he began dismissing bank employees considered incompetent and unproductive.
One dismissed staff member, Cao Weihua, responded by firebombing Mr. Huang's house, severely wounding Mr. Huang, his wife and their two children. 
Mr. Cao was sentenced to death recently, but the incident seemed to reflect a broad concern among many Chinese that while a market economy may be more prosperous and efficient than a Communist one, it may also be less cozy.
The contrast is profound with the mood in most of the last dozen years, when ordinary Chinese were ardent backers of change. 
In those years, they often took the initiative and pushed liberalization more quickly than the Politburo intended.
""Reform used to be very easy and rewarding,"" a Chinese journalist said. 
""In the 1980's, it meant dividing up the land, and starting up free markets, and opening new businesses, and everybody loved it.""
But in the 1990's, the agenda is different. 
While virtually all Chinese endorse ""reform"" as a general slogan, many workers worry about what it will mean: higher rents, rising rice prices, and destroying the ""iron rice bowl"" system that guarantees workers stable employment and steady incomes.
Â 
The Changing Rice Bowl
According to a folk ditty now making the rounds among workers: Before liberation, we had a clay rice bowl. 
Then Chairman Mao gave us an iron rice bowl. 
Deng Xiaoping poked a hole in it. 
Since reform, we've had a porcelain rice bowl.
""A porcelain rice bowl looks rather elegant,"" a manual laborer in her 40's explained dryly. 
""But it's no more sturdy than one made of clay.""
A 26-year-old woman who works in a factory said that when she was in the university, she believed that most Chinese wanted more economic liberalization. 
But now she figures that aside from intellectuals, many people are against fundamental changes.
""We need housing reform and price reform, but nobody wants them,"" she said. 
""Who wants to pay more?
I figure that in my factory, 80 percent of the workers believe in the iron rice bowl system.""
That may well be exaggeration, for most workers interviewed seem to be not so much hostile to change as worried by it. 
And while some are openly opposed, there also is a significant proportion that favors dog-eat-dog capitalism and believes that economic liberalization should be speeded up.
Â 
Weaning From Subsidies
Many of the problems arose because China's leaders have finally taken Western advice and moved to impose a market discipline on state-owned enterprises, one-third of which lose money. 
Exasperated by continuing inefficiency in those enterprises, China's leadership has waged a campaign since last year to wean factories from subsidies and expose them to market pressures.
As a result, a few factories began to dismiss workers considered unproductive, a practice that almost never occurred in the past. 
There is also talk of layoffs to trim the 26 percent overstaffing that the Government admits exists in state enterprises.
While many Chinese, particularly the university educated, say that such changes are essential, blue-collar workers are less enthusiastic. 
For the first time, a significant sector of the population, though probably not a majority, seems to be siding with Communist hard-liners in discouraging rapid market-style changes.
Early this year, a laid-off driver at a toothpaste factory drove his truck over his boss, a pioneering manager who had shaken up his factory by adopting Western-style management practices. 
The central Government suggested that the factory manager be hailed as a ""martyr"" for reform, but the factory workers refused to nominate the manager for the honor, said the official who related the incident.
In another case, reported in the official press, a 27-year-old factory worker was sentenced several weeks ago to 15 years in prison for shooting at his boss at a factory in Shanxi Province. 
The worker, who failed to wound the manager, had been dismissed last year.
Â 
Machinery Smashed
Factories in Xian, Tianjin and Dalian were reportedly also disrupted by angry workers, and in some cases machinery was smashed. 
After a watch factory in Tianjin temporarily laid off 2,400 workers early this year, rumors of suicides, sabotage and military intervention rapidly spread throughout Beijing. 
The official Economic Daily recently denied the allegations, and said the factory had retooled and reopened, providing jobs for all but 300 of the previous workers.
""The Government's talking about smashing our iron rice bowls, and making us pay for our own medical care,"" said a 29-year-old worker in Beijing. 
""Companies are even beginning to lay off workers!
Of course folks are angry.""
To be sure, apprehension of market-style changes is common around the world, from Russians who fear rising bread prices to New Yorkers who worry about lifting controls on rent.
""We're very different from the former Soviet Union,"" said a Chinese Government economist who has studied former Communist economies. 
""We already have a foundation of a market, and people can get jobs on their own if they have to. 
The changes may not be pleasant, but we can take it. 
But in Russia, there's no real market to speak of, the economy is shrinking, and all the changes have been introduced very abruptly.""
Han Dongfang, an independent labor organizer who was released a year ago after serving two years in prison, argues that the Government is caught in a dilemma.
""To raise living standards, the Government needs to go ahead with economic reform,"" Mr. Han said. 
""But reform will involve trampling on the rights of workers, and a lot of people won't be very happy about it. 
These contradictions will grow in the next few years.""",1,companies,HWBUSH,HW Bush (1989-1992),CATEGORY_7,"enterprises, companies, market"
Changes in China Offer Lessons for East Europe.txt,"ï»¿
When China specialists think about how Eastern Europe and the Soviet Union can reorganize their economies, they tend to agree on one point: transforming socialist countries into market competitors will be a far more complex and painful task than is often acknowledged.
The Chinese experience is relevant, diplomats and academics say, because China generally has a richer and more successful experience in economic liberalization than its socialist brethren. 
While political changes, symbolized by the Russian word glasnost, lag here, few experts dispute that China has the upper hand in the economic restructuring known as perestroika.
''If Eastern Europe and the Soviet Union do as well in the next 10 years as China has in the last 10 years, they will have done extremely well,'' said Gregory Chow, an economist at Princeton University.
Even after a dozen years of economic change, China is still grappling with some Herculean problems. 
But its achievements are also Herculean: until 1989, China's real growth rates averaged nearly 10 percent a year, among the highest in the world; shops and free markets are as bountiful as the Soviet Union's are bare; lavish joint-venture hotels and international direct-dial telephones are found in major cities; agriculture has been de-collectivized, and the state sector's share of industry has fallen to about 60 percent.
Â 
Successes and Mistakes
Thomas M. H. Chan, an economist at the Hong Kong Baptist College, observed, ''China may not be a solution for Eastern Europe, because it still has to find a solution for its own problems, but its examples of successes and its mistakes may be useful for the Soviet Union and Eastern Europe.''
Mr. Chan noted that one of the main engines of China's economic growth in the last decade has been the township and village enterprises that have sprouted in coastal areas. 
More flexible and tuned to the markets rather than state-run behemoths, these small factories produce goods ranging from sweaters to plastic flowers. 
Mr. Chan suggested that Eastern Europe might study such enterprises to see if they could increase production there as well.
One area in which China has been most successful is in cultivating exports and integrating itself into the world economy. 
Nicholas Lardy, a China scholar at the University of Washington, said the Soviet Union should note China's relatively realistic valuation of the yuan and its use of currency swap markets to allocate $8 billion in foreign exchange last year.
For some economists, there is another lesson in the Chinese experience: national leaders should resist advice to free prices immediately. 
While these experts agree that irrational prices are a major burden for the economy, they suggest that decontrolling prices overnight will hurt the public and turn them against the entire liberalization program.
Â 
A Crucial Lesson
''The most important lesson of the Chinese experience is that price reform is not essential to reform,'' a Government economist said. 
''The most essential reform is that of the fundamental economic system, of ownership and management.''
Hua Sheng, a Chinese economist now studying at Oxford University, put it more strongly, ''It seems to me that to start with price reform is a very stupid idea, because the Government will become very unpopular.''
Mr. Hua noted that the Soviet Union had to back off earlier this year from a radical proposal to free prices, just as China had to retreat in the summer of 1988 from a plan to decontrol prices.
That 1988 proposal in China was followed by waves of panic buying and a steep rise in inflation. 
It also marked a watershed, for since then some urban residents have been soured on the whole idea of economic restructuring, and the Chinese leadership has been reluctant to push much further with any major initiative for economic change.
Delaying price decontrols is not a universal prescription, and there is still a camp of Chinese and foreign economists who believe that price liberalization is an essential starting point. 
They say that the chaos that began in the summer of 1988 in China was a result not of price decontrols but of an easy monetary policy. 
Without a prompt if painful adjustment to rational prices, they say, there is no way out of the economic quagmire.
Â 
An Impossible Task
Mr. Hua, who left China for Oxford early last year, said that the task that he and other economists faced in socialist countries, to combine public ownership with a market mechanism, was virtually impossible to complete satisfactorily.
''For the Soviet Union, the most important lesson is that public ownership doesn't work,'' Mr. Hua said. 
''If you want to carry out reform seriously, you have to carry out ownership reform, and denationalize industry on a large scale.''
Mr. Hua urged governments to sell off state factories and other assets to reduce their budget deficits and raise funds. 
He said those funds could then be used to sweeten the process and soothe the pain when prices were freed.",1,companies,HWBUSH,HW Bush (1989-1992),CATEGORY_7,"enterprises, companies, market"
Chengdu Journal_China_s 50 Million Migrants Slip the Short Leash.txt,"ï»¿
The streets of this provincial capital are paved not with gold but with a layer of asphalt topped with dust, mud and decaying cabbage leaves, but still the peasants troop here in search of jobs and a new life.
''You can make a lot more money in the city,'' said Gao Jingru, a lithe 53-year-old in a Mao suit. 
Mr. Gao brings odd-shaped stones and fossils from his village 50 miles away to sell to the residents of Chengdu, and in a good month he can earn the equivalent of more than $32 - 10 times as much as he would earn in his village.
The market street in Chengdu and many other Chinese cities is full of migrant laborers like Mr. Gao, and they pose a growing challenge to the Government. 
About 50 million people in China, nearly 5 percent of the nation's population, are migrants, and increasingly they are beyond the tight control of the Government.
The economic slowdown, particularly the closing of millions of rural enterprises, could add to the number of migrants. 
Official figures indicate that China's countryside has about 80 million surplus laborers, including 10 million here in Sichuan Province. 
Many seem to be remaining in their villages rather than swarming to the cities, where jobs are also tough to find, but their movements are difficult to predict.
Â 
Ignoring Restrictions
Unlike most developing countries, where peasants have always rushed to the cities and put up shantytowns on the outskirts, China has tried to control people's movements through a complex household registration system. 
Chinese citizens are not supposed to move without getting their registration changed, but these days many people simply ignore the requirements and move anyway.
''If the city needs my things, then I'll be here selling,'' said Chen Kailie, 47 years old, who moved to Chengdu from a village 20 miles away to sell flower pots. 
''If I can't make ends meet, then I'll go back to my hometown.''
The swelling tide of migrant laborers is one of the clearest signs that China's old command structure is wearing down. 
In major cities like Chengdu, Beijing and Shanghai, more than 10 percent of the inhabitants are migrants who come and go largely as they please. 
China has a complex web of ''street committees'' to watch over urban residents and make sure they do not cause political problems or have unauthorized children, but this system of scrutiny does not succeed in controlling those who do not belong in the first place.
The existence of this large ''floating population,'' as the Chinese call it, helps explain how student leaders of last year's crushed democracy movement have been able to elude the security apparatus for months. 
Five or ten years ago, most Chinese say confidently, the student leaders would have been arrested promptly; these days, they can simply blend in with the flow of other wanderers.
Â 
Enlivening the Economy
The migrants also present a more direct challenge: Like Mao Zedong and Deng Xiaoping and other Chinese revolutionaries, they are peasants who go to the cities and risk picking up dangerous political ideas. 
In last year's rioting in cities like Beijing, Changsha and Chengdu, migrants played a significant role, perhaps partly because they were less likely to be identified and caught than permanent residents.
Government officials, like Yan Cheng, the deputy secretary general of the Chengdu municipality, acknowledge that the floating population creates some difficulties for family planning and for public security, but he adds that on the whole it is a good thing because it enlivens the economy.
''This is an economic phenomenon, not a political problem,'' said Mr. Yan, who noted that the peasant migrants fill an important niche by selling farm products and filling jobs in service industries in the city. 
In Beijing, always the most security-conscious of Chinese cities, the police have made periodic efforts to round up migrants and send them home, but in other cities officials point to the services they provide and seem to regard them as a blessing.
''It's reality beating ideology,'' said Aprodicio Laquian, who recently completed a term as country director in China for the United Nations Fund for Population Activities. 
''The migrants will really be the salvation of China, because they solve needs that central planning can't.''
That also seems to be the view of most urban residents, who are sometimes contemptuous of the migrants' unkempt appearance and uncouth manners but appreciate being able to find a business where the service is attentive and the hours are long -even if it consists only of cabbages in a cart or old magazines spread on a blanket on a sidewalk.
''We think the floating population is terrific,'' said the owner of a small business in Chengdu. 
''Why?
Because we can exploit them. 
They're willing to work hard in exchange for just enough money to buy some food. 
We need them and they need us. 
It's a great partnership.''",1,companies,HWBUSH,HW Bush (1989-1992),CATEGORY_7,"enterprises, companies, market"
China Above Growth Plan.txt,"ï»¿
Premier Li Peng, who advocates slow economic growth for China, has conceded for the second time this year that the economy is growing faster than he had planned, according to official reports today.
Mr. Li acknowledged at a national conference on the economy last week that the annual growth rate for 1992 would reach 12 percent, the state-run television network reported.
In his annual state-of-the-union address in March, Mr. Li set an annual rate of 6 percent for 1991-1995. 
But a much higher growth rate has resulted from calls by the senior leader, Deng Xiaoping, early in the year for bolder economic reforms.
For months, experts have been predicting an annual growth rate of 12 percent or more. 
In June, Mr. Li conceded that maintaining the 6 percent target was unlikely, but he urged that growth be kept below 9 percent to avoid overheating the economy.
Prices in China's 35 largest cities rose nearly 13 percent in November from a year earlier, and industrial production in the first 11 months grew more than 20 percent from the corresponding period in 1991.
The official Xinhua News Agency said Mr. Li had stressed the need next year to improve product quality, break up government monopolies or industries and enact price reform.",1,companies,HWBUSH,HW Bush (1989-1992),CATEGORY_7,"enterprises, companies, market"
China Accepts U.S. Insurer.txt,"ï»¿
The American International Group announced yesterday that it had been granted a license to open both life and property casualty insurance companies in China, the first foreign insurer to do so in more than four decades.
The new operation for A.I.G., a New York-based company that is the largest writer of commercial insurance in the United States and a major insurer abroad, will be based in Shanghai and will sell life insurance to Chinese citizens and foreign nationals, the company said. 
A.I.G. will also provide property and casualty products to joint ventures and other foreign business in Shanghai.
""In recent years, Shanghai has seen phenomenal growth in its industrial and commercial base,"" M. R. Greenberg, A.I.G.'s chairman, said. 
""Our roots are in Asia, and we have great confidence in the future of China and its role in Asia and the world.""
Unlike most American insurers, A.I.G. has specialized in overseas markets since its founding in Shanghai in 1919 by an American entrepreneur. 
Like other foreign insurance companies, A.I.G. left China in 1950, the year after the Communist victory in the civil war.
The company's affiliate, the American International Assurance Company, has experienced strong growth through the marketing of insurance products in Southeast Asia in recent years.",1,companies,HWBUSH,HW Bush (1989-1992),CATEGORY_7,"enterprises, companies, market"
China Austerity Cools Economy.txt,"ï»¿
China's tough austerity policies have cooled off the overheated economy but have made few inroads in solving basic flaws in the system, the Government said last week.
In a report on economic performance through September, Zhang Zhongji, spokesman for the State Statistical Bureau, said the year-old austerity program had held the gross national product to $30 billion, up 5 percent from a year earlier.
Mr. Zhang said consumer demand was down, the rise in retail prices had been brought under control and ''the whole economy is taking a favorable turn.''
Â 
But he acknowledged that
''no major breakthroughs had been achieved'' in resolving chronic supply-demand imbalances. 
He said there was serious overstocking of some products because of market slumps and poor circulation of money because many companies delayed debt payments.
Since last fall the Government has sharply reduced credit available for investment and ordered the suspension of thousands of building projects.",1,companies,HWBUSH,HW Bush (1989-1992),CATEGORY_7,"enterprises, companies, market"
China Bankruptcies Up.txt,"ï»¿
Sixty-six companies went bankrupt in China in the first six months of this year, the New China News Agency said today. 
The figure is far higher than previously reported and was seen as a warning to money-losing state factories that efficiency is now prized over ideology in the drive to reform the economy. 
The Government, fearing urban unrest, has made it clear that it will not abandon workers before a social security net is in place. 
In the meantime, it is stressing less painful methods of reform, like encouraging the worst-performing factories to merge with successful ones or seek foreign buyers.",1,companies,HWBUSH,HW Bush (1989-1992),CATEGORY_7,"enterprises, companies, market"
China Buys More Wheat(2).txt,"ï»¿
Private exporters have sold an additional 400,000 metric tons of United States wheat to China at subsidized prices under the Export Enhancement Program, the Agriculture Department said Tuesday. 
The sale increased to more than 7.8 million tons the amount of wheat sold to China for 1988-89 delivery under the program.",1,companies,HWBUSH,HW Bush (1989-1992),CATEGORY_7,"enterprises, companies, market"
China Buys U.S. Wheat(2).txt,"ï»¿
China has bought an additional 300,000 metric tons of United States wheat under a price subsidy program, the Agriculture Department said today. 
Delivery of the wheat is scheduled for May. 
The sales were part of one million tons authorized for China under the department's Export Enhancement Program on Dec. 
5.",1,companies,HWBUSH,HW Bush (1989-1992),CATEGORY_7,"enterprises, companies, market"
China Buys U.S. Wheat.txt,"ï»¿
China has bought an additional 299,740 metric tons of United States wheat under a price subsidy program, the Agriculture Department said today. 
F. Paul Dickerson, general sales manager for the department's Foreign Agricultural Service, said three private exporting companies had made the deals under the department's Export Enhancement Program. 
Delivery of the wheat is scheduled for the first three months of 1991, he said. 
It was the first wheat sale to China under the program since Aug. 
1.",1,companies,HWBUSH,HW Bush (1989-1992),CATEGORY_7,"enterprises, companies, market"
China Called Top Copyright Pirate.txt,"ï»¿
Companies producing books, records, films, computer software and other so-called intellectual property contended today that 12 countries, headed by China, are depriving the United States of more than $1.3 billion a year of foreign earnings through piracy of copyrighted material.
The International Intellectual Property Alliance, representing 1,600 companies that generated $270 billion in revenues in 1988, placed losses in China, with a population of a billion people and no copyright law, at $418 million, or about a third of the total of the 12 countries.
In a report to Carla A. Hills, the United States trade representative, the group said the problem was particularly acute in textbooks.
Â 
Collier Macmillan Loss in China
One example the report cited was English 900, a Collier Macmillan basic textbook used extensively around the world. 
It has had print runs in China of more than one million copies, yielding no income for Collier Macmillan, the report said.
American book publishers put their losses in China ''conservatively'' at $100 million a year, the report said.
In Saudi Arabia, the report said, 16 companies specialize solely in the distribution of pirate copies of Michael Jackson's music.
The alliance, which makes periodic assessments of piracy losses for the trade representative, named these other countries as the leading offenders: South Korea, India, the Philippines, Taiwan, Indonesia, Brazil, Egypt, Thailand, Nigeria and Malaysia.
Although the group has been providing data since 1984 on its members' losses, this year's report is getting unusual attention because of a requirement in the new United States trade law that the worst violators of intellectual property rights be identified for special Government action that could result in trade sanctions.
Trade officials noted that most of the countries named by the alliance are in some form of negotiation with the trade office to try to prevent their designation as a ''priority'' country under the Omnibus Trade and Competitiveness Act of 1988.
Mrs. Hills is required to inform Congress by May 30 of what countries she has designated. 
After the designation, her office must enter intensified talks with those countries. 
If the situation has not improved in a period of 18 months, the President may curb imports from those countries.
The United States has already taken action against one of the countries for intellectual property violations. 
On Jan. 
19, the last day of the Reagan Administration, President Reagan denied duty-free entry to $165 million of Thai imports because of what he said was Thailand's failure to protect copyrighted works.
Most of the 12 governments have agreed to try to correct abuses. 
''The question is how quickly or how resolutely,'' said Eric H. Smith, general counsel of the alliance.
China, for example, is working on the 19th draft of a copyright law, American officials said, and hopes to have one completed by year-end. 
Saudi Arabia is also drafting a law.
Â 
Statement by Chinese Embassy
''China is now actively accelerating legislation for the protection of intellectual property,'' a spokesman for the Chinese Embassy in Washington said. 
He noted that not long ago in the port city of Sheng Chen, a company that was found to have infringed on trademarks of the International Business Machines Corporation had been required to pay the highest such fine ever in China.
South Korea's Minister of Trade, Sung Soo Han, said at a news briefing here that his country had ''drastically overhauled and strengthened'' its intellectual property laws and had engaged 900 additional prosecutors and police officers to enforce them.
A report by the alliance in 1984 called Singapore ''the world's capital of piracy,'' but in the current survey Singapore is described as a ''success story.''
The 1984 losses from Singapore were put at $358 million, but they had been whittled to $10 million last year, the report said.
Â 
SOVIET COPYRIGHT PLAN
LONDON, April 19 (Reuters) -The Soviet Union will soon officially subscribe to the Bern Convention on literary copyrights and royalties, a Soviet official said today.
''I can inform you that our country is finalizing the necessary preparatory work which will soon enable us to accede to the Bern Copyright Convention,'' the Soviet Deputy Foreign Minister, Vladimir F. Petrovsky, told the London Information Forum of the Conference on Security and Cooperation in Europe.
The Bern Convention for the Protection of Literary and Artistic Works has existed for more than a century.Last month the United States became the 78th nation to join.",1,companies,HWBUSH,HW Bush (1989-1992),CATEGORY_7,"enterprises, companies, market"
China Draws Investors.txt,"ï»¿
China said today that it had been successful in attracting foreign investment since 1989, the year investors fled after army tanks and troops crushed pro-democracy demonstrations.
""The number of foreign-funded enterprises China approved in the two and a half years since 1989 exceeded the total of the previous 10 years,"" the the New China News Agency said.
China has worked hard to repair the diplomatic and economic damage done when the army killed hundreds of people in the streets around Tiananmen Square in Beijing on June 4, 1989.
Between 1979 and the end of last year, Beijing approved 41,274 foreign-financed enterprises with a total contracted volume of $47.9 billion, about $20 billion of which has been put into operation, the agency said.",1,companies,HWBUSH,HW Bush (1989-1992),CATEGORY_7,"enterprises, companies, market"
China Extends a Friendly Loan to Moscow.txt,"ï»¿
China has extended a commodity loan valued at $730 million to the Soviet Union, to buy Chinese grain, meat, peanuts, tea and other products, an official newspaper said today.
A Soviet Embassy official confirmed the report but declined to discuss details such as the terms of the loan. 
The Chinese report said only that the terms were ""favorable.""
Foreign diplomats said the loan appeared intended not only to bolster trade and friendship with the Soviet Union, but also as a small contribution to help preserve stabilityI there.
Prime Minister Li Peng was reported today to have told Deputy Prime Minister Yuri Masylukov of the Soviet Union, who is visiting Beijing, that China hoped that the Soviet Union would enjoy political stabilityI and that its economy would recover soon.
Â 
Loan Was 'Very Timely'
""The loan is part of the effort to bolster the relationship,"" a foreign diplomat said, adding that a political collapse of the Soviet Union could have enormous implications for China. 
""They don't want to see that happen. 
They want to see Gorbachev maintain socialism.""
China Daily, an official newspaper, valued the loan at one billion Swiss francs, which at present exchange rates is equal to about $730 million. 
The newspaper quoted Prime Minister Li as saying that the assistance was ""rather limited"" and that Mr. Masylukov had expressed thanks and said the loan was ""very timely.""
The loan had been expected, and some diplomats say they believe it is part of a larger package that will include significant sales by Moscow of weapons and fighter planes to China.
A little less than a year ago, China extended a commodity loan valued at $333 million to the Soviet Union, to purchase clothing and light consumer goods that are now plentiful in Chinese shops but much sought after in the Soviet Union. 
While China is much poorer than the Soviet Union by most measures, the supply of goods on the market is much greater in China.",1,companies,HWBUSH,HW Bush (1989-1992),CATEGORY_7,"enterprises, companies, market"
China Factories Ordered Closed.txt,"ï»¿
China's top leader, Deng Xiaoping, has ordered some rural factories to be closed because they use resources that should go to state companies, the official Economic Information newspaper said today.
It said that in recent years, because of the mistakes of the deposed Communist Party chief, Zhao Ziyang, the state sector had been held back, and its share of national industrial output had shrunk to 64 percent last year from 78 percent in 1982.
In the same period, the collective sector's share jumped to 32.6 percent from 22 percent, it said.
Rural factories, run by villages outside the state plan, are an important part of the collective sector, which was encouraged by Mr. Zhao, who believed they were more efficient and market oriented than state factories.
But, the newspaper said, collective factories, though producing a great deal and earning foreign exchange, are badly run and inefficient and use capital, transport and raw materials that should go to state companies.",1,companies,HWBUSH,HW Bush (1989-1992),CATEGORY_7,"enterprises, companies, market"
China Gets Canon Plant.txt,"ï»¿
The photography giant Canon Inc. said Tuesday that it had set up a subsidiary in China, making it the first leading Japanese company to start a big project there since the military crackdown in June. 
The new wholly owned subsidiary is in the southern Chinese city of Zhuhai, adjacent to the Portuguese-ruled territory of Macao.",1,companies,HWBUSH,HW Bush (1989-1992),CATEGORY_7,"enterprises, companies, market"
China Limits Money Moves.txt,"ï»¿
China has issued new regulations limiting the amount of Chinese money foreigners may change back into hard currency, officials said today. 
For every $100 a foreigner changes into Chinese currency upon entering, he can leave China with no more than $50.
An official of the State Administration of Foreign Exchange Control said the rule applied to foreign visitors and residents including employees of embassies, news organizations and representative offices. 
They had previously been allowed to reconvert all the foreign currency they had changed on entering.
In addition, embassies and foreign companies with representative offices in China can no longer change foreign exchange certificates into hard currency, the official said.
The foreign exchange currency was invented in 1980 to be used by foreigners. 
Officially at par with the renminbi, the local currency, it now trades for up to 45 percent more on the black market and is widely used by Chinese to buy scarce and imported goods.
The new regulations were issued last week by the State Administration of Foreign Exchange Currency, a unit of the central bank. 
They have not been published by China's official newspapers.",1,companies,HWBUSH,HW Bush (1989-1992),CATEGORY_7,"enterprises, companies, market"
China Loosens Free-Enterprise Rules.txt,"ï»¿
In an unexpected departure from their harsh line against private enterprises, the authorities announced new regulations today that would encourage unemployed people to establish private and collective enterprises in the capital.
The new rules, which include substantial tax breaks, were described as a pragmatic measure to lower unemployment in the capital. 
But the move was a surprise because of the sharp criticisms in recent months of private enterprises in China.
The Communist Party lately has complained that private enterprises evade taxes, violate various laws, waste raw materials and widen disparities in incomes. 
This was the first sign that some private enterprises would be actively encouraged.
The measure came as a surprise also because the new regulations were adopted by the Beijing government, which has led the nation in taking a hard line on a number of political and economic issues. 
The rules were reported late tonight by the official New China News Agency.
In recent years, private and collective enterprises have absorbed enormous numbers of unemployed and underemployed workers. 
While the authorities have been highly critical of some practices at such enterprises, the leadership knows that such companies also ease unemployment problems and thereby reduce social tensions.
The report from the New China News Agency said Beijing had 130,000 young job seekers this year, 30,000 more than last year. 
Nationally, the unemployment rate is often said to be 2 percent, but many economists have said the true figure is higher.
The dispatch also said that 200,000 to 250,000 temporary workers, who lack permission to live in Beijing, would be forced out of the city. 
Beijing has periodically tried to control the number of unregistered workers, and evicted many of them just a month ago, in preparation for the Oct. 
1 National Day holiday.
Â 
Tax Holiday for Some
The new regulations encourage only those private enterprises involved in ''trades needed by the city,'' like those related to food, garments and repair services.
Newly established collective enterprises that employ otherwise jobless young people would receive a tax holiday for two to three years.
The Beijing authorities have recently stepped up their campaign to ''clean up'' the free markets by making vendors pay taxes and adhere to other regulations. 
The city has also attacked ''profiteers'' and said that ''exploiters'' would not be allowed to join the Communist Party.
The unemployment difficulties have been compounded because of the present economic retrenchment program. 
The English-language China Daily reported today that Beijing has 150,000 job seekers who were laid off because of the retrenchment.",1,companies,HWBUSH,HW Bush (1989-1992),CATEGORY_7,"enterprises, companies, market"
China Plans Big Layoffs Of Coal Mine Workers.txt,"ï»¿
China has laid off 100,000 coal workers and will lay off hundreds of thousands more in the coming years, as part of a broad effort to modernize its energy industry, an official report said today.
The layoffs suggest that the Communist Party is finally grappling directly with the enormously complex and painful problems of industrial revamping.
Until now, the Government has resisted such layoffs for fear of provoking worker unrest -- the same kind of anxieties and outrage that erupted in Britain in October when the Government there proposed laying off 30,000 coal miners.
The Communist Party here sees the problem the same way that the Conservative Party perceives it in Britain: some mines cannot be operated economically at current prices. 
But the British Prime Minister, John Major, was forced to scale down his program in response to the public outrage, while the self-professed leaders of the Chinese working class seem determined to expose the miners to the discipline of the market.
The official China Daily said the China National Coal Corporation, a huge state-owned conglomerate that employs three million people, would close 30 inefficient mines in 1993 alone and lay off 30,000 miners and 70,000 workers in related jobs.
The newspaper said the company planned to reduce the number of its coal workers by 400,000 by the time the current five-year plan ended in 1995. 
The report added that another major state-run coal company, which it did not identify, also planned ""massive layoffs to increase efficiency.""
The China Daily also said that 100,000 coal workers had already been laid off, although it did not say when that had happened. 
It said that most had found other kinds of jobs, and the Government apparently also will help employees laid off in the future to find jobs in new companies in the service sector.
The Energy Ministry refused to comment today. 
The coal corporation directed phone calls to Tan Enli, its director of policy research, and he declined to discuss specifics. 
But he did say that the article in China Daily was premature and should not have been allowed to be published.
""We'd like to do these things,"" Mr. Tan said, referring to the prospective layoffs for 1993 and subsequent years. 
""But first we need approval. 
In January the company will hold a conference to decide whether to go ahead with these plans.""
In China, if a conference is called to debate a topic, that usually means that the aim is to build a consensus and legitimacy for a decision that has already been made.
Â 
Â 
A Big Headache
State-owned corporations like the coal company have been a big headache for China's leaders. 
While the overall economy is booming at a 12 percent growth rate this year, the main beneficiaries are private and collective enterprises.
Among state companies, which account for about half of industrial output, only a third are earning profits, with another third showing losses and the rest breaking even. 
Coal mines have particularly suffered, because their costs have gone up while the price of the coal they sell is fixed at artificially low prices by the state.
The solution is twofold: to raise coal prices and to lay off surplus workers. 
But the Government has worried that consumers might protest rising prices for coal, which is used for both heating and cooking, and that miners might protest the layoffs.
Now the authorities appear to be moving on both fronts, not only in the coal industry, but throughout the economy.
Â 
Price of Coal to Be Raised
In addition to laying off surplus coal workers, China has said it is raising coal prices gradually so that they will reach market levels within the next few years. 
This year, for example, the National Coal Corporation is allowed to sell 20 percent of its output at market prices, and in 1993 the figure will rise sharply.
Elsewhere in the economy, state-owned companies are also revamping and laying off workers.
In the central Chinese city of Chongqing, for example, the local Foreign Affairs Office says a state-owned knitting mill was declared bankrupt in September, costing 3,000 workers their jobs. 
At the time, it was the biggest single bankruptcy ever allowed in China, the local officials say.
Until recently, the state normally bailed out such money-losing factories indefinitely, because of the fear of worker unrest. 
In the spring of this year, the Government was deeply worried by a series of wildcat strikes and attacks on change-minded factory managers.
As a result of those incidents, the leadership cooled down the talk about how beneficial layoffs were for economic efficiency. 
And now, while going ahead with the restructuring, it appears to have decided to provide as many sweeteners to the workers as possible.
Each laid-off coal worker will be eligible for a no-interest loan of up to $1,720 to help start a business or find work elsewhere. 
The Government will also give the coal corporation a $340 million loan to allow it to start service companies that can absorb some of the laid-off employees.",1,companies,HWBUSH,HW Bush (1989-1992),CATEGORY_7,"enterprises, companies, market"
China Plant For Motorola.txt,"ï»¿
Motorola Inc. will build a $120 million factory in northern China to manufacture semiconductors, cellular phones and other products, company officials and news reports said today.
Pancy Wu, a Motorola spokeswoman in Hong Kong, said the new subsidiary, Motorola (China) Electronics Ltd., would operate in Tianjin, a large industrial city less than 100 miles from Beijing.
China has been attracting increasing amounts of investment money, with foreign investment jumping 76.9 percent in the first 10 months of last year, to $4.96 billion. 
A further rise is expected this year.
The official China Daily reported today that China's State Council, or Cabinet, approved the Motorola factory earlier this week. 
The newspaper said the 70-year contract involved a total investment of $120 million.
Ms. Wu said the factory would manufacture electronics components and equipment, including semiconductors, radio paging systems, cellular phones and computer software.",1,companies,HWBUSH,HW Bush (1989-1992),CATEGORY_7,"enterprises, companies, market"
China Revives Its Test of Capitalism.txt,"ï»¿
After the 1989 Tiananmen crackdown, China's bold experiment in fusing socialism and capitalism in this South China city stalled. 
By last summer, Shenzhen's mayor lost his position, economic reforms were halted, and the city's 10th anniversary celebration was postponed.
But now Shenzhen has talked its way back into Beijing's favor, and many leaders again point to it as a model for the nation's development.
Shenzhen officials, though wary of the power struggles in Beijing, are seeking a nearly open border with Hong Kong. 
A primitive stock market that has operated, literally, over the counters in small buildings around the city is about to expand into a modern, computerized exchange.
In a single decade, Shenzhen has developed from a barren patch of grassland into one of China's most modern metropolises. 
But the transformation has been marked by a battle between China's ardent central planners and those who envision a national economy far more open and free.
Shenzhen, a special economic zone in Guangdong province, is a product of China's effort to prove that a capitalist economy can thrive under a socialist government. 
Many central officials still fear that Shenzhen is becoming too capitalist and too unwieldy for the Government to control.
Local leaders say they have strong reasons for continuing to support the Beijing Government, which has allowed Shenzhen and other special economic zones to prosper. 
While some of Shenzhen's students protested in May 1989, the demonstrations were much smaller than in other big cities, as many citizens saw that protests would only stand in the way of making money.
Some say Shenzhen is turning into a mini-Hong Kong. 
Already, the Hong Kong dollar is Shenzhen's semiofficial currency, accepted by hotels, taxis and restaurants, which refuse the foreign currency exchange certificates required of foreigners everywhere else in China.
Â 
Rapid Industrial Growth
Industrial growth over the last decade averaged 69 percent annually, among the fastest of any city in the world. 
For a while, Shenzhen's tiny, nascent stock market was more free-wheeling -- and scandal-ridden -- than Hong Kong's.
While some Shenzhen officials agree about the increasing resemblance to Hong Kong, they insist that there is one major distinction: Shenzhen is still socialist, with most businesses run by the state.
""It is not impossible for Shenzhen to become a Chinese Hong Kong,"" said Wang Xinkuo, a senior manager at the Catic Shenzhen Enterprise Group, whose member companies include a maker of simple electronic components. 
""The biggest difference is that Hong Kong is a capitalist system, while in Shenzhen, public ownership is the main path.""
Besides Shenzhen, with nearly 1.9 million people, there are four other special economic zones -- Zhuhai, Shantou, Xiamen and Hainan Island, all also in southern China. 
While officials still describe these zones as socialist, not everyone agrees that socialist planning will dominate these export-oriented cities.
Â 
Prices Set by Market
Almost all their prices, including those for raw materials, are set by the market. 
The rest of China buys many materials, including coal and oil, at subsidized prices.
""Only postage and bus fares are set by the Government, and that's because they are uniform for the whole nation,"" said Liang Wensen, a professor of economics at Shenzhen University.
""There is even a market in people's labor,"" Mr. Lian said, with most of Shenzhen's wages also determined primarily by market forces.
Partly because of its location next to Hong Kong, Shenzhen has attracted major foreign investments. 
Some 3,000 of Shenzhen's 7,000 companies have some foreign capital. 
Total foreign investment in Shenzhen amounts to about one-seventh the foreign investment in all of China, according to official statistics.
Â 
A Bumpy Ascent
But Shenzhen's ascent has not been smooth. 
When China's economic liberals had the upper hand in the late 1980's, Shenzhen was developing into a virtually free market. 
But when hard-liners took over two years ago during the Tiananmen crackdown, it seemed that Shenzhen's best years had ended.
Beijing refused to allow Shenzhen's modernized stock exchange to open; Li Hao, a reformer, was relieved as mayor, although he remained party secretary, and the city's 10th anniversary celebration, scheduled for last summer, was put off for nearly four months.
But now, Shenzhen seems to be back on the reform track. 
Once more, national leaders tout Shenzhen as a model, and again provincial officials from throughout China are visiting to learn how to help their own economies. 
Shenzhen has adopted an aggressive, 10-year growth plan, and a new airport is scheduled to open in the fall.
Shenzhen's leaders are sufficiently confident of their futures to press for more dramatic changes. 
Shenzhen is said to have sought Beijing's permission to establish its own currency and relax border restrictions with Hong Kong while tightening them with the rest of China. 
Already, other Chinese need special permission to cross the ""second border"" into Shenzhen.
Â 
Beijing's Concerns
Shenzhen's leaders apparently want to merge their economy into Hong Kong's, but it is unclear how far the hard-liners in Beijing will go along.
The central Government worries that Shenzhen will become too self-sufficient or closely integrated with Hong Kong, widening its economic lead over the rest of China.
""By the year 2000, Shenzhen's per capita G.N.P. should reach or almost reach the present level of typically developed countries,"" said Zheng Liangyu, Shenzhen's new Mayor, in a recent report. 
""The more profoundly we reform, the more contradictions and problems we shall face. 
This thus requires us to explore and experiment more bravely than we did 10 years ago, so as to really act as the pioneer and testing ground.""
The saga of Shenzhen's stock market exemplifies the perils of economic revamping. 
For nearly a year after the stock market opened at the end of 1989, workers, clerks, taxi drivers and other residents viewed buying stocks as a sure way to riches because the market only went up.
Â 
Began With 5 Stocks
The stock market started with only five stocks, and the Government limited daily price changes to 5 percent. 
A lively black market developed where investors traded stocks at large premiums over official prices.
With no comprehensive securities law, there were no restrictions on Shenzhen officials owning stock. 
Many had bought stocks both to promote the new market and to make profits.
But in October, rumors circulated that to avoid conflicts of interest, Chinese officials would soon be banned from owning stock, and stock prices would be frozen. 
Many officials apparently tried to dump their stocks, and the black market crashed. 
Shenzhen had its first stock market scandal.
Â 
City Is Rebuked
The scandal soon came to Beijing's attention. 
In late November, the Government cracked down on the black market and reduced the limits on daily price changes to five-tenths of 1 percent.
Officials said privately that Vice President Wang Zhen, a hard-liner, circulated a memo among top leaders that criticized the chaotic Shenzhen market.
In response, Prime Minister Li Peng dispatched a team from Beijing to investigate. 
In a rebuke to Shenzhen, the central Government decided to allow Shanghai to become the first Chinese city to open a modern, computerized securities exchange.
The Shanghai market opened in December, and officials say that Beijing has now also approved the opening of a unified Shenzhen exchange, which is preparing to list an additional 10 stocks. 
Shenzhen, it seems, is supposed to develop and prosper, but in an orderly manner that does not alarm the central planners.
Local officials have learned to be more tactful in discussing stock markets and other initiatives.
""For some time we considered stock exchanges as something capitalist, but that is not right,"" said Lei Yu, the deputy mayor of Guangzhou, the capital of Guangdong province, as he commented on Shenzhen's market. 
""It's just a good way to raise funds.""",1,companies,HWBUSH,HW Bush (1989-1992),CATEGORY_7,"enterprises, companies, market"
China Rushes From Mao to Markets.txt,"ï»¿
Perhaps the best-performing financial instrument in the world in 1992 has been a slip of white paper entitling the bearer to buy newly issued stocks on the Shanghai stock exchange. 
Sold early in the year for $5.50, by the summer these forms fetched nearly $300.
The soaring prices reflect the growing enthusiasm, bordering on desperation, of ordinary Chinese to become shareholders -- preferably rich ones.
After six years of on-and-off experimentation with shares, China is accelerating the development of a modern stock market. 
New companies are being listed each week, the number of investors is surging and hard-line critics have been muzzled.
Â 
Making a Transition
""The ideological problems are basically resolved,"" Wei Wenyuan, the executive director of the stock exchange, said in an interview in an alcove above the trading floor.
A local stockbroker put it more bluntly. 
""We're in a transition to capitalism, conducted under the leadership of the Communist Party,"" he said.
That is hyperbole, for the number of stock companies make up only an infinitesimal proportion of the economy. 
But the stock market is emerging as a central element of the nation's economic reorganization, and popular support seems boundless.
In early August, more than a million would-be investors waited in line -- some for days -- to buy applications for stocks being issued in the southern city of Shenzhen. 
The applications cost $20 and had only a random 10 percent chance of being approved to buy shares. 
Even so, the potential investors rioted when the applications ran out.
Some 50,000 people rampaged through the streets, attacking police cars and shouting anti-Government slogans. 
The police fired tear gas and some gunshots, and there were unconfirmed reports that two people were killed.
Â 
Leadership Meets
The clamor of a riot was not the kind of boom that reformers had hoped for. 
The Cabinet is said to have been worried as it met in the Zhongnanhai leadership compound in Beijing to watch secret police videotapes of the rioting, but so far there is no sign of a big slowdown in the move toward stocks.
""The Shenzhen incident was a problem arising at a technical level,"" said Wang Poming, the American-educated vice president of the Stock Exchange Executive Council of China. 
""It doesn't have anything to do with policy, or with the market itself. 
I don't see any major retreat from the shareholding system.""
Mr. Wang said the rioting would probably lead to the establishment of a type of Securities and Exchange Commission to provide improved oversight.
China began to get excited about stocks late in 1986, and Shanghai and several other cities quickly set up rudimentary trading systems. 
A prominent economist, Li Yining, urged then that most of the nation's state-owned factories be turned into shareholder-owned companies.
Â 
A Popular Trend
Progress was slow, however, partly because of the rise of the hard-liners at the time of the Tiananmen crackdown in June 1989. 
Shanghai opened a much more credible stock exchange in December 1990, and Shenzhen formally opened its own a few weeks later. 
Now other cities are frantically trying to get Beijing's approval to open exchanges, but the authorities are refusing on the basis that Shanghai and Shenzhen should be national markets.
Foreigners have also been invited to buy Chinese stocks through special ""B shares"" listed on both the Shanghai and Shenzhen exchanges. 
Early this year, B shares were all the rage as investors dreamed of getting in on the ground floor of one of the most vibrant economies in the world.
Since then, the B share market has stalled, in part because the shares are relatively expensive and thinly traded.
""These are the ups and downs you get at the beginning of any emerging market,"" said Timothy Beardson, chairman of Crosby Securities Ltd. in Hong Kong. 
""China is going to have a very large stock market, one of the largest in the world, in our view. 
As the market gets bigger it'll get broader, and I think it's here to stay.""
Â 
Foreigners Show Interest
About 20 stock funds have been set up by Crosby and other foreign brokerage firms to buy Chinese equities, and Chinese companies are also trying to list directly on exchanges in the United States, Hong Kong and Australia.
The Shanghai market now lists 17 A share issues, for Chinese investors, along with 8 B shares. 
Mr. Wei, the exchange's head, says that by the end of the year there will be 50 A shares and 10 B shares.
Likewise, the number of seats on the exchange has risen to 212 from 46. 
Soon, there will be 600 seats.
Mr. Wei estimates that 1.2 million people -- a bit more than two-thirds from Shanghai and the rest scattered around the country -- have bought shares through the exchange. 
Among them are 10,000 to 20,000 professional investors, known as the dahu, who have $100,000 or more in their brokerage accounts.
Â 
Some Fortunes Made
Some dahu -- the most famous is a Shanghai resident who goes by the name Millions Yang -- have made fortunes. 
For while B shares have been stagnating, the A shares traded by Chinese have been soaring.
""A fellow in my office put 5,000 yuan into Gold Cup Company shares a few years ago, and now it's worth 80,000 yuan,"" an envious official in Beijing said. 
Eighty thousand yuan is a bit less than $15,000.
These success stories have enticed more people into the market and created what is known here as ""stock fever.""
Books about stocks are selling wildly, night schools on how to trade stocks have been set up in major cities, and newspapers are running columns on how to invest.
Â 
Ignoring the Fundamentals
The only tactic that has not been tried has been analysis of fundamentals. 
Partly because of the unreliability of Chinese accounting, and partly because fundamentals do not matter as long as no one else looks at them either, trading often seems a bit divorced from reality. 
Price-earnings ratios exceed 100 for most Shanghai A shares, compared with a bit more than 10 for stocks in the less risky Hong Kong market.
Chinese investors seem to have a much clearer concept of upside potential than downside risk, even after a speculator lost $730 and committed suicide by electrocuting himself.
""What a numbskull,"" a Shanghai journalist said. 
""If he'd just waited, the market would have gone up again and he would have got his money back.""
Restrictions on upward and downward movement of Shanghai stocks were lifted in May, and prices now generally follow the market. 
The first collapse came in Shanghai in August, with stocks abruptly plunging by nearly half. 
Some experts said the sharp selloff was a good thing, because it burned a few fingertips and chastened investors.
Â 
Talk of Intervention
Officials insist that the authorities did not intervene in the market collapse, but the word among Chinese brokers and journalists is quite different. 
They say the Communist Party General Secretary, Jiang Zemin, telephoned the Shanghai party leader and asked for smooth trading in advance of a party Congress this fall.
When stock prices continued to slump, the exchange apparently halted trading for 20 minutes -- under the guise of a computer breakdown -- and ordered brokers to buy and support the market. 
The intervention worked, and prices have returned to their earlier range.
""Privatization"" is still a taboo word in China, sending shivers down the spines of Communist hard-liners. 
But some younger officials use the term ""going public"" to suggest that share issues are just another form of public ownership.
Â 
Pace of Change Is Disputed
""The key thing is that the Chinese have done it right,"" said William H. Overholt, executive director of the Bankers Trust Company in Hong Kong. 
""They've taken the time to create the institutional mechanisms for privatization before doing the privatization.""
Some economists are impatient with China's relatively plodding steps, compared with the rapid changes in some former Communist countries. 
But others, including Mr. Overholt, say that China has prudently established a suitable foundation for capital markets.
""The East Europeans have done it utterly wrong, which is to rush pell-mell into reallocating the whole ownership and management of national productivity without having the institutional mechanisms in place to manage it properly,"" he said. 
""China will come out looking good.""",1,companies,HWBUSH,HW Bush (1989-1992),CATEGORY_7,"enterprises, companies, market"
China Taking A Harsh Line With Vendors.txt,"ï»¿
In front of a stall filled with tiny clothes in baby blues, pinks and greens, a man sits on a stool inhaling a cigarette with the intimidating nonchalance that he acquired in prison.
He spent five years in prison for street fighting, but after his release, with few friends and no work prospects, he decided to start a small vendor business. 
Last year, after three years in the clothing trade, this salesman - embarrassed about his past so that he gives only his surname, Zhao -made the equivalent of $5,400, about 10 times the average income in China.
While foreigners tend to regard entrepreneurs as heroes of the Chinese restructuring, many are social outcasts, and they are frequently accused of acquiring their goods by bribing factory managers. 
Their immense wealth also breeds growing resentment among many ordinary Chinese.
Partly because of such resentment, and perhaps because of its suspicion of private enterprise, the Government has begun a program to control the nation's 14.5 million individually owned businesses and raise their taxes. 
The Communist Party recently announced that ''exploiters'' would not be allowed to become members, and many believe this was a reference to wealthy entrepreneurs.
Â 
Drive Against Steet Traders
The authorities in Beijing also concluded a 100-day campaign against ''illegal street traders,'' including cigarette and clothing vendors, hair salons and food and drink outlets. 
The official English-language China Daily said the campaign had exposed 110,000 unauthorized businesses and produced more than half a million dollars in unpaid taxes and fines.
Official newspapers have said that much of the money made by the entrepreneurs is never reported to the tax collectors and that the majority of vendors have been in prison. 
A prison background apparently is common because released inmates have difficulty finding new employers, so they are forced to strike out on their own. 
On the other hand, most Chinese are reluctant to forsake their jobs and plunge into business, with its economic and political risks.
As a result, some former felons have been among the greatest beneficiaries of the economic restructuring policy of the last decade. 
There are no statistics on average incomes among private vendors, but it is certain that they earn many times China's average monthly wage of about $40.
The income disparities are creating discomfort for the Government, which prides itself on socialist egalitarianism. 
Since the new leadership took office in June, there have been ''cleanups'' in some of the capital's free markets. 
Police have closed down stalls of those vendors who do not pay rent, who evade taxes, who sell pornography or who ignore other regulations.
The Government complains that wealthy entrepreneurs are inflating prices, aggravating shortages and ''dampening the enthusiasm'' of state employees and intellectuals. 
Many of these vendors also contributed vast sums of money to the students during the democracy movement.
Â 
The Fastest-Growing Sector
It is not clear how far the Government will pursue its harsh line, partly because it needs private enterprises to help absorb a growing number of unemployed people. 
The authorities recently announced a tax break for private businesses that employ jobless workers in certain trades.
While private enterprises in the cities and rural areas are a minuscule portion of the overall economy, employing fewer than 27 million people, they constitute the fastest-growing economic sector. 
Their wealth is highly visible, for they can afford such conveniences as washing machines and video recorders, and they also have money to spend at wine bars and discos. 
Mr. Zhao complains about not having a Mercedes-Benz and an apartment large enough for his possessions.
Younger vendors also tend to dress better than most Chinese. 
One of their biggest problems is where to keep their money. 
A man selling athletic wear says he has four different bank accounts in the names of his wife, child and parents. 
He also keeps a large amount of money at home.
Small entrepreneurs pay rental and management fees for their stalls, and the total expenses including taxes could run to more than $160 a month. 
Normally, profits cover the expenses many times over, but since the violent crackdown on June 4, some vendors say earnings have been down by more than one-half. 
This is partly because of the shortage of foreign tourists. 
Even now, however, the vendors still earn much more than factory workers.
For all the anticipation of greater state control, the concern does not seem to show in their attitude.
Â 
'It Won't Rattle Us'
''They will put more controls on us,'' said a vendor selling women's blouses. 
''But we have already been through the worst. 
We've survived the Cultural Revolution, so no matter how tight their policy is, it won't rattle us and it won't last long.''
The Cultural Revolution, started by Mao in 1966, was a period of rigid Communist orthodoxy lasting 10 years.
Li Binglu, a 25-year-old former public relations manager, opened a restaurant and bar this fall. 
She paid $8,100 in capital, borrowed from friends, and pays the same in annual rent along with $270 in monthly taxes.
''My friends warned me that society was not stable and that the Government is severely controlling private enterprise,'' she said. 
''But if I make $27 a month from the state, it's just not worth it. 
I'd rather use a year's savings and get the experience, even if the Government shuts me down.''",1,companies,HWBUSH,HW Bush (1989-1992),CATEGORY_7,"enterprises, companies, market"
China to Deal In Futures.txt,"ï»¿
China will open what it says is the first futures market in a socialist country this summer, an official newspaper reported today.
The market will open in August in the central city of Zhengzhou in Henan Province and will handle wheat transactions, The China Daily said.
If the market is successful, the Government may open futures markets for corn in the northeast city of Changchun, rice in the central city of Wuhan and pigs in southwest China's Sichuan Province, the paper said.
In the past, China has branded futures markets a form of capitalist speculation. 
The nation's conservative leaders have stressed that market forces must play a subsidiary role in China's planned economy.
A futures market allows traders and producers to negotiate a set price for a commodity at a specified future date. 
The seller is guaranteed that price regardless of subsequent fluctuations in the market.
Although most Chinese agricultural products must be sold to the state for a set price, an estimated 65 million tons of agricultural commodities circulate in the free market every year.
Poor regulation of the free market has led to wild price fluctuations for produce and livestock and serious gaps in supply and demand.
The paper said foreign dealers will not be allowed to participate in the Zhengzhou market at the outset.",1,companies,HWBUSH,HW Bush (1989-1992),CATEGORY_7,"enterprises, companies, market"
China to Repay More Bonds.txt,"ï»¿
China's repayment of loans from its own citizens will reach a peak next year, a Chinese Foreign Ministry official said recently.
The New China News Agency today quoted Zhang Jialun, a deputy director of the Finance Ministry, as saying the state's domestic debt had reached at least 80 billion yuan ($21.6 billion), of which 30 billion must be paid back in 1990.
The 30 billion yuan will be used to repay bonds issued by the Government to its citizens to finance construction projects and the budget deficit.
China issued bonds in the 1950's, stopped for nearly 20 years and then resumed to speed up modernization.",1,companies,HWBUSH,HW Bush (1989-1992),CATEGORY_7,"enterprises, companies, market"
China to Tighten Controls.txt,"ï»¿
Vice Premier Yao Yilin said today that the Government would take even tougher retrenchment measures in the next three years to reduce inflation and restore market order.
Finance Minister Wang Bingqian, meanwhile, predicted China's money shortage will worsen next year when more foreign loans start coming due.
The two officials delivered their sober assessments of China's economic situation to the Standing Committee of the National People's Congress, the legislature, which began meeting Tuesday.
''The Government will take tougher measures in the coming three years to accomplish the ongoing economic retrenchment,'' Vice Premier Yao said.
Earlier today, the official press reported that the Government is taking additional steps to re-establish order in an economy that it said is reeling from speculation and profiteering in scarce materials and widespread tax evasion.
Xie Mingan, an official of the Ministry of Materials and Equipment, said the state would tighten controls on prices of some raw materials, including coal, rolled steel and non-ferrous metals. 
The state will also reassert control over distribution.
In addition, The China Daily reported the state would crack down on what it says is rampant tax evasion among China's 14.5 million privately owned enterprises.
Mr. Xie said unnecessary middlemen would be eliminated, illegal dealers and officials trading power for money would be disciplined and state supplies of materials for production would be maintained.",1,companies,HWBUSH,HW Bush (1989-1992),CATEGORY_7,"enterprises, companies, market"
China Venture by Mitsui.txt,"ï»¿
Mitsui & Company, a leading Japanese trading company, will build centers in China to check the quality of Chinese products exported to Japan, a company official has said. 
The centers will serve the growing number of Japanese companies that want to import Chinese products. 
The distribution centers will be built in Shanghai, Beijing and Dalian by the end of this year jointly with the China National Foreign Trade Transportation Corporation, the official said.",1,companies,HWBUSH,HW Bush (1989-1992),CATEGORY_7,"enterprises, companies, market"
China Warns On Luxuries.txt,"ï»¿
China's ruling State Council warned today that spending on luxury goods by the leaders of debt-ridden state companies and other operations threatened to undermine the country's official austerity program and increase inflation.
""The desire for high consumption is once more on the rise,"" the council said through the state news media. 
It added that too many organizations were ""lusting after the new and seeking out the foreign.""
China's corporate leaders are on a luxury buying spree, snapping up new cars, video recorders, motorbikes and air-conditioners, often charging their purchases to the company account. 
Many of these goods find their way into the private possession of company employees, the council said.
The council demanded that enterprises submit all buying requests for primary items to the relevant provincial or municipal authorities, and ordered local purchasing officers to remain vigilant against abuses.
""They must be as firm as a tree in the ideological battle and thoroughly complete the job of controlling expenditure,"" the council said.",1,companies,HWBUSH,HW Bush (1989-1992),CATEGORY_7,"enterprises, companies, market"
China Wary On Stocks.txt,"ï»¿
China's experiment with creating stock markets will remain limited, and avoiding ""chaos"" will be a priority, a Chinese official told a news conference here today.
Hong Hu, vice minister of the State Commission for Restructuring the Economy, said the experiment with stock markets had reached only a small scale and was being constantly evaluated. 
China's two stock exchanges are in the cities of Shanghai and Shenzhen.
""We don't seek to have this experiment in many places,"" Mr. Hong said of China's policy toward stock exchanges. 
""We do not demand perfection, but we also want to avoid chaos.""",1,companies,HWBUSH,HW Bush (1989-1992),CATEGORY_7,"enterprises, companies, market"
China Wins Two Loans Backed by U.S.txt,"ï»¿
The World Bank and a United States agency announced loans to China today, reflecting further efforts by the Bush Administration to improve relations despite the American sanctions imposed after the crackdown on the democracy movement in Beijing.
A $30 million loan for earthquake relief was approved by the World Bank, a 152-nation lending institution in which the United States is the leading stockholder. 
It was the institution's first loan to China since martial law was declared there in June.
The Export-Import Bank, a Federal agency that supports American exports, announced a $23.1 million loan for the Shanghai transportation system. 
On Friday, the agency approved a a $9.75 million loan to the China National Offshore Oil Corporation. 
The loans were the first to China since June by that agency as well.
A $60 million loan for agricultural development had been scheduled for approval by the World Bank today, but action was deferred until Feb. 
27 at the request of the Bush Administration.
Â 
Allegations of Torture
Officials said the Administration sought the postponement because of criticism from Congress that its China policies have been too lenient in light of human rights abuses described in a recent State Department report.
The report, which has not yet been officially released, says that ''reports of torture and degrading treatment of persons detained for committing so-called counterrevolutionary crimes have been persistent and consistent.''
Deputy Secretary of State Lawrence S. Eagleburger, who with the national security adviser, Brent Scowcroft, made trips to Beijing in July and December, was a target of lawmakers in appearances today and Wednesday before Senate Foreign Relations and House Foreign Affairs committees.
Mr. Eagleburger argued that China's hope for change rest with reformers in the country's leadership rather than the masses who demonstrated around Tiananmen Square.
The Export-Import Bank grants loans at subsidized interest rates to the customers of American exporters. 
All major industrialized countries operate similar agencies and use them aggressively, in most cases far more aggressively than the United States, to boost exports, chiefly in the third world.
In the Chinese loan, American companies competed with West German and French bidders, export bank officials said.
Â 
Protecting American Contracts
The principal American exporter involved in the Shanghai project is General Railway Signal Inc. of Rochester, N.Y., which will supply signaling equipment. 
American participation in the project also includes fire alarm detection systems from Simplex Time Recorder, waterproofing material from W. R. Grace Company, water chillers from United Technologies and engineering services from De Leuw Cather International Inc.
Several lawmakers criticized the loans. 
Representative David R. Obey, Democrat of Wisconsin, chairman of the House Appropriations Committee's subcommittee on foreign operations and export financing, said the loans sent ''the wrong signal.''
''It's not helpful to be seen telling the Chinese, well, they did a bad thing, but then in 90 days we start kissing and making up,'' he said.
The loans follow the lifting of martial law by Beijing last month. 
The Administration maintains that the renewal of contacts and a limited resumption of loans are needed to promote reform from within China.
China Warns Against Criticism
BEIJING, Feb. 
8 (Special to The New York Times) - The Government warned today that any further attacks on its human rights record by the State Department, which is expected to issue a report this month on China's rights abuses, could impair relations between the two countries.
''Should the U.S. 
State Department insist on its wanton attacks against China in its human rights report, which is based on rumors and which is to be released soon, it will certainly do further serious harm to Sino-U.S. relations,'' a spokesman for the Foreign Ministry said.",1,companies,HWBUSH,HW Bush (1989-1992),CATEGORY_7,"enterprises, companies, market"
"China, in Crackdown, Orders Many Companies to Close.txt","ï»¿
Continuing a crackdown on private enterprise that began after the crushing of the democracy movement in June, China announced today that it would close a large number of privately owned companies.
The Government's lengthy announcement of the new policy on page 1 of The People's Daily said that ''too many companies have been set up'' and in many cases ''management was in great disorder.''
It also said that private salaries have soared out of control for some top company officials and charged that Government officials have taken stakes in the companies they were regulating, leading to ''embezzelement, theft, profiteering and bribery.''
The announcement appeared to focus on Chinese-owned businesses and there was no immediate indication that the Government expected or wanted it to have any effect on the foreign companies that have ventures here. 
But foreigners and Chinese alike have said the Government is adopting a more hostile attitude toward private enterprise here and is starting to reassert control over the sectors of the economy that slipped its grasp as capitalism took hold.
Private enterprises in Beijing in particular were deeply involved in the democracy movement that was crushed in June. 
There has been widespread speculation in the diplomatic community that Government officials are trying to punish shops and factories that gave student demonstrators food, money and equipment.
Some observers suggested that the move bore the stamp of Jiang Zemin, the new Communist Party leader, who is generally viewed as being more comfortable with a centrally planned economy.
The article in The People's Daily set no target for the number of private enterprises to be eliminated. 
But it suggested that some have already been ordered closed. 
It is estimated that there are about 14.5 million businesses here that each employ fewer than eight people, and 225,000 that employ more. 
They account for only 3.5 percent of China's economy, but they have been the fastest-growing sector.
Their growth has highlighted the weaknesses of many of the state enterprises. 
In July, Chinese officials said that about 20 percent of the state-owned businesses are now operating at a loss.
Earlier this month the Government said it was beginning an inspection of all individually owned businesses, because of suspicions that they are avoiding taxes. 
It was not clear whether today's announcement was related to the earlier move.
Â 
Process Will End in April
The People's Daily article today said that the ''screening and rectification'' of companies would be finished by next April. 
While its criteria for eliminating companies appeared vague, the Government said that the first to close would be those that were ''an unnecessary copy of another company'' or in violation of a rule prohibiting Government administrators and Communist Party officials from taking part in running the companies. 
In some cases administrators who also have a stake in the companies they oversee have been reported to be a major source of corruption in China's economy.
''Those who still hold responsibility in the companies should give up their Government and party posts,'' the article said. 
''Companies with business power and at the same time administrative power will not be approved.''
It also said that ''special privileges'' enjoyed by some companies would be revoked.
It is not at all clear that the closing of the companies will have any significant effect on foreign companies operating in China. 
In recent weeks officials here have gone out of their way to stress that foreign investment is still welcome, meeting with bankers and industrialists and stressing that the anarchy in the streets during the May and June rebellions is over.
''I think there is a consensus among the senior leadership that the policy of openness will continue,'' said A. Robert Abboud, the chairman of First City Bancorporation of Texas and the head of a joint venture with a Chinese bank. 
Speaking in Tokyo during the weekend, on his way home from a meeting with Prime Minister Li Peng, Mr. Abboud said that the Chinese were trying to make a basic realignment of their economy.
Â 
Debate Has Just Begun
But if the Chinese press is any indication, the debate over how to reorganize the economy has just begun.
For example, in a lengthy article in the English language China Daily today, an unidentified official wrote, ''The Government will not tolerate indiscriminate Westernization and bourgeois liberalization, but it will continue to absorb and assimilate advanced foreign technology and management techniques.''
It suggested that private companies too frequently lose sight of the public good, even if they do fuel economic growth.",1,companies,HWBUSH,HW Bush (1989-1992),CATEGORY_7,"enterprises, companies, market"
China-Korea TV Deal.txt,"ï»¿
A Chinese television factory has signed an agreement with a South Korean company, the first time the Seoul Government has approved a direct investment by a company from a Communist nation, the Finance Ministry said Tuesday. 
The Hanzhou TV Factory will invest $2.8 million in a joint venture with the Orion Electric Company of South Korea and the Zhejiang Fuchen Company of Hong Kong. 
A ministry spokesman said the venture was expected to produce 580,000 tubes for color TV sets in 1989, 1.1 million of the 20-inch tubes in 1990 and 1.2 million in 1992.",1,companies,HWBUSH,HW Bush (1989-1992),CATEGORY_7,"enterprises, companies, market"
China-South Africa Deal.txt,"ï»¿
China, which has traditionally shunned ties with the white supremacist Government of South Africa, is buying coal from Pretoria, a private Dutch group said today.
The first of 10 shipments was unloaded in the southern province of Guangdong in June, according to the Shipping Research Bureau, a body that monitors the oil and coal trade. 
The bureau said the Chinese order, handled by a Hong Kong trading house, was shipped through Maputo and Mozambique. 
China also bought a coal gasification plant from South Africa for about $4 million, it said.",1,companies,HWBUSH,HW Bush (1989-1992),CATEGORY_7,"enterprises, companies, market"
China_s Coal Output Up.txt,"ï»¿
China announced today that its coal output for 1989 had exceeded a target of one billion tons, but said industries still remained short of the fuel. 
Output rose to 1.04 billion tons last year from 970 million tons in 1988, the official Economic Daily said.",1,companies,HWBUSH,HW Bush (1989-1992),CATEGORY_7,"enterprises, companies, market"
China_s Credit Rating Downgraded by Moody_s.txt,"ï»¿
Signaling uncertainty about China's political stabilityII, Moody's Investors Service Inc. today downgraded the country's long-term credit rating.
While the move reflected the likely difficulty China will have in returning to the financial marketplace since suppressing the democracy movement in June, bankers say China will still be able to raise money - though at higher prices than it is used to paying.
The downgrading of the debt rating from A3 to Baa1 is unlikely to have an immediate impact on China's borrowing costs since China has raised only about $5 billion in foreign currency bonds, none of it in United States markets. 
Bonds rated A are considered ''favorable'' and are one step above those with a Baa rating, which are considered medium grade.
Moreover, foreign banks are more concerned about when the World Bank will resume lending to China than they are about ratings.
The lower rating reflects the general assessment that China will have to pay more for its conventional loans than its previous typical margin of one-quarter percent above the London interbank offered rate, or Libor, a standard benchmark.
Indeed, bankers here and in Hong Kong say that since June, rates for trade credits and occasional other loans have generally risen by half a percentage point, and sometimes even more. 
The higher interest rates, for bank loans or bonds, will raise China's borrowing costs and put new pressures on an already strained economy. 
China is to begin repaying larger amounts of its $43 billion foreign debt next year, and higher interest rates will increase the difficulties of refinancing these loans.
The rating change could have been more severe and the fact that it was not is one indication that financial analysts and bankers are being careful not to overestimate the impact of the June crackdown on China's creditworthiness. 
Moody's may also have been particularly careful since its initial rating last year of A3 was lower than had been expected.
''We think there is a lot of rhetoric accompanying the economic adjustments, but the inference that this is a complete return to the old operating method is not necessarily valid,'' Roger B. Arner, director of Moody's Japan K. K., said today in a telephone interview from Tokyo.
Two American banks have arranged loan syndications for Chinese borrowers that are expected to be signed this month. 
Both were five-year loans for $50 million, by the Hong Kong merchant banking arms of the Bankers Trust Company and the Chase Manhattan Bank.
In each deal, the Chinese borrowers were successful in obtaining pricing below Libor in return for a currency risk.
The Bankers Trust loan syndication, to the China International Trust and Investment Corporation, or Citic, offers three-quarters of a percentage point above Libor to its syndication partners. 
The loan was oversubscribed.
The more recent Chase Manhattan deal has had greater difficulty attracting participants. 
The loan was made to China Resources Holdings and offers partners three-eighths of a percentage point over Libor for the first three years and one-half of a percentage point for the remainder. 
So far, about $25 million has been sold to other banks.",1,companies,HWBUSH,HW Bush (1989-1992),CATEGORY_7,"enterprises, companies, market"
China_s Divided Economy.txt,"ï»¿
About 60 percent of China's labor force is engaged in agriculture, where farmers essentially grow and sell their produce on the principle of private enterprise.
In 1990, agriculture accounted for about 33.3 percent of national income. 
Farmers do not own the land but since the early 1980's they have been given the right to use individual plots. 
They must sell a certain part of their produce to the state, but then can sell the rest on a relatively free market.
About 17 percent of the work force is involved in industry, which produced 46.5 percent of 1990's national income. 
The state sector is the largest category in industry, producing about 53 percent of industrial output in 1990. 
But private and collective enterprises in the countryside -- which are often far more efficient than state enterprises -- are gradually producing a larger share of the nation's industrial output.
Collectively owned enterprises sometimes blur the distinction between state and private sectors because they sometimes are run partly by village or township governments. 
In any case, they tend to operate on market principles and are much more entrepreneurial than Government-run enterprises.
Other parts of the economy, such as construction and retailing, are split between the private and state sectors. 
For example, large department stores are largely Government-owned, but in recent years, there has been a proliferation of small free markets and private stores and stalls. 
A growing number of collectively-owned construction companies also are now competing with large state companies for contracts to build homes and small buildings.",1,companies,HWBUSH,HW Bush (1989-1992),CATEGORY_7,"enterprises, companies, market"
China_s Frontier_ The Search for Development.txt,"ï»¿
This is the ''other China,'' a land of poor peasants and occasional smokestacks, where for some households upward mobility means nothing more grand than moving out of their cave and into a house.
As China develops, the caves are giving way to brick or mud homes, and most people in northwestern China have basic clothing and enough food to eat. 
But there is still none of the sense of economic vibrancy and rapid change that permeates the coastal areas of southeast China.
The peasants here in Gansu Province earn an average of just $100 a year, the lowest of any province in China. 
Their basic needs have mostly been met, but economists and other analysts say that the people of Gansu have probably benefited less than other Chinese from the restructuring of the last decade.
''In recent years, the country has had a policy of regional favoritism,'' said Chai Zhuqing, an official of the provincial planning commission. 
''The coastal areas developed very quickly, with the help of the state and foreign investors. 
But we're in the hinterland, with long distances to transport goods.''
A recent survey suggested that the gap between China's rich and poor areas is continuing to grow. 
In the first half of this year, the survey found, per capita incomes of peasants were $49 higher than a year earlier in southern Guangdong Province, the wealthiest part of the country. 
In the poorest parts, like Gansu and Tibet, incomes grew by just $5, compared with those of a year earlier.
''The gaps have increased and I can't see that trend changing anytime soon,'' Nicholas Lardy, a China scholar at the University of Washington, said in a telephone interview. 
Professor Lardy said that the central government is no longer redistributing resources among regions the way it once did, and that this will limit Gansu's ability to bridge the gap.
Under Mao, China's economic planners milked rich areas such as Shanghai for the benefit of other parts of the country. 
The planners also tried to build up the industrial capacity of the interior, partly for national security reasons, so that the country could continue to produce if it were attacked.
Even so, China's industry is geographically lopsided. 
Of the nation's 500 largest industrial enterprises, 111 are either in Shanghai or in northeastern Liaoning Province, while only 25 are in the six provinces and autonomous regions of China's west.
The Government in recent months has expressed increased concern about the plight of the hinterland, and there is no longer as much conviction as there used to be that some areas should get rich first and then spread the wealth to the interior. 
But there is still not much of an economic strategy for China's interior.
''Opening the door on the northwest frontier'' read the headline of a front-page editorial in the semi-official China Economic News last month, but the article contained few specific ideas for how to develop the frontier. 
While rich in mineral resources, the northwest lacks the entrepreneurial tradition of coastal areas, as well as their wealth of overseas relatives and other links.
The People's Daily and other official publications have recently called for developing overland trade with other Asian countries and even rebuilding a ''land bridge'' to Europe. 
This revived form of the old Silk Route will take shape around the end of next year when China completes a rail link across its northwestern border with the Soviet rail system.
Officials here in Gansu Province are optimistic that the rail link will allow them to export their products to European ports, so that Gansu too can participate in the opening to the outside world that has left the coastal region so flush with wealth.
Much of China is now alarmed at the prospect of recession, because of an economic retrenchment, but Gansu seems less worried. 
In September, industrial production in the province was 8 percent higher than a year earlier, while in cities such as Shanghai production actually fell. 
Officials note that the local economy was never particularly overheated, so the slowdown will not be very painful.",1,companies,HWBUSH,HW Bush (1989-1992),CATEGORY_7,"enterprises, companies, market"
CHINA_S INDUSTRIES QUITTING THE HILLS.txt,"ï»¿
A postscript to the cold war is being written here: a missile factory has been converted to make refrigerators.
Just as important, the refrigerators are rolling off assembly lines not in the company's old location in the mountains of south-central China but in a new industrial zone here in the provincial capital. 
As the people here say, the tiger has come out of the mountains.
The tiger is China's so-called Third Line of industry, built mostly in the 1960's. 
Fearing attack by the United States or the Soviet Union, Mao Zedong ordered 2,000 companies representing a large share of China's industrial and military capacity removed from vulnerable coastal areas to remote hillside towns in the country's interior. 
Mao thought that the Communists could rely on that Third Line of industry even if an enemy attacked the coast.
It was an extraordinary scheme, the most daring and perhaps the most ill-considered industrial relocation plan that any country had ever attempted. 
From the mid-1960's to the mid-1970's, nearly half of China's budget went to Third Line construction, but the new factories tended to be inefficient because of poor infrastructure and supply lines.
Â 
Moving Back to Cities
In this post-Mao, post-cold-war era, the Third Line companies are now moving back to the cities, and in many cases retooling to make consumer goods instead of weapons. 
Across the nation, enterprises that once produced tanks and missiles and other military products are now making 650 kinds of civilian goods. 
Here in Guiyang, the capital of Guizhou province, two new industrial zones are filling up with Third Line factories making everything from transistors to automobile headlights.
""Intellectuals are very happy with the move, after being in the mountains for two decades,"" said Wang Quan, director of the Guiyang office of the Zhenhua Electronics Industry Corporation, one such enterprise. 
""Life is better here, there is entertainment and culture, and there's better education for the kids.""
Of the 700,000 industrial workers in Guizhou Province who work in Third Line enterprises, about a third have already moved to the cities or are in the process of doing so, according to Hu Lun, chief economist of the Guizhou Province Planning Commission.
Â 
Efficiency and Location
""We plan to move all our workers to Guiyang,"" said Mr. Wang, of Zhenhua, which has 30,000 employees at 21 factories scattered across Guizhou. 
""But that will depend on economics and on how efficient the factories are here.""
One of the factories that already has moved and started operations in Guiyang is the Jianxin Machine Factory, a unit of Zhenhua that makes stone cutters, drill presses and other industrial equipment. 
In the past it exported some goods to Eastern Europe and now the managers are hoping that the improved location will improve exports to the West.
""It's much more convenient here,"" said Feng Yisong, a senior engineer of the factory. 
""Transportation is much easier, and it's far simpler to make contacts and get a hold of people. 
So our efficiency is much better now.""
The factory shop -- emblazoned with huge red characters across the wall declaring: ""Socialism is Good. 
The Communist Party is Good"" -- is spacious and is taking advantage of a tax break to install some brand-new equipment in addition to assembly lines brought in from its old location near the town of Duyun.
Â 
Creating a Society
The director of the nearby New Cloud Equipment Factory, Long Hanmin, said that though there is a hefty cost to moving the plant and all of its employees to Guiyang, the move will soon pay for itself in improved efficiency and reduced transportation costs.
""We used to be a company town and had to create our own society,"" said Mr. Long. ""We had to provide schools, restaurants, a movie theater and a hospital. 
In Guiyang, we don't have to do any of that.""
Mr. Long's factory used to make electronic components for the army, but it shifted a half-dozen years ago to manufacturing similar civilian products, like transistors and capacitors. 
These days, the transition from military production to civilian production is well underway, not just in Guizhou but throughout China.
For Guizhou Province, one of the poorest in China, that switch -- coupled with the emergence from the mountains of the Third Line ""tiger"" -- also offers an important opportunity to lure foreign investment.",1,companies,HWBUSH,HW Bush (1989-1992),CATEGORY_7,"enterprises, companies, market"
China_s Open-Door Stock Policy.txt,"ï»¿
Nearly a year after China's two securities exchanges opened with fits and starts, demand for stocks is so strong that people line up on the streets to buy them. 
Now, the Government is planning to let foreigners in on the action.
China's two stock exchanges, in Shanghai and in Shenzhen, a special economic zone on the southern border, are working furiously to bring out special shares for foreigners in the next few weeks.
But the process of issuing these shares, called B shares, has caused clashes between authoritarian-minded Chinese officials and Western financiers, who are helping to underwrite the deal. 
Moreover, a headshake of disapproval from one of China's octogenarian leaders could mean another delay or even a cancellation of the deal.
Still, compared with other emerging exchanges, like Taipei and Seoul, which have loosened their rules for foreign investors slowly, China's socialist Government is racing ahead.
""China has actually proceeded quite fast compared to Eastern Europe, for example, or even compared to some other Asian countries,"" said Rolf Gerber, managing director at SBCI Finance Asia Ltd., a Swiss Bank Corporation subsidiary that is coordinating the foreign underwriters of the new shares. 
""In this way they are very progressive, although they understand very little about the habits of how such transactions are done internationally.""
China's bid to sell stocks to foreigners, without first developing the domestic stock markets more fully, underscores its appetite for ways to raise foreign capital.
Shanghai's exchange is still in its infancy and currently trades only eight stocks, with a total market value equivalent to about $430 million. 
At the end of November, Shenzhen listed 11 new companies, in addition to the six already traded, that have a total market capitalization of about $100 million. 
All are state-run enterprises.
Stocks are so popular that price-to-earnings ratios go as high as 428, many times those of even the most promising American and Japanese companies. 
But the authorities seem ambivalent. 
The Government has restricted listings and tried to curtail speculation for fear of subverting socialism.
The Government had not allowed any other new companies to be listed on the Shanghai exchange during its first year of operation, until 10 more won approval earlier this month, according to the English-language China Daily. 
Companies must wait at least three months before they are formally listed.
""The central Government is being very cautious,"" said Zhang Ling, a spokeswoman at the Shanghai Securities Exchange. 
""They think that if the market develops too quickly, there will be harmful effects. 
If there are no clear results or if the results are poor, then they will be even more careful.""
Â 
Conflict Among Aging Leaders
The slow development of the markets also appears to result from indecision or conflict among China's octogenarian leaders, like Deng Xiaoping and Chen Yun, who are nominally retired but still hold real power.
Earlier this year, when Chen Yun and Li Xiannian, two of these octogenarians, were traveling in Shanghai during the Chinese New Year holiday, they happened to notice that many people were poring over the stock market pages of a local newspaper that prints the results of the week's activity. 
Apparently believing that the market's rapid growth was contrary to socialism, the two complained to Zhu Rongji, then Mayor of Shanghai.
Subsequently, the exchange's original plan to issue foreign shares as early as April was delayed until now. 
Foreign participation will be controlled and limited.
Just as China has separate currencies for foreigners and for local Chinese, there will be two kinds of shares: A shares for Chinese and B shares for foreigners, both in local currency. 
Foreigners will have to pay in foreign exchange for their local currency shares but will earn dividends in foreign exchange. 
Asian investors, particularly in Hong Kong and Taiwan, are expected to be among the major buyers of the B shares.
In Shenzhen, the Governmentsigned underwriting agreements last Thursday with 10 Hong Kong-based brokerages to market about $34 million in B shares issued by 10 Shenzhen enterprises.
But Shanghai, where the process began earlier, is likely to sell the first equity issue directly to foreigners. 
The Shanghai Vacuum Electronic Device Corporation, a state-run television picture-tube maker, has signed agreements with foreign underwriters to place about a million B shares, raising about $74 million.
The company has already issued two million shares domestically to individual investors and other Chinese companies, although it is restricted as to how many shares over all can be sold to individuals. 
On Dec. 
12, the price for A shares was 863.40 yuan.
The deal has been an eye-opener for both the Western underwriters and the Chinese officials. 
China hemmed and hawed for nearly a year before it gave final approval to the issuance of B shares, but then it expected the deal to be done immediately. 
Early in November, China abruptly asked a syndicate of six foreign underwriters to fix the share price at 420 yuan -- about $72 at the essentially free-market rate that will be used instead of the official exchange rate.
Â 
Chinese in ""an Enormous Hurry""
The Chinese proposal included a tight timetable and a demand that the foreign firms respond by the end of the day. 
In the West, underwriters carefully negotiate the timing of a deal, fixing the price of shares around the time of the placement. 
But in this case, the price was to be set months in advance.
The foreign firms had not even had a chance to examine the financial condition of Shanghai Vacuum Electric. 
Arthur Andersen & Company, the accounting firm, was not allowed to begin its review of the company until early November, and even then, Shanghai Vacuum Electric executives complained that the accounting firm was scrutinizing the books too thoroughly.
Four of the six original participating firms found the terms of the deal unacceptable and withdrew. 
The Chinese ""were in an enormous hurry,"" said Ted Rule, director at Standard Chartered Asia Ltd., one of the underwriters that stepped down. 
""They wanted things to get done in a period of time which I thought was unrealistically short.""
Â 
A Replacement Syndicate
Before he even knew what the company's earnings were, Mr. Rule said, he was asked to commit to a price at which the underwriters would buy the shares. 
Part of the reason for the hurry appears to be the company's desire to issue the B shares -- representing a 33 percent interest -- before the end of the year to qualify for lower tax rates as a joint venture.
After the other underwriters left, Sun Hung Kai & Company, a Hong Kong securities firm, and SBCI Finance Asia, the Swiss Bank unit, remained. 
Salomon Brothers (Hong Kong) Ltd. joined to form a new consortium that completed the deal. 
The new consortium signed an underwriting agreement on Nov. 
30, with the price fixed at 420 yuan. 
The foreign underwriters insisted on a safety clause that would allow them to pull out or renegotiate the price if they found something in the company's books that they did not like. 
Now, the shares will probably be marketed in the first quarter of next year, in January at the earliest.
Â 
Swiss Bank's Examination
Recently, Swiss Bank was allowed to examine the company closely for the first time, touring its factory and talking with the company's managers. 
Discovering how China's planned economy meshes with the free market was a bit of a revelation, Mr. Gerber of Swiss Bank admitted, but he remains committed to the deal.
""I haven't seen any shocking things that would prevent us from doing it,"" he said. 
""But we're all used to a free market, so we had to revise our understanding in terms of how the Chinese economy works.""
The Shanghai company has also agreed to allow Swiss Bank to become the 16th and only foreign member of its board, so that the Chinese can gain advice on how to adjust to a free market economy. 
Foreign underwriters will place 80 percent of the issue, while three Chinese securities firms will place the rest.
Â 
Takeovers Highly Unlikely
So far, China's rules do not limit the shares a Chinese individual can buy, nor is it expected that the regulations will limit the B shares a foreigner can buy. 
Theoretically, a foreign and a Chinese investor could team up to purchase more than 50 percent of a listed company.
But the Government is unlikely to allow such a move. 
""Takeovers?"" a Chinese official exclaimed, laughing at the idea. 
""They may not yet have any rules that prevent this, but they don't need them. 
They just won't let it happen, at least for now.""",1,companies,HWBUSH,HW Bush (1989-1992),CATEGORY_7,"enterprises, companies, market"
China_s Private Business Drops.txt,"ï»¿
The number of private businesses in China has fallen for the first time since 1981.
Â 
The Farmers Daily reported
Friday that at the end of June the country had 12.34 million private businesses employing 19.43 million people, a drop of 2.19 million and 3.57 million respectively from the end of last year.
Output value of private business in industry, construction and transportation - three of the biggest sectors apart from restaurants and retail shops -fell 29 percent in the first six months of the year from the corresponding period last year, it said.
Private business has come under strong attack in the official press in the last two months for what has been described as widespread tax evasion, exploitation of cheap labor and excess income.",1,companies,HWBUSH,HW Bush (1989-1992),CATEGORY_7,"enterprises, companies, market"
China_s Private Businesses Face Inspection.txt,"ï»¿
China announced today that it was initiating an inspection of the nation's 14.5 million individually owned businesses, the great majority of which are accused of evading taxes, and concern is growing that the Government is adopting a more hostile attitude toward private enterprise.
The announcement appeared in an article on top of the front page of today's People's Daily. 
The article said 70 percent to 80 percent of individual enterprises were evading taxes, and indicated the inspection would last two months.
''Tax evasion not only causes losses to state revenue,'' the official New China News Agency quoted Jin Xing, director of the State Administration of Taxation, as saying, ''but also disturbs the normal economic order and aggravates social problems caused by the distribution gap.''
Over the last 10 days, there have repeatedly been articles in The People's Daily and other newspapers accusing private enterprises of evading taxes, engaging in illicit activities like selling pornography, and causing growing income disparities in China.
Few people seem to expect a campaign to uproot private enterprises, which employ more than 26 million people for whom the state would then have to find other employment. 
But some foreign economists worry that the leadership could make life much more difficult for private enterprises.
''It does seem to be another step away from the reform direction,'' a Western diplomat said today. 
''The central leadership may just want to clear up some of the abuses. 
But without a clear line of support from Beijing to private enterprises, there is the potential that low-level officials will see this as a chance to settle scores: to impose new taxes, to demand kickbacks and in general to make life more difficult for them.''
Â 
Backing for Democracy Effort
Private enterprises in Beijing were deeply involved in the democracy movement this spring, and a crackdown could be a way of reducing their influence. 
Such enterprises, ranging from clothing shops to restaurants to small factories, gave student demonstrators money, food and equipment, and those entrepreneurs with motorcycles raced around the city to alert citizens about troop movements.
Economists and diplomats say that any crackdown would be difficult to enforce. 
Most private enterprises are family owned, and with bookkeeping still something of a novelty, it is very difficult even for China's 500,000 tax inspectors to prove tax evasion. 
Many enterprises, like the watermelon vendors now found throughout Beijing, are not even registered.
Likewise, the fate of the private enterprises will depend at least as much on the attitude of local officials as on the policy in Beijing. 
Those enterprises that have worked out mutually beneficial arrangements with local authorities are unlikely to face difficulties.
Â 
A Growing Private Sector
The private sector is the fastest-growing part of China's economy, but it is also by far the smallest. 
Officially, private enterprises account for only 3.5 percent of industrial production, compared with 63 percent from state enterprises and 33.5 percent from collectives.
But those figures underestimate the size of the private sector, both because many private enterprises call themselves collectives in the belief that it is safer politically, and because many entrepreneurs are involved in retailing and other services that are not measured in the industrial production statistics.
Formally, China distinguishes between privately owned enterprises employing eight or more people, of which there are 225,000 employing 3.6 million, and ''self-employed'' or ''individual businesses'' that employ fewer than eight people. 
There are 14.5 million of these businesses, with a total employment of 23 million people. 
Informally, both categories are normally referred to as private enterprises, and although the new tax inspections are said to be directed at the self-employed category, most experts expect all private enterprises to be affected.
Â 
An Easy Target
A Western economist working in Beijing cautioned that if the Government is trying to appease public anger about widespread corruption, it could find private enterprises an easy target. 
They are a tiny constituency without political muscle, and everyone believes that they, like other enterprises, are often corrupt.
''For now, I don't think any serious policy decisions have been made,'' he said. 
''But I think it's worth watching this space very carefully.''
There is no indication that a crackdown on private enterprises would directly affect foreign interests. 
Those officials who have been promoted to top positions since the democracy movement was crushed in early June have long histories of supporting joint ventures and welcoming foreign investment.
These officials - particularly the new Communist Party leader, Jiang Zemin, and a new member of the Politburo standing committee, Li Ruihuan - are generally viewed as supporters of continued economic change and development. 
But their background suggests that they are most comfortable with growth that is centrally planned and subject to strict control and that they may have reservations about private businesses.
Â 
Warning by New Party Leader
''Self-employed traders and peddlers cheat, embezzle, bribe and evade taxation,'' Mr. Jiang wrote in an article published in today's China Daily newspaper. 
His article warned against rising disparities in income distribution because of the wealth in the private sector, although he also cautioned against rigid egalitarianism.
Businesses that employ eight or fewer people are supposed to pay 52 percent of their profits in taxes, to reinvest 30 percent of the profits, and to pay only 18 percent to the owner. 
Businesses that employ more than eight people have 10 different tax rates, and many of these enterprises are supposed to pay a majority of profits in taxes.
On Saturday, the New China News Agency warned that ''China will soon inspect and clean up all individual businesses and private enterprises in the country.''
The dispatch warned that the Government would crack down on private businesses that produced pornography or shoddy or dangerous merchandise, or that were engaged in speculative investments that drove up commodity prices.",1,companies,HWBUSH,HW Bush (1989-1992),CATEGORY_7,"enterprises, companies, market"
Chinese Banks Plan to Lend $27 Billion to Aid Businesses.txt,"ï»¿
Banks in China will lend $27 billion to state-operated enterprises that need cash, a central bank official said on Wednesday, although the Government's tight credit policy will remain in effect.
The loans are to be extended in the last quarter of the year, Hong Yuncheng, a spokesman for the People's Bank of China, was quoted as saying by the official Xinhua News Agency.
''The loans are still within the original plan set for this year, and the fund shortages will be eased to a certain extent,'' Mr. Hong said. 
''The tight credit policy is still proceeding in accordance with the schedule, and the total number of loans has been brought under control.''
Economy Is 'Bad'
One Asian economic expert in Beijing, who asked not to be identified, said the Government appeared to be relaxing its credit restrictions ''because the economy is so bad.''
The large injection of money is unlikely to be a heavy burden on China's economy, one Western diplomat said.
''The Government has been saving up pennies all year to have a big wad of cash in the fourth quarter when the harvest comes in, when they really need cash,'' the diplomat said. 
''They don't need to issue i.o.u.'s and can stay within budget.''
Last year, the Government issued large numbers of i.o.u.'s to farmers in exchange for grain, causing widespread resentment and some protests. 
This year there have been isolated reports of i.o.u.'s being issued.
''In China, it's not unusual for a lot of money to move into the economy in the fourth quarter,'' the Western official added. 
''What is unusual is that the Chinese have shown such restraint in the first three quarters.''
Â 
Warning on Program
Xinhua quoted unidentified analysts as saying that China must stick to its austerity program and its tight monetary and credit policies for up to three years. 
Inflation remains troubling and money demand is strong.
The central bank is joining the Industrial and Commercial Bank, the Bank of China, the Agricultural Bank and others to raise money for the loans to finance important state projects, purchases of agricultural goods and exports, said Mr. Hong, the People's Bank of China spokesman.
Chinese banks have offered $108 million in loans to hundreds of foreign-financed enterprises that face money shortages because of China's austerity program.
The austerity measures, which began a year ago, cut Government spending and credits extended to industry and canceled thousands of construction projects. 
The measures have pushed many small private and collective companies into bankruptcy and have nearly forced some larger enterprises to collapse.
Last month, the value of industrial output declined for the first time in a decade, raising fears that the economy was nearing a recession.",1,companies,HWBUSH,HW Bush (1989-1992),CATEGORY_7,"enterprises, companies, market"
Chinese Crowd Stock Sellers.txt,"ï»¿
Tens of thousands of prospective investors lined up in the southern Chinese city of Xiamen over the weekend for applications to buy stock, even though the central Government has yet to allow a stock exchange to open there.
A report today by the official China News Service said more than 10,000 people had gathered at each of three locations visited by one reporter. 
In all, 26 offices in the city were issuing applications.
Four companies -- an automobile concern, a fishery, a real estate business and a development company -- were issuing applications to buy stock.
Stock shares are popular in China because bank interest rates are low and there are few other good investment opportunities. 
The two legal exchanges, in Shanghai and Shenzhen, have been open for more than a year. 
Economists estimate that the Chinese save as much as 43 percent of their salaries. 
Official reports have estimated that as much as $183 billion is languishing in low-interest bank accounts in China.",1,companies,HWBUSH,HW Bush (1989-1992),CATEGORY_7,"enterprises, companies, market"
Chinese Stocks For Foreigners.txt,"ï»¿
The stock exchange in the southern Chinese city of Shenzhen plans to offer another $100 million in special stocks to foreigners this year, an official newspaper reported today.
That would more than double the value of shares sold so far to foreigners on the Shenzhen Exchange, one of two fledgling stock markets in China.
The market in Shenzhen, one of China's special economic zones near Hong Kong, indicated the shares for foreigners might be available for 15 to 20 companies by the end of the year. 
So far, the exchange has 13 listed companies, with five issues of special shares for foreigners.
Percy Au-young, research chief at Sun Hung Kai Securities Ltd. in Hong Kong, said the amount of additional shares could be much higher than the $100 million cited by The China Daily.
Chinese news organizations have reported that the Shenzhen government plans to issue as much as $1.5 billion of the special shares in the next 10 years.",1,companies,HWBUSH,HW Bush (1989-1992),CATEGORY_7,"enterprises, companies, market"
Chongqing Journal_China_s Dismal Truth_ 100 Million Out of Work.txt,"ï»¿
A score of grubby, lanky men marched into the cavernous and crowded Big Sheep Gully market, hauling buckets of potatoes, bricks and cloth on poles across their shoulders.
These men, who earn 64 cents a day for winding through the tangle of carts and peddlers and pungent smells, are part of the human migration of millions of Chinese peasants.
For the sake of a livelihood, they stream from their rural villages to cities far and near, like Chongqing, a sprawling metropolis on the Yangtze River in Sichuan Province.
""There's no need for me to work in the fields so much, and you can't produce money anyway, just grain,"" said a bucket carrier who must support his wife and three children.
Â 
100 Million Jobless Peasants
Throughout China's countryside, where three-fourths of the nation's population lives, there are an estimated 100 million jobless peasants, looking for odd tasks, chatting among each other, or standing around watching their crops grow.
Peasant restlessness has not led to major unrest in China in recent years, but serious underemployment in the countryside, let alone the vast numbers of those underemployed in China's state-run enterprises, poses a significant threat to social stabilityII. 
China's history is full of peasant rebellions, including the Communist revolution of 1949.
Peasants have a number of legitimate complaints, for despite the revolution's rural origins the Chinese Government discriminates in a number of ways against villagers. 
Most fundamentally, the Government pays an artificially low price to farmers for their grain, and then gives it at a subsidized price to urban workers -- who already have a substantially higher standard of living than the villagers.
Moreover, peasants generally do not receive financial support from the Government, while city dwellers are given subsidized food, health care, housing and many other benefits.
More and more peasants seem to realize that their work is helping the city slickers enjoy a comfortable life, and they resent it.
""The city folk get so many subsidies, and so do the cadres in the countryside,"" said a peasant doctor from the eastern province of Shandong. 
""But we get nothing. 
We even lose money when we grow grain.""
Costs for farming, school and medicine are rising in the countryside, and if there is a bad harvest, if the economy falters, or if the Government goes so broke that it cannot afford to pay farmers for their grain, then a huge army of peasants could descend upon the cities in demand of jobs.
Â 
Projection of 300 Million Idle
According to some accounts, by the end of this century China will have 300 million idle peasants scouring the towns and cities for work outside their farming tasks. 
Already, peasants from China's relatively poor areas who migrate in giant waves to the cities are creating numerous headaches for the authorities. 
More than three million peasants, for example, have already come from other areas to work in the Pearl River Delta in southern China, according to a Chinese press report.
""We are under a lot of pressure,"" said Xiao Yang, Communist Party Secretary of Chongqing, a city with 14.5 million people. 
Mr. Xiao said the workers put it this way: ""You give me a job. 
If you don't, how can you call yourself the people's government?""
There is virtually no labor mobility in China, and the Government restricts unplanned migration by forbidding its citizens to live in a place unless they have residence permits or official consent. 
But peasants flout the rules, and young women who want to become maids, young men seeking construction work, or people simply seeking a better life trickle out of the countryside into the cities.
Sichuan, China's largest province, with 108 million people, is particularly sensitive to unemployment problems because about a third of its rural work force -- 14 million farmers -- are idle, ""surplus"" laborers.
Â 
Unemployment Officially at 4%
China officially says its nationwide unemployment is about 4 percent, but those statistics exclude underemployment both in the cities and among the more than 800 million people in the countryside.
While jobs are tough to find, peasants say it is still worthwhile to go to the cities to look for work. 
There they join the ""floating"" population of workers without permanent residence permits.
In Bao An Village, about 60 miles north of Chongqing, Fang Qiong, 28 years old, does the family farming and child rearing on her own because her husband has gone off to the remote, northwestern province of Xinjiang to look for a job.
""About a dozen of the men went together to Xinjiang,"" Ms. Fang said as she was weeding her field. 
""He wanted to go, and I let him. 
What can I do about it?""
At a neighbor's house, four of the family's five daughters have gone to Shenzhen to work, while the parents look after their grandson.
""My daughters send money,"" said Yang Shengui, the 48-year-old mother. 
""Otherwise, we couldn't survive.""",1,companies,HWBUSH,HW Bush (1989-1992),CATEGORY_7,"enterprises, companies, market"
Companies Expect Benefits From U.S.-China Trade Pact.txt,"ï»¿
Executives of several corporations expressed guarded optimism yesterday about the potential benefits of the accord signed by China and the United States to remove a broad range of trade barriers to American goods, including computers, chemicals and cameras.
""It sounds very encouraging to us,"" Paul Allen, a spokesman for the Eastman Kodak Company, said of the agreement, which was signed Saturday.
Kodak, based in Rochester, has three offices in China, where it has sold film for both consumer and professional uses for several years. 
Mr. Allen said he did not know the specifics of China's current restrictions on film and other Kodak products. 
Even so, he said, ""it's welcome news.""
His comments were echoed by other executives, who said that even though they were not sure precisely how the trade agreement would affect their operations, the agreement signaled an opening of the Chinese market that would more than likely represent added business.
""It gives A.T.& T. the opportunity to compete in the Chinese market,"" a spokeswoman for the American Telephone & Telegraph Company said. 
A.T.& T. is likely to benefit from an agreement by China to eliminate by next March 31 all restrictions on purchases of digital switching equipment made by American telecommunications manufacturers.
Many American businesses will be examining the complex agreement this week to learn exactly how their particular industries are affected. 
Many companies will probably be formulating strategies for the Chinese market from a standing start, Ira Wolf, the assistant United States trade representative for Japan and China, said yesterday.
""The Chinese market has been so closed and opaque for so long, nobody is going to sell something tomorrow because of this,"" he said.
Â 
Trying to Curb Huge Deficit
Under the agreement, China committed itself to eliminating a vast majority of the quotas, import-licensing restrictions and secret rules it has used to impede imports.
Michael H. Moskow, the deputy United States trade representative, said at a news briefing on Saturday that the accord would mean hundreds of millions of dollars in extra United States exports in the short term and billions more within several years.",1,companies,HWBUSH,HW Bush (1989-1992),CATEGORY_7,"enterprises, companies, market"
COMPANY NEWS_7-ELEVEN CHAIN IS READY FOR A MOVE INTO CHINA.txt,"ï»¿
The first 7-Eleven convenience store is scheduled to open in China later this summer in the southern city of Shenzhen. 
News reports said yesterday that Dairy Farm International Holdings, which operates 280 7-Eleven stores in Hong Kong, had formed a joint venture with two other companies to open 15 outlets in the coming year, with the first scheduled for the summer. 
The company formed by the venture, Shenzhen Convenience Stores Ltd., will receive an initial infusion of $3.87 million from Dairy Farm, the Shenzhen Luohu Economic Development Corporation and Max Bail Investment of Hong Kong.",1,companies,HWBUSH,HW Bush (1989-1992),CATEGORY_7,"enterprises, companies, market"
COMPANY NEWS_7-ELEVEN ENTERS THE CHINESE MARKET.txt,"ï»¿
China already has McDonald's and Kentucky Fried Chicken. 
Now it is getting its first 7-Eleven stores. 
Officials said that five of the 24-hour convenience stores would open in the Shenzhen economic zone bordering Hong Kong on Oct. 
16 and there are plans to add between 10 and 15 more outlets in the city within the year.
Thomas Cheung, chief executive of Hong Kong Convenience Stores Ltd., which controls 7-Eleven operations in Hong Kong, said the Chinese venture would involve two other partners, Maxiball Investments Ltd. of Hong Kong and the Shenzhen Luohu Economic Development Corporation. 
He said the initial investment for the 15 stores would be about $3.8 million. 
Company officials said 7-Eleven might expand in China, depending on the success of the Shenzhen venture.",1,companies,HWBUSH,HW Bush (1989-1992),CATEGORY_7,"enterprises, companies, market"
COMPANY NEWS_Cell Technology In China Venture.txt,"ï»¿
Cell Technology Inc., a Boulder, Colo., biotechnology company, reached an agreement in principle to form a joint venture with the Chinese Medical Academy of Science. 
The company said it was one of the first joint ventures between the Chinese Government and the biotechnology industry.
In connection with the Chinese Cancer Institute, Cell Technology will initially begin clinical trials in China involving Imuvert, the company's prinicipal anti-cancer agent for brain cancer, which is based on biological response modifier technology. 
The company said it was also exploring possible economic collaboration that might lead to the establishment of a joint manufacturing center in China. 
Cell Technology is also contemplating the possibility of licensing several of the biological response modifier products developed by the Chinese Cancer Institute.",1,companies,HWBUSH,HW Bush (1989-1992),CATEGORY_7,"enterprises, companies, market"
COMPANY NEWS_Chinese Army In A.T.&T. Pact.txt,"ï»¿
The American Telephone and Telegraph Company is selling $5 million worth of telephone equipment to the Chinese Army, a company spokesman said. 
The contract, for digital telephone exchanges, was signed last month and is awaiting United States Government approval, an A.T.&T. spokesman, Tom Harris, said in a telephone interview from the headquarters of the A.T.&T. 
Network Systems Company in Morristown, N.J.
Mr. Harris also said A.T.&T. had been granted a license by the Chinese Government about two months ago to start a joint-venture company to manufacture telecommunications transmission equipment. 
A.T.&T. Network Systems International, based in the Netherlands, owns 50 percent of the joint venture. 
The Chinese partners are the Shanghai Optical Fiber Communications Engineering Corporation and the Shanghai Telecommunications Equipment Factory.",1,companies,HWBUSH,HW Bush (1989-1992),CATEGORY_7,"enterprises, companies, market"
COMPANY NEWS_Chrysler to Export Axles to China.txt,"ï»¿
Acustar Inc., the wholly owned auto parts subsidiary of the Chrysler Corporation, said it had agreed to export up to 80,000 axles a year to the Beijing Jeep Corporation of China. 
Acustar said in a statement that it would begin exporting the axles for rear-wheel-drive applications with a 1,000-axle shipment scheduled for March.
It said it was also developing front-drive axle assemblies for eventual use in Beijing's Cherokee models.
The contract also specifies that technology for the manufacture of axle assemblies be transferred to Beijing Jeep, a joint venture between the Chinese Government and the Chrysler Corporation, by the end of the companies' 10-year contract. 
Chrysler acquired the Jeep line of sport-utility vehicles in its purchase of the American Motors Corporation in the fall of 1987.",1,companies,HWBUSH,HW Bush (1989-1992),CATEGORY_7,"enterprises, companies, market"
COMPANY NEWS_Colgate Deal With China.txt,"ï»¿
The Colgate-Palmolive Company said yesterday that it had formed a joint venture to make and sell Colgate toothpaste in China.
The move is another step in the company's global expansion, which has brought its products to Pakistan, Saudi Arabia, the Soviet Union and Poland.
With a population of one billion, China offers ""a potentially enormous market"" for Colgate, the world's best-selling toothpaste, as well as the company's other consumer products, said Lois Juliber, president of Colgate-Far East.
Colgate-Palmolive is the majority partner in a joint venture with the Guangzhou Jie Yin Daily Use Chemicals Factory, the leading producer of toothpaste in Guangdong province in southern China. 
The Guang zhou Economic and Technical Development District Industrial Development Corporation is also a partner.
Guangzhou Jie Yin will make the toothpaste, though plans call for the eventual construction of a new manufacturing plant.
Colgate-Palmolive, with annual revenue of $5.7 billion, makes Ajax cleanser, Fab laundry soap, Irish Spring soap and Hill's pet food, among other products.",1,companies,HWBUSH,HW Bush (1989-1992),CATEGORY_7,"enterprises, companies, market"
COMPANY NEWS_G.M. and Fuji Out.txt,"ï»¿
The General Motors Corporation and Fuji Heavy Industries of Japan have decided to withdraw from a planned car-making joint venture with a Chinese company in northern China, officials at both companies said. 
Fuji said it had decided to drop the project because of a lack of components and worry about political instability. 
A G.M. spokesman, Ron Theis, said in Detroit that the deal ''did not appear to be viable.''",1,companies,HWBUSH,HW Bush (1989-1992),CATEGORY_7,"enterprises, companies, market"
COMPANY NEWS_G.M. Sets Venture in China To Assemble Pickup Trucks.txt,"ï»¿
The General Motors Overseas Corporation announced today that it had formed a $100 million joint venture with a Chinese vehicle manufacturer to assemble pickup trucks for sale in China.
The joint venture represents General Motors' effort to enter a vehicle market that is expected to be one of the fastest growing in the world. 
China's 1.1 billion people now get around mostly on bicycles, but very rapid industrial growth rates are likely to mean enormous growth in the numbers of cars, buses and trucks on the roads in the future.
Volkswagen, Peugot and Chrysler are already active in China, mostly assembling passenger cars from parts imported from abroad. 
While there are enormous problems with quality control, high tariffs make imported vehicles frequently uncompetitive in China.
""We've been trying to do business in China since 1978,"" David Bodkin, a company spokesman, said in Beijing today. 
""We finally got an agreement.""
The venture agreement, in which General Motors will take a 30 percent equity stake, will produce 600 to 1,000 trucks by the end of this year after the production line starts up sometime around June, Mr. Bodkin said. 
By 1998, the joint venture is expected to produce 50,000 trucks a year.
General Motors will provide mainly capital, while the Gold Cup Automobile Company will provide the production plant and about 5,000 workers. 
The workers, in the northeastern city of Shenyang, will assemble partial knockdown kits imported from General Motors S-class truck plants in the United States. 
These kits will be paid for in hard currency, a G.M. spokesman in Detroit said. 
Over time, the venture is expected to increase the portion of locally made parts.
There is also a provision in the agreement for G.M. to take profits out of China in a variety of ways including hard currency and currency exchanges, the spokesman said.
The agreement comes amid a recovery in China for automobile makers, including joint ventures, with the top seven or eight companies now turning profits after an austerity policy seriously hurt business in 1989 and 1990. 
Gold Cup lost the equivalent of about $11 million in 1990, according to an Associated Press report from Shenyang last year.
Â 
Company's Financial Innovations
Gold Cup, which in Chinese is known as Jinbei, attracted national renown a few years ago for its effort to become the first company in China to issue Western-style shares to domestic and foreign investors. 
Its shares were even peddled in a central Government compound, provoking sharp criticism from hard-liners that this practice was unbecoming in a Communist country.
Still, Gold Cup was better known for its financial innovations than for the quality of its trucks and mini-vans. 
Like most Chinese manufacturers, it is far behind Western standards.
Gold Cup recently spent $35 million to purchase a production line from the Toyota Motor Corporation to assemble 15-seat vans, and the two companies had considered further cooperation, according to a recent report in the official China Daily. 
It is not clear whether this cooperation will deepen, as had been intended, now that Gold Cup has formed the venture with G.M.
Â 
No Passenger Cars
Mr. Bodkin said there were no immediate plans to produce passenger cars, which several other foreign-financed operations, including Chrysler's well-known Beijing Jeep joint venture, have focused on. 
He added that the proposal to produce pickup trucks had come mainly from Gold Cup, which currently specializes in minivans and trucks and produced 20,000 light trucks in 1990. 
The two companies began discussions in 1988.
General Motors will have ""operating and management responsibility,"" Mr. Bodkin said, and the president of the new company will be a General Motors representative. 
The joint venture will not have full autonomy in setting the prices of its cars, but it will make price proposals for approval by the Chinese Government.
General Motors currently is also installing an engine-manufacturing line that it has sold to the Beijing Engine Factory. 
These engines will be used in the pickup trucks.",1,companies,HWBUSH,HW Bush (1989-1992),CATEGORY_7,"enterprises, companies, market"
COMPANY NEWS_Hewlett-Packard In China Venture.txt,"ï»¿
The Hewlett-Packard Company entered a joint development agreement to build computer work stations in China.
The joint venture will assemble and market Hewlett-Packard's newest line of work stations, the HP Apollo 9000 Series 400, for the Chinese domestic market.
Hewlett-Packard said it would jointly create and invest in the Huapu Information Technology Company Ltd., which will manufacture the work stations and develop software. 
Financial terms of the agreement were not disclosed. 
The joint venture will employ 70 people, of whom about 40 will work in software development.",1,companies,HWBUSH,HW Bush (1989-1992),CATEGORY_7,"enterprises, companies, market"
COMPANY NEWS_McDonald_s Has First China Outlet.txt,"ï»¿
The McDonald's Corporation, the American fast-food chain, opened its first restaurant in China.
China is the 53d country in which McDonald's has opened an outlet.
Unlike Kentucky Fried Chicken and Pizza Hut, which opened their first Chinese restaurants in Beijing, the capital, McDonald's advanced from the south, opening in Shenzhen, just across the border from Hong Kong. 
At 8.90 Hong Kong dollars (about $1.14), a Big Mac costs about four times more than an ordinary Chinese-made hamburger. 
A Shenzhen factory worker takes home the equivalent of about 500 to 800 Hong Kong dollars ($65 to $100) a month.",1,companies,HWBUSH,HW Bush (1989-1992),CATEGORY_7,"enterprises, companies, market"
COMPANY NEWS_Mobile Phone System for Beijing.txt,"ï»¿
L. M. Ericsson, the Swedish telecommunications company, and Pacific Link Communication Ltd., a Hong Kong-based company in which Millicom International Inc. has a 28 percent stake, are giving a mobile phone network to the city of Beijing.
The donation is intended to open the door to orders for networks in other Chinese cities and for extension of the Beijing network, which will be able to serve 2,000 subscribers in the center of the Chinese capital and portions of its suburbs.
Pacific Link also expects the gift to help it compete for customers for its new Hong Kong $25 million network by making it possible for them to use their phones in Beijing and, eventually, throughout China. 
The donated system is worth roughly $2.5 million, a Millicom executive said.",1,companies,HWBUSH,HW Bush (1989-1992),CATEGORY_7,"enterprises, companies, market"
COMPANY NEWS_Philips Reports Chinese Venture.txt,"ï»¿
Philips Electronics N.V. announced the opening of a new plant in China and the acquisition of a 51 percent stake in a state-owned television factory there. 
Philips, Europe's largest consumer electronics company, said in a statement that it wanted to ""encourage the development of high-tech products in China"" through the transfer of Western expertise and technology.
The factory at Suzhou, west of Shanghai, will produce 14- , 21- and 25-inch TV sets under the name the Philips Consumer Electronics and Manufacturing Company, the statement said.
The plant, in which Philips owns a 51 percent stake, is a joint venture with the Shanghai Number 7 Radio Factory. 
It will employ 500 people.",1,companies,HWBUSH,HW Bush (1989-1992),CATEGORY_7,"enterprises, companies, market"
COMPANY NEWS_PPG-China Talks.txt,"ï»¿
PPG Industries has made progress in negotiations for a joint venture with a Chinese company and a Government agency, an executive of the Pittsburgh glass company said.
But the executive added that a recent Japanese news report that PPG had reached an agreement to start the joint venture was ''extremely premature.''
A United States Embassy official in Beijing said PPG had been selected over two other foreign companies in late April to become the sole candidate for a venture to make glass sheets. 
The official said he believed that the venture would be capitalized at more than $30 million.",1,companies,HWBUSH,HW Bush (1989-1992),CATEGORY_7,"enterprises, companies, market"
COMPANY NEWS_Sara Lee Pursuing Venture in China.txt,"ï»¿
The Sara Lee Corporation said it was negotiating its first joint venture in China, a majority interest in a Chinese manufacturer of shampoo and other bath products. 
The deal was mentioned briefly during the company's annual meeting, and little additional information was provided.
John H. Bryan, Sara Lee's chairman and chief executive, said at a news conference after the meeting that since the venture was still being negotiated, he did not want to reveal the name of the Chinese company or the amount of money involved. 
A Sara Lee spokesman, E. Ronald Culp, said the Chinese company had its manufacturing facilities in the Fujian region but he declined to supply other information. 
A move into China would be in keeping with Sara Lee's recent history of expanding internationally in nonfood areas.",1,companies,HWBUSH,HW Bush (1989-1992),CATEGORY_7,"enterprises, companies, market"
COMPANY NEWS_U.S. COMPANY TO INSTALL JAPAN-CHINA CABLE.txt,"ï»¿
The American Telephone and Telegraph Company said yesterday that it had won a $70.3 million contract to design and install a huge undersea communications cable linking Japan and China. 
The project is scheduled for completion by December 1993. 
The 800-mile fiber-optic cable, which will carry information as pulses of light, will run from Miyazaki, Japan, to Shanghai. 
It will consist of one active and one backup pair of fiber-optic lines operating at 560 million bits of information a second -- the equivalent of about 40,000 simultaneous phone conversations. 
Last December, A.T.& T. signed related contracts for the system with the Directorate General Telecommunications of China and the Kokusai Denshin Denwa Company of Japan.",1,companies,HWBUSH,HW Bush (1989-1992),CATEGORY_7,"enterprises, companies, market"
COMPANY NEWS_W.R. GRACE WILL LOOK TO CHINA FOR SALES GROWTH.txt,"ï»¿
W. R. Grace & Company, the chemical conglomerate, said it planned to step up the sale in China of its cement additives, food packaging and health-care products. 
""We're especially focusing on the Far East and China for future growth,"" Grace's president, J. P. Bolduc, said after the company's annual stockholders meeting. 
""A market of 1.1 billion Chinese consumers represents considerable opportunities.""
Mr. Bolduc said Grace was already selling chemical catalysts to seven Chinese oil refineries and hoped to expand sales to 34 others in the near future. 
A growth market for Grace's health-care products is in the treatment of Chinese people afflicted with kidney disease. 
Grace's chairman, J. Peter Grace, also hinted that the company would soon announce a deal involving its cocoa business. 
""We're working on something with cocoa that would bring a lot of money into company coffers,"" he said, declining to elaborate.",1,companies,HWBUSH,HW Bush (1989-1992),CATEGORY_7,"enterprises, companies, market"
Daqiuzhuang Journal_A Chinese Village Discovers the Road to Riches.txt,"ï»¿
Yang Yanru, a middle-aged woman who keeps her 11-room house spotless, could have been standing on a typical street in an affluent American suburb, bidding her guests goodbye after a luncheon.
Except for her crooked teeth, and a collar that suggested her man-tailored shirt was made in the 1960's, there was little to suggest that Ms. Yang was once a peasant who got her eggs from the chicken coop in the backyard. 
Now she is one of China's new rich, a woman who says she doesn't have to hold down a job because her husband makes so much money. 
She can spend her afternoons entertaining visitors, she said, or playing mah-jongg with friends.
About 45 miles down a narrow, bumpy road from the heart of Tianjin city, Daqiuzhuang has earned a reputation as a village that got rich through a strange blend of Communism and capitalism.
Factories here operate 24 hours a day, seven days a week, paying salaries of $800 to $900 a year to most village residents. 
Most of the rest of the money is plowed back into businesses or is spent on communal projects or perks for bosses and model workers.
""Even in my dreams, I never thought life could be so good,"" said Ms. Yang, who knits when she is not watching one of her three color televisions or talking on one of her two telephones.
Â 
Scores 0f Luxury Cars
This village of 4,400 people has 13 Mercedes Benzes and nearly 140 other imported luxury cars. 
In 1990, Daqiuzhuang's per capita income was $3,400, 10 times China's national average; last year, officials say, it soared even higher, to an estimated $8,400.
The village runs the factories that make the money -- 226 enterprises in all. 
Factory managers receive a share of profits in addition to their salaries, and their incomes can be enormous. 
In 1990, the last year for which figures are fully calculated, Ms. Yang's husband, who manages a construction business, was entitled to $9,300, though she said he took only a part of that and returned the rest to the enterprise.
No Daqiuzhuang citizen pays a cent for housing, electricity, hot water, gas, medical care or the 11 years of education to which every child is entitled. 
The village also invests about $3.7 million a year in building houses and apartment buildings for its 1,300 families. 
If an employee is rewarded as a model worker, as Ms. Yang's husband was, he receives one of 300 furnished, nicely painted two-story brick houses.
""Here we have reached the perfect form of socialism: Communism,"" said Sun Guiqiu, a senior official in the village.
But capitalism seems to be the major factor in the village's business success. 
Factories keep careful track of costs, pay their employees by the piece rate and use complex systems of incentives to increase production.
Despite detailed questioning, officials never made clear just how their village had managed do so much better than others. 
Perhaps there are further secrets here, or special benefits conferred by higher authorities.
One factor that surely helped is that Daqiuzhuang started earlier than most. 
More than a dozen years ago, the village established its first enterprise, a mill that processed rolled steel, and began selling the steel across the country.
Unlike most villages, which have a Communist Party Secretary as well as a village leader, Daqiuzhuang combined the two positions into one. 
That official is also chief executive of the holding company owning all village enterprises, suggesting that the village is actually one giant company.
Â 
$5.5 Million in Savings
The chief of Daqiuzhuang, Yu Zuomin, a 62-year-old native of the village, lives more like a tycoon than a Communist official. 
When his son married recently, the wedding and gifts, which included a beautiful new house, reportedly cost about $275,000.
After visiting the United States last year, Mr. Yu remarked that Daqiuzhuang residents were ""much better off than the middle-class"" of America, Mr. Sun said.
The village bank holds about $5.5 million in savings, the official said. 
As economic expansion has created work beyond what Daqiuzhuang's residents can manage themselves, the village has by official count added at least 7,000 laborers from across the nation; there may be many more.
These laborers are paid by the piece for their work. 
While they are also given housing, they have fewer opportunities for advancement than local people.
At Wanquan Industrial Company, a steel processing enterprise that reported earnings of nearly $5.5 million last year, 10 percent of the 2,100 employees are from Daqiuzhuang, and most of them hold positions in senior management. 
Liu Yunzhang, a villager who studied mathematics at Tianjin University and returned to become a senior personnel officer, is only 27 years old.
Mr. Sun is only 22 years old. 
While his annual salary is only $890, he negotiates high-powered business deals over elaborate lunches and lives in a spacious four-bedroom apartment.
Salaries are perhaps kept low to avoid taxes. 
Last year, the village's profits from its enterprises came to nearly $15 million, with one-fourth of that amount going to the Government in business taxes. 
Yet only a small handful of the 4,400 villagers paid any personal income tax, for a total of about $55,500. 
Income is sometimes distributed in the form of special perks like free cars for executives.
Perhaps because ""guanxi,"" or business connections and relationships with powerful officials, are so important in China, the village also made big donations to flood-stricken areas last year. 
Such contributions may also be intended to ease criticism that Daqiuzhuang is too capitalist or too rich.",1,companies,HWBUSH,HW Bush (1989-1992),CATEGORY_7,"enterprises, companies, market"
Economic Penalties Are Placed on China By Italy and Belgium.txt,"ï»¿
Italy and Belgium announced economic penalties against China on Friday, suggesting that sentiment exists in the European Community for broader, concerted action when the organization's 12 members meet next week in Madrid.
Italy, which does not often take the West European lead in such matters, announced that it had suspended grants and loans to China to protest the Beijing Government's ''unacceptable repression'' of its citizens.
It was not clear how much money was involved, but the amount probably was not large. 
The Italians had approved a $260 million program in grants and credits for the three years from 1987 to 1989, and presumably most of that has already been passed along.
Foreign Minister Giulio Andreotti noted in a statement that the European Community was about to examine its policies toward China, but said Italy on its own felt it had ''no choice'' but to suspend consideration of future aid ''as a sign of our grave dissent from current executions and unacceptable repression.''
Â 
Belgium Freezes Loans
Belgium said it had frozen Government loans to China and halted financing for new development projects. 
The action affected a $7.5 million loan that had already been agreed to, as well as any new loans under consideration.
In Brussels, Reuters quoted a Foreign Ministry spokesman as saying the Chinese Ambassador had been summoned to the ministry on Thursday and told that ''the armed suppression of the legitimate aspirations of the Chinese people was a flagrant violation of human rights.''
It remained unclear, however, how much of an appetite the entire European Community has for unified action against China. 
On Thursday, Prime Minister Margaret Thatcher of Britain said she opposed sanctions as being ''too precipitate,'' creating the risk of ''a situation which could cause great panic in Hong Kong.''",1,companies,HWBUSH,HW Bush (1989-1992),CATEGORY_7,"enterprises, companies, market"
Economic Progress in China Has a Seedy Side.txt,"ï»¿
A petite Chinese woman, with a skimpy skirt and a blouse revealing more than it covered, walked daintily across the lobby of the best hotel in this city. 
A few yards away, several smartly clad women sipping tea in the coffee shop smiled alluringly at the male guests.
It is an open secret that here in Shenzhen, a special economic zone just across the border from Hong Kong, economic progress has brought with it the seedy side of the free market: prostitution, corruption, smuggling and even drug trafficking.
Shenzhen is China's best-known boomtown, and it is renowned throughout the country for its economic growth, high salaries, modern fashions and adherence to ""bourgeois"" morals, if any. 
To many people in the rest of China, Shenzhen is a lawless place.
The Government is reluctant to disclose information on activities that are not supposed to occur in a Communist country, and police officials declined to be interviewed. 
Still, the underside of Shenzhen has become an explosive factor in the debate over how fast China should develop and how much capitalism should be brought in.
The Government's hard-liners argue that the capitalist influence is responsible for the decline in morality and the growth in pornography, bribery and drug smuggling. 
Some elderly conservatives would prefer to see Shenzhen's development proceed with more careful monitoring. 
In Shenzhen, some disagree.
""Prostitution, drugs and smuggling, yes, all these have appeared here,"" said Zhong Yaohua, an official in the Shenzhen Economic Development Bureau. 
""But slowing down economic development won't solve these problems.""
Other defenders of Shenzhen admit that the bribes may be higher than in the rest of China and there may be a buoyant black-market economy, but they say the city is not entirely lawless. 
One law prevails even here, they say: the law of the market.
Shenzhen, designated a special economic zone more than a decade ago, has only in the last few years matured into a vibrant business center. 
But as trade links expand between Hong Kong and China's southern coastal areas, the entry points become more difficult to patrol and many goods slip out of the reach of border guards.
Last year, Chinese customs authorities confiscated $125 million worth of goods in 11,600 incidents of smuggling, a significant rise over the previous year, China's official press reported.
Shenzhen officials insist that only a small portion of smuggling occurs across its closely monitored borders. 
Still, more than $19.8 million worth of goods were seized by Shenzhen's police in 1990, and in the first quarter of this year, more than $5.2 million in merchandise was confiscated.
All sorts of items -- from antiques to cigarettes to guns to computer parts -- are smuggled into China. 
More than 90 percent of an estimated 10 million videocassette recorders sold in China are brought in illegally, and about 40,000 boxes of cigarettes, worth $14.6 million, were seized by police in 1990, official Chinese press reports said. 
The aim is to evade high import duties.
Greater contact with Hong Kong and Taiwan businessmen has cultivated a booming prostitution industry. 
A prostitute can make anywhere from $25 to $250 a customer, amounting to several times more than the average worker makes in a month.
Of course, most Chinese women would be scandalized at the thought of selling their bodies. 
But many apparently are not, for there are about 20,000 prostitutes in this city of nearly 1.9 million, according to one police estimate.
Drugs are also sold here, although much more secretly than other smuggled goods. 
While these social ills virtually disappeared for the first few decades of Communist rule, they are hardly new to China. 
Prostitution and drug trafficking, in particular, were rampant before the 1949 revolution.
""The Communist Party got rid of these seedy professions, but the sickness was still there,"" said Wang Xinkuo, a senior manager at Catic Shenzhen Enterprise Group. 
""Some of the black-market practices came in with the open-door policy, but some are simply the vestiges of the old society.""",1,companies,HWBUSH,HW Bush (1989-1992),CATEGORY_7,"enterprises, companies, market"
Ex-Im Bank Resumes Aid to China.txt,"ï»¿
The Export-Import Bank, an agency of the Federal Government that provides credit to the customers of American exporters, has made its first loan to China since the military crackdown against pro-democracy demonstrators in June, bank officials said today.
The loan is believed to be the first to China by any Western lending agency since June.
The $9.75 million loan to the China National Offshore Oil Corporation was signed in Washington on Friday. 
Wary of criticism by those who believe its China policies have been too lenient, the Administration did not announce the action.
Last month, Beijing lifted martial law, and the Bush Administration responded by easing some sanctions against China, including ending its blanket opposition to World Bank loans to China.
Bank officials said the loan, which is for 10 years at an annual interest rate of 8.3 percent, had been approved after a determination by the bank's board that the American company would lose the contract without the Government financing. 
Administration proposals to reduce the operations of the bank have drawn criticism from business leaders who are concerned about the loss of such export sales. 
[Page D8.] The new loan will enable the Chinese oil company to finance engineering services for a gas processing plant that the Chinese state enterprise is buying from McDermott International Inc. 
The plant is near the Bohai Gulf.
McDermott, based in New Orleans, has annual revenues of $2.4 billion and employs 2,800 workers, selling, among other things, oil and gas equipment and services. 
Much of its business is overseas.
World Bank officials said their board will take up two China loans on Thursday, one for $60 million for agricultural projects in Jiangxi province in eastern China, and one for $30 million for earthquake reconstruction in Shanxi and Hubei provinces in north China.
The actions of both the Export-Import Bank and the World Bank come against a backdrop of sharp Congressional criticism of the Administration's policies on China. 
Congressional critics argue that the Administration has been too willing to ease sanctions in the absence of significant improvement of human rights policies by Beijing.
Some officials said today that the United States might approve only the earthquake reconstruction loan because this would have the least political repercussions.
The Export-Import Bank makes loans at subsidized interest rates to foreign customers of American companies. 
It also guarantees export loans that commercial banks may make. 
For most of its loans, the bank looks for a guarantor, in case the money is not repaid. 
The guarantor usually is the national bank of the country receiving the goods.
In this case, the guarantor is Mitsui & Company, a giant Japanese trading concern that has close commercial relations with the Chinese oil enterprise and with McDermott.
Bank officials said a guarantee by a commercial enterprise in a third country was unusual but not unprecedented. 
''Mitsui offered the guarantee, and it certainly has the money,'' one bank official said.",1,companies,HWBUSH,HW Bush (1989-1992),CATEGORY_7,"enterprises, companies, market"
FINANCE_NEW ISSUES_Unrest Blocks China Offer Of Fixed-Rate Debt in Japan.txt,"ï»¿
The political turmoil in China has blocked a 15 billion yen, or about $100 million, fixed-rate bond issue, which was to have been offered on June 30 in Tokyo, an official of the lead underwriter, the Daiwa Securities Company, said today.
The Guangdong International Trust and Investment Corporation, among 10 Chinese financial institutions allowed to borrow on overseas markets, had completed the terms of its 10-year fixed-rate issue before the shootings last week in Tiananmen Square in Beijing.
''Under current market conditions, it's difficult to issue,'' the official, who asked not to be identified, said.
Last week, Japan's credit rating agencies said they might change the ratings of bonds issued by Chinese entities because of worries concerning debt payments prompted by the unrest in China.
''The postponement has nothing to do with the credit checks on Chinese entities being carried out by Japanese rating agenies,'' the Daiwa official said.
Guangdong International Trust's bonds have been rated with a high investment grade and have been among the most actively traded Chinese securities.
Ye Qinglin, the general manager of the company's international finance division, said the postponement was mainly because of documentation problems. 
''I'm not sure it is related to China's political condition,'' he said. 
''I've not yet received any formal explanation from Japan.''
The Daiwa official said he was unsure when the bonds would be issued. 
''Everything is ready,'' he said. 
''We have to just wait and see and find a window at the right moment.''",1,companies,HWBUSH,HW Bush (1989-1992),CATEGORY_7,"enterprises, companies, market"
FINANCE_NEW ISSUE_Chinese Seeking to Avoid Reduction of Debt Rating.txt,"ï»¿
Chinese state bankers said today that there was no reason for China's international credit rating to be diminished and expressed confidence over the country's ability to repay its mounting debts. 
According to the latest official figures, China's debts totaled $40 billion at the end of 1988.
Representatives from Moody's Investors Service left China over the weekend after meeting Chinese officials to discuss the country's credit risk after the military crackdown in June. 
A lower rating would make it more expensive for China to raise money in the world market.
A Bank of China official was quoted as saying that ''it was not correct to give China a lower rating'' and that ''it was wrong to apply Western formulas to China and consider political factors more than economic ones when assessing credit risk.''
The Ministry of Finance reacted angrily in July 1988 when Moody's awarded an A-3 debt rating to a bond issue of 300 million marks that China had sold in Frankfurt in November 1987.
So far one Japanese rating agency has lowered its China rating, while the World Bank has suspended new loans and many commercial banks have avoided extending new credit, at least temporarily.",1,companies,HWBUSH,HW Bush (1989-1992),CATEGORY_7,"enterprises, companies, market"
Free-Market _Dragon_ Gains In the Fight for China_s Soul.txt,"ï»¿
In the struggle for China's soul, the hard-line leadership in Beijing seems to be losing ground to this southern Chinese region of fish farms, toy factories and private bars whose knack for free-market Communism has made it one of the fastest growing economies in the world.
Guangdong Province is China's greatest success story, and already it is becoming an international manufacturing center that in some ways recalls the early years of the ""four dragons"": Hong Kong, Singapore, South Korea and Taiwan. 
While Guangdong used to be politically suspect within China for its laissez-faire ways, Deng Xiaoping and other Chinese leaders have recently praised it as a national model and called upon the province to become Asia's fifth ""dragon.""
Â 
The Bribes Help
That suggests that Guangdong has defeated Beijing, at least for now, in the competition to chart China's future. 
This could have enormous repercussions, for Guangdong represents a fundamentally different vision of China than Beijing.
""You can get anything done here,"" said an entrepreneur who found that bribes of $2,000 helped win commercial licenses and official support for his thriving business here in Guangzhou, also called Canton, the provincial capital. 
The businessman works 16-hour days, rakes in the cash, and has even bought a forged American passport for $20,000. 
He wants a foreign passport for ease of travel and for protection in case Chinese policy changes, but for now he prefers to remain in Guangzhou.
""There's more money to be made here,"" he said.
Guangdong (pronounced gwahng doong) is a symbol of aggressive restructuring, a place where people go to Paula Abdul concerts instead of Marxist study sessions, where entrepreneurs outnumber ideologues, where more people are rich than red. 
It is China's economic frontier, a magnet that draws the ambitious and restless from all over the country, and it is becoming a more important force than Beijing in shaping the values, fashions, economic understanding and social problems of the entire country.
Â 
The Underside of Success
A 25-year-old woman described her elation when she came down to Guangdong from Beijing in January and found a job as a secretary for a factory manager. 
Her salary was $190 a month, five times her previous wage.
But there were two problems. 
She was regularly exhausted by the long hours and heavy workload. 
And her boss made advances toward her and arranged for her to live in a room that was near to his and that had just a curtain for a door.
""So I quit,"" the woman said. 
""I got my old job back, and my parents ordered me never to leave Beijing again. 
But the pay and the opportunities were better in the south. 
Much better!
So I'm going to take the job as secretary again. 
I'll find a way of dealing with the boss. 
And if worse comes to worst. 
. . .""
Her voice trailed off and she shrugged.
Such social problems as sexual harassment, drug addiction and prostitution are more common in Guangdong than in most of the rest of China. 
But most people now accept that they are the inevitable underside of the economic integration of the province with Hong Kong and its rise as one of the world's major manufacturing bases for products like Mickey Mouse toys, Wendy Walker dolls, Adidas sweat pants, Yashica cameras, Accord watches and a cornucopia of sweaters, brassieres, purses and shoes.
The economic boom in Guangdong and Hong Kong may be one of the most important transformations under way in Asia. 
The boom, which is focused on the Pearl River delta towns nearest to Hong Kong, has lasted more than a dozen years and in many ways parallels the rise of the four dragons -- except that Guangdong's population of 68 million is about equal to that of all four dragons combined.
The Tiananmen crackdown and nationwide economic slowdown in 1989 caused a pause in the typical double-digit growth rates, but by last year Guangdong had rebounded: in 1991, the equivalent of gross national product jumped 13.5 percent, and industrial output soared 27.2 percent.
For someone arriving from northern China, the towns around here feel like the free world. 
Guangdong still has political prisoners -- including Wang Xizhe, a thoughtful democrat and essayist who is serving a 14-year sentence in solitary confinement -- but many fewer than Beijing. 
There is also less surveillance here, less intimidation, less political indoctrination, and less of a state sector.
In Guangdong Province, 38 percent of industrial production comes from private or foreign-financed businesses, while only about 35 percent is manufactured by the state sector. 
The remainder is produced by collective enterprises, which are often owned by the local townships.
Even the state-owned companies, because they must operate in a market environment, are far more competitive than state-run companies elsewhere in China. 
Bei Zhaohan, the chairman of the Baiyunshan Group Corporation, a state-owned conglomerate based in Guangzhou, seems not so different from Western business tycoons.
Â 
The Lure of Property
""We want to get into property development,"" said Mr. Bei, a dynamic 52-year-old man with a well-tailored suit and boardroom manners, ""because I see that the richest people everywhere -- in the U.S., in Japan, in Hong Kong -- are all property magnates.""
Guangdong's township enterprises are even more freewheeling, and many do without any Communist Party secretary. 
One prosperous township brimming with such companies is Houjie, a frenetic community about half-way between Guangzhou and Hong Kong.
Houjie has an official population of 75,000, mostly peasants who used to wade through the surrounding rice paddies, but it also is a temporary home to more than 80,000 migrant laborers who work on assembly lines in the township's 900 factories.
""There was nothing to do at home,"" Yan Jimei, a 20-year-old woman with long, neatly combed hair, said of her village in nearby Guangxi Province. 
""So I came here to look for a job. 
Life's much better here.""
In a slightly squalid dormitory room in which 12 young women bunk together, 16-year-old Wang Zhiyin recalled that a year ago she was living quietly in the Sichuan Province countryside. 
Then several women returned to her village from their jobs in Guangdong and told of the wages they were making. 
A few days later, Miss Wang accompanied them back to Houjie and found an assembly line job making pink stuffed turtles for $50 a month.
American labor organizations have charged that Guangdong factories are inhuman sweatshops that frequently employ children. 
While some teen-agers do work in the factories, most are in their late teens and their dormitory living conditions are often better than those they left behind in their villages.
Wages are low by American standards, but extravagant by Chinese terms: $50 to $60 a month, more than some university professors earn. 
Almost all of the workers are women, who are regarded by factory managers as more responsible and adroit with their hands then men, and they typically work six days a week for up to about 10 hours a day. 
The women say this is far preferable to sloshing around the rice paddies.
The Communist Party Secretary in Houjie, a short, exuberant man named Fang Shuhui, is enormously proud of the town's progress and points out the sights -- the gleaming new movie theater, the mansionlike public toilet -- as he cruises around Houjie in the back seat of his chauffeur-driven gray Mercedes Benz 300 SEL. 
The car is nicer than those assigned to Cabinet ministers in Beijing, and Mr. Fang also has a cellular telephone, a beeper and other paraphernalia of a tycoon.
Communist Party bosses like Mr. Fang have nurtured a quasi-market economy, with 85 percent to 90 percent of prices in Guangdong determined by supply and demand, but the province is still a planned economy in one very useful way: the Government has devoted enormous resources to building bridges, roads, electricity plants and the like. 
The result is that some analysts believe that growth in Guangdong may be more sustainable than in places like Bangkok, where the economic boom of recent years has strained the infrastructure and led to constant traffic jams.
Â 
The News From Hong Kong
The opening up of Guangdong has created some risks for the local Communist leaders, however. 
News from Hong Kong, where newspapers and television report constantly and unflatteringly about the Chinese leadership, filters across the border more and more easily.
In the city of Dongguan, the local government even operates a cable television service for $7 a year, offering Hong Kong channels.
A major lesson of the south -- and one that Deng Xiaoping appears to have drawn, encouraging him to make Guangdong a national model -- is that the strategy of the moderates in Guangzhou appears to have been far more successful than that of the hard-liners in the north. 
The Communist Party seems much more likely to be toppled in Beijing than in Guangdong, and it was striking that during the Tiananmen democracy movement in 1989 the protests were far milder in southern cities than in the north.
As in Singapore and Taiwan, the ruling party here in southern China has won a measure of popular support simply by raising living standards.
""Folks complain here, too, but the volume is much lower than in Beijing,"" said a woman who abandoned a promising career in one of the most prestigious ministries in the central Government to come to Guangzhou to do business.
The willingness of such intellectuals to come to Guangdong to work, joining the uneducated peasants who hold assembly line jobs, reflects the rising status of Guangdong around the country. 
Increasingly, it is seen as China's economic frontier.
""There are more opportunities here,"" said Zhang Yanan, a 31-year-old university graduate from the central Chinese city of Wuhan who has just found work in a township. 
""Maybe there's not so much culture, but there's more money -- and with money, you can do a lot of things.""",1,companies,HWBUSH,HW Bush (1989-1992),CATEGORY_7,"enterprises, companies, market"
FUTURES_OPTIONS_Cotton Prices Soar on Cut In Estimate of Chinese Crop.txt,"ï»¿
Cotton futures prices surged yesterday on New York's Cotton Exchange after the United States agricultural attache in Beijing lowered his estimate of the size of China's cotton crop.
On other markets, energy futures were mixed, grains were lower and soybeans were higher.
The attache, in a report written last Thursday and released yesterday, put China's 1992-93 cotton output at 4.33 million metric tons, or 19.9 million 480-pound bales, down from an earlier forecast of 5.50 million metric tons, or 25.3 million bales. 
The attache attributed the decline to a boll weevil infestation and damage caused by drought.
Cotton for delivery in December settled 2 cents higher at 54.93 cents a pound.
Â 
Doubts on Accuracy
Some analysts doubted the accuracy of the attache's report. 
Ernest Simon of Prudential Securities Inc., for example, said that while there was little doubt that the size of the Chinese cotton crop would decline this season, the 21.3 percent drop estimated by the attache was exaggerated.
Energy futures were mixed on the New York Mercantile Exchange after a day of roller-coaster movement before the release of weekly oil inventory figures.
Data from the American Petroleum Institute were expected to show a rise in stocks of crude oil and distillates -- heating oil and diesel fuel -- and a drop in gasoline stocks for the week that ended last Friday.
December light sweet crude was 7 cents lower at $20.70 a barrel; December heating oil was 0.66 cent lower at 59.43 cents a gallon; December unleaded gasoline was 0.11 cent higher at 57.96 cents a gallon, and December natural gas was 2 cents higher at $2.441 for 1,000 cubic feet.
Grain futures were lower and soybeans higher on the Chicago Board of Trade. 
Wheat futures were pulled lower by profit taking and the rejection by the Agriculture Department of a bid by Russia for 500,000 metric tons of United States subsidized wheat.
The announcement before the start of trading of the Agriculture Department's acceptance of China's bid for 1.5 million metric tons of subsidized wheat had no effect on the market because it was factored into prices on Monday, traders said.",1,companies,HWBUSH,HW Bush (1989-1992),CATEGORY_7,"enterprises, companies, market"
FUTURES_OPTIONS_Cotton Surges on Reports Of Export Curb by Pakistan.txt,"ï»¿
Cotton futures prices surged yesterday at the New York Cotton Exchange, bolstered by reports that Pakistan was halting all new export sales and by rumors of purchases by China.
The news from Pakistan, a leading cotton producer and exporter after China, the United States, Soviet Union and India, was the major factor in the cotton pit, said Ed Whitten, an analyst with the Balfour Maclaine Corporation in New York.
''Pakistan has issued an edict to not allow any more exports,'' he said, adding that rumors of Chinese purchases of American cotton also supported prices.
Cotton prices settled 0.67 cent to 1.60 cents higher, with the contract for delivery in March at 59.19 cents a pound.
At the Chicago Board of Trade, grain and soybean futures prices dipped, but analysts said supportive fundamentals helped temper losses.
Slightly more farmers sold corn and soybeans over the weekend and helped put pressure on prices, said Victor Lespinasse, a trader for Dean Witter Reynolds Inc. in Chicago.
The buying was further discouraged by the notion that a selloff was due after the markets' strong gains last week, he added.
In the wheat pit, the traders sold yesterday after a sale of export wheat to China that was rumored Friday failed to materialize.
But anticipation that a deal with China may still be near, and expectations that the Soviet Union may make a bid on corn, helped stem the decline in those pits, Mr. Lespinasse said.
On the Commodity Exchange in New York, credit tightening by the Federal Reserve Board late last week, indicative of its ''commitment to an anti-inflationary stance,'' continued to put pressure on gold and silver prices, said George Anagnos, an analyst with Thomson McKinnon Securities Inc. in New York.
Gold prices settled $2.80 to $3 lower, with the contract for delivery in March at $387.30 an ounce; silver prices were 4.7 cents to 8 cents lower, with March at $5.85 an ounce.
In Chicago at the Mercantile Exchange, cattle prices dipped, hog prices were mostly lower and pork belly futures were mostly higher in lackluster trading.
Pork belly prices remained firm despite the Agriculture Department's monthly cold storage report, which was released after trading closed on Friday, indicating that frozen pork belly supplies were slightly greater than had been expected.
Anticipation of the report touched off a selloff on Friday, which in turn encouraged short-covering yesterday, the analysts said.",1,companies,HWBUSH,HW Bush (1989-1992),CATEGORY_7,"enterprises, companies, market"
Heirs to Mao See Markets Trickle Down.txt,"ï»¿
The dusty main street of this rural Chinese community is a flourishing free market, with peasants and townspeople jostling each other to sell everything from shoulder pads to pictures of Hong Kong actresses.
Now, in a tribute to the maneuverings of the leadership in Beijing, 600 miles north, local Communist Party officials are planning to put up a red banner over the street along the lines of ""Struggle for a socialist market economy!""
More to the point, they are also planning to establish several more free markets and to devote more attention to the needs of local businesses.
A five-day journey through Anhui province, a relatively poor region of rice paddies and mud-walled villages in east-central China, suggests that even remote places like this one are digesting the call of the recent 14th Communist Party Congress for an economic revolution along market lines.
Â 
Getting the Message
Few rural party workers know much about the leaders in Beijing who were promoted or demoted, nor do they care much about the party's contortions that enable it to borrow from capitalism to advance Communism. 
But in rural areas, the congress's outcome is being read as a green light to push ahead with economic changes and not to worry about ideology.
""Our big impression of the party congress was that the leaders said that the reform policy won't change for 100 years,"" said Hong Congmin, the Deputy Mayor here in Sanhe, a township with a population of 20,000. 
""That lets us all breathe more easily. 
We can pay more attention to running businesses.""
Dai Zhaoyin, the 45-year-old Mayor, looked a bit puzzled when he was asked if Sanhe was bothered by ""leftists"" -- the code word for hard-liners, against whom the country is now supposed to be on guard.
""Well, I'm not sure they're leftists,"" he said doubtingly, as if speaking of some rare species of wildlife. 
""But there used to be some old comrades who weren't so flexible in their thinking. 
Now things will go a bit more smoothly with them.""
In many ways, townships like Sanhe have long been far ahead of the leadership in Beijing. 
Nobody knows quite what the party means when it calls for a socialist market economy, but it probably is something like Sanhe: a bustling free market, a sharply rising living standard, income distribution that by Chinese standards is egalitarian, a docile population and a Communist Party organization that is unquestionably in charge.
Indeed, in many ways China has been led in the last dozen years not so much by the old men in Beijing who appear to call the shots as by towns like Sanhe that speckle the countryside. 
It was the peasants in most places who took the initiative in breaking up the communes, and it was they and the townspeople who started building the quasi-market economies that the party congress finally got around to endorsing a couple of weeks ago.
Â 
And What After Deng?
Still, even after 14 years of economic restructuring, many ordinary Chinese continue to worry whether such policies might be reversed after Deng Xiaoping, the nation's 88-year-old senior leader, dies.
""What people here care about most is whether the policy will change,"" said Yang Chuanzao, Mayor of Maoqian, a village of rice farmers 100 miles north of Sanhe. 
""That's what people fear. 
So they thought it was great when the congress said that the policy won't change. 
Everybody felt relieved.""
Emboldened by all the talk of change and of a market economy, many Chinese seem to have found an excuse to do all the things they already wanted to do. 
Mr. Yang, for example, is busy making plans for his village to start collectively run factories producing carpets, lamps and embroidered cloth.
In Bengbu, a city of 2.8 million in northern Anhui province, the local newspaper is full of lofty phrases borrowed from the party congress, and a group of city officials who had gathered over a banquet table the other day agreed that the talk of change would have practical effects on the city. 
But they had a bit of trouble identifying precisely what changes might occur, until one mentioned the increased financial opportunities.
""Officials can now go into business,"" said Wang Wei, director of the city's external-affairs office. 
""Of course, the business can't interfere with your official work, but cadres can be managers of enterprises now.""
All the officials beamed at that thought, and the conversation drifted to the possibilities of going into business on the side and making pots of money.",1,companies,HWBUSH,HW Bush (1989-1992),CATEGORY_7,"enterprises, companies, market"
Hong Kong Empire_s _Junk_ Tactic.txt,"ï»¿
Li Ka-shing has built a multibillion-dollar fortune and a business empire by trusting his instincts rather than the crowd's. 
But for all his contrarian savvy, his attempt to burst into the United States by purchasing the $3 billion ''junk bond'' portfolio of the Columbia Savings and Loan Association is raising more eyebrows here than cheers.
For the time being, the United States Government has halted the transaction because regulators did not approve of the loan Columbia Savings, based in Beverly Hills, Calif., would be making to Mr. Li's group. 
But negotiations are continuing, and Mr. Li seems determined to buy the bond package. 
Through a spokesman, Mr. Li refused to be interviewed.
His determination highlights a sensitive challenge facing Chinese executives in this nervous British colony. 
As they spirit some, if not most, of their billions of dollars in capital out of Hong Kong before China takes over in 1997, will they also be able to export their money-spinning wizardry to the United States?
Periscope on Corporate America
''The big factor in the deal is that it would give us a periscope into corporate America,'' said Simon Murray, a wiry Briton with a dry wit who is group managing director of Mr. Li's flagship conglomerate, the publicly traded Hutchison Whampoa Ltd.
The United States has a far more competitive market, where the informal networks that tie together and control Hong Kong's economy do not reach.
Mr. Murray emphasized, nonetheless, that Mr. Li could not afford not to look to the United States as a potential home for some of his assets.
''We'd like to have a position in the U.S., but there are different rules in that game,'' Mr. Murray said, acknowledging that wandering outside the cozy confines of Hong Kong was easier said than done. 
''It sounds immodest to say that Hong Kong is getting too small for us, but the walls are getting close. 
We don't have much choice.''
Â 
Delicacy of the Situation
Making the situation even more delicate is that confidence in Hong Kong may be shattered if it appears that business leaders like Mr. Li are pulling up stakes.
''His options are limited by his profile,'' said John Mulcahy, an analyst at Peregrine Brokerage Ltd., a firm in which Mr. Li has an investment. 
''The impact on market sentiment if people thought he was really pulling out would be devastating.''
Undaunted, Mr. Li, who is 62 years old, has placed himself at the vanguard of those determined to gain a foothold in the largest, one of the safest and one of the most open economies in the world. 
That determination could eventually have a big impact on both Hong Kong and the United States, because of the tens of billions of dollars his companies control.
Mr. Li and various public and private interests he controls are a 50 percent partner in the group that won the bidding for Columbia Savings' junk bonds. 
With the market for such bonds nearly comatose, describing Mr. Li's move as being against the grain would be an understatement.
Â 
Potentially Attractive Terms
The deal, nonetheless, had potentially attractive terms. 
Mr. Li and his partner, Gordon Investment, a Canadian investment concern, would have put down just 10 percent, or $300 million, in cash. 
The remainder would have come in the form of a 10-year loan from Columbia, which lost $430 million in the first half of the year.
The $3 billion price tag was $70 million over the estimated market value at the time of the bid. 
At its peak, Columbia's junk bond portfolio had a face value of about $4.5 billion.
''I worry that they're going into something that they don't understand,'' said Marc Faber, an investment adviser here who previously ran the Hong Kong office of Drexel Burnham Lambert Inc., which sold most of the junk bonds to Columbia Savings. 
''They are very good, but what do they know about managing a junk bond portfolio?''
''I would prefer they stay in Hong Kong, where they have the expertise,'' said Steven So, an analyst here with Jardine Fleming Securities.
Â 
Further Drop in Bonds' Value
Joe Bencivenga, head of high-yield research at Salomon Brothers in New York and a former junk bond analyst at Drexel, said the value of the bonds had dropped another $200 million since the bidding. 
''They need to have a 5-to-10-year horizon to make this work,'' he commented.
As Mr. Murray emphasized in his office overlooking the Hong Kong harbor, this move would be not an investment play but an essential part of the group's future as it seeks to escape the uncertainty of Hong Kong.
It is also, Mr. Murray added, part of the testing of the next generation of leadership at the company; a key figure in it was Richard Li, Mr. Li's 23-year-old, American-educated son.
''Some people have expressed their doubts about the sons,'' Mr. Mulcahy said, ''but K. S. still has the final say. 
He's exposing them to the front line.''
Â 
Loans to 300 Companies
The acquisition would instantly make this canny entrepreneur a big lender to more than 300 large American companies, people familiar with the portfolio's contents said .
The companies, they said, range from RJR Nabisco to McCaw Cellular Communications, Pacific Lumber and Wickes. 
The deal would give Mr. Li access to potentially large amounts of inside data - as well as the responsibility for helping keep the companies afloat in difficult times.
''It is a good opportunity, but it will require an immense amount of manpower,'' said one Wall Street expert who had studied the portfolio. 
''There are going to be numerous workouts, bankruptcies and other negotiations associated with these securities.''
Â 
Possible Acquisitions Studied
Mr. Murray said Hutchison Whampoa had already studied possible acquisitions like Pan Am, Hilton Hotels and CSX, the transportation concern.
Despite its reputation as a bastion of free markets, Hong Kong's economy is actually a series of semi-monopolies and cartels, analysts contend. 
Much of Mr. Li's fortune was created from and is invested in such situations.
Mr. Li's background is like that of many Hong Kong entrepreneurs; he is a refugee from China. 
He left his family's home in southern China in 1940, and 10 years later had opened a factory, riding the crest of the first wave of industrialization in Hong Kong - making plastic flowers. 
That business provided him the capital to make his move, eight years later, into property investment, where he built his fortune, now estimated at $2 billion to $3 billion.
Â 
Member of Informal Cartel
By the early 1980's his principal real estate concern, the publicly traded Cheung Kong (Holdings) Ltd., in which he owns about 40 percent, was an industry leader. 
It is now a member of what analysts here describe as a sort of informal cartel that orchestrates the supply of apartments to the market every year to insure that supply will not slacken.
When Mr. Li bought control of Hutchison Whampoa - one of the old British trading companies, or hongs - he gained control of one of two leading retailers here and a more-than-60-percent share in the business of loading and unloading containers at what is one of the largest ports in the world. 
Later, Mr. Li acquired a large stake in a Government-sanctioned monopoly, Hongkong Electric Holdings, a power company.
In recognition of his position as a pre-eminent business figure, Mr. Li holds the title of non-executive deputy chairman of the Hongkong and Shanghai Banking Corporation, which dominates finance here.
Â 
Steps Taken Into Canada
Mr. Li has also taken several big steps into Canada, acquiring 43 percent of Husky Oil Operations Ltd. and buying a 204-acre site in downtown Vancouver, British Columbia, where the 1986 World's Fair was held. 
He is building, in a project in which his other son, 26-year-old Victor, is heavily involved, a $1.7 billion development at the site that will include more than 7,000 housing units and two million square feet of office space.
Recently, Hutchison has invested heavily in telecommunications. 
It now dominates the paging and cellular phone businesses here and is a big investor in Asiasat I, a satellite sent into orbit aboard a Chinese rocket earlier this year. 
Its signal will reach from Karachi, Pakistan, to Tokyo -more than two billion people.
It is an impressive history and array of businesses, but it has still been difficult to get American investment experts to take the company seriously, Mr. Murray complained. 
One of Mr. Li's problems in moving to the United States, he added, is that Wall Street investment bankers still do not bring him their best deals.
''We're an afterthought for some of these people,'' Mr. Murray said. 
''They say, 'There's this guy in Hong Kong named K. S. Li who has got a lot of bread. 
He'll buy anything.'
We have to find a way in that allows us to do the negotiated deals. 
That's what we hope this deal will do for us.''",1,companies,HWBUSH,HW Bush (1989-1992),CATEGORY_7,"enterprises, companies, market"
Hyundai Plans China Venture.txt,"ï»¿
South Korea's Hyundai conglomerate plans to invest in vehicle manufacturing in China, a company spokesman said today.
The spokesman said Chung Ju Yung, Hyundai's founder and honorary chairman, was expected to visit Beijing in the next few months.
""During his visit, he would discuss with Chinese officials ways to invest in the Chinese auto industry,"" the spokesman said. 
""We will probably start with investment in the production of small trucks in China.""
Mr. Chung said after visiting Beijing last year that a senior official had asked him to invest in the Chinese auto industry.
Annual sales of Hyundai, which operates more than 40 companies including the nation's largest auto maker, represent more than 10 percent of South Korea's gross national product.
Seoul has no diplomatic relations with China, but South Korea established a trade office in Beijing in January.",1,companies,HWBUSH,HW Bush (1989-1992),CATEGORY_7,"enterprises, companies, market"
ICN Sets Venture in China.txt,"ï»¿
ICN Pharmaceuticals Inc. said on Friday that it had agreed to form a venture in China to produce the antiviral drug Ribavirin to be sold in that country to treat hepatitis.
Hepatitis is a severe health problem in China.
The World Health Organization estimates that more than 100 million people in China carry some form of its virus.
''China currently produces various drugs that are used to combat hepatitis, but they tend to be ineffective and poorly distributed,'' said Milan Panic, the chairman of ICN.
''The serious hepatitis outbreak last year in Shanghai is the type of event our product will help eliminate,'' Mr. Panic said.
The venture will be formed with China National Medical Corporation, which is owned by the Chinese Government. 
Initially, 22,000 pounds of the drug will be produced each year.
The $25 million venture will last for 20 years and includes an option for a 10-year extension, said ICN, which is based in Costa Mesa, Calif.
Financing is being provided by ACB International Inc., a venture of the First City Bancorporation of Texas; the Bank of China, China's Ministry of Foreign Economic Relations and Trade, and Alex Chow, a Hong Kong businessman.
An ICN spokesman, David Calef, declined to provide details on the financing. 
He said the company would provide technology and would supervise production of the drug.",1,companies,HWBUSH,HW Bush (1989-1992),CATEGORY_7,"enterprises, companies, market"
"In Canton, Investors See Hong Kong After 1997.txt","ï»¿
Throughout the 1980's, China's hottest growth area, and its biggest experiment in capitalism, was in Hong Kong's backyard: Guangdong province, a hotbed of entrepreneurial activity, economic experimentation and hundreds of Hong Kong-financed factories.
But Guangdong's reform-minded politicians and its soaring economic growth - 15.9 percent in 1988 -made it a prime target for Beijing's conservatives in the economic crackdowns that followed the Government's violent crackdown on the democracy movement last June. 
And when entrepreneurs in Hong Kong look at Guangdong, an area that includes the rich Pearl River basin and the former European trading outpost of Canton, they often feel they are staring at their own post-1997 future.
What they see today is a confused picture. 
The region is not the disaster that many predicted a year ago, nor is it enjoying the booming growth of the past. 
A Chinese Government campaign that started last summer to eliminate ''inefficient'' rural and township enterprises - hundreds of thousands of small companies and production centers in Guangdong alone - greatly slowed the region's output. 
So did a sharp downturn in China's domestic demand for the products Guangdong has become famous for: bicycles and color televisions, small washing machines, smaller refrigerators and sewing machines.
In recent months, the economy has shown signs of reviving, while other regions have ground to a standstill, or worse. 
''The reason is mostly subterfuge,'' said one foreigner living in the area who keeps close watch on the factories and small enterprises. 
''Many of the enterprises that the Government closed quickly merged or formed again, often using 'retained earnings' that were retained in big glass jars under the flood. 
And today the political pressure is easing up.''
In fact, on the streets of Guangzhou, as Canton is now called, Hong Kong's influence seems to be overshadowing Beijing's. 
Night markets are alive with a variety of products that one would rarely find in the capital, from fruits to locally produced Hitachi television sets. 
The Chinese-language newspapers are once again beginning, if cautiously, to hail the productivity of privately run factories, and local businesses have little interest in selling their raw materials to Government-run factories that are unwilling to pay market prices.
Nonetheless, there is a broad sense that Guangdong cannot again get too far ahead of the rest of China. 
''It creates too much jealousy and too many political tensions,'' said a Chinese banker based in Hong Kong.
Some development is going elsewhere, especially as Taiwanese entrepreneurs develop the coastal area closest to Taiwan itself, around the port of Tianjin. 
Other projects that a year ago seemed bound to fuel development are delayed until the direction of the political wind becomes clear. 
On nearby Hainan Island, where the Kumagai Gumi Company, a Japanese construction concern, paid a reported $30 million early last year for 30 square kilometers of land, the governor was ousted and the project has stalled.
The best news Guangdong has received in a year came last week, not from Beijing but from Washington. 
President Bush's decision to continue most-favored-nation trading status for China marks a reprieve for Guangdong, which is more dependent than ever on its exports.",1,companies,HWBUSH,HW Bush (1989-1992),CATEGORY_7,"enterprises, companies, market"
"In China, Capitalism Inches On.txt","ï»¿
With the hard-line rhetoric blaring from the central Government these days, it may seem from abroad that China has abandoned liberalization in any form. 
But while the pace of economic change certainly has slowed significantly since the mid-1980's, in the last two years necessity has prompted leaders at all levels to take small but important steps toward a market system.
""There is reform, but it's regionalized,"" said a Chinese business executive. 
""It's coming from the bottom up. 
It's the local governments that are implementing reform, and they'll do as much as they can get away with.""
Many of the visible changes are in trade, already much more unfettered than other areas. 
Export and import subsidies have been reduced, for example. 
But, Chinese economists say, there also have been a few price adjustments, advances in the bond and stock markets and city-by-city, county-by-county attempts to tackle the complex problem of urban housing, welfare and enterprise ownership.
Â 
'Moves Ahead Slowly'
""I wouldn't say reform is on the front burner, and Li Peng does not have a big appetite for reform,"" Nicholas R. Lardy, an economist at the University of Washington, said, referring to the Prime Minister. 
""But when faced with the alternatives, he moves ahead slowly.""
China allowed its first government bond underwriting earlier this year and already the city of Shanghai and Shenzhen, the special economic zone created next to Hong Kong, have started modernized stock exchanges; Canton is waiting for approval. 
Scores of enterprises are hoping to raise money by obtaining a listing soon on these exchanges.
Shanghai, Canton and counties in poorer provinces like Anhui in central China, also have begun their own experiments in revamping housing. 
So far, however, there has been no nationwide attempt to overhaul urban housing, which is provided by employers.
One proposal supported by some Westerners is a national housing corporation that would buy homes and apartments from the various enterprises and manage them. 
Workers would turn to the housing corporation, rather than their employers, for mortgages and living accommodations. 
But so far, there seems to be no consensus on the concept.
Because of their financial burdens, as well as their overall inefficiencies, up to 38 percent of China's industrial state-run enterprises were losing money by the middle of this year, according to materials presented privately at a recent economic planning session. 
But China has been loath to make significant changes to loosen up government-run industry.
For this reason, some Chinese economists say that the last two years have been largely wasted from the standpoint of reform. 
They say that since the military crackdown in June 1989, central planners have regained control over much of the economy and that there is no longer much chance of a big change in the ownership system.
Proposals a few years ago to transform state-owned companies to shareholder-owned ones have been dropped or starkly scaled back because of accusations that this was the same as privatization -- an ideological taboo.
These economists also say that Chinese leaders missed an attractive opportunity to retool their economy, to raise prices during a period of low inflation, to close down money-losing enterprises and to literally force those enterprises to improve, instead of bailing them out with government loans.
""Parts of the economy show signs of improvement, but there has been no fundamental change,"" said a Chinese economist. 
""I don't think that in the next one to two years there'll be any major reform.""
Â 
A Solid Exchange Rate
One of the more noticeable changes in the direction of a market economy has been in the foreign exchange markets. 
Since the 1989 crackdown in Tiananmen Square, China has devalued the renminbi, the local currency, by 43 percent. 
The rate of 5.3 yuan, as the unit of currency is called, to the dollar is generally thought to be not too far off from what it would be in a free market. 
Economists say a realistic exchange rate is very important in pricing imports and exports appropriately, and in this respect China is well ahead of many other developing countries that enormously overvalue their exchange rates.
A year ago, Prime Minister Li agreed to a plan to allow the Government's Administration of Foreign Exchange Control to make tiny, daily adjustments to the exchange rate, according to a Chinese official. 
The purpose apparently was to save companies from having to accommodate large jumps in the exchange rate.
But it also meant that China's exchange rate began to operate almost as a managed floating exchange rate. 
In fact, the rate has gradually risen another 2 percent in the last 10 months.
These days, many companies trade their dollars legally on the swap markets, where last month, 5.8 yuan could be changed for one dollar, essentially a market rate. 
Last year, a total of $13.16 billion was traded in 100 such official exchange centers, compared with $8.57 billion in 1989. 
In the first half of this year, $8.75 billion passed through swap centers, according to an article last month in the English-language China Daily.
Companies still have to give a portion of their foreign exchange export earnings to the Government, but now, much of those earnings are converted into local currency at the swap market rate, which offers a greater incentive to export. 
In return for this benefit, however, the Government this year began slowly reducing export and import subsidies, in part because it could no longer afford the swelling payments.
Â 
Price Revisions
Some of the most important measures in the last two years involved raising fixed prices for food and raw materials, which had been sold well below market levels. 
Economists regarded it as crucial to rationalize these prices and the Government has now obliged. 
But the main reason apparently was not so much an enthusiasm for markets but that the Government could not afford the subsidies.
China this year, for example, raised the prices of steel and cement, and it took a big step in May by raising the average price of grain by 71 percent and the average price of edible oils by 168 percent. 
For years, the Government had purchased grain and oils from farmers at prices much higher than it charged urban residents for them.
Such subsidies amounted to the equivalent of $7.5 billion in 1990, but the new price hikes will shave the burden by nearly a third in the case of grain and by more than two-thirds in the case of edible oils.
""They have been raising some prices, but in many cases it's been more for budgetary reasons rather than to rationalize prices,"" said Christine Wong, a China economist at the University of California at Santa Cruz. 
""It's hard to say they aren't moving forward on reform because they've done little things here and there. 
What's lacking is a comprehensive vision of where they ought to be going and what they need to do to get there.""
Still, China's state sector is shrinking as a share of the economy and by the end of the 1980's, it produced less than 40 percent of China's national income. 
That is not far off from government contributions in Italy and France, according to Professor Lardy.
One Chinese business executive said he remained optimistic even though he expected few big reform measures from the nation's current leadership.
""The leaders?"" he asked rhetorically. 
""It is not in their interest to reform. 
Their interest lies in planning, which means control and power. 
Power means better treatment, better living conditions.""
But he added that 60 percent of the labor force, most of which is in the countryside, is essentially working for itself, and that even if China took no steps toward reform, the state sector would continue to shrink.
With a smile, he added, ""The private sector will just keep expanding, and as long as more people are working for themselves, things will get better.""",1,companies,HWBUSH,HW Bush (1989-1992),CATEGORY_7,"enterprises, companies, market"
INTERNATIONAL REPORT_China Feels The Cuts in Its Economy.txt,"ï»¿
Displaying the bravado and ambition that have fired China's economic growth in the last decade, this little village had originally expected to increase its industrial production by 50 percent this year.
But such high hopes are becoming dimmer here and in thousands of other villages along China's coast, where the nation's striking economic growth has been concentrated in the last decade. 
In the country's economic retrenchment, imposed after the political upheaval and bloodshed of May and June, the coastal regions stand to lose the most.
While not all will suffer real economic declines, these regions are sure to see their supercharged growth rates cool down.
Effects of Austerity Program
The nation is already feeling the effects of Beijing's general austerity program. 
In October, nationwide industrial production fell 2.1 percent, compared with October of 1988. 
That was the first such decline in a decade. 
Yet, the central Government has said the austerity program will last at least until 1991.
Officials in Beijing said they decided to re-impose stronger central economic controls to deal with inflation problems, supply-and-demand imbalances, economic inefficiencies, overinvestment in certain industries and deficiencies in others. 
The inflation rate has dropped to 8.7 percent in October from 27 percent in January. 
But some Chinese worry that the program will lower the growth rate but not necessarily raise economic efficiency.
''In theory it sounds very reasonable, but in practice it will be co-mingled with politics so that nothing will get done,'' a Chinese businessman said.
This village of 2,850 people still plans to raise its economic output, and so far the austerity program has hampered but not crippled most of the 14 factories here making everything from champagne to chemicals. 
But in the surrounding area of Qingdao, about two-thirds the way up the coast, officials expect economic growth to drop to 12 percent this year from 24 percent in 1988.
Â 
Businesses Are Closing
That pace may still seem remarkable compared with growth rates in Western countries. 
But the sudden slowdown is causing thousands of small factories and businesses to close and could lead to grave economic problems in the coastal areas.
It is difficult to gauge the economic discontent among local officials, who do not feel free to speak out, and reliable statistics are hard to come by. 
But the austerity measures are beginning to result in business closings and a reduced flow of money to support new ventures, and this is likely to increase resentment against the central Government.
Just a few years ago, growth in the coastal provinces was vigorously trumpeted as a means to infuse the rest of the economy with a new spirit.
The leaders in these areas harnessed the energy of peasants pent up over years of rigid control, and small collective enterprises cropped up throughout the countryside. 
Their work in making consumer and exportable products in thousands of small factories resulted in double-digit growth rates.
Â 
Plan of '39 Stipulations'
But since the military put down the student democracy movement last summer, and particularly after the Communist Party Central Committee met in November to discuss the economy, the Government has reinforced austerity with a blueprint of ''39 stipulations'' for the economy. 
The effect is to shore up socialist bastions in the economy: central control and state-run enterprises.
The Government announced in November that in the first nine months of this year, one million rural enterprises were shut down and several hundred thousand others halted production or were forced to switch product lines.
The casualties may even be higher. 
The official China Daily referred in passing recently to three million rural enterprises being closed. 
Part of the discrepancy may be that the larger number includes planned projects that have been canceled or postponed as well as those that have been shut down, merged or converted.
Instead of the nationwide annual growth of about 10 percent over the last decade, China's leaders want 5 to 6 percent a year.
Â 
Tight Credit Policy
They have tightened credit to bring down inflation and slow down the economy, leaving many small collective enterprises severely strapped for cash.
Recently, the Government eased credit slightly, but local officials and business managers say a prolonged lending squeeze without economic alternatives could cause the localities to stop listening to central directives. 
As they have with previous policies mandated from Beijing, local officials could prove adept at skirting obstacles.
In Liaoning Province in the northeast, about one-third of the state-run enterprises are losing money, said a Chinese businessman with access to high-level information.
Nationwide, that figure is about one-fifth. 
But Liaoning is part of China's industrial belt, with many steel plants and machinery factories, the kind the Government wants to shore up.
Â 
Payroll Problems
Some factories have even had trouble covering their monthly payroll. 
One Chinese executive said 80,000 employees in a large city in Liaoning were not being paid. 
The situation was so severe, he said, that one factory manager reportedly wept as he pleaded with a Government banker to provide a loan to pay thousands of employees.
In Shandong Province, there are clear signs that the situation is not yet as bleak as the national statistics would suggest, although the area is probably an anomaly. 
Two Party members said economic planners considered the province's economy to be among the most stable and orderly in the nation. 
They say that means the local authorities may be able to dance around the tough measures without much backlash from the central Government.
Indeed, officials in Qingdao, one of the province's two coastal regions, say that only about 165 companies -mostly medium-sized collectives -were shut down or merged, and most of them were product distributors, not manufacturers. 
Over all, Qingdao has tens of thousands of collective enterprises, which produce 70 percent of the area's output.
Â 
'Efficiency Is Important'
One of the few rural collectives closed was a brick maker in Xiaowang village, but the local officials insist the closing was based on their own economic decisions and not forced by the austerity program.
''No one told us to shut it down,'' said Sui Lishan, the village party secretary in Xiaowang. 
''Efficiency is important to us. 
The land is important to us. 
And this enterprise ate up a lot of energy and land.''
As in the past when faced with directives from Beijing, local officials here also seem adept at turning some austerity measures to their benefit.
Officials said that before the austerity program was implemented, they had planned several projects to produce energy because the supply of electricity and other energy was not enough to accommodate their plans for industrial growth. 
Now with the retrenchment, they found they could cancel some other ventures and channel money to the energy projects to insure their completion.
A result is that the growth rate in Qingdao crept up again in November, said Zhang Rui, a deputy secretary general in the municipal government.
''But we don't expect it to reach 30 percent again,'' Mr. Zhang said. 
''After all, 12 percent is not that bad.''
China's coastal areas, which enjoyed striking growth in the 1980's, may be the hardest hit by the Government's economic retrenchment. 
In the Shan dong Province, however, the the situation does not seem too bleak for some manufacturers like the Number Nine Rubber Factory in Qingdao. 
(NYT/Sheryl WuDunn); map of China showing location of Xiaowang (NYT)",1,companies,HWBUSH,HW Bush (1989-1992),CATEGORY_7,"enterprises, companies, market"
INTERNATIONAL REPORT_China Opens Grain Market.txt,"ï»¿
In one of its few efforts this year to overhaul its economy, China opened a national wheat market last week to replace central allocation of the nation's 85-million-ton annual wheat harvest.
More than 200 grain trading companies started dealing at the Wholesale Grain Market in Zhengzhou, the provincial capital of Henan, China's wheat heartland, the official New China News Agency reported.
The market's opening was delayed for two years. 
But it was ultimately allowed to proceed because it may help the Government manage grain distribution, long a serious problem.
Although the Government buys most grain grown in China, it lacks a modern storage network, and in bumper years much grain is left to rot outdoors. 
Serious shortages have occurred in some regions while others have surpluses.
China still lacks wholesale markets for the 169 million metric tons of rice, its main crop, harvested annually.
A futures market allows buyers and sellers to negotiate a price for what they think a commodity will be worth at a future date.",1,companies,HWBUSH,HW Bush (1989-1992),CATEGORY_7,"enterprises, companies, market"
INTERNATIONAL REPORT_China Problems That Slow Economy Are Reflected in Lag for Port Project.txt,"ï»¿
Perhaps the boldest single project envisioned during the last decade of China's economic restructuring was a plan to copy the success of Hong Kong, 300 miles to the northeast, here on southern China's Hainan Island.
The Yangpu Port project, as it is known, came to symbolize the vaulting aspirations of Hainan, where a chunk of land was to be leased to a foreign company for a transformation into a duty-free port and a modern city of several hundred thousand people. 
The project was the centerpiece of a broad program to promote a market economy on Hainan.
But Hainan's progress has been stalled, along with the Yangpu project. 
There are several reasons for the slowdown, but they seem to add up to the clearest example yet of how Beijing's political crackdown has spilled over into, and put a damper on, some areas of the nation's economy.
Trend to Recentralization
Foreign investment was supposed to make the difference here, but getting it depended on the central Government's willingness to allow Hainan unprecedented autonomy. 
Since the June crackdown, many foreigners say, Hainan's autonomy may be evaporating in the general trend toward a recentralization of authority.
The Yangpu project has not yet been approved by Beijing and some officials say Premier Li Peng has rejected the idea that it become a free port. 
And while some foreign investors have come to take a look, they have been reluctant to put their money down.
Worst of all for Hainan, three of the most widely known supporters of the province's bold plans - Communist Party General Secretary Zhao Ziyang; his son, Zhao Erjun, a businessman, and Hainan's Governor, Liang Xiang - have all fallen from power in the last six months.
The island still has an industrial growth rate of more than 10 percent while most of the mainland is suffering a drop in industrial output. 
But Hainan officials are coming to realize that it may be difficult to get the foreign investment the island province of 6.7 million people needs.
''The central Government gives us lots of policies, but it's short of money,'' said Jiang Wei, an economic planning official. 
''So we depend on foreign investors. 
We have lots of good projects, but we need investors to develop them.''
Hainan, an agricultural backwater, lacks the basic roads, water and communication structures to develop a modern base that will attract Western-financed export companies.
In the early 1980's, the central Government plowed enormous sums into other special economic zones, like the town of Shenzhen, next to Hong Kong, but these are times of austerity, and Beijing is giving Hainan much less money than it gave Shenzhen.
''There's been some impact since June, and development will be a bit slower,'' acknowledged Li Huiliang, a Canton native who is now running Haikou's Southyang Footwear Factory, a Taiwan- and Hong Kong-financed company that exports athletic shoes to the United States.
But Mr. Li and others here are reluctant to accept defeat. 
Mr. Li says Hainan can still prosper, given its advantages over parts of the mainland. 
There is no electricity shortage, he said, and land costs are lower here than in some other coastal areas. 
Mr. Li says his company makes a profit of 30 to 40 cents on a pair of shoes and the profit would be 20 to 30 cents a pair if they were made in Taiwan.
Â 
Headaches for Executives
Another manager of a foreign venture, Rennie Velasco, is less enthusiastic. 
Miss Velasco, who is from the Philippines and runs the Haikou Lone Star Cafe, an American-financed fast-food restaurant, said that while Hainan might prosper if it became more flexible, for now it gives foreign executives the same headaches as the rest of China. 
''It's so difficult to do business here,'' she added. 
''It's so frustrating.''
To many foreigners, still waiting to see what will happen here, the Yangpu project is a barometer of the conditions in Hainan, and these days it is not a reassuring one.
The initial plan was for Kumagai Gumi Ltd. of Hong Kong, a 35 percent-owned subsidiary of a Japanese construction company, to lease 12.5 square miles at Yangpu. 
There, on the northwest side of Hainan, the company was to develop a free port, like Hong Kong.
Kumagai Gumi was to pay for the construction of local roads, power plants, water systems and other infrastructure projects. 
Foreign companies would then be expected to swarm to the area to take advantage of the cheap labor force.
Kumagai Gumi has already paid the equivalent of $6.75 million as the first installment on its lease. 
And the province's party secretary, Xu Shijie, and other leaders all insist the Yangpu project will go through.
Â 
'Won't Be Like Hong Kong'
But local officials and foreign business executives note that the project has yet to be approved by the State Council in Beijing. 
''There must be some differences between Yangpu and the rest of Hainan, but Yangpu won't be duty-free,'' said Mr. Jiang, the economic planner. 
''It won't be like Hong Kong.''
A foreign executive close to the project said that if Beijing did not allow the area to be duty-free, it might no longer be worthwhile for foreign investors.
Despite the Yangpu uncertainty, Hainan is still trying to arrange other long-term land leases, including 21.1 square miles near Haikou. 
Ye Zhanghe, an official in the province's economic cooperation bureau, said the province wanted the area to become a recreational zone with hotels, golf courses and other resort facilities.
''Certainly there has been an influence from June 4, but it hasn't been so great,'' Mr. Ye said, referring to the day Chinese troops moved against protestors and crushed the democracy movement. 
He added that since that time more than 100 foreign companies had come to Hainan to establish businesses.
But others, Chinese officials and foreign analysts alike, have less optimistic views, noting the apparent reluctance of foreign investors to commit themselves.
In addition, some Chinese and foreigners, contending that Hainan's dreams were never realistic, note that it lacks the geographic and developmental advantages of boom economies like Guangdong Province, which adjoins Hong Kong.
One of Hainan's clear natural advantages is its southern shore, which boasts beautiful palm-lined beaches. 
If the southern coast could be developed into a winter resort, it might attract residents of Hong Kong, Taiwan and Japan who now go to Thailand.
Â 
Six Hours From Beaches
But the island's only international airport is here at Haikou, six hours by car from the southern beaches, and it will probably be at least five years before an international airport is built and resorts are put along the sandy beaches.
The province acknowledges that it is relatively new to the tourism business, and there are signs that it does not perfectly understand how to promote itself to attract foreign tourists.
''The scent is not obvious, not stirring, but internal, harmonious and penetrating in the air,'' reads an account about a suggested local culinary specialty. 
''Dog meat is superb if black or brown dogs with smooth skin and short fur are used.''",1,companies,HWBUSH,HW Bush (1989-1992),CATEGORY_7,"enterprises, companies, market"
INTERNATIONAL REPORT_Consumer Demand Drops in China.txt,"ï»¿
Last year was a nightmare for the Wanbao Electric Company: 100,000 refrigerators sat for months in warehouses, it could not pay its debts, a potential American partner put off a deal and its general manager fled to Canada.
The Chinese company, the nation's largest refrigerator manufacturer, blames fickle consumers for the problems. 
Buying evaporated as a result of the program of economic retrenchment begun 18 months ago.
Across China, factories have been wrestling with a problem: what to do if no one buys their products?
It is a new challenge for many of China's makers of luxury consumer goods, like color televisions, washing machines, ovens and refrigerators. 
After years of selling to an eager market, manufacturers had begun to learn how to speed up production to meet soaring demand, which culminated in 1988 in an inflation-inspired buying spree that had consumers grabbing goods from the shelves.
Now, Wanbao has responded with fundamental changes, including lower prices, new models and a production cutback to meet the diminished demand.
''In the past, we would sell according to how much we produced,'' said Chen Canguang, a deputy manager at the company. 
''This is our lesson from last year. 
We won't produce in excessive quantities. 
We don't want stockpiles again.''
Â 
Stockpiles Dwindle
Stockpiles of refrigerators have dwindled, and the company has cut its production to 30 percent of operating capacity to match the consumer demand.
The company says it designed seven models last year, after sticking with the same basic types for about six years. 
It says it also slashed office and travel expenses by 60 percent and reduced its storage of raw materials. 
Previously, it had piled up a year's worth.
The company also acknowledges that a nationwide tightening of credit severely hampered the company, and that it was saved, in part, by an injection of loans from Government banks. 
Rumors about bankruptcy swirled for a while, but Wanbao says it ended the year with large profits.
Â 
Big Share of the Market
''We have one-sixth of China's refrigerator market,'' Mr. Chen said. 
''How can we go into bankruptcy?''
The state has never allowed so reputable a company as Wanbao, which has 30,000 workers and can make one million refrigerators a year, to go into bankruptcy.
It used to seem that there would always be enough of a market for consumer products. 
But now the effects of the austerity plan seem to have been more severe than leaders expected, leaving many large producers at a loss to pay their payroll and other bills.
To avoid stockpiling their products, many have stopped production and sent their workers home with as little as 50 percent of their salaries. 
Some factories have even resorted to paying employees with products, leaving it to the workers to sell the products if they need cash.
Â 
Government Loans
In turn, the factories have turned to the Government for loans. 
The Government provided credit late last year and again earlier this year, when it made about $2.2 billion in loans.
But the hue and cry from factory managers and local leaders has been so vociferous that Prime Minister Li Peng is already believed to be searching for policies to ease the economic problems.
The austerity policy may be having a positive effect on a small number of companies, especially ones like Wanbao that are trying to gain worldwide attention. 
These companies may be learning how to overhaul themselves to compete on price and quality. 
At least for the moment, it appears that some of them are picking up the ways of the market, even if that means starting with the basics.
The China Refrigeration Industry Company, a Wanbao competitor that is one-quarter owned by a Hong Kong company, began formulating a design to better compete in the high end of the market in 1989, its first year.
Â 
Storing 'Half a Pig'
The company, based in a suburb of Canton, says it did extensive market research and came up with a refrigerator that has a middle section, which is adjustable so that it can be turned into either a freezer or a simple cooler.
''In the northeast, they don't buy pork like they do here in Guangdong,'' said Hua Hei Li, the general manager. 
''Up there, they buy half a pig at a time. 
In the winter, they can leave it outside, but they can't do that in the spring, or the meat goes bad, so they want a large freezer space.''
Wanbao also has a new three-section refrigerator, and so China Refrigeration, whose brand is Hualing, may be only keeping up with the competition.
The sluggish market last year also forced Hualing, which is about 10 times smaller than Wanbao, to slash refrigerator prices from the equivalent of $595 early in 1989 to $470 early this year. 
Wanbao also cut prices.
Last year's hardships embarrassed the company, especially as it was trying to lure the General Electric Company into a joint arrangement to export refrigerators to the United States. 
The factory's party secretary took over in November after Deng Shaoshen, its general manager, slipped into Canada while on a business trip in the United States.
It is not clear how much the company has learned from its experiences, but Wanbao is betting on a boom year again, hoping that refrigerator sales will top one million this year.",1,companies,HWBUSH,HW Bush (1989-1992),CATEGORY_7,"enterprises, companies, market"
INTERNATIONAL REPORT_Developers in China Hit Hard Times.txt,"ï»¿
After a five-year development binge that has dotted Beijing's perpetually hazy skyline with dozens of new office and hotel towers, the Chinese are suddenly learning that the flip side of a boom is a bust.
With the chill in business and political ties between China and the West during the last year, offices designed especially for foreigners are lying vacant, rental rates are tumbling, loans for many building projects have had to be renegotiated and foreign residents are facing something they never imagined possible during the heady days of expansion - competition for their business.
As more buildings open in the coming months, the situation, many people here say, will get worse.
The excesses are in some ways a metaphor for the West's difficult business relationship with China during the past decade. 
The West's enthusiasm has tended to swing to extremes, and many foreign and Chinese developers are paying a price for the spurt of over-optimism.
Harsh Austerity Campaign
When the Chinese Government ended several years of fast growth, openness and economic reform in mid-1988 with a harsh austerity campaign to quell inflation, it was too late for many developers to turn back. 
Office buildings they had started earlier were already coming on the market.
The Government's bloody suppression of the pro-democracy movement last year only intensified the existing trend and frightened off some foreign corporations, the prospective tenants for the new office space.
Probably the best illustration of how bad things were before the building boom, and how things have changed, is the story of Shell China Ltd., a subsidiary of the Royal Dutch/ Shell Group, the world's second-largest oil company. 
Seven years ago, when Shell was shopping for office space, the best it could find was half of the sixth floor of the Hepingmen Roast Duck Restaurant building, about a mile south of Tiananmen Square in the center of the capital.
Â 
'It Always Smelled of Duck'
''All in all, it was quite adequate compared to the other choices, mostly hotels,'' said Christopher Evans, head of administration for Shell's 26-person staff here. 
''The real problem was that it always smelled of duck; it was not inferior duck or anything like that, but it's the largest Peking duckery in the world, and so they were cooking them all the time.''
Shell moved several months ago to the new China World Trade Center, the largest office complex in the country, which includes two hotels, a convention center, apartments, a shopping complex and much better ventilation.
''We like it because the telecommunications are a bit better than at the duck, and it's a better location,'' Mr. Evans said. 
An additional benefit, he said, is he can again enjoy ordering Peking duck at restaurants, something he could not bear while ensconced in the old quarters.
As one of the premier new buildings in the capital, the China World Trade Center, with 550,000 square feet of space, was expected to be filled by now. 
But its managers are generally happy to have commitments for about 70 percent of the space, all taken by foreign companies.
Â 
Rental Prices Fall
The maximum rents being charged are about $3.25 a square foot - less than the top rate of $4.15 a square foot they had expected before China's military crushed the pro-democracy movement last summer.
Yoshiaki Hashimoto, an administrative officer here for the Mitsubishi Corporation, said that after the turmoil in Tiananmen Square his negotiations with the World Trade Center's management took a decided turn for the better. 
The rent sought for the 26,000 square feet fell sharply.
Although he would not give the exact figure, Mr. Hashimoto said Mitsubishi ended up paying about half what it was being charged at its previous site, the Capital Hotel, whose facilities he said were poor. 
Like many other foreign companies here, Mistubishi had moved into a hotel in the mid-1980's because it was the only space available.
The granddaddy of hotel-office complexes here is the Jianguo Hotel - an exact replica of the Holiday Inn in Palo Alto, Calif. 
(The American investor in the joint venture to build the Jianguo Hotel was also an investor in the Holiday Inn and brought with him a set of plans.) It opened in 1982 and enjoyed close to 100 percent occupancy for years, drawing on tourists and companies taking rooms on long-term leases.
Now it is feeling the squeeze, too. 
Over the last year the Jianguo has lost about half its long-term corporate tenants and the overall occupancy rate is barely 50 percent, said Peter J. Hierzi, deputy general manager. 
$2 a Square Foot Some offices in other new buildings built for foreign occupants are being let for $2 a square foot, down from a minimum of about $2.75 just 18 months ago, according to Richard Ellis Ltd., a real estate brokerage firm. 
That is still high for what many companies regard as a hardship post, but nearly 25 percent below the peak.
Richard Ellis estimated that earlier this year there was 1.6 million square feet of office space suitable for foreign companies in Beijing, of which only 65 percent was occupied. 
The broker added that many new buildings have only let about 25 percent of their office space.
Apartments designed for foreigners - with central air-conditioning and Western-style toilets - have the same problems. 
A 1,600-square-foot three-bedroom apartment at the World Trade Center complex, a joint venture between a Hong Kong company and a Chinese Government entity, is going for about $4,000 a month -compared with $6,000 a month for the same size unit at the Holiday Inn Lido complex, on the airport road. 
Those apartments, among the few modern apartments for foreign business executives when they opened in 1985, had been fully rented before they were even completed.
Â 
Apartments Go Begging
Even with the price drop, most new apartments have gone begging for tenants. 
According to Richard Ellis, which recently closed its Beijing office because of the slow market, only 75 percent of the 2,400 apartments built for foreigners in the last five years are leased.
Another 1,270 apartments are scheduled to come on the market this year, with another 150 expected next year. 
Rents for a 1,600-square-foot apartment could tumble to $3,000 a month.
Caught in the squeeze are a number of foreign property developers. 
But the blow has fallen hardest on Japanese companies, which were partners in 12 projects under construction as of early 1988, amounting to several hundred million dollars, according to a study done by the National Council for United States-China Trade.
The lengthy list the council compiled gave evidence of how Chinese entities had leaped blindly into the development fray. 
Among the Chinese partners in these projects, many of which have been completed, were affiliates of the People's Liberation Army, the Ministry of Justice, the provincial government of Inner Mongolia, the State Farm Bureau and an aluminum factory.",1,companies,HWBUSH,HW Bush (1989-1992),CATEGORY_7,"enterprises, companies, market"
INTERNATIONAL REPORT_Headaches in China for Investors.txt,"ï»¿
When officials of the Shanghai Center told the Chinese customs bureau that the complex planned to import 50 to 60 cars, they received a strange notice: for each model of a Japanese car it imported, it would have to bring in two extra samples. 
These would be turned over to authorities for ''test driving.''
''It doesn't matter that the model you bring in is already on the streets of Shanghai,'' said Patsy Whitcomb, an American executive who is helping to prepare for the opening of the $195.5 million Shanghai Center, which is being financed by American and Japanese investors.
The request for extra cars is just the latest snag in what has been a long, twisted process of constructing Shanghai Center, which will be the city's largest hotel, office and residential complex when it opens in March.
Â 
Little Flexibility
The center's owner, Seacliff Ltd., hopes that the new rule, which comes on top of a 280 percent duty on the imported cars, will be negotiable, although customs officials have shown little flexibility so far. 
They have already prohibited the company from importing a Mercedes-Benz, a car that they say would not suit China's new style of ''plain living.''
The experience of Shanghai Center suggests that China remains as much of a headache as ever to many foreign investors, despite the eagerness of the Government to attract investment since its bloody crackdown last June.
Yet for the Shanghai Center, there is profound injury as well as insult: it is opening just as foreign business clients are staying away from China in droves. 
And for all its commitment to China, the center finds itself running up against the same problems that keep its clients away.
With its retail shops and 1,000-seat theater, the center is a showcase project intended to add a cosmopolitan air to China's biggest city. 
Thus, it would have seemed a likely candidate to get help from the Chinese Government as Shanghai tries desperately to regain its role as a financial and commercial center for Asia.
Â 
No Change Since Crackdown
So far, however, the Shanghai Center has not found business any easier since the crackdown, according to Seacliff, a partnership among the Portman Companies and the American International Group, both of the United States, and a Japanese concern, the Kajima Corporation. 
The Shanghai Center was designed by John Portman & Associates, the American architectural firm.
Investors had hoped the Chinese would offer better terms, both to overcome international outrage after the bloodshed in June and to dispel the gradual disillusionment of many Western investors in recent years, particularly after an economic austerity drive that began in late 1988 reduced prospects for economic growth.
Many business analysts in Shanghai say that the center would have been highly successful before the austerity drive began, but that the business climate is now much more sluggish. 
Uncertainty has also scared away many new investors and potential clients, although some who have been negotiating plans for years still plan to come.
''The real challenge is that there are no new people coming in,'' said Michael C. Kalyk, the general manager of the center. 
''New business has to start up again before there's real business for us.''
Â 
Foreign Investment Dwindles
Like the rest of China, Shanghai has seen foreign investment dwindle since the crackdown. 
From January to June last year, there were 133 new projects worth $260 million by American investors, a Western diplomat estimated. 
The diplomat said that from July to December, only 66 projects worth $150 million were started, and most of these were begun before the crackdown.
The first half of this year will be more telling, since those who have invested less time in start-up negotiations may not feel burdened to continue their projects. 
Some companies who tried to pull out of their contracts apparently were not allowed to do so by the Chinese, diplomats say.
After the crackdown, many foreign companies facing dimmer commercial prospects hoped that Chinese bureaucrats would be more conciliatory at the negotiating table to restore the confidence of overseas investors. 
Some were offered interviews with senior officials, ministry-level bureaucrats, and at times, an audience with the Communist Party General Secretary himself, Jiang Zemin.
Foreign companies that demonstrated their commitment to China were thanked effusively and given encouragement. 
Some hope still lies in the prospect this spring that China will change the joint-venture law, extending the allowable term of a venture and authorizing the appointment of foreigners as a venture's chairman.
Â 
No Widespread Concession
Yet so far the high visibility has not led to widespread concessions, diplomats and business executives say. 
Only a small number of companies have obtained better terms, notably a foreign real estate developer in Tianjin. 
In fact, executives say some authorities, in an attempt to prove they are not to be cowed by foreigners, have actually become less cooperative with foreign companies.
''Despite the public relations, the environment for getting concessions is not easier, but harder,'' a Western diplomat here said. 
''There are regulations that may have been in place already, but now there is a trend to enforcing the regulations that people overlooked before.''
Seacliff is negotiating with Shanghai's local government for greater concessions, primarily on property taxes and an extension on its current 18-year land lease. 
But the Shanghai government, which has auctioned off expensive land-use rights for 50 years to a foreign company, might not want to offer a 50-year or even 40-year lease to the Shanghai Center at a bargain price for fear of offending its other client.
A Chinese business official familiar with the negotiations indicated that Seacliff would probably get an extension, although it was not clear for how long.
Â 
Commercial Reputation
Shanghai has enjoyed a reputation as one of China's most attractive commercial centers for foreign investment and business representation. 
When the Portman Companies first conceived of building a mixed-use complex in 1979 and then when construction began in 1986, there was a severe shortage of first-rate commercial complexes in Shanghai.
The company had estimated that in 1986 there were about 4,000 hotel rooms for foreigners. 
But since then, officials all over Shanghai, and throughout China, moved as quickly as possible to sponsor hotel projects.
There apparently was no central plan governing construction projects in Shanghai, and for competitive reasons owners and builders tried to keep their development plans secret. 
As a result, the Portman Shanghai hotel will add 700 rooms, in March or soon thereafter, to a city that will have a total of 18,000 hotel rooms, Seacliff estimates. 
When the hotel opens, Seacliff expects occupancy to be around 40 percent.
So far, the company has pre-leased about 25 percent of its apartments, 20 percent of its shopping complex and 30 percent of its office space. 
The complex will not be fully open until July, when the theater is finished.
Â 
Complex Behind Schedule
In mid-1985, executives of the Portman Companies indicated that the project would be finished in the spring of 1988. 
Revised plans set the opening date for December 1989, which then was delayed three months when work halted for 30 days after the June crackdown. 
Crews were sent to their homes overseas or to other provinces in China, and it took about two months to be ready again.
In late summer, Seacliff injected an additional $20.5 million in capital to cover cost overruns and help start the construction process again, bringing the total project cost to $195.5 million. 
On Jan. 
24, the company and its bankers, including the First National Bank of Chicago, signed an agreement, apparently initiated before the crackdown, to restructure the project's $145 million in loans.
Mr. Kalyk of Seacliff said the Shanghai Center would be able to cover operating expenses as soon as it opened, and he said he was confident the center would be able to meet its loan repayments. 
About a fourth of all operating expenses, he said, go to pay salaries for expatriate employees. 
This sum should drop once the center is running smoothly.",1,companies,HWBUSH,HW Bush (1989-1992),CATEGORY_7,"enterprises, companies, market"
INTERNATIONAL REPORT_Pessimism on Chinese Trade.txt,"ï»¿
Ever since they sailed their clipper ships to China two centuries ago with cargoes of opium, foreign traders have brimmed with optimism about the potential of the vast China market. 
These days, however, on the first anniversary of the bloody suppression of the democracy movement, the flush of optimism is gone, along with much of the business.
While only a handful of American corporations have closed their doors and left China since the crackdown last June 4, and a few newcomers have set up shop, many companies say business is more difficult than ever, and in some cases slower than they had expected it would be.
For most traders with sales offices in China, business is in a deep slump.
''We feel that things just have to get better,'' said a foreign business executive in Beijing. 
''But I can't say we're past the bottom of the cycle.''
Â 
Curbs on Imports and Credit
Executives say these hard times stem from the austerity program China began in the fall of 1988 and intensified last summer, with the Government clamping down on imports and on credit to local companies.
But beyond that, they say the violent crackdown last year and the mixed signals about economic liberalization since then have made it nearly impossible to assess China's political risk with any confidence.
Doing business in China has always been difficult, particularly because China's bureaucracy often requires myriad steps and approvals before any agreement can be signed. 
Collecting and confirming seemingly simple information, like the amount of a new tariff, can often lead a company through a maze of bureacratic red tape without a definitive answer.
Â 
Sales Have Decreased
Now China has tightened credit, cutting off funds to many Government entities and industrial enterprises that would otherwise purchase from American companies, and so sales of American products are down.
For many foreign companies, this year has been marked by other obstacles, further tainting the business climate. 
Some obstacles, like martial law, are being removed. 
But in the meantime China has recentralized its decision-making process, so that the central Government and not just the local authority must agree to certain investment and trade proposals. 
This has created a more difficult and confusing investment environment.
It is also unclear how long China's leaders will stall decisions on economic changes, especially in such areas as freeing prices and expanding stock ownership. 
Many foreign companies had pinned their hopes on a more market-oriented business environment in China. 
Now, greater uncertainty about the direction of economic policy and about political stabilityII has led many companies to cancel or postpone plans for expansion in China.
Â 
Expansion Ruled Out
''We didn't set up any expansion plans before June 4,'' one executive said. 
''But of course after June 4, we wouldn't even consider it.''
The freeze on lending by the World Bank has also meant that loans from foreign institutions are few and far between, and business for bankers has slowed so much that two of the four American bank representatives in Beijing have been reassigned outside China. 
For many foreign bankers who remain here, much of their time is absorbed with loan problems, primarily hotel loans that need to be renegotiated because the debtors have not been able to meet their obligations.
''I guess I was wrong because I thought things would have picked up,'' one foreign banker said. 
''I've been disappointed too many times this year.''
Â 
Optimistic, but Restrained, Talk
Traders and corporate executives prospecting for lucrative investment possibilities have returned to China, and they fill the hotel coffee shops with optimistic, if restrained, talk of business. 
But the current economic recession in China has made prospects grim for new business and investment in the future.
''We're not seeing any new ideas in the pipeline,'' said John T. Frisbie, director of the United States-China Business Council in Beijing. 
''For traders, it'll be lean business years unless there is a significant change in trade policy.''
In the first quarter of this year, American companies signed 65 investment contracts worth $48 million, according to statistics from China's Ministry of Foreign Economic Relations and Trade. 
The ministry has not publicized comparable quarterly figures for previous years, but other statistics show that the latest figure is far below the level in the past.
In the first six months of last year, for example, American corporations signed contracts worth $382 million. 
That was nearly three times the new investment for the same period in 1988. 
At the end of 1989, the total amount of American contracts for investment projects was about $4 billion, an increase of about 20 percent over the amount at the end of 1988.
Â 
Investing Smaller Amounts
Industry executives say there are isolated cases of American and Japanese companies that are considering large investment projects of about $100 million. 
But in general, companies are investing smaller amounts -an average of $700,000 in the first quarter - and negotiations on contracts sometimes have become more cumbersome and protracted during the last year.
''The Chinese are generally strapped for money, so negotiating is as hard as it ever was before, and they are trying to extract as many concessions as they can,'' said Timothy A. Steinert, an American lawyer in Beijing who helps negotiate some deals.
Mr. Steinert added that there seemed to be a rising number of commercial disputes, as American companies become more willing to go to arbitration instead of turning a blind eye to what they believe are contract violations. 
''Problems that were swept under the rug before are now becoming conflicts,'' he said.
Â 
American Exports Down
United States trade statistics show that American exports to China had been on the rise, jumping 16 percent, to $5.7 billion, in 1989. 
The exports fell a percentage point during the first two months of 1990, to $876 million, compared with the same period a year ago.
Some companies say they expect the rest of the year to bring more business, and most companies in industries that China is strategically encouraging, including energy, telecommunications and transportation, say they are still closing sales. 
But most trade representatives say the last year has been a struggle, and they are cutting costs where they can to offset reductions in revenues.
The IBM China Corporation, for example, one of the most visible foreign companies in China, now has 100 employees in its office, compared with 127 a year ago. 
Many other companies have reduced their sales staffs and representatives. 
And most joint-venture hotels have cut down their expatriate staffing and electricity costs.
''The double whammy of economic retrenchment and political shock took the romance out of China,'' a Western diplomat said. 
''It takes a lot of vision and staying power to remain here.''",1,companies,HWBUSH,HW Bush (1989-1992),CATEGORY_7,"enterprises, companies, market"
INTERNATIONAL REPORT_State_s Share Of Businesses Falls in China.txt,"ï»¿
It used to be that in Communist countries the factories were owned by the state and made things that local people could use and understand, like steel or boots or buckets.
Such outmoded visions of Communism elicit patronizing smiles in the fastest-growing areas of China, like this village in eastern Jiangsu Province. 
Here in Chengbei, there are more than 100 factories, not one of them state-owned, and several export to the world market: surgical gloves to New York, glass slides to Britain and West Germany, and telephone cables to Hong Kong.
The factories in Chengbei, all of which were started in the last decade, reflect the rise of the non-state economic sector in China. 
In some areas, particularly here in the fertile expanse around Shanghai, collectively owned and private ventures have flourished to the point that now it is they - not state-owned companies -that dominate the economy.
Is this still socialism, with the state controlling a dwindling minority of production?
Everyone insists that it is, but economically it is a world apart from the Stalinist models of the past. 
The small-scale economic dynamism of the fast-growing Jiangsu, Zhejiang and Guangdong Provinces is still far from capitalism, but it is just as far from China's Maoist past. 
Already the changing patterns of production are reshaping social and political attitudes.
Â 
'True Businessmen'
When a visitor asked the mayor of a town in Guangdong Province why it had attracted so much foreign investment, the mayor had a quick answer.
''Foreign investors like dealing with us because they know they're dealing with true businessmen, not Communist officials,'' he explained. 
That is not quite true, but clearly the local governments are becoming more business- and market-oriented.
In Jiangsu Province, state-owned companies last year accounted for 43 percent of industrial production, compared with 52 percent for the collective sector and about 5 percent for private enterprise. 
The non-state sectors are not only the biggest part of the local economies in some areas but by far the most dynamic.
When the Industrial Revolution began in England two centuries ago, it emerged not in what were then the biggest cities - London, Norwich and York - but in the backwaters of Manchester, Liverpool and Birmingham. 
Similarly, China's economic revolution is concentrated not in big cities like Beijing and Shanghai but in the smaller towns of Jiangsu, Zhejiang and Guangdong Provinces.
Â 
Remarkable Growth Rates
Each of these three provinces has seen industrial production grow by 15 percent to 20 percent a year, making their economies among the fastest-growing in the world. 
Indeed, some of this growth has been wasted - the result of zealous expansion even when it was not efficient - and the Government is trying desperately to rein in the overheated economies.
''It's a little sad,'' said Gu Songnian, the director of Jiangsu's Economic Research Institute. 
''It's not sustainable. 
We have to lower our growth rates.''
Already, some collective enterprises are feeling the pinch of the national retrenchment, as the Government cuts off credit and supplies of raw materials. 
In Wuxi County, where collectives have flourished in the last decade as almost nowhere else in China, one-third of the 12,000 township enterprises will have to close or merge, official news organizations have reported.
Despite some hard times, Jiangsu is expected to continue to prosper and its collectives to gain ground relative to the state sector.
As the state sector diminishes, Jiangsu Province and the other advanced areas fall into an uncertain economic zone that defies easy definition. 
They are like no other socialist economy, for the state is responsible for only a minority of production. 
And yet they are by no means capitalist or market economies, for various layers of the Government still control the prices and allocation of important ingredients, from labor and capital to electricity and steel.
In this, Jiangsu is only a more developed and extreme form of the national economy. 
Nationally, the share of industrial production from state-owned companies has fallen to less than 59 percent, from 81 percent a decade ago, while the share of collectives has risen to more than 36 percent, from 19 percent in 1978. 
Private businesses rose to 5 percent of industrial output from almost nothing.
Â 
'Collective' Means Many Things
But even if the share of collective enterprises rises further, it does not quite mean that private enterprise has taken over. 
Collective enterprise is a term that includes a variety of kinds of companies, from family enterprises to worker-owned factories to companies that are effectively owned by local governments.
''Our concept of individual and collective enterprises is different from yours,'' Jiangsu Province's governor, Gu Xiulian, said in an interview. 
Many of the collectives, for example, are operated by former workers' communes, with the profits shared by everyone in the township.
Even if collectives are not quite free-market enterprises, it is clear that they follow the market more closely than state-owned companies. 
A collective company that loses money, for example, is driven out of business, while a state-owned company simply picks up a subsidy from the Government. 
Collectives also have greater flexibility to pay employees according to their work, and to react to market conditions.
''China now has a problem,'' said Xiao Bin, director of the Dongfeng Auto Industry Corporation in Jiangsu's capital, Nanjing. 
''If workers work harder, they usually don't get much more than those who are lazy. 
More and more collectives will appear, because at collectives those who work harder will get a bigger bonus.''
Â 
The Freedom to Reward
Mr. Xiao's own company is an example of the flexibility that collectives enjoy. 
One of the biggest collectives in Jiangsu, with 1,020 employees, Dongfeng has to buy most of its raw materials on the free market instead of from the state at fixed low prices. 
But it also has the right to sell its trucks and vehicle parts at market prices, and to use the money to reward employees.
Yet in Jiangsu, as collective enterprises multiply, state-owned companies are feeling pressure to become more flexible than state-owned companies elsewhere.",1,companies,HWBUSH,HW Bush (1989-1992),CATEGORY_7,"enterprises, companies, market"
INTERNATIONAL REPORT_Stock Markets_ Role Grows in Chinese Economy.txt,"ï»¿
Still coping with a trading system that is puzzling to foreigners and Chinese alike, China's stock markets are likely to gain new importance as the Government proceeds with plans to bolster the economy by turning state-owned businesses into shareholder-owned companies.
The latest sign of high-level, if cautious, support comes from Zhang Yanning, vice minister of the state commission for restructuring the economy. 
Mr. Zhang said on Saturday that the establishment of stock markets would be a main area of economic experimentation this year.
Prime Minister Li Peng has also made several statements in the last month that hint at changes in China's system of public ownership. 
Many Chinese experts assume such changes would mean a move toward a shareholding system, because its supporters have seized the linguistic high ground by asserting that ''publicly held'' companies are simply another form of the ''public ownership'' that has long been a fundamental tenet of socialism.
In any case, a new research institution was established last month to draft securities laws and make plans for a major national stock exchange.
''So far, the markets are all local ones,'' said Wong Poming, an adviser to a team of financial institutions that are trying to create the national exchange. 
''Only a national stock market can serve the role of a real financial center and larger capital market to allow companies to raise the kind of funds they need.''
Until national standards can be set for shares, the Government has ordered companies to proceed very slowly in issuing stock.
Trading on China's stock markets at present bears little resemblance to activity at the stock exchanges in the United States, Japan and other nations. 
For one thing, stock prices, which are mostly $5 to $30 a share, are usually determined more by the Communist Government than by supply and demand. 
As a result, prices rarely fall.
Â 
'They Only Go Up'
''People come from abroad and say, 'What is your morning price or your afternoon price?'
'' said Luo Zhenzhong, a manager of the stock market in the northeastern city of Shenyang. 
''But our prices don't change for a month at a time, and when they change they only go up.''
For another, the ''stocks,'' unlike General Motors or I.B.M. common stock, do not in most cases represent ownership in the company but simply the promise of a dividend and perhaps a chance to win a prize.
A third characteristic of China's markets is that few shares are freely traded. 
In the last five years, more than 10,000 Chinese companies have issued shares, but nearly all went to the employees of the issuing company. 
On the Shanghai market, for example, only six stocks are listed, along with six bonds, and on the Shenyang market only one recently listed stock is traded.
Â 
'Nobody Has Come to Sell a Share'
The Shenyang market is actually a bank branch that also trades in 40 bonds. 
It is a seat-of-the-pants operation where officials make decisions as they go along.
Asked whether investors could sell back shares at their original purchase price, Mr. Luo said, ''Nobody has come to sell a share, so we don't know what price to pay.''
The one stock traded on the Shenyang market, the Gold Cup Automotive Factory, is regarded by Western diplomats and economists in Beijing as the closest thing China has to a Western-style stock because, for example, shareholders can vote for the company's management.
The Shenyang market was the first stock market in Communist China, opening in the fall of 1986. 
But the stock market in Shanghai best reflects the metamorphosis of the Chinese securities markets.
Â 
Deathly Silence Ends
Two years ago, the Shanghai market, in the lobby of a state-owned bank, was deathly silent. 
The bank rarely adjusted prices, and so a lucky investor who was able to buy a share was never willing to sell. 
Weeks went by without a trade.
Now, 1,500 shares a week are traded. 
And Shanghai, far more than China's other stock markets, allows supply and demand to determine prices. 
Almost all transactions are conducted at the true market price, and the bank lobby is full of eager investors watching the show and looking for deals.
Not only do investors make money, but, perhaps more important for the development of the market, they sometimes lose money.
''There are no restrictions on price movements,'' said Huang Guixian, manager of the Shanghai stock market, who has the sensitive task of creating a capitalist-style stock market in Communist China. 
''And people can buy as many shares as they want,'' he added.
Â 
No Legal Underpinning
The greatest problem is that there is no legal underpinning for the shareholding system, Mr. Huang said. 
China has scarcely any securities law or company law, which accounts for why no one knows whether the shareholders really own the companies or what would happen if the shareholders tried to oust the management.
Because of the lack of a legal framework, as well as the proliferation of different pieces of paper that are all called stocks by the issuers, the Chinese Government announced in February that it would sharply restrict new stock issues over the next two years.
One Chinese official expects a new securities law to be implemented later this year, which he thinks will spur an increase in stock activity. 
Meanwhile, shares are being issued, but cautiously.
In Shanghai, a $6 million stock issue went on sale last week from the Shanghai Vacuum Electronic Component and Cell Company. 
That issue will bring a 60 percent increase in the total valuation of the stocks traded on the Shanghai market.
Â 
Lack of Understanding
In addition to the lack of a legal foundation, very few people really understand how a stock market works.
''People under the age of 50 don't understand stocks,'' Mr. Huang said. 
''We heard all the news about Black Monday in America, when stock prices plunged, and about an investor who was so upset that he shot his broker. 
But the good aspects of the stock system aren't reported. 
And so some people are suspicious.''
Until the Communist revolution in 1949, Shanghai's stock exchange was the biggest in Asia. 
But it was closed in 1950 and reappeared only three years ago.
Chinese officials still mostly endorse stock ''markets'' rather than stock ''exchanges,'' which they associate with capitalist speculation instead of socialist investment.
Â 
Very Simple Markets
''Today, the stock markets are very simple, and they're difficult to improve because people don't know much about securities,'' said Liu Guoguang, an economist who is an alternate member of the Communist Party Central Committee.
Mr. Liu pointed out that although Chinese stocks pay interest, they involve little or no risk. 
He said it was important to introduce risk in the markets, and he predicted that as the markets gained experience they would play a more important role in the economy.
Already, the Shanghai market has some of the paraphernalia of a Western or Asian stock exchange. 
There is an electronic ''big board'' listing the shares and their latest prices, and an electronic ticker tape that lists stock averages, not that they change very often.
The Shanghai market, primitive though it is, is far more advanced than those in cities like Beijing, Wuhan, Shenyang and Guangzhou.
Â 
Buy a Stock, Get a Prize
At Shenyang's market, for instance, there is no sign of the hustle and bustle found in Shanghai. 
In fact, one major reason that investors buy bonds on the Shenyang market is the chance of winning a prize. 
Companies have found that the way to make their bonds appealing is to attach lottery tickets, so that investors stand a chance at winning a television or a refrigerator.
Gambling is illegal in China, and so investing in bonds is the closest legal thing, even if the prices are almost guaranteed not to drop.
The Shenyang market's expansion plans included the offering of shares denominated in United States dollars to foreign investors, but so far the People's Bank of China in Beijing has not given the necessary approval. 
Mr. Luo, the exchange official, acknowledged that offering an issue to foreigners would be a bit more complicated.
''It's O.K. to issue locally, because people here don't really know what stocks are,'' he said. 
''But to sell abroad, with all those regulations and daily fluctuations, we'd have to make things perfect.''",1,companies,HWBUSH,HW Bush (1989-1992),CATEGORY_7,"enterprises, companies, market"
Japan Banks in China Loan.txt,"ï»¿
In the biggest Japanese loan participation to China since Beijing's crackdown on pro-democracy protests last year, 11 leading Tokyo banks have joined in an $82 million syndication loan for a television-tube plant in China, banking officials said Saturday.
''This loan has an important meaning,'' said a Hong Kong banker dealing with China.
''It shows that the big Japanese banks are prepared to resume lending to China on a large scale.''
China's bloody military crackdown on the demonstrations in June 1989 prompted commercial banks worldwide to freeze or cut lending to the country.
The officials said the loan group consisted of 11 Japanese banks and several Chinese financial institutions. 
The company receiving the loan, the Shenzhen SEG Hitachi Color Displays Devices Company, is 25 percent owned by the Japanese electronics giant Hitachi and the rest by Chinese companies.",1,companies,HWBUSH,HW Bush (1989-1992),CATEGORY_7,"enterprises, companies, market"
Japan Loans To China.txt,"ï»¿
Japan announced Friday that it was resuming a development loan program for China that has been frozen since the brutal suppression of pro-democracy protests in Beijing last year.
Japan will make available up to $283 million to China for seven projects ""to contribute to economic stabilityI and to promote the economic modernization efforts of the country,"" the Foreign Ministry said.
It said in a statement that Japan's Ambassador to China, Hiroshi Hashimoto, and Qi Huaiyuan, a Chinese Foreign Ministry official, had exchanged a memorandum of understanding on the plan.
The money is part of a five-year package of development loans to China totaling $6.28 billion.
In July, Prime Minister Toshiki Kaifu promised to resume the loans gradually. 
Other industrialized democracies have also been gradually easing sanctions on China in recent months.
The terms of the loans to China include an annual interest rate of 2.5 percent and a 30-year repayment period. 
Japan will not require that Japanese companies be involved in the programs.",1,companies,HWBUSH,HW Bush (1989-1992),CATEGORY_7,"enterprises, companies, market"
Japan Seen Easing on China.txt,"ï»¿
The former Japanese Prime Minister, Noboru Takeshita, said on Wednesday that he expected Japan to lift its freeze on loans to China soon.
Mr. Takeshita, a leading figure in the ruling Liberal Democratic Party, said, ''I expect we can do something by the time of the summit.''
The leaders of seven of the leading industrial nations are to hold their annual summit meeting in Houston in early July.
Officials here have hinted that Japan may push at the meeting for a relaxation of the sanctions against China that were endorsed at last year's session. 
The sanctions were a response to Beijing's crackdown last year on a pro-democracy movement.
Japan, the largest provider of aid to China, froze $5.6 billion in loans promised for 1990-95 in an agreement drawn up during Mr. Takeshita's administration.
China badly needs new loans to service its foreign debt of $44 billion, some 50 percent of which is owed to Japanese banks and government agencies. 
Loans are also required for crucial projects like power stations, railways, ports and fertilizer plants.
Mr. Takeshita's remark comes as Japanese business and political leaders have been stepping up pressure on the Government to increase trade by lifting the freeze.",1,companies,HWBUSH,HW Bush (1989-1992),CATEGORY_7,"enterprises, companies, market"
Mass Migration of Chinese Floods a Prosperous Canton.txt,"ï»¿
A mass migration officially estimated at more than 2.5 million Chinese has flooded this city in the last few weeks, responding to the lure of southern China's prosperity.
''I'd heard that it was easy to make money here,'' Long Zaohong, a 30-year-old peasant from neighboring Hunan Province, said as he sat on a bundle of his possessions in front of Canton's railway station. 
Mr. Long arrived Wednesday with four friends, part of a human wave that reached a peak of 100,000 arrivals a day and has since receded to about 6,000 daily.
If the reports are not exaggerated, the flow of people exceeds the entire emigration from the Chinese mainland to Taiwan at the end of China's civil war in 1949. 
[Citing a threat to law and order, the Government in Beijing has ordered local authorities to halt mass migrations of peasants into Canton and other major cities, Reuters reported on Monday.] The authorities acknowledge that the existing figure on Canton's population, officially said to be 3.2 million in 1985, is a considerable underestimate. 
But by any reckoning, the latest influx, if most of the newcomers manage to stay, would place an extraordinary burden on the city.
The mass migration reflects the extent to which the economic revolution of the last decade has divided China into regions of markedly unequal wealth and prospects. 
The green rice paddies of Guangdong Province, in the south, used to be famous as the part of China that people left, on their way to America or Southeast Asia. 
Now, Guangdong is famous throughout China as the promised land to which people dream of moving.
A decade in which Guangdong has pursued wealth more than Communism, in which it has served as an experimental zone for all of China, has made it the richest and most envied spot in the nation. 
The migrants in front of the railway station bear the same dreams that inspired some Chinese a century ago to seek a fortune in Old Gold Mountain, as San Francisco is known in Chinese.
Rumors of the fortunes that could be made in Guangdong apparently spread during the Chinese New Year festival in the first half of February, for that is when the migrants began to arrive. 
At the peak, 100,000 arrived each day from all over the country. 
Guangdong officials frantically alerted their counterparts about the crisis, and spread the word that no jobs were available.
Perhaps more effective was the decision by railroad officials to suspend some services to Canton and to institute three special trains a day to take people back from Canton to their hometowns. 
Many thousands are stranded at railway junctions throughout the country and hope to continue to Canton, but officials think the worst is over for this year.
Nonetheless, thousands of people remain camped with their luggage in front of the Canton train station or living in parks or open spaces in the city.
''It's like an explosion,'' Yang Zhanchu, a manager in Guangdong's labor department, said in an interview. 
''They don't know the facts. 
They just come blindly.''
That such a wave of migrants could occur at all suggests the increasing loss of order and control on the part of the authorities, particularly in southern China. 
It used to be that changing jobs or residence was nearly impossible, but now many people simply ignore the rules and go.
Many of them seem to have come quite casually, planning to have a look around and take a job if they can find it.
Most do not use the Cantonese dialect spoken in Canton, which is also known as Guangzhou, and that makes job searches more difficult.
''I learned some Cantonese on the train here,'' said Yao Shanlong, a 33-year-old craftsman from Zhejiang Province. 
''My wife said, 'You should go and sell some handicrafts.'
''
A similar influx occurred after the Chinese new year in 1988, but this year has been much larger. 
Apparently, the 1 million to 2 million migrant laborers already in Guangdong went home for the new year and spread tales - often exaggerated - of the money to be made in Guangdong.
Some migrants have found jobs, and others have returned home. 
Many others apparently have dispersed throughout the province to continue their search.
Guangdong appears to be giving no warmer a welcome than America gave Chinese immigrants in the last century.
Local people say that thieves and prostitutes are disproportionally from other provinces. 
A lawyer in the southern city of Shenzhen says that local prostitutes include many college graduates from all over China who are earning money to study in the United States.
Guangdong's Governor, Ye Xuanping, warned this week that the migrants may be forcibly repatriated, and as a stark warning, the authorities have set up a display case near the railway station reporting the recent execution of 17 criminals.
But most of the migrants are looking for honorable jobs, and many seem to be giving up hope.
''We had heard that there was lots of work,'' said 21-year-old Zhu Wai, a gawky, wide-eyed peasant from Henan Province who came with four friends. 
''But we've been looking for 10 days now and there is none. 
We're going home.''",1,companies,HWBUSH,HW Bush (1989-1992),CATEGORY_7,"enterprises, companies, market"
More Austerity Seen for China.txt,"ï»¿
A tough austerity policy this year slowed China's runaway economy, but it will take at least three years to put it back on course, the Government says.
Â 
The People's Daily quoted
Yuan Mu of the State Council as saying on Tuesday that industrial output grew in the first nine months by 8.9 percent from the like period last year, down from a 17.7 percent gain in 1988 over the previous year.
Inflation climbed to a more than 30 percent rate in the first quarter, a 40-year record, before cooling off somewhat to a 17 percent rate in July. 
The austerity program was introduced in September last year.
But Mr. Yuan warned that it would take at least three years to cure the serious economic sicknesses that had worsened since 1984 - low efficiency and enormous waste, runaway capital construction and an irrational structure, with loss of control in some areas.",1,companies,HWBUSH,HW Bush (1989-1992),CATEGORY_7,"enterprises, companies, market"
More Wheat to China.txt,"ï»¿
China has bought an additional 359,775 metric tons of American wheat under a price subsidy program, the Agriculture Department said today. 
F. Paul Dickerson, general sales manager for the department's Foreign Agricultural Service, said six private exporting companies had made the deals under the department's Export Enhancement Program. 
The sales were part of two million tons authorized on May 2 for China under the program.",1,companies,HWBUSH,HW Bush (1989-1992),CATEGORY_7,"enterprises, companies, market"
Moves in China To Cut Incomes.txt,"ï»¿
A northeast China province regarded as a pioneer of market-based economic reforms is moving to cut the ''unfair'' high incomes of entrepreneurs, China's official newspaper said Friday.
The government of Liaoning
Province will place a ceiling on private incomes and review agreements under which entrepreneurs have leased companies from the state, The China Daily said.
In recent years, the region has encouraged individuals to manage money-losing state enterprises. 
A certain percentage of profits is handed over to the state.
Profit quotas will now be adjusted to curb managers' incomes, and a ceiling will be set for the highest earners, the newspaper said.",1,companies,HWBUSH,HW Bush (1989-1992),CATEGORY_7,"enterprises, companies, market"
"NATIONAL NOTEBOOK_ Atlanta_Asian Square, For Shopping.txt","ï»¿
CONSTRUCTION of an $8 million, 109,000-square-foot shopping center begins next month to serve a growing Asian population here.
The project, Asian Square, is scheduled for completion in mid-1992, said Roger Lin, general partner in a group of Chinese businessmen developing it. 
Space is being leased or sold, and so far 30 percent of it has been committed, he said.
The shopping center will have a supermarket as an anchor that will carry specialty foods appealing to Asian tastes. 
It will rise just northeast of Atlanta, in the town of Doraville, home to many of the Asian immigrants moving to the Atlanta area. 
The architect is Gerald Tirella of Atlanta.
The partners are financing the project themselves, said Mr. Lin, a native of Taiwan who has lived in Atlanta for eight years.
Although the Atlanta region has a glut of retail space, Mr. Lin said the partnership was encouraged to pursue the project because of the growing Asian population and the success of a similar shopping center nearby.
About 70,000 Asians -- among them immigrants from Taiwan, Hong Kong, Korea and Vietnam -- live in the Atlanta area. 
The population is expected to jump to about 82,000 by 1995.
The smaller Asian shopping center, China Town, built by another group of Chinese businessmen, is almost fully leased. 
The center, which includes a bank, a newsstand, a video store and several restaurants, attracts large crowds, particularly on weekends.
""There certainly is a need for another Asian shopping center,"" said James Yeh, president of the Atlanta Taiwanese Chamber of Commerce.
Although Asian Square may struggle initially because of its large size, Mr. Yeh said the project should be successful in the long run. 
The vacancy rate for retail space in Atlanta is 15.7 percent, according to a study by Jamison Research in Atlanta.
Mr. Yeh said Asian businesses are now scattered along a corridor between Doraville and Chamblee, another Atlanta bedroom community northeast of the city. 
Business leaders hope that the shopping centers will concentrate merchants in a Chinatown arrangement of the sort found in other major cities.
Kim Nguyen, a clothing store owner who plans to move to Asian Square, said several Asian businesses had outgrown their current space and were looking for new locations.
""I think it's going to be a good place to have a business,"" said Mr. Nguyen, a native of Vietnam who has lived in Atlanta for about 10 years.",1,companies,HWBUSH,HW Bush (1989-1992),CATEGORY_7,"enterprises, companies, market"
Output in China Spurts.txt,"ï»¿
China's industrial output surged in October from a year ago, posting its largest monthly rise this year. 
Prime Minister Li Peng, meeting with Japanese executives, said on Wednesday that industrial output rose 12.7 percent from October 1989. 
This compared with growth of 7.5 percent in September.",1,companies,HWBUSH,HW Bush (1989-1992),CATEGORY_7,"enterprises, companies, market"
"Output Rises, China Says.txt","ï»¿
China's industrial production jumped 19 percent in the first eight months of 1992, compared with the corresponding period last year, the state-run New China News Agency reported today.
The press agency quoted the State Statistical Bureau as saying output from heavy industry climbed 21.3 percent while light industry rose 16.3 percent to push total industrial production to $331.9 billion from January through August.
Officials attributed the jump to faster economic development in southern China's market-driven coastal cities and an increase of 40 to 50 percent in joint ventures, the agency reported.
In specific sectors, coal production rose 10.8 percent, electricity 10 percent, nonferrous metals 18.3 percent, ethylene 18.9 and plastic 17.3 percent.",1,companies,HWBUSH,HW Bush (1989-1992),CATEGORY_7,"enterprises, companies, market"
Pay in China Is Criticized.txt,"ï»¿
Many Chinese businesses are paying managers too much, an influential Beijing newspaper said on Friday.
The Economic Daily said that too many managers earned more than the state allowed and that controls should be tightened to prevent dissatisfaction among workers.
According to rules issued by the State Council, or Cabinet, managers can earn as much as three times as much as workers.
The Central Committee of China's ruling Communist Party last week called for closer links with the people. 
Western diplomats said the party was taking up issues it saw as popular with workers to solidify its grip on power. 
One such issue is disparity in pay.
The official news organizations have also described workers as the backbone of the economy and praised companies that promoted officials from the ranks.",1,companies,HWBUSH,HW Bush (1989-1992),CATEGORY_7,"enterprises, companies, market"
Postings_ Chinatown_s Wall St._New Bank Tower.txt,"ï»¿
The 15-story Glory China Tower, now under construction at 11 East Broadway, on the corner of Catherine Street, is at least eight months away from completion, but its development would seem to further the case for East Broadway as Chinatown's Wall Street.
The main tenant is to be the Ka Wah Bank of Hong Kong, which is owned by Citic -- the China International Trust and Investment Corporation -- based in Beijing. 
While Ka Wah has operated in New York since 1983, the opening of its new branch in 1991 will mark its debut as a retail bank. 
Its offices are now on the 38th floor of the Continental Illinois Building, 520 Madison Avenue, between 53d and 54th Streets. 
That location alone discourages anything but specialized business.
""We are authorized to do retail banking but we don't actively promote it,"" said Peter Zhao, senior vice president of the Ka Wah Bank and manager of its New York branch. 
""Asking Chinese people to come uptown and do business on the 38th floor is not ideal. 
Basically, we've been doing wholesale business.""
""The bank had been looking for a prime location in Chinatown for quite a long time,"" Mr. Zhao said, ""and this was one of the best locations.""
Indeed, it is virtually at the center of a remarkable cluster of financial institutions around Chatham Square, including the Abacus Federal Savings Bank, 6 Bowery; Asia Bank, 23 Chatham Square; Bank of China, 42 East Broadway; Chinese American Bank, 225 Park Row; Citibank, 2 Mott Street; Golden City Bank, 45 East Broadway; Hang Seng Bank, 27 East Broadway; Hongkong Bank, 29 Bowery; Manhattan Savings Bank, 17 Chatham Square and United Orient Bank, 10 Chatham Square. 
These are based variously in New York, Hong Kong, Taiwan and China.
The site at No. 11 used to be occupied by the Pagoda movie theater. 
Earlier redevelopment plans, by a local builder, called for a hotel there. 
After that proved unworkable for lack of financing, the property was purchased in 1988 by Glory China Development Ltd., of Hong Kong. 
""They thought the best way was to build an office building and let a bank occupy this prime location,"" Mr. Zhao said. 
Ka Wah will occupy the first three floors and penthouse of the 60,000-square-foot structure.
The building, with limestone and glass curtain walls, was designed by Daniel Pang & Associates of Manhattan.",1,companies,HWBUSH,HW Bush (1989-1992),CATEGORY_7,"enterprises, companies, market"
Record Harvest in China.txt,"ï»¿
China will harvest a record 422 million tons of grain this year, official reports said today. 
The China Daily quoted Chen Yaobang, Deputy Minister of Agriculture, as saying that the grain crop would be 15 million tons higher than last year's record 407 million tons. 
He said good harvests were also expected in cotton, edible oils and sugar.",1,companies,HWBUSH,HW Bush (1989-1992),CATEGORY_7,"enterprises, companies, market"
Rural China Learns to Earn a Little Extra.txt,"ï»¿
The way for peasants to get rich, Wang Hongjun used to think, was to raise more livestock and plant more grain and potatoes.
Then Mr. Wang, who heads a rural county in Sichuan Province, was sent three years ago to the State Training Center for Cadres from Poor Areas.
In the six-week course in Bejing and other parts of eastern China, Mr. Wang learned that in some parts of the country peasants had tripled their incomes by beginning small businesses, and he concluded that the road to wealth laynot in more farming but in running sideline businesses.
Upon his return to his county, Mr. Wang persuaded peasants to set up a silk-making cooperative. 
Instead of selling silkworm cocoons to Shanghai factories, they would process the silk right there. 
The factory has prospered, and Mr. Wang and other Sichuan Province officials describe it as an enormous money-maker for the county.
The Training Center is proud of the factory, and of other innovations that have resulted from its seminars. 
The center is part of a broad anti-poverty campaign in China that has shown considerable success in eliminating theproblems that afflict large numbers of people in other parts of the third world: malnutrition, epidemic disease and abysmal health care.
These days almost all Chinese have food to eat and roofs over their heads, so increasingly the trend in anti-poverty work is in spreading education and information rather than arranging income transfers.
""The Government used to try to spend money primarily on relief efforts,"" said Liu Yitao, deputy director of the training center. 
""If there wasn't enough grain in an area, then the Government would send grain. 
But these days the effort is mainly to help peoplehelp themselves.""
Such efforts at education and assistance are aimed at the 110 million people, nearly 10 percent of the population, who are classified as poor because they earn less than $62 a year. 
Such people will not starve to death, but their lives are bleak: they live in mud huts or caves, eat meat only on festivals, and have trouble paying the fees to keep their children in school.
While China has been quite successful in alleviating the most dire forms of poverty, it has had little success in stimulating local markets and equalizing the opportunities among various parts of the country. 
While all China benefited immensely during the last dozen years of the open-door policy, the richer coastal areas gained the most. 
The gap between rich and poor areas has grown considerably in that period.Funds are limited, as is the effect the Training Center alone can have on the lives of the vast numbers of poor people. 
But since the center's founding in 1987, some 17,000 local workers have taken part in its programs.
Typically they spend about 45 days, partly in seminars in Beijing and partly touring parts of coastal China that have turned to agribusiness to help their economies.
Many of the officials in poor areas are peasants, and the tour of more prosperous regions comes as a revelation to them.
In particular, the program aims to show them how their villages can start rural enterprises -- everything from making shoes and buckets to processing tofu and sausage -- as a way to supplement the income from traditional agricultural products.",1,companies,HWBUSH,HW Bush (1989-1992),CATEGORY_7,"enterprises, companies, market"
Shaky Numbers Behind China_s Rosy Economic Picture.txt,"ï»¿
CHINA appears to be easing out of its worst economic slump in a dozen years, but Chinese and foreign economists say the recovery will be slow and painful and that there is no sign of any significant move toward a market economy.
Just a few months ago, there were some tentative hints that China might lift price controls and adopt other market-oriented changes.
But these days the central planners are again dominant, and drafts of the country's five-year plan that will take effect in January reportedly contain little in the way of a commitment to change.
""They talk about reform, but there are no specifics,"" said a Chinese economist. 
""It's a blank when it comes to reform.""
Still, Chinese officials, in public at least, are emphasizing the good news: industrial production is rising again. 
At the beginning of this year, some diplomats and Chinese thought that the economy might continue to deteriorate and lead to large numbers of factory closures and new protests, but that risk seems to have receded.
""The economy is now taking a turn for the better, thereby promoting political and economic stabilityI,"" Zhang Zhongji, spokesman for the State Statistical Bureau, said at a news conference last week.
He noted that industrial output in September climbed 7.5 percent from the same period a year earlier -- the best performance since July 1989, a month after the army crackdown helped push the economy into a slump.
Mr. Zhang also noted other good economic news:
* A bumper harvest, including a record 420 million tons of grain, is expected this year.
* Inflation has been subdued, and the index of retail prices stood last month only 1 percent higher than a year earlier.
* China's foreign exchange reserves are rising because of a strong trade surplus, which totaled $4.9 billion in the first nine months of this year.
Yet some official reports acknowledge that the situation is still grim, and most ordinary Chinese apparently feel the same way.
Beijing workers say that in recent days they have been summoned to meetings in which officials have read to them a document announcing hefty price increases in coal, cooking gas, natural gas, electricity and other necessities.
The price of the ubiquitous cakes of coal that are used as fuel in Chinese homes all winter also soared, by 50 percent, the document discloses.
""Of course, we're unhappy,"" said a worker in his 20's. 
""But what are we to do?
The Government spent so much money on the Asian Games that they have to get it back somehow.""
The price increases have invited some sarcastic comments at these worker meetings, but no strikes or other significant indications of rebelliousness have been reported.
THE Asian Games, a mini-Olympics, concluded successfully in Beijing early this month, and the authorities apparently felt that security was tight enough and the atmosphere calm enough that they could introduce the price increases -- which have not been disclosed in the news media -- without provoking unrest.
But diplomats here and Chinese economists say there is much more to the story. 
For most of this year, the increases in industrial output simply went into ever-higher mountains of inventories. 
The inventories continued to increase even last month, the diplomats and economists note, and they will impede the recovery that may now be under way.
Moreover, part of the reason for the industrial growth is a statistical fluke: China calculates each month's growth as a comparison of the same period one year earlier. 
Since the latter half of last year was severely affected by the slump, it is therefore easier to show growth now in comparison with that period.
Seasonally adjusted production figures, developed by Rock Creek Research Inc., an American consulting firm, also show China's industry generally improving since March of this year. 
But Rock Creek's figures underscore the problems that remain: its models suggest that industrial growth slipped badly in July and August of this year.
Likewise, inflation is subdued now, but the Government has sharply eased credit this year -- $20.4 billion in additional loans in the first eight months of 1990 -- to stimulate the economy. 
Government payments to farmers for the grain harvest in coming months will also expand the money supply and perhaps lead to inflationary pressures, after a lag of six months or more.
""There'll just be more inflation down the road, and we'll be back to the cycle of boom and bust,"" said a Chinese economist.
One of the main reasons for the economic slowdown was that consumers simply stopped buying goods, apparently in part because of the turmoil in the capital and uncertainties about the future.
Refrigerators, televisions and electric fans piled up at stores around the nation, and some store managers resorted to desperate measures to clear their stocks: they promised to refund the sale price in full, after five years. 
That brought in some cash, but no one knows the extent of this liability or how it will be paid off.
NOW retail sales are gradually picking up again, but companies that make household appliances are still in desperate shape.
In the first three quarters of 1990, production of washing machines was only 69 percent of the level in the same period of 1989, and output of refrigerators was at 64 percent of the level of 1989.
What pains many economists -- Chinese as well as foreigners -- is that the Government has not made use of the slowdown to remove price controls and introduce a restructuring. 
Freeing prices might have been accomplished relatively easily earlier this year, when inflation was subdued, but will be much more difficult as the economy picks up.
Moreover, the economic purpose of a recession, to weed out inefficient companies, is neglected in China because the state always protects companies from bankruptcy.
""There hasn't been any fundamental structural change accompanying this recession,"" said a Western economist in Beijing. 
""The fundamental problems are still here. 
I don't believe state enterprises are one iota more efficient now than they were two years ago.""
Indeed, they may well be less efficient. 
The state-owned sector of the economy is a disaster area: one-third of state-owned companies are losing money, and the total losses in the first three quarters of this year were double the total losses in the same period last year.
WITH state enterprises on the ropes, the recovery is coming from the sectors that have been most pummeled by the central planners over the last year, but that have still managed to maintain a measure of vitality.
Of the 7.5 percent industrial growth in September, for example, the state sector saw growth of only 3 percent, while rural collective enterprises grew at a rate of 9.4 percent, and the tiny sector that includes private businesses and joint ventures soared 57.7 percent.
""There are all these conflicting strains in the economy, in terms of regions and in terms of types of ownership,"" said a Western diplomat. 
The diplomat noted that growth was strongest in the coastal areas of China that already are richer than the interior.
Many economists would be more optimistic if they saw signs that the Government was embracing proposals for structural change. 
But instead the Government apparently intends to postpone any major changes for at least a year or two.
The only changes that apparently have been agreed upon involve modifications in the contract system that governs most Chinese enterprises.
Chinese and foreign economists say the leadership has agreed that new contracts will include a more systematic method of taxation in which enterprises' taxes will be paid as a proportion of revenues. 
The taxes will also be the companies' first obligation.
A second change is that payments of principal on certain loans will no longer be deductible from the companies' taxes.
These are minor adjustments compared with the sweeping economic changes that many foreign economists recommend and that some Chinese officials have been lobbying for in recent months.
Â 
Â 
THE UNEMPLOYMENT RISK
ONE of the principal political risks for the Chinese Government is rising unemployment, in part because it is the employer that has prime responsibility for monitoring and controlling workers. 
Unemployment not only distresses workers, but it also makes it easier for them to act with impunity.
""The unemployment situation is very grave,"" Economic Reference News, an official newspaper, reported last month. 
It said the unemployment rate has risen to 4.4 percent, from 2.5 percent, ""greatly surpassing the warning level of 3 percent.""
In China, however, statistics are often at odds. 
Zhang Zhongji, spokesman for the State Statistical Bureau, said the unemployment rate was unchanged, at 2.6 percent.
In any case, these figures do not include large numbers of young people who are officially ""awaiting assignment.""
In the next five years some 92 million people are expected to enter the ranks of the labor force, and the Government will be hard put to provide jobs.
Perhaps as a result, the leadership has already stopped criticizing private and collective enterprises and is now hailing them and the ""free markets"" where private traders sell their goods.
""The leaders know that they can't solve the employment problem through the state sector or the agricultural sector,"" said a Western economist in Beijing.",1,companies,HWBUSH,HW Bush (1989-1992),CATEGORY_7,"enterprises, companies, market"
Shenyang Journal_A City That Undoes Mao Under His Steady Gaze.txt,"ï»¿
This drab, Dickensian city, where a statue of Mao presides over the snow-covered central square, is best known for its soot and industry.
Now, relying on an imagination that rivals Dickens's own, it has found a new product to earn it recognition: ideas about how to make China work.
No one knows quite why Shenyang has become a prime battlefront in the struggle to revitalize China's economy, but there is little doubt that this wintry city 400 miles northeast of Beijing has become a testing ground for the entire country.
''We are proud that we can contribute to our country's reform process,'' said Han Yaoxian, a city official who wrote the nation's first bankruptcy law - and then applied it to several companies that until then had cheerfully been losing money for years.
Shenyang was the first city in China to open a securities market, the first to float shares in a large state-owned company, the first to allow a company to go bankrupt, the first to propose selling stock to foreigners, the first to institute wide-scale job transfers and layoffs, and the only one to open an office in South Korea. 
#5.3 Million People In effect, this city of 5.3 million is pioneering the next big task for China's economic development: revitalizing the state-owned companies that produce more than two-thirds of the nation's output.
Guangdong Province in the south pioneered the system of special economic zones and joint ventures with foreign partners. 
Jiangsu Province pioneered the development of rural enterprises that have flourished in the last decade. 
And now the greatest challenge - to foster incentives in the country's heavy industrial base and inject dynamism in state-owned companies that dominate the economy -is being confronted in Shenyang.
''Shenyang is on the leading edge of reform in many different areas, in housing, foreign trade, stocks, management and development of the private sector,'' said Carl Eugene Dorris, the United States Consul General in Shenyang.
Part of the reason, Mr. Dorris said, is that Shenyang has some leaders who are unusually capable, and some factory managers who are unusually upset with the status quo. 
''These people have become real radicals,'' Mr. Dorris said about the factory managers. 
''They're tired of the dead hand of the state on their businesses.''
Some of Shenyang's experiments, such as the securities exchange and a proposal to sell stocks to foreigners, already have been copied in other cities. 
Others, such as large-scale sales of housing to private individuals, are scheduled to be carried out around the country before long. 
But it still is too early to know how successful the city will be in its most important experiments, those seeking to improve the efficiency of state-owned industries.
Â 
Opening Ties With Seoul
In the last few months, Shenyang's pioneering spirit has been most evident in its relations with South Korea. 
Officially, China recognizes only North Korea, not South Korea, and while Beijing sees immense opportunities for business with Seoul, officials are cautious about proceeding too openly for fear of offending North Korea.
Yet in August, the city of Shenyang opened an office in Seoul and sent a senior Deputy Mayor, Zhang Rongmao, to the ribbon cutting. 
This is the first Chinese office in South Korea, and it is not clear if Beijing was consulted. 
The central Government had designated a different area, Shandong Province in the east, to open the first office in Seoul and to lead the way in forging ties with South Korea, but those negotiations have dragged on and Shandong still has not exchanged offices with Seoul.
In a sign of the sensitivity of the issue, Shenyang's Foreign Affairs Office disclaims any knowledge of the Seoul office. 
While the city set up the office so that it formally does not represent the city of Shenyang but simply the ethnic Koreans who live in the area, it was a daring move - particularly since North Korea's only diplomatic mission in China outside Beijing is in Shenyang.
Liaoning Province, which encompasses Shenyang, has even set up a concern called the Bohai Company to specialize in trade with South Korea.
One man often credited for Shenyang's dynamism is Li Changchun, the 44-year-old Governor of Liaoning Province and former Mayor of Shenyang. 
Mr. Li, an electrical engineer and former factory manager who is the nation's youngest Governor, has a reputation for being unusually open to new ideas.
Perhaps Shenyang's most risky undertaking is its plan to shuffle 300,000 workers, 15 percent of the city's work force, out of their jobs. 
The plan is a direct attack on the ''iron rice bowl,'' the system in China of lifetime employment, where it is common for companies to have more workers than they know what to do with. 
Streamlining the work force will make industry more efficient, but it could spark unrest among workers who fear being laid off.
Â 
'Way of Increasing Production'
''Removing surplus workers is a way of increasing production,'' said Guan Weiguo, the executive director of the Economic Restructuring Commission in Shenyang.
While the experiments in Shenyang amount to undoing Mao's work, one of the few changes apparently not being contemplated is tearing down the statue of Mao in the center of the city.
''Mao was a great person, respected by people all over the world, so we couldn't tear down the statue,'' Mr. Guan said, carefully adding: ''Mao had many, many ideas. 
Some of them we can draw upon for reforms, and some of them we can ignore.''",1,companies,HWBUSH,HW Bush (1989-1992),CATEGORY_7,"enterprises, companies, market"
Strong Sales to China.txt,"ï»¿
China continues to be a substantial buyer of United States farm products this year, the Agriculture Department reports.
The value of commodity sales to China are still expected to be around $1.5 billion in the fiscal year that runs through Sept. 
30, up from $613 million in 1987-88, the department's Economic Research Service said Monday. 
Wheat and cotton have been the main United States items bought by China. 
After China's crackdown on student dissidents in June, there was widespread speculation that trade would decline.",1,companies,HWBUSH,HW Bush (1989-1992),CATEGORY_7,"enterprises, companies, market"
Taiwan to Ease China Trade.txt,"ï»¿
Easing restrictions on economic ties with China, Taiwan will let its banks deal directly with their Chinese counterparts to ease trade, financial officials said.
The Bureau of Monetary Affairs said it would soon propose a set of rules governing financial contacts.
Under the proposal, the Government will allow the overseas branches or subsidiaries of local banks to deal directly with their Chinese counterparts, Susan Chang, the bureau's deputy director, said.
The Finance Minister, Wang Chien-shien, has called the proposal ""a breakthrough"" and said it would set an example for financial relations between Taiwan and mainland China.
He said the ministry would agree on details with the central bank before submitting the proposal for Cabinet approval.",1,companies,HWBUSH,HW Bush (1989-1992),CATEGORY_7,"enterprises, companies, market"
THE MEDIA BUSINESS_ ADVERTISING -- ADDENDA_Backer Spielvogel Offices in China.txt,"ï»¿
Backer Spielvogel Bates Worldwide will open three offices in China, in Guangzhou, Shanghai and Beijing, as part of plans announced yesterday to expand its presence in the Asia and Pacific region.
The new offices, which will supplement Backer's existing China service out of Hong Kong, will be named BSB/Saatchi, following the style of names for Backer's recently opened offices in Eastern Europe. 
Services will be made available, as in Eastern Europe, to clients of both Backer and its sibling, Saatchi & Saatchi Worldwide.",1,companies,HWBUSH,HW Bush (1989-1992),CATEGORY_7,"enterprises, companies, market"
"The World_At the Businesses Owned by Beijing, The Ink Is Red.txt","ï»¿
A UNIVERSAL joke in socialist countries is that employment in state-owned companies is a matter of make-believe: ""We pretend to work, and they pretend to pay us.""
In China, this game is carried to extremes. 
Employees in state-owned companies receive only about $30 a month, and some quip that they don't even deserve that much, what with late arrivals, tea breaks, lunch breaks and early departures.
But these days the situation is becoming less humorous: The state sector is losing ever-increasing amounts of money, to the consternation of the hard-liners who run the country.
One-third of state-owned companies are losing money, another third earn negligible profits, and only a third earn any money for the state. 
The total losses in the state sector doubled in the first nine months of this year, compared with the same period of last year.
This is helping to provoke a fiscal crisis, both because there are fewer profitable enterprises to hand over earnings to the state and because there are more failing enterprises to subsidize. 
In China, inefficient companies are subsidized because of the fear that if they closed, disgruntled workers would foment unrest.
""We should waste no time or effort in boosting the economy,"" Jiang Zemin, the Communist Party leader, said early this month. 
""Without economic growth it would be difficult to maintain political stabilityI.""
The crisis in the state sector is, paradoxically, perhaps one of the most important forces left for reform here. 
The hard-liners, fearful that they will be blamed for the economic slump, already have eased up on their initially tough economic policy. 
The leadership has relaxed its retrenchment policy and ended attacks on collective and private businesses.
""They are terrified of a recession,"" said a Chinese businessman. 
""They are becoming a lot more flexible than they used to be, because they want practical measures to get the economy going. 
They know that's the only way they'll get popular support and survive in office.""
Provincial leaders, showing unusual gumption, are said to be rebelling against the central government's plans to make them hand over more money. 
And the shortage of money has driven the leadership to a course of action it had long shied away from: raising prices for necessities such as coal, sugar and even bus fares.
Ordinary people are muttering, but so far there have been no major protests.
""Everybody's angry about the price increases,"" said a middle-age woman as she returned from the market. 
""But there's nothing we can do but complain to each other.""
Some Chinese intellectuals chuckle that such price rises are terrific. 
On the one hand, they make the economy a bit more rational by bringing price levels closer to the market. 
On the other hand, they cause widespread indignation at the central planners who now dominate the Government. 
When change comes, these Chinese say, it will be all the faster because central planning is being so thoroughly discredited.
Over all, the economy is showing signs of recovery. 
Industrial production in October was 12.7 percent higher than it was in October 1989 -- the best performance in more than 18 months.
But most of this resurgence is coming not from the state sector but from other parts of the economy. 
In September, the last full month for which figures are available, the state sector enjoyed a growth rate of only 3 percent, while collectives (mostly in rural areas) grew at 9.4 percent and private companies and joint ventures soared at a 57.7 percent growth rate.
""The most interesting thing about the economy is that for all the favoritism shown to the state sector, it's been greatly outperformed by rural enterprises,"" said a Western economist in Beijing.
That leads to what may be the lesson of the Chinese experiment that is most relevant to other socialist countries. 
China's economic restructuring has lasted much longer and in most cases gone further than the economic changes in Eastern Europe, and it has achieved breathtaking results -- per capita incomes have approximately doubled since the process began at the end of 1978.
But the most glittering parts of this massive accomplishment were supplied by the non-state sector: in private agriculture, private business, and especially in rural collective enterprises. 
All the experiments and changes have not enabled state companies to become more profitable.
""China has made virtually no progress toward systematically putting the state sector on some kind of legal, independent basis, as they had intended to,"" said Barry Naughton, a specialist in the Chinese economy at the University of California at San Diego. 
But he added that he was not as critical of China's state sector as many Chinese economists are, and that part of their difficulties are simply the natural result of a cyclical downturn.
The Government is hoping to save its state sector through what it bills as a ""reform"" program. 
Among the elements are the merger of failing companies into healthy ones to create enormous conglomerates, and a more rigorous tax system, so that tax obligations would be a matter of law and not of negotiation.
The southern city of Shenzhen is pioneering the auction of Government enterprises to anyone with the cash and inclination to take them over. 
And both Shenzhen and Shanghai are competing to be the first to open a modernized stock exchange, in the hope that stock in state enterprises can be sold to shareholders.
A couple of years ago, some Chinese officials hoped to get rid of most of the state sector. 
They never used the term privatization, but rather a variety of euphemisms that amounted to much the same thing. 
These days, however, ""ownership reform"" is ideologically impossible on any large scale, and even share ownership is now intended to supplement rather than supplant state ownership.
That is the nub of the problem, many Chinese officials complain. 
They say that tinkering with state ownership will not succeed, so the Government should scrap the system altogether. 
Their advice to Eastern European countries now considering what to do with inefficient state sectors is not to copy Chinese experiments, but to try to dump the companies on anyone who will take them.
""Most people know that state ownership is the root of the problem,"" said a Chinese economist, ""but for now, it's ideologically impossible to do anything about it.""",1,companies,HWBUSH,HW Bush (1989-1992),CATEGORY_7,"enterprises, companies, market"
Tokyo Banks_ Deal in China.txt,"ï»¿
Four Japanese banks have agreed to make a loan to a Chinese state company, the first since a military crackdown last June, but they denied that the move involved any change of policy or return to business as usual.
Â 
Sumitomo Bank, Sanwa
Bank, Dai-Ichi Kangyo Bank and Industrial Bank of Japan are lending $20 million to the China International Iron and Steel Investment Corporation, bankers said.
The Chinese company will use the money to import second-hand equipment from the Nippon Steel Corporation for use at the Meishan Steel Works near Nanjing.",1,companies,HWBUSH,HW Bush (1989-1992),CATEGORY_7,"enterprises, companies, market"
Tokyo Issue of China Bonds.txt,"ï»¿
The Bank of China has issued nearly $145 million in bonds in Tokyo in its first such financing outside China since the 1989 military crackdown on the pro-democracy movement, a Japanese underwriter said Friday.
""All of the funds to be raised by the bond issue will be used for projects in developing China's petrochemical industry,"" said Shen Yue, an official with the Yamaichi Securities Company, the leading underwriter on the financing.
The bonds, with an issue price of 100.8, will mature in five years and carry a coupon of 7.7 percent, Mr. Shen said, adding that the sale was the seventh such issue by the Bank of China in Japan since 1984, with the last occurring in April 1989.
Japan joined many Western nations in imposing sanctions to protest Beijing's military crackdown in June 1989, which left hundreds of people dead. 
But last year, Japan said the economic assistance would start flowing again as China worked to regain international good will.
Ten Chinese banking institutions have been authorized by the Chinese Government to issue bonds overseas. 
Between 1982 and 1989, they floated $4.25 billion in bonds in Tokyo, Hong Kong, Frankfurt, London and Singapore.
China's Government does not plan to issue bonds itself this year, according to The China Daily newspaper.",1,companies,HWBUSH,HW Bush (1989-1992),CATEGORY_7,"enterprises, companies, market"
Toys _R_ Us and China.txt,"ï»¿
Toys ""R"" Us may set up one of its giant stores in the southern Chinese city of Shenzhen, The South China Morning Post said today. 
The store, which would be set up in cooperation with the trading company Li & Fung here, would be the United States toy retailer's first in China.",1,companies,HWBUSH,HW Bush (1989-1992),CATEGORY_7,"enterprises, companies, market"
"TURMOIL IN CHINA_Hard-liners Seem to Control Politics, But the Economy Is Another Matter.txt","ï»¿
While China's leaders tighten their grip over the political situation, they now face the even more complicated task of controlling the economy after their military crackdown shook the confidence of Chinese and foreigners alike.
For the Government to consolidate its control and win popular support, it needs to demonstrate that the economy is stable and that everyone will enjoy economic gains. 
But diplomats and others say the crackdown has already eroded confidence that had been carefully nurtured over a decade, and it will be an immensely difficult challenge to restore this confidence and achieve broad economic satisfaction.
Even before the pro-democracy demonstrations began two months ago, there were signs that the country's economy was facing difficulties, and some say that these contributed to the public dissatisfaction with the leadership.
''The economy is in very serious trouble, which is partly why people took to the streets to begin with,'' said Christine Wong, a specialist in the Chinese economy at the University of California at Santa Cruz. 
''There are many structural problems.''
#3 Areas of Difficulty Diplomats and economists suggest at least three areas in which the economy faces severe new difficulties as a result of the crackdown:
* Foreign investors and lenders will be wary of providing the capital and expertise for China to sustain its export-oriented development strategy in coastal areas.
* Tourists, who have been a growing source of hard currency, will be frightened away for some time, and in the meantime the many tourist hotels around the nation are likely to lose money. 
This may also shake the confidence of investors.
* The Government will be tempted to buy support from workers by increasing wages and bonuses, making it tougher to enforce the austerity plan to which it is committed. 
Without austerity, inflation is likely to rise and create new political problems.
These challenges could create major political difficulties for the leadership, which some diplomats say could prevent Prime Minister Li Peng and others in power from holding on to their positions for very long.
The June 4 crackdown, in which the army opened fire on civilians, led almost all foreign business executives to leave the country. 
Many of the executives have no specific date for their return, and many tour agencies have canceled trips to China until mid-summer.
International organizations like the World Bank, as well as foreign governments and private lenders, have postponed approvals for loans and are reviewing their credit assessments of China in light of what has happened. 
Eroding Confidence In Chinese Intentions Growing tensions with the United States will also make American companies think twice about how the business climate will be affected, especially if the tensions lead to anti-American sentiment in China.
Most fundamentally, the confidence around the world that China was really entirely committed to economic restructuring has been eroded. 
Some of the elderly leaders who seem to have reasserted control during the crackdown may be less enthusiastic about change than those who had been in power, and this could significantly reshape the landscape for foreign businesses.
''People had convinced themselves that China was heading for capitalism,'' said William H. Overholdt, director of research at the brokerage arm of Bankers Trust Company in Hong Kong.
''There's been a great disillusionment. 
If they had listened to what the leaders were saying, they would have understood that there was a very important market-oriented reform, but a very limited one and democracy is not what they had in mind.''
In a sign of concern at the economic consequences of the crackdown, senior officials have begun to reaffirm the open-door policy and stress that they will protect foreign investments. 
For example, Mayor Li Ruihuan of Tianjin said today that China would not only maintain its reform and open-door policies, but even carry them further.
Â 
'Could Mislead Investors'
Localities have also announced that their policies toward foreign investment will be unchanged and that their regions are safe for foreign tourists.
For businesses that already have operations in China, there is little talk of leaving, especially if they have been profitable up until now. 
The problem the Chinese will have to grapple with is persuading companies to make new investments in China.
''Some foreign businesses are likely to come to the conclusion that a Government that tells its people and the world that there were no students fired on in the square could also mislead potential foreign investors,'' said Stanley B. Lubman, a lawyer who specializes in China at Thelen, Marrin, Johnson & Bridges in San Francisco.
It is not clear exactly what it will take to reassure investors. 
Some say it will take a clear indication that the policies of liberalization, like enterprise restructuring, experiments with joint-stock companies and price liberalization, will continue. 
Some say it will take a long period of calm to reassure investors.
China's Business Begins to Suffer ''There will be some risk-takers,'' an investment analyst in New York said. 
''But for now, 90 percent of them will be scared away.''
Others are more optimistic, and they have begun to compare the crackdown in Beijing with incidents like the suppression of a rebellion in the South Korean city of Kwangju in 1980. 
At least 191 people died then, but business bounced back and is now stronger than ever.
Business in China, however, was beginning to suffer even before the pro-democracy demonstrations began. 
Foreign businesses were feeling the pinch from China's retrenchment policies that began last fall, and Prime Minister Li has said the next few years are to be those of austerity. 
The tightening of credit had local companies short of liquidity, and this had affected some joint ventures whose payments were delayed.
Â 
Regional Variations
But a great deal also depends on where the investment is. 
Guangdong and the coastal areas, for instance, seem to be affected less by the demonstrations, although there were some in major cities. 
As long as those areas are allowed to exercise the economic freedoms they have been given, then investors will probably continue to move in, diplomats and economists say.
''Western companies are faced with a moral dilemma,'' a Western resident in Guangdong said. 
''Headquarters may have instructed them not to continue with talks and ordered them to leave because they felt it was not appropriate to be in China when the Government massacres its people.''
''But like the Cantonese themselves, the joint ventures have a real stake in the economy,'' he added. 
''They are here to make money and to expand their share. 
It is hard for them to walk away.''
11,535 Tourists Who Won't Show Up So far, China's travel industry has been hit the hardest. 
Pacific Delight Tours Inc., based in New York, says it canceled tours through mid-July, a move that affected ''several hundred'' travelers.
The authorities here reported that 11,535 potential tourists had their trips to the capital canceled, and that for the month of May, the tourism bureau lost about $4 million, or 10 percent of its annual projected earnings, the English-language China Daily said today.
China's economic landscape is complicated by the task of restructuring the national economy and shedding rigidities and inefficient institutions. 
Many economists say China needs to focus on building institutions - like its banking system, tax system, legal system and physical infrastructure - but there are doubts about whether the leadership can concentrate on these tasks when it is preoccupied by political turmoil. 
10% Growth a Year in Economy ''This is a very complicated process that they were right in the middle of,'' said Albert Keidel, who runs Rock Creek Research, Inc., an economic consulting firm in Washington, D.C. 
''It involves some masterful combinations.''
There is no question that China's economy has been growing at a remarkable pace - about 10 percent per year over the last decade - so that even if it suddenly were cut in half, the economy's growth still would be respectable. 
Indeed, China's difficulties arise from growth that is too fast, rather than too slow.
But some of the measures for controlling an overheated economy -tightening credit and investment spending, holding down wages, at the same time finding new sources of raw materials and energy - are unpopular, and this can be politically risky when people have already demonstrated discontent with the Government. 
Trying to Beat Galloping Inflation Already the rate of inflation in the first quarter of this year reached 27.5 percent on an annual basis, among the highest rates the country has seen since 1949, and some unofficial estimates put the number much higher. 
While this number is small compared with some other developing countries, the Chinese are sensitive to inflation not only because they have never experienced such high inflation in the recent past, but also because one of the platforms of the Communist Party is stable prices.
In many ways, inflation is a necessary product of economic restructuring, especially price liberalization, so that the problem facing the leadership is largely one of managing the perception of inflation.
One ineffective but tempting way to manage this perception is to ''buy off'' workers by giving them higher wages and bonuses, Western economists say. 
Even before the crackdown, factories were paying their workers to keep them indoors and off the streets when pro-democracy demonstrations were taking place. 
And the television news this week has shown scenes of soldiers distributing grain to citizens when there were shortages last week.
Â 
'More of a Squeeze Later'
The intention has apparently been to appease workers by giving them material benefits. 
But paying more money to workers means expanding the state budget, and this could lead to new inflationary pressures if the Government needs to borrow or print more money.
''Anytime you get political turmoil, you get a kick to inflation,'' said Mr. Overholdt of Bankers Trust. 
''And obviously it is a kick to inflation that was already very bad, and that means more of a squeeze later. 
The question is whether it is an ongoing process or a one-time kick.''
Buying people's loyalty is a major challenge for another reason: the central Government is desperately short of cash, and this could lead to unrest in both rural and urban areas. 
Some one-third of state enterprises are in financial difficulties, according to official estimates, and the lack of funds has also begun to affect the peasants who make up about two-thirds of China's population. 
A Harvest at Hand, But So Little Cash The shortage of cash is an urgent problem because the harvest season is near. 
The Government already says it lacks nearly $3 billion needed to pay for about half of the grain, oil, tea and raw silk that will be harvested this summer.
Moreover, the price at which the farmers are forced to sell their grain to the state is about one-third the market price, so that farmers are reluctant to turn over a portion of their grain to the state, when they can fetch much higher prices on the market.
Local governments in many parts of the nation have been forced this year to give ''white slips,'' or I.O.U.'s, to farmers instead of cash to pay for pigs and tea and other commodities sold to the Government. 
These slips of paper are likely to be prevalent this year, official press articles have said.
A recent article in Peasant's Daily described how much the farmers dreaded the visits by local government officials who came to collect the grain. 
In some villages last year, the article said, children were given large bells and told to hide in tree tops, and when they saw the grain officials approaching, they would ring the bells as a signal for the farmers to run home and lock their doors. 
What of Rural Areas?
Thus, for the Government, paying low prices and then not giving farmers cash for their crops will create greater political risks at a time when urban populations have already shown their dissatisfaction, diplomats say.
The recent political turmoil, which occurred mainly in the cities, will probably not have a direct effect on peasants, who tend to be scattered across a vast amount of land, specialists say. 
But unless the Government cashes in the ''white slips,'' the farmers are unlikely to show much enthusiasm for the Government.
''The peasant dissatisfaction is certainly real,'' a Western diplomat in Beijing said. 
''But it is unlikely that peasant discontent could turn into resistance. 
They are spread out, so it is hard to organize resistance.''",1,companies,HWBUSH,HW Bush (1989-1992),CATEGORY_7,"enterprises, companies, market"
UPHEAVAL IN CHINA_Reluctant Rebel Joins Students_ Cause.txt,"ï»¿
When Gao Xiqing, a former Wall Street lawyer, spent the night on Tiananmen Square in solidarity with students of his who were demonstrating for democracy, he was shaken awake at 2 A.M. by a friend who told him that armed troops were trying to move in on them.
The night passed without incident, but this was not the kind of risk that Mr. Gao had contemplated when he left his New York job last year on a personal mission to help modernize China.
The 36-year-old Mr. Gao had returned to his homeland last year because he believed that there was great hope for China and that the country needed American-educated minds like his to negotiate its way through this stage of dramatic change.
Mr. Gao took a job teaching law at his old university in Beijing, and he began working on a project to establish a national stock exchange in China. 
Above all, he was going to work within the system, to build the institutions that could push the country forward.
''Building the economy is the best way to change China,'' Mr. Gao said two months ago, before the student movement began. 
''In the long run, what we're doing with the stock exchange is more effective than sending off petitions. 
It's the most effective way to create a more democratic nation.''
Â 
The Making of a Rebel
But now, after seeing his own law students put their careers and even lives on the line for the democratic movement, Mr. Gao is changing his mind. 
With his dreams beginning to shatter, Mr. Gao is turning into a rebel.
He has already been told by the school authorities that he has been singled out as a troublemaker, and stands to lose his job if there are widespread purges of intellectuals involved in the democratic movement.
Mr. Gao's story is especially poignant because it is about the disillusionment of a bright young Communist Party member, fiercely dedicated to concepts of democracy, personal rights and egalitarianism that he has believed in ever since he first read Karl Marx.
A thin, strong and energetic law teacher who has recently taken to wearing brightly colored T-shirts and sunglasses to help him bear the hot sun on Tiananmen Square, Mr. Gao had been throwing all his energies until recently into his teaching and into the stock exchange. 
Often sleeping for only four hours a night, Mr. Gao worked furiously to draft China's first securities law.
But all that seemed to vanish one day after he asked the whereabouts of one of his liveliest students. 
He was told that she had been on a hunger strike in Tiananmen Square for several days already.
Â 
'Obliged to Support Them'
''I was shocked that a person would do this,'' Mr. Gao recalled. 
''I had told my students that democracy is a long process, that you can't put a timetable on it. 
But when they started the hunger strike, I felt obliged to support them.''
His students at the University of International Business and Economics, one of the nation's most prestigious schools, were the last to join in the demonstrations. 
Of all the students in Beijing, they tend to have the greatest vested interest in the current system; they get the best jobs with the highest pay in foreign corporations.
Mr. Gao had graduated from the same university and then lived in the United States for six years until his return last summer. 
He attended Duke University Law School, and then became the first citizen of the People's Republic of China to pass the New York State bar exam. 
Later he worked at Mudge, Rose, Guthrie, Alexander & Ferdon and became an adjunct associate professor at Duke University Law School.
The trappings of life in the United States - the material satisfactions of Wall Street, including ski trips whenever there was time - were a far cry from the deprivation he had experienced as a child and teen-ager in the central Chinese city of Xian. 
He nearly starved during the Cultural Revolution launched by Mao Zedong in 1966. 
His father was jailed for five years and his mother was sent away to the countryside.
Â 
Hunting for Food
For nearly two years, Mr. Gao, a homeless teen-ager, roamed the streets, hunting for food when his small monthly stipend ran out. 
Once he walked almost 20 miles to the home of relatives, only to be told that they had no food to give him.
''We'd go out and steal from shops and military camps,'' Mr. Gao acknowledged, looking embarrassed.
But during that time, Mr. Gao read all of Mao's works, and he read Marx, Engels and Lenin.
Now, as rumors of arrests of intellectuals circulate throughout the capital, Mr. Gao worries about being banished once again to that kind of life, or of being confined to a jail cell with no books or writing paper. 
Mr. Gao already believes he will not be allowed to leave the country to return to Duke University to teach.
Yet as he insists on sticking with the democracy movement, he gives practical advice to his students.
''This may be a dangerous time, and you shouldn't all feel you have to be heroes,'' he told his students as they gathered around him in Tiananmen Square on the night when martial law was first imposed May 20. 
''Those of you who are women, or are single children, should leave right now. 
There is no shame in leaving.''
When one student stood up to say that all the students would remain, Mr. Gao reproached him.
''You've got to learn about democracy,'' Mr. Gao said. 
''Democracy means not only that the majority rules, but that the minority also has rights. 
If someone wants to leave, then that is absolutely their right.''",1,companies,HWBUSH,HW Bush (1989-1992),CATEGORY_7,"enterprises, companies, market"
WASHINGTON TALK_Crisis Management For Business in China.txt,"ï»¿
From a sunny second-floor suite of five offices, a copying machine and telephones that ring almost constantly, word has just gone out that the Bank of China is honoring its letters of credit and that most of China's ports, with the exception of Shanghai, are operating normally.
Since the bloody crackdown on pro-democracy demonstrators in Tiananmen Square on June 4, the Commerce Department's equivalent of a China desk, has served as a crisis management center for the more than 350 American companies that in the past 10 years invested $3.5 billion in China - more than a third of the total foreign investment there.
Among the investors are General Foods, which makes coffee products in Guangzhou; Gillette, razor blades in Shenyang; Ingersoll Rand, air compressors in Shanghai and Nabisco, bakery products in Beijing.
''Basically, we're telling them to sit tight, and if they were contemplating an investment to hold off for a while and see how things shake out,'' said Christine L. Lucyk, who is Commerce's top China hand.
Daily Contact With China
Other Cabinet departments - State and Treasury, and the Central Intelligence Agency - have their own experts, who concentrate on their department's areas of expertise. 
Mrs. Lucyk's team of seven keeps up on developments affecting American-Chinese commercial relations through daily telephone calls to commercial officers at the Beijing Embassy, principally Lyn Edinger, commercial counselor, and Tim Stratford, commercial attache, and through contacts with scores of executive suites.
This is not to suggest that Washington's clusters of China-watchers work in isolation. 
Over the last two weeks, at the urging of State's desk, Commerce's has been telling companies to get their American personnel out of China. 
There are 1,000 there now, as against 9,000 before June 4 .
''They were very reluctant to leave,'' said one of Ms. Lucyk's aides, David K. Schneider. ''They were concerned about the fate of their Chinese employees, and about what would happen to their business.''
''In some cases,'' he said, ''their Chinese partners were telling them they shouldn't go because there was nothing wrong. 
Now we're trying to help some companies develop approaches to their partners to explain to them why they had to leave.''
Â 
Advice to Companies
The Commerce desk has also been offering advice to companies on how to deal with shipments of machinery and other goods needed to keep plants operating in China or fulfill contracts under the more 600 joint ventures American companies operate with Chinese partners.
The desk has also focused on such day-to-day matters as the state of mail service (the main Beijing post office is open but many branches are closed) and transportation (Japan Airlines has just resumed service to Beijing but with reduced frequency).
Although corporate aides often have not been pleased with what they hear, they are not reluctant to praise the messenger. 
''They're doing an awfully good job for the task at hand,'' said Richard E. Gillespie, vice president of the U.S.-China Business Council, representing 300 American multinationals with China operations.
Before martial law was imposed late in May, Commerce had a number of diplomatic and other activities planned for China. 
On the commercial side, Roger Severance, the Deputy Assistant Secretary for East Asia and the Pacific, was about to lead a delegation to China to take up a growing list of individual corporate problems with national and provincial leaders. 
These chiefly related to bureacratic interference in joint ventures and the inability of Chinese customers to obtain needed foreign exchange for payments.
Â 
Interrupted Operations
Also in July, the U.S.-China Joint Commission for Commerce and Trade, a high-level organization of the two governments created in the 1970's thaw, had been expected to meet to give new impetus to the commercial relationship.
This would have brought the Commerce Secretary, Robert A. Mosbacher, together for the first time with his counterpart, the Chinese Minister of Foreign Economic Relations and Trade, Zheng Tuobin.
When China reopened to the West 10 years ago, many business leaders had romantic notions about the huge market, with visions of 1 billion Chinese buying tube socks or other American miracle products.
But with many projects canceled in 1982 and with economic retrenchment last September, Americans now have a ''much more realistic view of doing business in China,'' Ms. Lucyk said.
''In China,'' she observed, ''we long ago lost our innocence.''",1,companies,HWBUSH,HW Bush (1989-1992),CATEGORY_7,"enterprises, companies, market"
Wheat Offer Made to China.txt,"ï»¿
The United States Agriculture Department on Friday offered to subsidize sales of one million metric tons of wheat to China, the second such offer this month.
China has been the leading buyer of American wheat this year, taking 6.4 million tons since June 1.
The purchases have helped compensate the American wheat industry for sluggish purchases from the Soviet Union, which is frequently the best customer for United States wheat.
The Agriculture Department on Wednesday accepted China's bids for 200,000 tons of wheat subsidized under the Export Enhancement Program, virtually completing a one-million-ton offer made Dec. 
7.
China's state radio said the nation's 1988 grain harvest was 394 million tons, 2 percent less than the previous year's and almost 4 percent below the 410-million-ton target.",1,companies,HWBUSH,HW Bush (1989-1992),CATEGORY_7,"enterprises, companies, market"
Wheat Sale to China.txt,"ï»¿
The Agriculture Department said today that it was allowing an additional 1.5 million metric tons of wheat to be sold to China under an export subsidy program. 
Under the Export Enhancement Program, the sales will be made through normal commercial channels at competitive world prices.",1,companies,HWBUSH,HW Bush (1989-1992),CATEGORY_7,"enterprises, companies, market"
WORLD BANK LENDS CHINA $114 MILLION.txt,"ï»¿
The World Bank today approved the first loan to China since the student uprising last year that goes beyond the confines of meeting basic human needs.
The approval of the $114.3 million loan marked the first time in more than a year that the Bush Administration did not object to other than humanitarian assistance to China.
The World Bank's approval of the loan for technological improvements in rural industry had been expected for weeks, but it was uncertain whether the United States would vote against it. 
Such a move would have been largely symbolic, because both the European Community and Japan have resumed normal economic relations with China and both supported the loan.
Â 
Bush Met With Beijing Aide
The decision comes less than a week after President Bush met last Friday for the first time since the crackdown with the Chinese Foreign Minister, Qian Qichen. 
The meeting occurred a day after China abstained, rather than opposed, a vote by the United Nations Security Council authorizing the use of force to expel Iraq from Kuwait.
While the World Bank is owned by 155 member Governments, an American has headed it since it was founded in 1945 and the United States has a 20 percent vote on all major issues. 
The bank makes loans and helps countries in other ways to strengthen broad economic sectors by building such projects as dams, fertilizer plants, irrigation works, ports and highways.
Before the military crackdown on the democracy movement in June 1989, China had been receiving World Bank loans of more than $2 billion annually. 
Largely at the insistence of the United States all loans were initially blocked to China as part of a sanctions package.
Â 
Hostility on Capitol Hill
Since then, World Bank loans to China had shrunk to $650 million, primarily in the form of rural credits and assistance to small cooperative business enterprises in towns and villages.
The American position against non-humanitarian aid reflected opposition from Capitol Hill, where many lawmakers had been hostile to Beijing. 
But that opposition has been steadily softening since Iraq took over Kuwait in August and the Bush Administration began reaching out to a wide range of allies and other nations for support in challenging the invasion.
The package approved today consists of a $50 million loan and $64.3 million in credit.
Attila Karaosmaonoglu, the World Bank's vice president for Asian Affairs, said that other loans by the bank toChina were being prepared.",1,companies,HWBUSH,HW Bush (1989-1992),CATEGORY_7,"enterprises, companies, market"
World Bank Seen Shifting China Stance.txt,"ï»¿
As the Bush Administration gingerly moves to repair economic ties with China, the World Bank seems likely to soon resume lending programs suspended after the crackdown on pro-democracy protesters in June, say officials of the bank, the United States and foreign governments.
To resume its lending, the bank needs formal approval from its 152 stockholders, including the United States, which holds 20 percent of the shares. 
The bank and Administration sources say the loans could be made as early as next month.
Â 
A Step Toward Approval
The Administration officially insists that its policy against World Bank lending to China remains unchanged. 
But the lifting of some American sanctions against China on Dec. 
19 was seen as a step toward Administration approval of such lending in the near future.
''That's the kind of talk we're hearing around the bank,'' said a senior World Bank official. 
A World Bank mission has just returned from two weeks in China.
Criticism of any new China loans is likely in Congress, where some members are seeking tougher sanctions against Beijing because of what they consider continued represssion of human rights.
But Administration officials plan to argue that new lending should encourage liberal forces within the Chinese leadership pressing both for a greater opening to the outside world and more respect for human rights, an Administration economic official said.
The China director for the World Bank, Shahid Javed Burki, a Pakistani, has just returned from his second mission to China since June. 
In an interview, he said that projects are ready to begin in areas like agricultural development, rural road building and thermal power generation.
Asked when the programs might start, he referred to a statement made Dec. 
14 by the bank's president, Barber B. Conable Jr.: ''It is our hope that in the not too distant future we can resume lending to China, but we do not have a specific date.''
Mr. Conable had also said the bank would be guided by China's economic performance, not political considerations.
Â 
Others Would Also Make Loans
Because of the World Bank's prestige as the biggest lender to the third world, approval would encourage lending by others, like the Manila-based Asian Development Bank and Japanese commercial banks, which also stopped loans after the June crackdown on dissent.
The World Bank, which is based in Washington, has provided $8 billion to China since 1981. 
It suspended $750 million of loans last June.
Since fall 1988, Beijing has moved toward central planning and away from the market-oriented policies that over the decade had attracted $14 billion of investment from industrial countries, of which $3.5 billion came from the United States.
An Administration official said Washington is trying to use a promise of World Bank lending to get the Chinese back to market-oriented policies.
Last Tuesday, the Adminstration announced that it had decided to approve the export of three American-built civilian communication satellites to China, all built by the Hughes Aircraft Company, and to lift bans on lending to China by the Export-Import Bank, an agency that provides financing for American exports.
Within 48 hours of the American action, Beijing announced plans to lift some restrictions on foreign investors. 
It said it would provide guarantees against confiscation, give investors the right to choose the chairman of a joint enterprise and end rules on the length of time a foreign project may operate in China. 
Previously, all joint ventures were for fixed periods, often 20 or 30 years.
Administration officials said the reaction indicated China's keen interest in maintaining economic links.
In defending his actions both in easing the sanctions and dispatching high-level missions to China after the crackdown, President Bush, a former ambassador to China, told a press conference Thursday, ''I know how China works.''
He added that the Administration wanted to ''see what we can do, make a representation on how strongly we feel against the human-rights abuse, but see what it's going to take to go forward.''
Â 
Cloudy Prospects
Business representatives said that despite the recent moves by both sides to improve the climate, the prospects for business remained cloudy.
''Nobody wants to pull out,'' said Roger W. Sullivan, president of the United States-China Business Council, ''but companies are operating at a lower level than before.''
The council represents 300 American multinational companies that do business in China.
Mr. Sullivan, a former State Department China specialist, said that American business was now most concerned about China's ''backtracking on enterprise reform.''
He said that the Chinese had previously wanted enterprises to respond to market forces, but they now have upgraded political and ideological control, giving party functionaries greater authority in factories.
''Faith in the inexorable progress of China has been badly shaken,'' he said. 
''Companies can't deal predictably anymore.''
Although the Export-Import Bank had been barred from making loans to China until the Administration's action earlier this week, the bank, which makes loans to finance American exports, continued to study China projects.
Since June it has made preliminary offers on four projects totaling $108 million of exports. 
Loans totaling $39 million are in the final stages of approval.",1,companies,HWBUSH,HW Bush (1989-1992),CATEGORY_7,"enterprises, companies, market"
World Bank_s China Talks.txt,"ï»¿
The World Bank is in ''close consultations'' with China about a resumption of lending to China ''in the not too distant future,'' the bank's president, Barber B. Conable Jr., said today.
In June, after a violent crackdown on pro-democracy demonstrators in Beijing, the bank suspended seven loans totaling $780 million.
''We believe there are 1.1 billion poor people in China, and it is desirable to try to maintain a relationshiop there, but it must be the result of careful consultations,'' Mr. Conable told a news briefing in his office.
He said he expected there would be more discussions next week when a high-level Chinese delegation is due in Washington to attend the joint annual meeting of the bank and its affiliated global finance organization, the International Monetary Fund.
China has borrowed about $7.64 billion to modernize its economy since it joined the World Bank in 1980.
Mr. Conable also disclosed the bank's goal in negotiations among leading donor nations over fincancing for the International Development Association, a subsidiary of the World Bank that assists the world's poorest countries, chiefly in Africa. 
The negotiations begin tomorrow in Washington.
He said that for the three years beginning next July 1 the I.D.A. would need contributions totaling $14 billion to $14.5 billion just to equal the purchasing power of the last replenishment, which totaled $12.4 billion and which runs out next June 30.",1,companies,HWBUSH,HW Bush (1989-1992),CATEGORY_7,"enterprises, companies, market"
World Markets_The Cable and Wireless Conundrum.txt,"ï»¿
Cable and Wireless P.L.C., the British-based telecommunications company with a presence in 50 countries, pleased investors earlier this month when it reported pretax profits up 15.5 percent for the fiscal year ended March 31. 
And this in a recession year.
Moreover, more than 60 percent of the company's revenues are dollar based, so the strong rally of the dollar in the last five months sent analysts back to their calculators to raise their earnings forecasts for the current fiscal year. 
Although its headquarters are in London, the company's heart is Hong Kong where the currency is tied to the dollar. 
Cable and Wireless has a 58.4 percent controlling stake in Hong Kong Telecommunications, which provided 43 percent of the company's revenue and 59 percent of its profit last year.
Company officials, including its group managing director, Gordon M. W. Owen, and finance director, Rodney J. Olsen, crowed about these numbers on a recent visit to New York City. 
They waxed enthusiastic about the company's global digital ""highway,"" including an American link with US Sprint. 
The highway is a fiber-optic cable system linking major financial centers and offering business customers such things as high-definition television and video-conferencing, high-speed data transmission and faxes. 
Cable and Wireless also owns Mercury Communications, the first and only competitor to British Telecommunications, the Government-owned phone company.
Despite its good looks last year and prospects in the current year, there are questions about Cable and Wireless which, at current prices, make the stock less attractive.
The stock's volatility reflects some of this uncertainty. 
In June alone, its price fell to 490 pence ($9.08 at Friday's exchange rate) and then rallied to 560. 
It closed Friday at 529. 
The company's American Depository Receipt which trades in New York has moved from a low of 24.875 to 26.875. 
It closed Friday at 25.50.
The stock already trades at a 13-to-20 percent premium to the British market as a whole, based on earnings projections.
Then there are the questions about the quality of Cable and Wireless' earnings. 
The company has had a good stream of average earnings over the last decade, but the yearly numbers are subject to big hits from exchange rate moves. 
Last year, for example, the company estimated that pretax profits would have doubled to 31 percent if the dollar had not been so weak. 
Now the high hopes for the current fiscal year are based on the current strong dollar retaining its strength.
Some of the pretax profit last year was based on special factors that should vanish this year. 
One was the sale of a managing director's house in Hong Kong that added 9.2 million pounds ($16 million) to the books.
In addition, the sale of 20 percent of Cable and Wireless' stake in Hong Kong Telecommunicatons to the Chinese Government reduced the company's borrowing needs in 1991, dropping the bank loan level from 59.9 million pounds ($104.2 million at the end-of-March exchange rate) in 1990 to 16.3 million pounds in fiscal 1991. 
Company executives acknowledge that borrowing will pick up again this year.
Such things accounted for a swing in the company's net-interest and other-income line from a 46.9 million pound deficit in 1990 to a 31.2 million pound surplus the following year. 
The 78.1 million pound shift accounts for all but 3.7 million pounds of the increase in profits before taxes.
All of these considerations must be weighed against larger questions about the future of Hong Kong, which reverts to the control of China in 1997. 
Hong Kong Telecommunications is not only Cable and Wireless' main business but also a source of money needed to expand Mercury back home in the United Kingdom, enhance the global digital highway and eventually make the company much less dependent on Hong Kong.
Cable and Wireless, as well as analysts like Robert B. Morris 3d of Goldman Sachs in San Francisco, are not worried about the takeover by China. 
Mr. Morris is more concerned, at least in the near term, about how a tax increase in Hong Kong will eat into Hong Kong Telecom's earnings this year.
""The investment program we have in Hong Kong would not be going on there unless we had confidence,"" said Mr. Owen, the group managing director for Cable and Wireless. 
But Hong Kong's future will still hang over the company and the stock for some time.
Finally, there is the fallout from recent government decisions about how the British telecommunications industry should be regulated. 
Analysts have generally concluded that the new regulatory approach gives breaks to both Cable and Wireless and British Telecommunications. 
But how they sort out to the bottom line in the next few years is still being debated.
Negative interpretations, like that of Partick Wellington of County Natwest Securities in London, emphasize that new costs Cable and Wireless could incur for access to the B.T. network and the price restructuring that will enable B.T. to lower prices to business customers could hurt the company. 
Postive views, like that of Michael Armitage of Morgan Stanley & Company in London, conclude that what is good for B.T. is good for Cable and Wireless.",1,companies,HWBUSH,HW Bush (1989-1992),CATEGORY_7,"enterprises, companies, market"
