file,text,topic_cluster_id,topic_label,era,era_label,topic_category,topic_category_label
18 Chinese Are Held in Ring To Smuggle Human Cargo.txt,"ï»¿
The Coast Guard brought ashore 18 Chinese nationals in handcuffs this morning, accusing them of trying to smuggle 108 of their countrymen into the United States.
The 18 were identified by the Coast Guard as enforcers in the smuggling operation. 
They and their human cargo were intercepted outside territorial waters on Saturday aboard a fishing vessel, the Captain Denny.
Coast Guard and Immigration and Naturalization Service agents escorted the Chinese and six Vietnamese crew members of the Captain Denny off the fishing vessel.
Â 
Appeared to Be in Good Health
They were met by Coast Guard, F.B.I. and I.N.S. officials and taken to a processing center at the Coast Guard station here.
The 22 men and 2 women appeared to be in good health. 
But three Coast Guard officers wore hazardous materials suits as a precaution.
""The word we have is that these people have been on this boat for a long time,"" said Lieut. 
Cmdr. Bill Mathus of the Coast Guard. 
""We don't know what infections they might have.""
Â 
Boarded 350 Miles at Sea
A base spokesman, Lieut. 
Ed Swift, refused to say where the 18 will be taken.
The sheriff of Cape May County, Jim Plousis, said about 16 would be held overnight in the county jail and then taken to Camden to be arraigned Friday.
The 108 illegal aliens were put aboard the cutter Reliance, which boarded the Captain Denny 350 miles off Norfolk, Va., the Coast Guard said.
Lieutenant Swift said the State Department is trying to find a third country to accept the Chinese aliens. 
He did not know how long the vessel had been at sea, where its last port of call was or its current location.
The Captain Denny's home port is Philadelphia but operates out of Cape May, the Coast Guard said.",4,immigrants,CLINTON,Clinton (1993-2000),CATEGORY_11,"immigrants, immigration, ships"
200 Vietnamese Refugees Flee Detention Camp in Hong Kong.txt,"ï»¿
About 200 Vietnamese boat people, facing a forced return home, fled a detention center in Hong Kong today after battering down the gates.
In the chaos of the uprising, other people in the detention camp set fire to barracks and the administration center and briefly held 15 camp officers hostage. 
The escapees, who included women and children, fled into the surrounding hills and towns in predawn darkness.
Firefighters battled blazes in the camp for most of the day, and guards and policemen in riot gear lobbed hundreds of tear-gas shells in an effort to retake control. 
By afternoon, a semblance of order had been restored and the hostages had been rescued from the camp, called Whitehead, where 8,600 Vietnamese were being held.
[But the violence flared again on Saturday, Reuters reported, as police officers tried to move 350 refugees from the Whitehead camp to another at High Island.]
More than 18,000 Vietnamese refugees, some of whom have been here for more than eight years, are being held in what amount to prison camps in Hong Kong, waiting to be returned to Vietnam. 
They are among 35,000 boat people who remain in Southeast Asia among the 800,000 who have fled to these countries from Vietnam, usually in small boats, since the fall of Saigon to the Communists in 1975.
Under an effort that began in 1989 to weed out economic migrants from political refugees, virtually all of the camp residents have been interviewed by the office of the United Nations High Commissioner for Refugees and have been declared ineligible for asylum in the United States or elsewhere because they would not be expected to face political persecution upon returning home.
With the host countries anxious to close the camps, the United Nations agreed in March to end financing for them by June 30.
Over the years, Hong Kong has tried to persuade refugees to return to Vietnam. 
The Government says periodic efforts in the United States Congress to reopen the issue of asylum for Vietnamese in the camps have hampered that effort. 
The government of Hong Kong, a British crown colony, has said that it hopes to send the Vietnamese home before Hong Kong reverts to Chinese rule on July 1, 1997. 
China has insisted the Vietnamese be returned.
Recently, Vietnam agreed to cooperate with Hong Kong in speeding up the forced repatriation. 
But the Government's efforts were stymied last month when a high court ruled that some refugees were illegally detained. 
The Government quickly moved to close the loophole.
Chief Secretary Anson Chan, the highest ranking civil servant in the territory, described the violence as ""deplorable"" but said it would not change Government plans. 
""We remain as determined as ever to repatriate all Vietnamese migrants,"" she said. 
""This incident has not lessened our resolve.""
As the day wore on, squads of police fanned out across the New Territories, Hong Kong's piece of the Chinese mainland, erecting road blocks, searching housing developments and combing the hills around the camp looking for the escapees.
Local television showed plainclothes police capturing young Vietnamese men as they ran through the grounds of an apartment complex in Shatin, one of Hong Kong's many residential towns. 
Roadblocks and car searches created traffic jams.
Although the police estimated that 200 Vietnamese may have managed to escape, the torching of the camp's administration building made it difficult to determine the precise number. 
Sixteen other buildings were destroyed by fire and more than 40 cars were burned.
""We don't know exactly how many have escaped,"" said Toby Emmet, a senior police officer.
Meanwhile, in clouds of tear gas, the police and guards battled Vietnamese at the camp. 
Wielding clubs and makeshift spears, the Vietnamese fought squads of officers wearing helmets and protective vests and carrying plastic shields. 
Inmates clambered onto the roof of the camp's residential barracks.
Balls of fire boiled from camp buildings as helicopters wheeled overhead dropping water from huge tanks. 
About 22 police, firefighters and camp officers were injured, although none seriously, the police said. 
No information was provided on any Vietnamese injuries.
By late afternoon, the police said, 61 Vietnamese had been recaptured. 
They said that some of the camp's residents were being moved to other detention centers because the barracks had burned.
""This is certainly something much more ferocious than anything we've seen before,"" said Selina Chow, a member of Hong Kong's legislature, in an interview with a local radio station.
A spokesman for China's de facto embassy here, Zhang Junsheng, attributed the breakout and upheaval to British mismanagement.
""I hope in the brief 400 or more days left, the British Government can act responsibly,"" Mr. Zhang said on local television. 
""This has created great pressure economically and spiritually since"" the Vietnamese ""keep on making trouble.""",4,immigrants,CLINTON,Clinton (1993-2000),CATEGORY_11,"immigrants, immigration, ships"
64 Are Indicted as Gangsters In Chinatown.txt,"ï»¿
Taking aim at the network of alien smugglers who have brought hundreds of illegal Chinese immigrants to New York in recent years -- and who often use kidnapping, torture and extortion to bolster profits -- Federal prosecutors said yesterday that they had smashed a violent organized-crime gang that had terrorized Chinatown for years.
In a series of arrests this week, the authorities said they had captured 35 reputed members of the gang, known as the Fukienese Flying Dragons, including its top commanders in America. 
But the officials acknowledged that 25 other suspects had escaped the dragnet and that the gang's two indicted bosses had fled to China.
Of the 64 men indicted altogether, prosecutors accused about half of involvement in smuggling immigrants. 
Gang members also committed robberies and ran extortion schemes and protection rackets, and sometimes resorted to murder to enforce their grip, according to prosecutors.
Eight racketeering indictments unsealed yesterday in Federal District Court in Manhattan charged that since 1992, the gang had smuggled more than 350 people into the country from China at a price of about $30,000 a person. 
More than 150 of the aliens, officials said, were held for ransom and tortured until their relatives or friends in the United States and China paid the full amount.
Federal officials said the sweeping indictments had crushed the last remaining powerful Chinese organized-crime gang in the region. 
But an expert on Chinese gangs in America, Ko-lin Chin, said he doubted that the latest crackdown would prevent new gangs from emerging quickly.
""It's too optimistic to say this is the end of organized crime in Chinatown,"" said Mr. Chin, an assistant professor of criminology at Rutgers University in Newark and the author of two books on Chinese gangs. 
""There is a strong demand for gang services -- like protecting illegal gambling places, massage parlors, collecting loans, settling disputes among individuals and fraternal organizations and smuggling immigrants.""
Announcing the latest indictments, Mary Jo White, the United States Attorney for the Southern District of the state, said the Fukienese Flying Dragons preyed mainly on immigrants and merchants from the Fukien Province in China who now live in Chinatown, Brooklyn, Queens and in New Jersey.
Two accused gang members were charged with kidnapping a young woman at knifepoint from a street in Flushing, Queens, in December 1994, raping her and holding her captive until her relatives paid a $38,000 ransom. 
In battles for control of extortion and other protection rackets in Chinatown, the Fukienese gangsters were said in the indictments to have murdered two members of the rival Fuk Ching and Ghost Shadows gangs.
The gang members also were charged with committing nine robberies and extortions of four businesses and restaurants in the city, New Jersey and in Albany that generated about $200,000.
Ms. White, speaking at a news conference with about 50 Federal and state law-enforcement officials whose agencies participated in the year-long investigation, said that more arrests were imminent. 
""We believe,"" she added, ""that we will break the back of the Fukienese Flying Dragons and are on the verge of finally freeing Chinatown from the grip of the violence and lawlessness that has plagued it for decades.""
She declined to give details of how the gang was infiltrated or how evidence was obtained in the tightly knit group. 
But Ms. White noted that residents and merchants were becoming increasingly cooperative in reporting criminal activities and testifying against suspected gang members.
Ms. White said that the Fukienese gang brought in 200 immigrants in a boat that arrived off the coast of New Jersey in 1993. 
More than 100 were immediately taken hostage by the gang and kept in apartments in Chinatown and Brooklyn until ransoms of at least $30,000 for each person were paid, she said.
In 1992, Ms. White said, the gang had tried to slip 100 immigrants into the country from a ship, but the vessel was intercepted by Federal agents off the coast of Hawaii. 
The gang posted bail for about 50 of the illegal immigrants and then held them hostage in the city for ransoms, Ms. White said.
Chauncey G. Parker, the lead Federal prosecutor in the Fukienese gang case, said that the top leaders of the gang, Lee Shou Pao and Chen Guo Ren, were named in the indictments, but both are believed to have returned last year to China. 
They cannot be forcibly returned to face charges here because the United States does not have an extradition treaty with China, Mr. Parker said.
Mr. Chin of Rutgers University, who is doing a study on illegal immigration, said Chinese gang smugglers had apparently stopped using ships as a major method of entry. 
He said that many Chinese immigrants were entering illegally through Mexico or flying into the United States after obtaining fraudulent visas.
But he said that despite the indictments, the gang problems in Chinatown were likely to continue. 
Since the mid-1980's, Mr. Chin noted, Federal and state prosecutors have convicted more than 100 Chinese gangsters with pronouncements that the authorities had dismantled the notorious Ghost Shadows, Fuk Ching, Tung On, Hakka and the original Flying Dragons groups. 
""It does not matter how many gangs you wipe out,"" he added in an interview. 
""Sooner or later new ones will spring up to fill the vacuum.""
Man Bun Lee, a former president of the Chinatown Consolidated Benevolent Association, the neighborhood's largest civic organization, said the Fukienese gang was viewed by many community leaders as the fourth largest criminal gang to spring up in the last decade. 
""It could be the last one,"" he said in an interview. 
""Who knows?""",4,immigrants,CLINTON,Clinton (1993-2000),CATEGORY_11,"immigrants, immigration, ships"
"After Crackdown, Smugglers Of Chinese Find New Routes.txt","ï»¿
More than a year after the tramp steamer Golden Venture went aground off Queens with a cargo of 300 illegal Chinese immigrants, a Government crackdown on the ship-borne smuggling of Chinese to this country has apparently led smugglers to open a new route through the Caribbean.
So far this year, only two large ships, together carrying just over 300 Chinese immigrants, have been intercepted on the high seas, a sign of the waning success of ship-borne smuggling. 
More than a dozen ships were intercepted in the year before, yielding 2,533 arrests.
But while the Government's blockade has choked off one avenue of entry, officials say smugglers have adopted a new route in which small groups of Chinese are taken to Puerto Rico and the United States Virgin Islands, where they can board domestic flights to the mainland, avoiding the tighter inspection of international travelers.
""The smugglers have had to alter their modus operandi, and this is the new avenue that has come to the forefront,"" said John Wright, director of the Immigration and Naturalization Service's criminal section.
While the number of smuggled Chinese is minuscule compared with the millions of Mexicans and Central Americans who try to cross into this country each year, the continuing smuggling underscores the difficulty in sealing the nation's borders and controlling the increasingly sophisticated gangs of international traffickers.
""It's like if you squeeze a balloon, it just pops out around your hand,"" said Comdr. Robert Morrison, chief of the Coast Guard's migrant-interdiction branch. 
""If we tighten up, they're going to look where there's a weak link.""
The shift to the Caribbean route became apparent in spring of 1993, officials said. 
In the year before, the Border Patrol arrested just 10 Chinese in Puerto Rico. 
Last year, the number rose to 251 and has jumped to 453 so far this year.
Mr. Wright said many of the Chinese apprehended in Puerto Rico had begun their journeys in Fujian Province in China. 
Typically, the would-be immigrants would fly Latin America with an eventual destination of Santo Domingo in the Dominican Republic.
Using small boats at night, the immigrants would cross the 100-mile Mona Passage that separates the Dominican Republic and Puerto Rico.
Once in Puerto Rico, immigrants would try to board domestic flights to the mainland or continue northward by boat to Florida. 
Mr. Wright said virtually all of the Chinese apprehended over the last year said their final destination was New York City.
So far this year, the Coast Guard has intercepted only two boats carrying Chinese immigrants in the Caribbean. 
Other boats, carrying a mix of Dominican, Pakistani, Cuban and Chinese illegal immigrants, have been discovered by the Border Patrol, the immigration service says.
As arrests in Puerto Rico have mounted, the smugglers have once again begun to modify their routes. 
Just this month, a group of 27 Chinese who had departed from Antigua were picked up by the Coast Guard off Charlotte Amalie in the United States Virgin Islands.
""There is a major influx coming into this area,"" Mr. Wright said. 
""My sense is the operations are moving to South and Central America and the Caribbean.""
The emergence of the Caribbean route is the latest twist in the long-range cat-and-mouse game that has evolved between the Government and Chinese smugglers.
While Chinese illegal immigration has gone on for decades, the rise of highly organized Far Eastern smuggling organizations is a modern phenomenon, with immigrants aboard the large freighters and fishing vessels favored by smugglers often paying$20,000 to $30,000 each for passage to the United States.
Experts say that the smuggling of Chinese immigrants by boat began about five years ago, although the first large-scale arrests of illegal immigrants were not made until the arrival of the I-Mao No. 306 off the coast of Southern California in 1991 with 118 Chinese aboard.
The number apprehended was relatively small, but the use of large vessels as smuggling ships marked a disturbing turn in which the coastline of the United States, like the southern border, became open territory for illegal immigration.
From 1981 through 1990, the Coast Guard had apprehended only 28 Chinese trying to enter the country by sea. 
In 1991, the year the I-Mao No. 306 arrived, the number jumped to 146, to 791 in 1992 and to 2,533 in 1993.
What brought the issue to a boil was the arrival of the Golden Venture off Rockaway Beach, Queens, on June 6, 1993. 
Ten Chinese immigrants died as they tried to swim ashore through the frigid waters.
Shaken by the Golden Venture incident, the Government announced a sweeping plan devised by the National Security Council and several other Federal agencies to crack down on the multimillion-dollar business of Asian smuggling.
Commander Morrison of the Coast Guard said officials hoped to improve intelligence on smuggling ship departures, increase surveillance of the seas, improve coordination on illegal immigration enforcement with foreign governments and intercept smuggling ships as far from American waters as possible.
Some ships were intercepted as far out as 1,600 nautical miles from the United States. 
In several cases, illegal immigrants were taken to other countries, including Guatemala and the Republic of the Marshall Islands, and then flown back to China.
The strategy has sharply curtailed the arrival of ships to American waters. 
So far this year, the only ships intercepted by the Coast Guard have been the Jin Yinn No. 1, stopped in April with 113 Chinese immigrants about 980 nautical miles southwest of San Diego and the Captain Denny, which was it was spotted from the air in June about 350 nautical miles east of Norfolk, Va.
Commander Morrison said interviews with Chinese immigrants arrested by the immigration service in the United States had indicated that two other ships might have escaped detection.
From last year's high point, the number of Chinese apprehended at sea by the Coast Guard has dropped to 340 so far this year.
""As far as the large mother ship operations are concerned, the numbers have dropped off significantly,"" he said. 
""We've basically been having a full-court press and we're optimistic.""
But Commander Morrison added that while the time of the big ships appeared to be waning, it was still uncertain whether the overall flow of illegal Chinese immigrants by sea had begun to slow or had simply shifted to other routes that are more difficult to detect.
""It's the million-dollar question,"" Commander Morrison said. 
""If you look at the numbers, you can see that things have changed. 
We are encouraged that we are getting less of the big vessels, but the fact is criminal organizations don't tell us what they're doing. 
It's really hard to say what is happening now.""",4,immigrants,CLINTON,Clinton (1993-2000),CATEGORY_11,"immigrants, immigration, ships"
China in Campaign to Expel Koreans Who Enter Illegally.txt,"ï»¿
As the police truck bumped past frosty pine trees toward the North Korean border in January, Mr. Yoon and the six other prisoners locked in back knew they had only an hour to act.
Like hundreds of thousands of hungry North Koreans who have sneaked into China illegally, Mr. Yoon and his wife first came to find food, escaping a deadly famine in their homeland. 
But now, two years later, Chinese police officers had burst into their tiny rented room here, 20 miles from the border, arrested the couple and were sending them back separately -- to certain persecution.
Mr. Yoon, 29, still vividly recalls a terror-filled ride, as he sat alternately crying and clawing at the cable lock that sealed the truck's back gate. 
Just miles from the border, it snapped.
""Five of us ran away, but a woman and her 15-year-old couldn't run fast enough,"" said Mr. Yoon, a baby-faced former professional athlete who is now a fugitive in China again. 
""We pulled and pulled. 
We were totally desperate. 
If I'm sent home I'll be sentenced to life in prison -- or death. 
I will do anything not to go back.""
The Chinese police in recent months have sharply increased their efforts to expel North Koreans living undercover in China, creating a climate of fear along the border and fueling a potentially explosive international refugee crisis.
Against that backdrop, migrants are extremely nervous about interviews, refusing to divulge full names and hometowns, or to have pictures taken, for fear of helping the Chinese or North Korean authorities to locate and them and send them back, or persecute relatives still at home.
The number of ""food migrants"" sent back has at least doubled this year, to as many as 2,000 a month, aid groups on the border say. 
The problem, the office of the United Nations high commissioner for refugees says, is that a number of the people whom the Chinese call ""food migrants"" probably meet the criteria for protected political refugee status, which would make their return illegal under international law.
But the Chinese government is not allowing United Nations workers to travel to the border to make that determination, even though China has signed related treaties.
While most North Korean refugees are driven to China by hunger, their government often regards them as traitors once they flee. 
Many face not just renewed hunger, but also persecution if they are returned.
It is unclear exactly why China is now making greater efforts to enforce its longstanding policy that the Koreans are economic migrants who must go home. 
But experts point out that the Chinese are hoping for a visit this year from North Korea's reclusive Communist leader, Kim Jong Il, and are also fearful that their own resources will be overwhelmed by the growing stream of gaunt North Korean arrivals.
And so the government has recently stepped up raids on the hundreds of tiny shelters and factories where the illegal migrants live and work, generally run by local churches, South Korean aid groups or Chinese of Korean descent.
In the past, the local authorities generally turned a blind eye to the 100,000 to 200,000 North Koreans estimated to be staying illegally in this border region, where the language of small talk is Korean and the favored dish is spicy kimchi because many of the citizens are ethnic Koreans. 
North Koreans were generally deported only if they became too visible or committed crimes.
The United Nations refugee agency has quietly expressed concern to the Chinese about its poor access. 
Most Western nations, though disturbed, have remained mum. 
All worry that criticism would prompt the Chinese to seal the border altogether, closing what remains an important safety valve for a five-year famine that experts say has caused as many as two million deaths.
""If these people were from Cuba, or Vietnamese boat people, they would absolutely be considered political refugees,"" said a Western scholar who studies Korea. 
""But this is very delicate.""
It is unclear exactly how many North Koreans have recently been handed over to North Korean border guards on the bridges that span the narrow Tumen River. 
Relief workers with contacts at the local public security bureau say the number was about 7,200 in 1999 -- about 10 percent of new arrivals -- and is likely to be at least twice as high this year.
While refugees say first-time offenders who are sent back to North Korea are sometimes released after questioning, repeat offenders are punished harshly. 
Mr. Yoon said his older brother had been imprisoned after being forced back to North Korea and later died in jail.
In April, 80 prisoners on the verge of repatriation at a Chinese border jail took two guards hostage, demanding not to be sent back, North Koreans and aid workers here said. 
It was a predictably futile move: Chinese soldiers easily regained control, sending back 60 right away.
But Mr. Yoon's wife, Ms. Lee, who was jailed at one of the five Chinese border prisons here earlier this year, understands. 
""It was freezing, there were not enough mattresses and meals were just a bit of rice or porridge,"" recalled Ms. Lee, a lively former singer. 
""But what was on our minds, all the time, was that we needed to escape.""
North Hamgyong Province, across the border from China, is a mountainous mining region of North Korea, poorly suited to farming. 
So when the state grain distribution system there stopped providing regular food deliveries in 1996, after years of weather disasters and mismanagement, people had little to fall back on.
Ms. Kim, 40, a former interpreter and Communist Party member from the province, who is now being hidden by a church group in China, made her first trip across the border in June 1998, because she ""couldn't stand the hunger anymore.""
She has since been sent back to North Korea twice, with increasingly severe punishments each time.
In a former life, she remembers, there was an apartment stocked with food, a good job, a television and two happy children. 
Now, with hollow cheeks and perpetually downcast eyes, she and her husband survive on handouts, spending their days hiding in a low, dark room with other North Koreans. 
She had never met a Westerner before, and in the back room of a cheap Korean restaurant, she talked nervously.
Almost two years ago, she recounted, she and her husband left their children with relatives and simply waded across the Tumen River into China when the North Korean guards changed. 
The Chinese do not aggressively police the long border, although migrants say patrols have recently increased. 
The couple were sent back just two months later, by police officers investigating a murder, but were treated benignly in North Korea.
The police questioned them but in the end sent them home, saying, ""We understand that you don't have anything to eat, so go home and don't do it again,"" Ms. Kim recalled. 
But having long since sold their possessions to buy food, they said, they had no way to eat. 
Soon they waded back.
Like many North Koreans who subsist in China, they rarely ventured out and were ultracautious, moving from safe house to safe job and back again. 
But when Ms. Kim's sister fell ill in a distant Chinese city, they went to help her and were quickly detained. 
This time, Ms. Kim said, her forced return to Korea was marked by beatings and, finally, jail.
The North Korean police immediately took her to a security office for a violent interrogation, she said. 
Officers punched her, demanding to know why she had left and where she had lived. 
North Korean agents work extensively in the Chinese border region, trying to identify Koreans who have strayed and the Chinese who help them, aid groups say.
The process was repeated at a second security office, where the delicate woman said she was tied to a grate by her hair. 
Then, exhausted, she was sent to a prison, where the inmates slept on the floor without sheets, and where there were no showers. 
Although the prisoners worked long days in the field, she said, rations were meager and families were expected to bring in food. 
Many had none to give.
Conditions got so bad that the wardens started releasing prisoners, including Ms. Kim. ""They were worried someone would die and didn't want to be held responsible,"" she said.
But her brief elation turned to terror when a policeman, a childhood friend, told her that she would be rearrested. 
She said goodbye to her two children, now 11 and 15, and fled -- this time in need of political protection. 
""I miss them terribly, but if I go back now I'll be executed,"" she said.
Mr. Yoon, the former athlete, is terrified by the current crackdown because he has similar fears. 
When he sneaked across the border the last time, in 1998, he was already running from Korean police officers who had come to arrest him for two previous trips to China.
In 1996, when the food shortages started, ""we stole coal from a railroad yard by our home -- which we sold or traded for food -- and in the summer we stole from state farms,"" Mr. Yoon said. 
But in 1997 he had to make the two brief trips in search of additional food.
When he fled this last time, sympathetic Chinese helped him and his wife find work on a farm in Heilongjiang Province, 100 miles from Yanji. 
There, the urban couple planted rice, for a total of $70 a year, before the farmer kicked them out, saying the police might raid his property.
They then moved to Yanji, a small industrial city, where Mr. Yoon found work in a candle factory and Ms. Lee knitted for a living. 
Last Dec. 
12, the police beat down the door of the tiny apartment where they lived quietly with two other migrants and took the terrified couple to the station.
There, interrogators accused them of one crime: being North Koreans in China illegally.
""They beat us over and over, asking, 'You are North Koreans, aren't you?'
"" Mr. Yoon recalled. 
Using the broken Mandarin he had picked up during almost two years in China, he hotly denied the accusation. 
But despite hours of wailing and pleading, they were ultimately separated and slated for deportation.
Miraculously, both managed to elude return, he by jumping from the truck, and she when a policeman plucked her from a vanful of prisoners about to be handed over into North Korea. 
She suspects that a man who had previously given her shelter bribed the police.
Since that experience, the couple said, they have become even more careful.
""The situation is getting worse in this area,"" said Mr. Yoon, noting that the candle factory where he had long worked was afraid to employ him any longer.
Yet there is little he can do, a man who cannot go back to his home -- or his 6-year-old daughter -- and cannot move forward either. 
Asked about the future, the small, clean-cut man dressed in donated clothes laughed, a mixture of sadness and cynicism.
""Generally speaking for North Koreans like me, there are no plans,"" he said. 
""I live day by day. 
Each night I just think, 'Good, I survived today.'
""
Â Â Â Â Â Â",4,immigrants,CLINTON,Clinton (1993-2000),CATEGORY_11,"immigrants, immigration, ships"
Chinatown Alarms May Be Hoax to Get Quick Housing.txt,"ï»¿
In the last year, city officials have evacuated almost 200 people from dungeonlike cellars in Chinatown. 
In poorly lighted hovels, they found adults and children living stacked like cordwood in makeshift bunks, sharing hot plates and dodging rats.
The televised pictures of some of the evacuations -- in which Chinese immigrants, squinting from the television lights, emerge from darkness clutching their possessions in plastic bags -- have provided striking images of sordid living conditions in an underground immigrant existence.
But city housing officials now suspect that some of the emergencies were a hoax, and that the horrific living conditions were bogus. 
They say that the immigrants may not have actually been living where they were found. 
Rather, the officials say, the immigrants may have paid people to settle them in the rooms and basements long enough for an alarm to be pulled or a small fire to be set.
Once they were evacuated by the Fire Department from what looked to be their illegal, unsafe homes, the immigrants, many from the Fujian Province on the southern coast of China, jumped to the top of the city's long waiting list for public housing, the officials said.
Harold M. Shultz, a deputy commissioner for the Department of Housing and Preservation Development, said yesterday that suspicions were aroused by a noticeable increase in the number of emergency evacuations from Chinatown, and by the savvy way the immigrants reacted when the authorities arrived.
""We have seen people vacated from buildings who appeared to have expected the vacate to occur,"" Mr. Shultz said. 
""Many of these people requested specific placement at hotels and specific placement at Housing Authority projects. 
This was extremely unusual. 
It was occurring on a regular basis.""
An investigation is under way by the inspector general of the Housing Authority, Mr. Shultz said. 
He added that not all those applying for emergency housing were under suspicion.
People in Chinatown, including housing advocates, landlords and real estate agents, said they too thought that a swindle has taken place. 
For example, Debbie Leung, a longtime housing advocate in Chinatown who has served as a translator during some evacuations, said this week that a few of those she interviewed revealed the ruse.
""They don't live there,"" Ms. Leung said. 
""They were just paying for the space.""
Mr. Shultz said that officials thought the pattern of hoaxes had ended in June, when the Housing Authority began to bar illegal immigrants from public housing. 
But he said their concerns were resurrected by two later incidents: the evacuation of more than two dozen people from 47 Market Street in July, and the evacuation two weeks ago of eight families and 23 single adults from a basement at 58 Henry Street.
Over the years, Chinatown has been the destination for many illegal immigrants from China, often smuggled into the country by ruthless gangs charging exorbitant fees. 
Those immigrants often live in illegal, squalid conditions until they earn enough to rent an apartment. 
Substandard housing is a chronic problem.
But city officials have been puzzled over the last year by the increasing number of illegal dwellings that came to their attention through emergencies. 
Evacuations were occurring monthly. 
Since 1994, for example, five buildings have been vacated on Eldridge Street alone, earning the street the nickname of Smuggler's Row.
The evacuation of 15 Eldridge Street early this year provides an example of what such an emergency can mean to the tenants involved. 
On Jan. 
30, firefighters responded to a report of smoke coming from the building's basement. 
There, they found 13 people living in a 7- by-20-foot cubicle that was zoned for commercial use. 
Bunk beds had been constructed, and some people were gathered around a propane stove.
The owner, Federico Cheaz, was issued a violation order for harboring conditions that were ""eminently perilous to life in case of fire.""
The 13 people were referred to the housing department, which temporarily placed them in $16-a-night hotel rooms, with the cost passed on to the landlord.
During the next few days, caseworkers and translators asked those evacuated if they wanted public housing. 
The answer was almost always yes. 
So far, 5 of the 13 have received public housing, and 5 others have been certified and are at the top of a waiting list, Carl Pelleck, a Housing Authority spokesman, said. 
From the nine evacuations in Chinatown this year, he said, 36 people or families have been placed in public housing, and 113 have been certified and are on a waiting list. 
The applications of another 35 families are pending, and one family was rejected.
Mr. Pelleck said that the Housing Authority has a yearslong waiting list for subsidized public housing units. 
As a result, he said, the agency has developed a priority list in which the homeless -- including those who become homeless as a result of an emergency -- are at the top.
""Homeless people are the top priority on public housing at this time,"" Mr. Pelleck said.
The authority had 50 homeless families waiting for housing at the end of last week.
Ms. Leung, who works for It's Time Inc., a tenant advocacy group, was interpreter for some of the about 30 people who were evacuated from 51 Canal Street in June. 
She said that several people told her that they actually lived elsewhere, but that they were hoping to secure public housing.
""They heard there's no waiting list if you come through the shelter,"" Ms. Leung said. 
""One, two, three. 
It happens, too.""
Ms. Leung said she was outraged by the practice. 
She and other advocates also expressed concern that the sporadic incidents may stigmatize other Chinese immigrants who try to apply for housing. 
Most, they say, have no recourse but to live in squalor, abused by landlords and harassed by smugglers who will resort to violence to collect debts.
""I know some people paid a few hundred, maybe a thousand, to be in the basement for a period,"" Rose Wong, another housing advocate in Chinatown, said Monday. 
""But that's not a lot of people. 
They have to know the connections.""
The apparent hoax has spurred other questions that so far have no answer. 
City officials do not understand yet who has benefited from the fraud, whether it is landlords, other tenants or professional smugglers.
""Someone here might be preying on individuals who need a place to live, and may be putting them in dangerous situations for their own financial gain,"" Mr. Shultz, the housing official, said. 
""We do not have any clues as to what level of organization there might have been. 
But in a number of instances, it appeared to have been organized.""
Some in Chinatown said that people learned of the elaborate swindles only after they had taken place. 
Dean Lui, a real estate agent representing the owners of 58 Henry Street, said yesterday that a man approached an owner this spring asking to rent the basement to store dry goods. 
The two businessmen agreed on a monthly rental of $700.
But the rent was never paid, in part because the landlords could not find the man who signed the lease. 
It was not until a small fire at the building this month, Mr. Lui said, that the owners learned that three dozen people were living in the basement.
Mr. Lui said he knew that such scams were being perpetrated in Chinatown, but maintained that the landlords had no prior knowledge of what was going on in the basement -- even though one of them, David Chow, lives in the building.
There is yet another layer of nuance and meaning to the evacuations. 
It underscores the escalating tension between the Cantonese, who have traditionally ruled Chinatown, and the newer Fujianese immigrants.
The Cantonese, who see the growing Fujianese presence as a threat to their authority, blame the Fujianese leaders for abetting the immigrants who are seeking to jump to the head of the long line for public housing.
""The scam is very sophisticated,"" said one Cantonese community leader who insisted on anonymity. 
""You have to know the laws to get through the loopholes. 
The average Fujianese is not this sophisticated. 
Who is teaching them about this?
If they need public housing, they should wait in line like everybody else.""
But Fujianese community leaders deny any involvement. 
They say these incidents show the desperation of immigrants who are under pressure to make enough money so that they can provide for their families in China and pay smuggling fees that can be as high as $30,000.
""No Fujianese organization would jeopardize the lives of their members this way,"" said K.T. 
Yang, president of the United Fujian American Association. 
""This problem reflects the failure of the American Government to provide for those living in this country.
""Most of our villagers consider America heaven,"" Mr. Yang said. 
""And they're now forced to live in hell.""
Â Â Â Â Â Â",4,immigrants,CLINTON,Clinton (1993-2000),CATEGORY_11,"immigrants, immigration, ships"
Chinese Couple Held 13 Days In International Ransom Plot.txt,"ï»¿
Two Chinese immigrants held captive for 13 days in a Brooklyn basement closet were freed and their abductors were captured on Monday night, the police said, after an around-the-clock investigation of an international kidnapping-for-ransom plot.
Kidnappings of Asians in New York by members of Asian gangs have risen in the last two years and account for more than half of the 30 kidnappings in the city this year, Capt. George Duke of the Police Department's major case squad said. 
What made this case unusual, the authorities said, was that the immigrants who were abducted were here legally and the ransom was sought from the victims' relatives in China.
""The targets of many of these kidnappings are people who are here illegally and for an obvious reason, they are fearful to make a complaint,"" Charles J. Hynes, the Brooklyn District Attorney, said.
The kidnapped man, 24-year-old Shan Hua Chan, 24, and the woman, 33, who has not been identified because she was reportedly raped repeatedly by her abductors, were taken at gunpoint during a July 25 robbery of their apartment in Sunset Park, Brooklyn, Mr. Hynes said.
Both the victims and the men charged with kidnapping them are natives of the Fujian province in China and ransom demands were delivered to relatives of the victims living in China, Mr. Hynes said.
The victims were also beaten during their ordeal, which ended with the police raid about 9 P.M. Monday at the basement apartment of a three-family brick home at 451 Avenue Y in the Gravesend section of Brooklyn, Mr. Hynes said.
""They were absolutely terrified out of their minds,"" said a detective who specializes in crimes involving Asian gangs and took part in the five-minute raid. 
""The man was so relieved his legs turned to jelly.""
The police refused to give detailed information about the victims to maintain the woman's anonymity. 
Both were taken to Coney Island Hospital. 
""The man was deprived of food and drink for most of the time he was kidnapped,"" Mr. Hynes said.
Four men have been charged with kidnapping, rape and illegal weapons possession in the incident, Mr. Hynes said, adding that two loaded .380-caliber semiautomatic pistols were found in the apartment. 
The most serious charge, kidnapping, carries a maximum prison sentence of 25 years to life.
Captain Duke said the four defendants live in Manhattan and belong to the Fujian Flying Dragons, a Chinese gang that is based both in the United States and in China and has engaged in smuggling l refugees.
The police have not yet established whether the defendants are legal immigrants, Mr. Hynes said.
Three of the men, Jin X. Lu, 32, of 52 Allen Street, Lo Yeang, 22, of 170 Forsyth Street and Xao He Lu, 19, of 202 Rivington Street were arrested in the raid on the Gravesend apartment, Mr. Hynes said. 
Documents found in the apartment revealed the whereabouts of the fourth defendant, Tong Feng Lu, 37, of 209 Madison Street, and he was taken into custody later Monday night, Mr. Hynes said.
""Kidnappings used to average about 40 a year,"" Captain Duke said, adding that the number rose to 60 last year, involving 88 victims. 
""Of those 60 kidnappings, 33 were of Asian immigrants in this country. 
So far this year, we have 16 kidnappings of Asians.""
Captain Duke said the police got their first break in the Gravesend case by intercepting a ransom demand made during a call on a cellular phone to someone who resides at the Sunset Park apartment with the two victims.
Later, Captain Duke said, a partial license plate number provided by a witness led detectives to a light blue Ford Taurus that was apparently used in the kidnapping.
The initial ransom demand was $38,000, but it was later reduced to $28,000 and $18,000, Mr. Hynes said, adding that the number eight is a lucky number in the defendants' Fujianese dialect of Chinese.
The District Attorney said the defendants tried to arrange a ransom payment in China to avoid being arrested during a payoff here, which would surely have been monitored by the police.
""The families were trying to raise the money,"" Captain Duke said.
Police robbery squads in Brooklyn and Queens are working to see whether the four men are involved in other robberies and kidnappings, the captain said.
""We feel that we are uncovering a pattern of similar crimes,"" he said.",4,immigrants,CLINTON,Clinton (1993-2000),CATEGORY_11,"immigrants, immigration, ships"
Chinese Detainee Recalls Life as Smugglers_ Cargo.txt,"ï»¿
It was an odyssey, he said, that began more than a year ago, when he was forced to leave a coastal village in China for political reasons, and ended two weeks ago when what he hoped would be his boat to freedom ran aground on the Jersey Shore.
In between, he said, was a desperate, often difficult passage that included a prolonged, lonely stay in a humid country in South America and an unpleasant voyage aboard a large, rickety ship with about 200 other Chinese men bobbing through the rough Atlantic Ocean.
""It's been very difficult,"" said the man, 25, who spoke on the condition that his name not be used. 
""I am lonely.""
The man is one of 23 from China who tried to enter the United States illegally on May 30 and are being held by the Federal Immigration and Naturalization Service at a detention center here. 
The immigrants' lawyers say that the men will seek political asylum; the immigration service, though, has begun deportation hearings and is moving swiftly.
Information about the 23 men, whose predicament recalls that of the 286 illegal Chinese immigrants aboard the Golden Venture, a smuggling ship that ran aground in Queens in 1993, has been sketchy to this point. 
But today, one of the 23, the 25-year-old man, spoke briefly in an interview at the detention center about why he did what he did, casting some light on the conditions and hardships he and his fellow shipmates may have endured.
During the voyage, the man said, food was scarce. 
Uncertainty, however, was plentiful: uncertainty about whether he would be able to repay the $20,000 to $30,000 debt that his family had incurred to send him to America, whether he would survive the trip, and whether he would be caught and sent back to China, where his life, he said, would be in danger. 
""I was forced to leave China for political reasons,"" the man said. 
""I am afraid of being captured by the Communist Party.""
The immigration service is trying to determine whether his account is genuine or the result of an effort to coach the man to say things that might improve his chances of staying in the United States. 
On Thursday and Friday, the 23 men made brief individual appearances before two immigration judges at deportation hearings to determine whether they should be released on bond. 
The hearings are scheduled to resume in two weeks, when relatives of some of the 23 are expected to offer testimony in support of their release.
One of the 23 Chinese men, Wang Wu Dong, was also aboard the Golden Venture in 1993. 
He failed to win asylum and was deported only months before Congress passed a law in 1996 that would have strengthened his case for asylum.
Today, Mr. Wang spoke briefly during an interview. 
But he politely declined to offer any details, saying only, ""I've been through many hardships.""
He referred all matters to his lawyers at the Porges law firm in Manhattan. 
He looked disheveled, with unkempt hair and bloodshot eyes.
But one of Mr. Wang's shipmates, the 25-year-old passenger who spoke on the condition of anonymity, did speak cautiously about his situation.
Speaking in Mandarin, the man said that he grew up as one of three sons in the small farming community of Minjiangko, not far from the city of Fuzhou in Fujian Province. 
His father recently retired as a laborer in a shipbuilding factory; his mother, he said, worked on a farm, planting rice and growing loquat, a small orange-like fruit. 
He studied through middle school, then found work, first as a painter, later as a clerk at a sundries store.
A few years ago, the man's older brother left home to go to United States. 
Why he did so was not clear; the man in the detention center said he knew little about his brother's current whereabouts. 
He also declined to elaborate on his own reasons for leaving, saying only that the political explanations would surface during his asylum hearings.
""I am worried about what might happen to me if I go back,"" he said.
He did say, however, that he was not married and that he was not a practicing Christian or a member of the pro-democracy movement.
He said that his relatives arranged for his trip, paying $20,000 to $30,000 to a smuggling group, and that he left home about one year ago. 
He traveled by plane to South America; it was a long trip.
Earlier reports in the Chinese-language media have said that the men flew to Suriname, in South America. 
The Asbury Park Press reported today that one of the 23 -- a man named Chen Da Xing -- stashed some mementos near the beach at Bay Head where the boat sputtered to a halt. 
These included a pair of pants, a jacket, a razor, a spiral-bound notebook with English phrases, and cigarettes made in Suriname.
The 23 were apparently not the only Chinese men who were in South America, waiting for an opportunity to sneak into the United States, the man from Minjiangko said.
After waiting for what might have been the better part of a year, the men left South America perhaps two or three months ago, boarding a big ship. 
There may have been 200 men, most of whom were from Fujian. 
But the man said he did not recognize a soul from his Minjiangko life, and he often felt lonely.
The voyage was difficult: sleep was but a dream, and food consisted only of rice porridge. 
At some point, the bigger ship discharged a group of about two dozen, who then were transferred to a smaller boat, the Oops II. 
But the Oops II lost its way in heavy fog and ran aground on the night of May 30 near the New Jersey borough of Bay Head. 
The immigrants jumped into the surf and headed toward the Victorian mansions that stood sentinel along the waterfront.
At first, the Immigration and Naturalization Service captured 22 of the men; a 23d was later found wandering around the town, hungry and wet. 
The 23d man also said that there were two other missing passengers who had been hiding; they have yet to be found.
Last Monday, the United States Coast Guard took custody of a freighter that was intercepted about 195 miles east of San Salvador Island in the Bahamas, and the authorities have said it may have been a so-called mother ship used in the Oops II smuggling operation. 
That ship, the Oriental I, reportedly discharged 24 Asian men -- 23 from China and one from Malaysia -- who were picked up by a speedboat and taken to the Bahamas. 
The men were later captured and, like the 23 in Elizabeth, are being detained as illegal immigrants.
Even so, the man from Minjiangko said he hoped that he would be granted asylum. 
""I've suffered a lot,"" he said. 
""I don't want to go back.""",4,immigrants,CLINTON,Clinton (1993-2000),CATEGORY_11,"immigrants, immigration, ships"
Crew Member Admits to Role in Smuggling Chinese Immigrants.txt,"ï»¿
Intensifying their investigation of the smuggling of Chinese immigrants into the United States, a Federal prosecutor said today that one of the crew members of a smuggling ship that ran aground in New Jersey had pleaded guilty to conspiracy charges and that another was expected to plead guilty later this week.
At the same time, the prosecutor, Carolyn A. Murray, an assistant United States attorney in New Jersey, said that the 23 Chinese immigrants who arrived aboard that smuggling ship and have since been detained by the authorities as witnesses in the Federal investigation would probably be released on bond soon. 
Beginning next week, the Federal Government plans to take depositions from some of the 23 in a process that should take several weeks, and at its conclusion, will allow the immigrants to be released.
""The whole purpose of the depositions is to keep the amount of time they spend in custody as witnesses to a minimum,"" Ms. Murray said after a meeting with defense lawyers before Judge Dickinson R. Debevoise in Federal District Court here. 
So far, the illegal immigrants have been held for more than two months.
Today's proceeding was not a formal hearing; it was more a matter of legal necessity to coordinate schedules and logistics as the summer winds down. 
Even so, the conference hinted at how the Government is proceeding with its investigation into the smuggling of illegal immigrants, and what lies ahead for the principal players involved.
The Federal Government is investigating the events surrounding the evening of May 30, when a power boat carrying the illegal immigrants ran aground in a soupy fog in the affluent town of Bay Head, N.J., some eight miles north of the intended destination, Belmar, N.J.
The case attracted additional attention, no doubt, because of its parallels with the case of Golden Venture, a larger ship that was carrying 286 illegal Chinese immigrants when it came to a halt in Queens in 1993.
Last month, the Federal Government indicted six men in a conspiracy to smuggle the 23 Chinese men into the United States. 
The six were accused of participating in an international smuggling operation that solicited as much as $40,000 apiece from anyone interested in leaving Fujian province in southern China for the United States.
Five of the six are being held without bail in New Jersey jails; the other, Charng Seon Choi, is still at large. 
One man facing smuggling charges, Kim Jong Che, has said that he was born in Korea but lives in Venezuela, while the backgrounds and residences of the other defendants remain unclear.
But last week, another of the six, Cho Yang Nam, pleaded guilty to one conspiracy charge, acknowledging that he plotted with unnamed others to smuggle the Chinese immigrants, according to court documents. 
He has since agreed to cooperate with investigators, which could pare his sentence from its maximum of 10 years in jail and a $250,000 fine, the documents show.
Mr. Cho's guilty plea was not disclosed until today, however, because of case strategy, Ms. Murray said. 
Another man accused of smuggling, Nam Jick Cho of Bayside, Queens, may plead guilty this week, she said.
Neither of the Chos -- who prosecutors say are not believed to be related -- appeared in court today. 
But the other three accused men in custody -- Mr. Che, Piao Zhen Jia and Jiang Yong Zhu -- did show up in the courtroom, looking stone-faced while listening to a translator. 
The trial is scheduled to being on Nov. 
17.
As for the illegal immigrants, they were first held in an Immigration and Naturalization Service detention center in Elizabeth, N.J. 
Most were released in mid-July on bond by two immigration judges, only to be immediately rearrested by Federal authorities as witnesses in the Federal investigation.
For now, the 23 men remain in Government custody, most in the Passaic County Jail. 
But some of the men were briefly reunited last month with several relatives who appeared in immigration court in Elizabeth to offer testimony to support the men's release on bond.
Within a week or so, Federal prosecutors are expected to whittle the list of 23 to about 10 or so men from whom they plan to take videotaped depositions.
Those who are not deposed presumably will be released immediately; those who are formally questioned will be released after their depositions, assuming no further legal complications, Ms. Murray said.
Of course, the men still face deportation hearings by the I.N.S. 
But most have filed for political asylum.",4,immigrants,CLINTON,Clinton (1993-2000),CATEGORY_11,"immigrants, immigration, ships"
Group_s Trade in Bodies Reaped Wealth and Power.txt,"ï»¿
Police raids in New York and Hong Kong over the weekend took aim at a Chinese gang that has become New York City's most powerful Asian crime organization, gaining wealth and influence through the smuggling of Chinese immigrants, investigators say.
The gang, known as the Fuk Ching, has been operating in New York for several years, but came under increased police scrutiny recently because of its role in helping to organize the ill-fated voyage of a tramp steamer that ran aground off Queens in June with nearly 300 Chinese men and women aboard.
The leader of the gang, Guo Liang Chi, 27, a convicted extortionist who is widely known as Ah Kay, was among 14 members or associates of the gang taken into custody. 
Mr. Guo was arrested in Hong Kong.
Mr. Guo, who first entered the United States as an illegal immigrant at the age of 15, had left New York early this year as warfare broke out in the ranks of the Fuk Ching (pronounced fook-ching) over control of the profits from the smuggling of immigrants.
Federal investigators and New York Police detectives say the extent of Mr. Guo's influence over the gang after he went abroad is unclear. 
But they believe he remained an important figure in the financing and coordination of shipments of illegal immigrants, both by sea and air. 
The gang itself may have become somewhat fragmented, the authorities say, but its estimated 25 to 30 members and dozens of associates remain deeply involved in human smuggling and other crimes.
The gang takes its name from Fujian Province in southern China, a coastal area that has been the source of most of the illegal Chinese immigrants landing in the United States in recent years. 
The name, Fuk Ching, translates as Young People of Fujian.
Like other Asian gangs, the Fuk Ching are extremely secretive and operate in small groups or cells, the police say. 
Perhaps their greatest asset is their language, a dialect that is colorful and complex, unintelligible to most other Chinese and, of course, to the police.
No one knows how many Chinese immigrants the Fuk Ching has helped spirit into this country, but the police say the numbers run into the thousands, with each immigrant paying $25,000 to $30,000 for passage. 
Initially, the Fuk Ching, like some of the half dozen or so other Asian gangs in New York, worked as contractors for the businessmen in China, Hong Kong and Taiwan who ran the human smuggling operations, the authorities say. 
Now, they say, it takes shares in the profitable syndicates that put the smuggling ventures together.
The main role of the gangs, the authorities say, remains the same. 
They take charge of the immigrants on arrival and hold them in bare apartments, basements and warehouses until friends or relatives pay the smuggling fees. 
But as financiers of the smuggling operations, their cut is bigger.
Â 
Mistreatment of Immigrants
Many immigrants have been beaten and threatened with death when the money for their trips has been slow in coming, the police say. 
Others have been roughed up for no apparent reason.
In June, the police found eight Chinese immigrants being held in a house in Sheepshead Bay after a 21-year-old Chinese woman escaped by climbing out a window as her captors slept. 
Several men, she said, had forced her into a car shortly after her arrival without documents at Kennedy International Airport, taken her to the house in Sheepshead Bay and raped her repeatedly. 
Two men in the group said they were beaten every day.
Like other Asian gangs in New York, the police say, the Fuk Ching also make money by shaking down businesses in Chinatown for protection money, providing guards for illegal gambling houses and brothels and by serving as couriers and bodyguards for drug dealers.
""But they prefer smuggling people,"" said one Federal investigator who spoke on condition of anonymity, ""because it's very lucrative and the risk is much lower. 
The worst they can get for an immigration violation is five years in jail. 
If they get caught with a package of heroin, it's much worse. 
They could go away for 20 years.""
Â 
Pressure From the President
Until the tramp steamer, the Golden Venture, ran aground off Queens and 10 people died, the chances of a smuggler getting caught or even receiving a five-year sentence were slim because investigators focused on crimes that carried bigger penalties. 
But President Clinton has now ordered the Justice Department to apply racketeering statutes, which provide for stiffer penalties, to human cargo smugglers.
Law-enforcement officials said the Fuk Ching leader, Mr. Guo, would be charged with ordering the murders of two subordinates, gunned down while they were getting telephone beepers in an electronics shop on Allen Street in Chinatown in early January, in the start of the battle for control of the human cargo business.
In April, two of Mr. Guo's allies were wounded by gunmen as they sat in a parked van on a darkened street in Bridgeport, Conn. 
A little more than a month later, one of the men wounded in Bridgeport and two of Mr. Guo's brothers were shot to death in what the police described as a gang ""safe house"" in Teaneck, N.J. 
Another of Mr. Guo's supporters died in the Teaneck shooting and one other was wounded.",4,immigrants,CLINTON,Clinton (1993-2000),CATEGORY_11,"immigrants, immigration, ships"
July 18-24_Smuggled Human Cargo.txt,"ï»¿
""The Golden Mountain"" is what many poor Chinese call North America, and the interception of a boatload of more than 100 illegal immigrants in a ship off British Columbia shows once again what people will endure to reach these shores. 
Some paid more than $35,000; all endured filthy conditions for more than a month. 
Now Canadian immigration judges must decide if they will stay, or be deported to China.Â Â Â ANTHONY DePALMA",4,immigrants,CLINTON,Clinton (1993-2000),CATEGORY_11,"immigrants, immigration, ships"
Mah-Jongg Leads Church to Evict Senior Center.txt,"ï»¿
The click-clack of the mah-jongg tiles echoed in the senior center's basement, coming from a windowless, cluttered storage room where 20 elderly Chinese immigrants sat around five small tables.
Just beyond the back room at the Elmhurst-Jackson Heights Senior Center in Queens, Julie Rivera, 70, sat hunched over a breakfast tray that held oatmeal, a slice of white bread with peanut butter, a hard-boiled egg and a carton of milk.
Mrs. Rivera hardly raised an eyebrow at the mah-jongg activity, but the game is one reason the building's owner, a fundamentalist church, wants the senior center out.
""We've been trying to look for a new place,"" Mrs. Rivera said. 
""The ball starts rolling, as we say. 
But we're stuck. 
Right now I don't know where we're going to go.""
As if remembering to strain for drama, Mrs. Rivera added: ""On the street!""
If Mrs. Rivera maintains a ho-hum attitude in the face of eviction next Saturday -- when the center agreed to leave in an out-of-court settlement with its landlord -- it is not hard to understand. 
For the last five years, autumn has brought an annual ritual: Leaders at the Christian Testimony Church, a three-story, red-brick building at 87-11 Whitney Avenue, say they need more room for their growing congregation and frown on the senior center's gambling and dancing. 
So the senior citizens beg for a lease extension and promise not to dance or gamble, or at least to try not to gamble.
The city's Department of General Services, which finances the center, is negotiating to move it temporarily to a smaller building four blocks east, but similar plans have fallen through in the past, said Jose Prince, the center's director.
After several extensions, the city's license agreement with the church expired on Dec. 
31, 1995. 
Since then, the elders have allowed the center to stay without a contract but have taken legal steps to evict it.
The lack of a suitable building in the densely populated neighborhood, and the feeling of being a guest who has stayed too long, have forced Mr. Prince to look at temporary sites.
Paula Young, a spokeswoman for General Services, said that finding a permanent home for a senior center was complicated because it had to meet regulations regarding space and the Americans With Disabilities Act.
New immigrants from China have fueled growth at the Christian Testimony Church, said Andrew Yu, 60, one of six elders who run the church. 
Mr. Yu said the congregation of 400 regulars needed more space for English classes, Bible studies for youth, and other programs. 
But he said the elders would not likely have the heart to evict the seniors on Nov. 
30 if their move hit another snag.
Mr. Prince does not think space is the whole story. 
In 1994, after the church complained that it was becoming known as the gambling and dancing church, the senior center stopped its Friday dances and forbade its members to play mah-jongg.
""Maybe at a different church, they have different beliefs,"" Mr. Yu said. 
""But we are more conservative.""
Mr. Prince said he felt no moral obligation to prohibit mah-jongg and dancing. 
Not only is dancing not a sin, Mr. Prince said, but it is a staple -- exercise rather than seduction -- at most senior centers.
And so they danced, once again, though only through the spring. 
For as it became clear that the center would not immediately find a new home and would again depend on the church's hospitality, Mr. Prince said, the dancing ended. 
Mah-jongg, being a less public pastime, continues.
The senior center once drew most of its members from the Italian and Jewish elderly in this model working-class community of Queens. 
These days, most of the 160 regulars who come for breakfast and the 260 for lunch are immigrants. 
There is no groping for identity. 
People are Colombian or Taiwanese or Filipino, not Hispanic or Asian-American. 
The Institute for Puerto Rican Hispanic Elderly, a nonprofit organization that took over running the center in 1992, added a multilingual staff -- Korean, Chinese, English and Spanish -- which has helped increase the membership from 700 to 2,500.
Just before noon recently, about a hundred members waited for lunch on the first floor. 
At one table, a group of Latin American immigrants were betting pennies on a game of dominoes. 
At another, five Filipino immigrants shuffled cards in a game of pairs. 
Fermina Mallari, 85, was winning big, so much so that she could not hide all her nickels, dimes and quarters under the wallet she kept on the table.
But the center's most serious gambling was going on downstairs, over mah-jongg. 
Yuk-Shim Chan, the center's social worker for the Chinese, said the players nearly beat sunrise to the center these days, lining up at its entrance well before the doors open at 8 A.M. They eat breakfast quickly, then play mah-jongg until lunch. 
The 20 players split into the same groups of four unless, Mrs. Chan said, they have had a falling out. 
At midafternoon they go home.
""We're all old,"" said John Chang, 75, sitting at a table with a man from Taiwan and two women from China. 
Mr. Chang, who used to work as a waiter in Chinatown, said their apartments were too small to accommodate all the mah-jongg players.
""Here, it's better,"" he said. 
""It's like a second home.""",4,immigrants,CLINTON,Clinton (1993-2000),CATEGORY_11,"immigrants, immigration, ships"
Mexican Official Rebukes U.S. on Chinese Aliens.txt,"ï»¿
With unusual sharpness, a senior official in the Mexican foreign ministry told the United States today that the fate of 659 undocumented Chinese aliens aboard three ships off Mexico is up to the United States, and that Mexico's rejection of a request by the United States for assistance still stands.
""Mexico is not going to accept these people,"" said the official, who spoke on condition that he not be identified. 
""This is the responsibility of the United States.""
The official said Mexico had made it clear in a letter to Ambassador John D. Negroponte on Saturday that it ""was not in position"" to accept the United States' request to allow the three ships to dock in Mexico, where the passengers could be interviewed and then either allowed to enter the United States or returned to China.
The official disputed the accuracy of a statement by the State Department over the weekend that negotiations were continuing on possible solutions. 
Moreover, he contended that the United States had made an unreasonable request because the Chinese had no desire to go to Mexico and because, he said, United States immigration law so often worked against Mexican citizens trying to enter the United States.
Â 
Policy Change Suggested
""Why would we do this as a favor to the United States when our own people are victims of the same policy?"" the official asked. 
He also said the United States seemed to be trying to change an immigration policy that for last 12 years had allowed Chinese citizens to seek asylum in the United States.
The Mexicans denied that further negotiations had taken place. 
They said officials from both countries had met, but only to share information.
In Washington, however, the State Department said that talks were continuing ""with some intensity"" but that there was no sign of resolving what is becoming an embarrassing international dilemma.
The dubious conditions on board the ships added to the urgency of the negotiations. 
The Coast Guard said today that conditions on the three aging commercial vessels crammed with Chinese were ""fair"" at best. 
In the last few days the Coast Guard has ferried out hundreds of pounds of rice and military meals, as well as life jackets and an electric generator for a ship whose engine had failed.
But a State Department spokesman gave a harsher assessment. 
""Conditions on these ships are truly appalling,"" said the spokesman, Michael McCurry. 
""That's one more reason that requires us to deal quickly and accurately with the threat that is presented to those on board.""
The origin of the ships has not yet been disclosed, but officials in the United States and Mexico said they appeared to be part of international smuggling rings.
Mexican immigration officials backed off earlier reports that four other ships carrying more than 700 Chinese were heading toward the coast. 
And Coast Guard officials said their air patrols had not sighted them.
Thirteen employees of the Immigration and Naturalization Service have boarded the three ships, but officials said today that they were sent mainly as interpreters, not as part of any resolution to the diplomatic standoff between the United States and Mexico.
Verne Jervis, a spokesman for the immigration agency in Washington, said the Chinese-speaking interpreters were helping United States Coast Guard personnel who have been caring for the aliens since the ships, which were heading east, were intercepted last week and brought to a point in international waters 64 miles west of Ensenada, Mexico.
While Coast Guard medics have treated several passengers for minor injuries, only one person, a 19-year-old woman, has required hospitalization.
Immigration officials in San Diego said the woman, Zhou Shiuyun, of Fuzhou province in China, was airlifted Sunday afternoon to the University of California at San Diego Medical Center, where she underwent emergency surgery for a tubal pregnancy. 
She was in good condition today, said Eileen Callahan, a hospital spokeswoman.
Ms. Zhou spoke to The San Diego Union-Tribune on Sunday but has declined further interviews, Ms. Callahan said. 
""She's under a lot of medication,"" the spokeswoman added.
Â 
'I Hate the System'
Immigration officials said they suspected that she was going to the East Coast because she was carrying a New York-area telephone number.
""It's not just an economic problem,"" Ms. Zhou said in the Union-Tribune article. 
""I hate the system in China. 
There's no justice. 
I'll be punished severely, too, if the Americans send me back. 
That will be the end of me.""
In the same interview she said it was a smuggler's promises of opening her own business that led her to borrow half of the $20,000 fee to be smuggled to the United States.
Immigration officials said Ms. Zhou was allowed into the United States under a medical parole permit and would be returned to the boat as soon as her condition improved. 
But an I.N.S. spokesman, Rudy Murillo, predicted that Ms. Zhou would ask for political asylum to buy time in the United States.
""She's talking like she's very well versed, very well coached,"" he said. 
""It's hard to reconcile the entire story.""",4,immigrants,CLINTON,Clinton (1993-2000),CATEGORY_11,"immigrants, immigration, ships"
Mexico Allows a 3d Ship to Dock_ Most Are Put on a Plane to China.txt,"ï»¿
A third smuggler's ship carrying Chinese migrants was finally towed into port here today after being kept offshore because of tensions among the 235 passengers. 
Most were then deported.
After the rusting, 30-year-old cargo ship docked, most of the Chinese were herded down a gangplank onto 10 buses that took them to the airport in Tijuana. 
They then boarded an L-1011 jet for China, where their long voyage began many weeks ago. 
Mexican officials said 19 refugees who were suspected of causing friction had been handcuffed and put onto a separate bus.
More than 400 Chinese from two other ships arrived here on Saturday, three days after Mexico ended a standoff with the United States Coast Guard by deciding that the illegal refugees could come ashore. 
The Mexican authorities have been loading them steadily onto planes for China.
Seventy passengers from the vessel that docked today remained in Ensenada tonight but are scheduled to fly out on Monday.
Even as the dispute over the three ships seemed to be ending, Mexican officials said another ship loaded with Chinese emigres had been sighted in international waters south of here and was heading this way. 
They said several more ships were off the coast of San Francisco, near Panama and in the waters near Hawaii. 
Officials said they could not accept all the ships.
The crews of all three ships now docked here have been arrested and will be prosecuted for violating Mexican immigration law, officials said. 
If convicted, they face jail sentences of up to 18 years.
Like the hundreds who were sent back on Saturday, their hands bound with plastic straps, the Chinese who were taken off the third ship today appeared to be stunned into silence.
Jorge Medina Viedas, the spokesman for the Interior Ministry, said a 29-year-old man had suffered an attack of appendicitis and had to be taken from the vessel before it arrived.
Officials would not say what dispute had occurred on the third ship, only that it could not proceed into port until the problem had been resolved. 
Mr. Medina Viedas said no one aboard appeared to have any injuries resulting from a fight.",4,immigrants,CLINTON,Clinton (1993-2000),CATEGORY_11,"immigrants, immigration, ships"
"NEIGHBORHOOD REPORT_ NEW YORK UP CLOSE_As Crimes Decline, Chinese Thank Two Detectives.txt","ï»¿
They may be strangers to most of the city. 
But Edward Miller and Peter Tartaglia have made a name among Chinese in New York as two of the toughest detectives who deal with Chinese gangs. 
Their recent retirement brought out emotional farewells from Chinese New Yorkers.
""They've done something that many could not accomplish before,"" said Steven Wong, a leader of the Fujianese Chinese.
For years, Chinese restaurants and grocery stores were easy targets for extortion payments that started around $100 a week to Chinese gangs. 
In the early 1990's, the gangs began to rob homes and kidnap illegal immigrants from Fujian for ransoms of upward of $20,000. 
Out of fear of retribution, many victims did not report the crimes.
As a lead Asian gang detective in the Brooklyn Robbery Squad since 1989, Mr. Miller and his partners routinely canvassed Brooklyn's Chinese neighborhoods and developed a rapport with merchants. 
This resulted in hundreds of convictions. 
Mr. Miller joined the Major Case Squad in 1995, but had a heart attack shortly afterward. 
He retired in July.
Mr. Tartaglia became the executive officer of the Major Case Squad at the height of Chinese kidnappings in 1994. 
During his tenure, the unit established a working relationship with the police in Fujian, China, and the central Chinese law enforcement agency in Beijing. 
This made it more difficult for criminals to find a haven in China.
In 1995, the squad made headlines by capturing members of the Plum Blossom Boys, a gang whose members had kidnapped an illegal Fujianese immigrant, and tortured and killed her after her family failed to come up with the ransom. 
Mr. Tartaglia, who retired in in October, is now a detective in the Nassau County District Attorney's office.
The Police Department did not respond to requests for crime statistics and interviews. 
But Robin Mui, the president of the Chinese Language Journalists Association, who works closely with the police, said he had been told that reported push-in robberies and extortions against the Chinese in Brooklyn dropped from about 300 cases a year in the early and mid-1990's to about 10 cases a year now. 
He said reported Chinese kidnappings in the city declined from about 50 cases in 1994 to none so far this year.
Although many violent Asian gangs, like Fuk Ching, Tong On, and the Fujianese Flying Dragons, have been hobbled by aggressive joint law-enforcement efforts involving the Police Department and Federal agencies, officials warn that crimes against the Chinese are far from eradicated. 
Criminals, they said, have moved away to other states.
Even though violent crimes by Asians against Asians have declined, extortion has made a comeback in pockets of Chinatown in Manhattan. 
Officials say the criminals, ragtag groups of teen-agers and young adults with no affiliations with the real gangs whose names they invoke, have hit Pell Street, where the Flying Dragons once ruled, and East Broadway, the home turf of Tong On. 
They have broadened the range to include beauty salons, driving schools and furniture stores.
""At this point, the problem is contained to a small area,"" said a law enforcement official who insisted on anonymity. 
""We're trying to nip it in the bud.""Â Â Â JANE H. LII",4,immigrants,CLINTON,Clinton (1993-2000),CATEGORY_11,"immigrants, immigration, ships"
November 21-27_Ferry Disaster in China.txt,"ï»¿
The ferry boat, with more than 300 passengers and crew on board, set out from China's northeastern port of Yantai for the journey north to Dalian. 
In a blinding snowstorm with high winds and waves, the ferry somehow caught fire and the extreme conditions prevented rescue ships from approaching.
When the burning vessel began to sink, lifeboats were swamped and most of the passengers who donned life jackets and jumped into the icy waters perished.
Only 22 people were confirmed as surviving one of China's worst ship disasters in decades, and the government immediately opened an inquiry into the cause.Â Â Â ERIK ECKHOLM",4,immigrants,CLINTON,Clinton (1993-2000),CATEGORY_11,"immigrants, immigration, ships"
Refugees Are Sent Back to China Hours After They Dock in Mexico.txt,"ï»¿
Two boats loaded with weary Chinese refugees from halfway around the world docked here early today. 
Within hours the first 100 refugees had their hands bound together with plastic restraints and their hair marked with a patch of brown dye and were on a charter jet carrying them back to the country they had risked everything to leave.
Five old green-and-white buses roared out of the main gate at the port of Ensenada at daybreak, giving a crowd of more than 50 Mexican and foreign journalists the only glimpse of the desperate Chinese whose attempt to enter the United States illegally set off a diplomatic incident. 
Mexico at first rejected a United States request to allow the ships to dock in Mexico, but then reversed the decision.
Today, most of the windows of the buses were darkened, but where the glass was clear the refugees could be seen quietly sitting, their faces set with what appeared to be hard masks of fatigue, shock and dismay.
Â 
Handcuffed and Marked
Some had their hands pressed against the windows, where it was possible to see the plastic handcuffs, commonly used by the border police, that had been put on them as they boarded the buses. 
The police had also sprayed part of their hair with the brown dye to mark them, presumably in case they managed to escape.
That unusual step, which is not common on the border between the United States and Mexico, underscores the Mexicans' desire to avoid a repetition of an incident in May, when about 200 Chinese refugees who had been smuggled into Ensenada escaped from an airplane hangar where they were being detained by the Mexican authorities. 
Most were recaptured, but some crossed the border into the United States and have never been tracked down.
The buses leaving here today were preceded and followed by patrol cars, which accompanied them on the highway 60 miles north to the Tijuana International Airport.
""They seemed very sad,"" a military nurse, Rosa Guadalupe Alvarez de Lugo, said of the refugees. 
She had examined several of them after they left the Long Sen, one of the filthy commercial vessels on which refugees had been taken across the Pacific by Chinese smugglers who charged each thousands of dollars for the voyage.
Most seemed to be ""not in perfect condition,"" the nurse said, but generally healthy and surprisingly calm considering what they had been through.
Last month, at least eight Chinese aliens died when a ship ran aground off a New York City beach. 
After that incident, President Clinton approved a plan aimed at stopping the smuggling of refugees into the United States, and the Administration stepped up its efforts to patrol international waters and seize suspect ships.
Jorge Medina Viedas, director general of communications for the Mexican Interior Ministry, was inside the port today as the refugees disembarked. 
""They seemed to be very tired and hot,"" he said.
Most of the refugees were young men 18 to 25, he said, and they cooperated with the authorities. 
There were no incidents of violence.
Â 
Up to 300 Others on Ships
Mr. Medina Viedas said that because only one charter jet was available for the long flight back to China, the remaining people aboard the ships -- as many as 300 -- would temporarily stay in a large warehouse at the Ensenada port that is usually used to store cotton. 
Cots, clothing and other supplies will be made available there, he said.
As other jets become available, the remaining refugees will begin their return to China.
After leaving Tijuana this morning, the first jet headed east and was scheduled to stop for refueling in Barbados, Senegal and the United Arab Emirates before landing in the Chinese province of Fujian, where most of the refugees began their journey more than a month ago.
Mr. Medina Viedas said the 12 crew members on board the first ship to arrive were notified that they were under arrest as soon as they entered the 12-mile territorial limit claimed by Mexico.
Â 
Ships Are Confiscated
Members of the crew were taken by van to the office of the State Attorney General, where they are expected to be charged with violating Mexican immigration laws. 
Their ships have been confiscated.
Mexican officials said a third ship that had been part of the group was still at sea. 
They said its arrival was being delayed because of several problems, which are believed to include the strong opposition of those on board to being brought into Mexico.
Mexican officials said that unrest on other ships and a concern that the refugees might try to escape required security to be tightened severely. 
This included bringing in a contingent of armed marines, who were stationed around the first two ships.
The need for security was also given as the reason that reporters were not allowed to witness the disembarkation, after Mexican officials had said all day long that access would be provided. 
The gates to the port were also closed to the director of the Baja California State Commission on Human Rights, who was not allowed inside to check on how the refugees were treated.
Â 
Mexico Is Criticized
The Mexican Government has been criticized by the commission and others for its handling of the refugees, and especially for its decision several days ago not to even consider granting asylum to any of the more than 650 Chinese aboard the three ships.
While the three Chinese ships were in international waters under the supervision of the United States Coast Guard, the refugees filled out questionnaires, and those who appeared to have a possible claim for asylum were interviewed by officials from the Office of the United Nations High Commissioner for Refugees.
Of 58 people on board the ships whose situation was examined in this way, Mr. Medina Viedas said, only one was taken from the ships and sent to the United States to pursue that claim.
One other refugee, a 19-year-old woman named Zhou Shiuyun, who was airlifted off one of the ships last week because she had to have surgery, asked for political asylum while in a San Diego hospital. 
She was not brought back to the ships.",4,immigrants,CLINTON,Clinton (1993-2000),CATEGORY_11,"immigrants, immigration, ships"
Seizure of Ship Helps Officials Trace Route of Illegal Immigrants.txt,"ï»¿
With the seizure of a freighter that is suspected of smuggling Asian immigrants into the Bahamas this week, Federal officials said they were beginning to piece together the circuitous journey of 23 Chinese men who illegally landed on a New Jersey beach two weeks ago.
The 120-foot-long ship seized in the Atlantic Ocean, the Oriental I, may have been a so-called mother ship used in one phase of a smuggling operation involving many vessels, the authorities said.
The Oriental I, now in the custody of the United States Coast Guard, was intercepted about 195 miles east of San Salvador Island on Monday. 
Only an eight-man crew -- comprising four Venezuelan and four Korean nationals -- was on board at the time it was seized. 
But the day before, United States Customs officials, watching from an airplane, saw a group of people leaving the ship in a speedboat, which raced them to Great Abaco Island in the Bahamas.
Bahamian police were alerted and later found 24 Asian men -- 23 from China and 1 from Malaysia -- hiding near the island town of Hole in the Wall. 
Those men have been detained as illegal aliens.
Federal officials say they believe the freighter, which is registered in Venezuela, also played a role in the smuggling of the Chinese immigrants who were dumped on the beach at Bay Head, N.J., on May 30.
The immigrants had traveled near the American coast on the Oriental I and were then transferred to a smaller boat, the Oops II, the authorities said. 
But the Oops II lost its way in dense fog and ran aground, leaving the immigrants to jump into the surf and flee toward the mansions lining the shore of the wealthy town.
The men were apprehended over the next few days and taken to the Immigration and Naturalization Service detention center in Elizabeth, N.J. 
The immigrants' lawyers have said they will all ask for political asylum because they fear persecution in China, either for their religious beliefs or their opposition to the one-child policy.
Officials said they doubted that either group of immigrants -- those who ended up in New Jersey and those who were caught in the Bahamas -- had traveled all the way from China on the freighter.
A lawyer for one of the immigrants who landed in New Jersey said that the smuggling route began in South America, the Associated Press reported.
""My guy's trip took about two months,"" said the lawyer, Jules E. Coven. He said his client, Dian Lu Jiang, flew from China to Suriname before boarding the first of three boats involved in the trip.",4,immigrants,CLINTON,Clinton (1993-2000),CATEGORY_11,"immigrants, immigration, ships"
Senators Ask for Inquiry on Leasing of California Base to Chinese.txt,"ï»¿
Both of California's Senators have asked the White House to investigate the leasing of a former Navy base in Long Beach to China's state-owned shipping company, which last year transported several thousand automatic weapons that Federal officials say were headed for Los Angeles street gangs.
The Senators, Diane Feinstein and Barbara Boxer, both Democrats, asked President Clinton's national security adviser, Samuel R. Berger, if he felt that there were any ""security reasons"" not to lease the China Ocean Shipping Company, or Cosco, the entire 145-acre site in the middle of Long Beach. 
The Port of Long Beach receives about one-fourth of the Chinese goods shipped to the United States.
The Chinese Government signed a lease for the port last April, only three weeks after one of the company's ships, the Empress Phoenix, was raided by customs officials acting on a tip that Chinese-made arms were being smuggled into the United States. 
The seizure of arms on the ship, which the Customs Service said were intended for street gangs, led in May to the arrest of officials of another state-run Chinese company, although Cosco has not been charged in the case.
An Administration official who spoke on condition of anonymity said this evening that the White House was told by members of Congress last week that the lease merited investigation and that the issue had been referred to the Pentagon. 
But the official said, ""We are not aware of any reason for concern.""
Last year's arms shipment has indirectly figured in the investigations into Mr. Clinton's coffees with large campaign donors and their friends. 
Shortly before the arrests in May, one of Mr. Clinton's Asian-American supporters escorted Wang Jun, the president of the Chinese company that apparently produced the weapons, Polytechnology, into one of the White House coffees, where he met with the President.
Mr. Clinton apparently did not know about Mr. Wang's connections to Polytechnology or that the company was the subject of a major investigation in California into arms smuggling at the time he met Mr. Wang. Later, Mr. Clinton said the meeting was ""inappropriate"" and an example of the failure of the White House to screen visitors rigorously.
It is unclear whether today's letter requesting the investigation was related to the accusations, still unproven, that the Chinese Government tried to funnel money to Congressional races last year. 
Ms. Feinstein was one of the six Senators and Representatives warned by the Federal Bureau of Investigation last year to be alert for donations that might have originated from in the Chinese Government. 
But her office said today that the letter to the White House was prompted by concern that officials at the Port of Long Beach had not considered security worries about the state-owned company.
In Long Beach, a spokesman for the port said the Federal Government had ""no review over any lease"" that local officials sign with users of the port's facilities. 
In this case, the port is planning to build a $200 million dock for Cosco, which would lease it for $14.5 million a year. 
The project is being financed by local revenue bonds, not Federal money, said Yvonne Avila, the director of communications for the port.
Federal officials say Cosco ships are frequently the subject of surveillance, not only because of the weapons incident last year but also because of concerns that China is evading export quotas on textiles and that its ships have been used to bring what one law enforcement official today called ""all kinds of contraband"" into the country.",4,immigrants,CLINTON,Clinton (1993-2000),CATEGORY_11,"immigrants, immigration, ships"
"Sent Back to China, Man Washes Up Again.txt","ï»¿
Wang Wu Dong was a skinny man of 40 when he washed up on the shores of Queens five years ago, a passenger on the Golden Venture, a freighter loaded with a human cargo of 286 illegal Chinese immigrants that shuddered to a halt on a sandbar within sight of the city's lights.
He was apprehended that night and spent the next three years behind bars, trying unsuccessfully to win asylum on the ground he had been persecuted for resisting China's one-child policy. 
He finally gave up and went home, just months before Congress passed a law in 1996 that would have made his asylum claim more likely to succeed.
Mr. Wang's timing was miserably off once again last Saturday. 
He was among the 23 illegal Chinese immigrants aboard the Oops II, a 30-foot powerboat named with a cruelly flippant aptness. 
It ran aground in dense fog off the Jersey Shore, leaving the men to scatter in the darkened streets of the wealthy seaside area where they were picked up by police.
Lawyers, advocates, officials and a fellow Golden Venture passenger interviewed yesterday remarked on Mr. Wang's ill fortune, which was first reported yesterday in The Star-Ledger of Newark. 
But they tipped their hats to his determination to get to America.
""To me, it's unbelievable he went through all of that, then turned around to come back again,"" said Beverly Church, a paralegal who became a mother hen to many of the Golden Venture passengers during their three-year detention in York, Pa. 
""It tells me how much he'll go through to be free.""
Mr. Wang's lawyers said he would definitely apply for asylum again, citing what he says was his wife's forced sterilization. 
""The law has changed significantly and I think he has a good case,"" said Robert Porges, the Chinatown lawyer whose firm is representing 20 of the 23 detainees.
Mr. Porges said all his clients would ask for asylum, some on the basis of China's one-child policy and some contending they were persecuted because they are Christians.
Hearings for Mr. Wang and the other 22 men apprehended after the Oops II grounded off Bay Head, N.J., will begin today in Elizabeth, N.J., where the immigrants are being detained in the custody of the Immigration and Naturalization Service.
Immigration officials said all the men from the Oops II would be charged with entering the country illegally. 
The Lawyers Committee for Human Rights gave a briefing to the detainees at the Elizabeth center on Wednesday, explaining the process to them. 
Immigration officials said that at the first hearing, a judge would inform the Chinese of the charges against them. 
Hearings on the merit of their cases will probably be held within six months.
The authorities are still searching for Jason Choi, 38, the captain of the Oops II. 
Mr. Choi is a Korean who was questioned and released the night the boat ran aground but before the Bay Head police realized it had been carrying illegal immigrants. 
Mr. Choi's former roommate at an apartment at 147-15 Northern Boulevard, in Flushing, Queens, told The Korea Times newspaper that Mr. Choi last lived in the apartment from February until late April and had said he came from Korea about one year ago.
The men who were passengers on Mr. Choi's boat, however, were settling into detention last night. 
Mr. Wang, who identified himself to his lawyers as one of the Golden Venture passengers, conferred with them about how best to fight deportation to China.
Russell A. Bergeron Jr., a spokesman for the immigration service in Washington, said he could not confirm whether there was a Golden Venture passenger on board the Oops II because of Federal privacy laws.
Immigration officials said the each man on the Oops II may have paid the smugglers as much as $40,000 for the journey to New York. 
The men, from 18 to 45 years old, came from Fujian Province, home to many of New York City's illegal Chinese immigrants.
When Mr. Wang first arrived in the United States five years ago, he had little chance of winning asylum on the ground that he had been persecuted under China's population control policies.
Had he come a year earlier, when Bush Administration policies were in effect, he would have had a chance. 
But during the Clinton years, immigration judges routinely ruled that China was not persecuting the immigrants, but enforcing a national policy designed to fight overpopulation.
Mr. Wang spent three years behind bars in York, Pa., in the custody of immigration authorities. 
Like many of the other men, he began passing the tedious hours by using toilet paper, water and glue to help make papier-mache creations like eagles, dragons and Statues of Liberty. 
But as months and years passed, he became discouraged, say people who knew him then.
Ms. Church, who regularly visited the York County prison where Mr. Wang was being held, said he worried about his family in China, especially since he was unable to work and send money home. 
""He was of no value to anyone in prison,"" she said.
His asylum petition had been denied. 
And the legal battle being waged in Federal court to win new hearings for the Golden Venture detainees seemed to drag on endlessly. 
The immigrants' legal advocates maintained that the men had been unfairly denied refuge in the United States because the Government was using them to send a message to smugglers.
Finally, in February 1996, Mr. Wang gave up. 
He asked to be sent back to China.
""Too much depression,"" said Steven Shi, 27, a Golden Venture passenger who won an artist's visa last month that allows him to remain in the United States. 
""Depression made him go back.""
In September 1996, Congress passed a new law backed by anti-abortion Republicans that made opposing China's one-child policy a potential reason for a grant of asylum.
It is that law that gives Mr. Wang's lawyers hope that his luck has finally changed. 
Already yesterday, Mr. Wang was gaining some potentially important political allies, including some of the members of Congress who worked to change the law and lobbied on behalf of the Golden Venture detainees.
""It's obvious that because of the practice of forced sterilization and human rights violations, these people will do anything to escape,"" said Representative Bill Goodling, a Republican whose district included the York prison. 
""That he would risk being reimprisoned so soon after he went back shows you how unbearable the situation is.""",4,immigrants,CLINTON,Clinton (1993-2000),CATEGORY_11,"immigrants, immigration, ships"
Two Convicted of Kidnapping in Illegal Immigrant Case.txt,"ï»¿
Two Vietnamese fishermen who prosecutors said were part of a criminal organization that held more than a hundred Chinese immigrants for ransom were convicted on Friday of kidnapping and conspiracy.
The Vietnamese men, Johney Pham and Nhat Duc Nguyen, of Cape May, N.J., were found guilty in Federal District Court in Manhattan of taking part in an international human-smuggling operation that shipped 105 illegal aliens on a Taiwanese freighter from China to the United States in March 1994.
The man accused of leading the organization, Chen Chong Biao, is still a fugitive, prosecutors said. 
Thirteen others have pleaded guilty in Manhattan to charges ranging from kidnapping to smuggling aliens. 
Two other gang members were convicted at trial, and three pleaded guilty in Baltimore.
After 65 days at sea, the Chinese aliens, who had promised to pay the smugglers $25,000 each for transport to America, were ferried to land aboard Vietnamese-owned fishing trawlers in Cape May.
Then they were packed into unventilated U-Haul trucks and driven to houses in Maryland, New Jersey and Queens, witnesses testified. 
The aliens were held hostage at gunpoint and severely beaten, as gang members tried to force them to call their families in China and plead with them to pay ransom to other conspirators in Manhattan's Chinatown, witnesses said.
The three-week trial opened another window on the ugly underworld of smuggling humans from China to America, which gained wide attention in June 1993, when the Golden Venture ran aground off the Rockaways and 10 illegal immigrants drowned trying to swim ashore.
Defense lawyers for Mr. Pham and Mr. Nhat admitted that their clients had agreed to help hide the illegal immigrants in the 1994 incident but claimed they did not know the Chinese gang members were holding people against their will and demanding ransoms.
But prosecutors depicted Mr. Nhat as a full partner in the smuggling operation. 
They said Mr. Nhat was the leader of a Vietnamese group that helped the Chinese smugglers led by Mr. Chen to get their human cargo ashore aboard two fishing trawlers -- the Blue Chip and the Captain Denny.
Mr. Pham, who was paid $5,000 to drive the rented trucks packed with people to houses in Maryland and New Jersey, also knew the immigrants were being held hostage, the prosecutors said.
""Nhat Duc Nguyen and Johney Pham shuttled victims around like cargo and delivered them to gun-toting guards at the Maryland safehouses,"" Allen D. Applbaum, a prosecutor, said in his summation. 
""They are all over this conspiracy from beginning to end.""
Each defendant faces a maximum sentence of life in prison. 
Judge Louis L. Stanton set sentencing for March 1996.
Though the prosecution presented more than 30 witnesses, the most condemning testimony came from two former members of the ring who testified against Mr. Pham and Mr. Nhat in exchange for reduced charges.
The former members, Chen Chong Jei and Thai Van Nguyen, were on the Blue Chip when it picked up the illegal immigrants and helped guard the immigrants at various times during their ordeal.
Mr. Chen also testified about meetings in March between Mr. Nhat and the other Mr. Chen, who is accused of being the gang leader, at which they hammered out details of their agreement. 
The meetings took place in Chinatown and in Atlantic City, he said.
The operation was smashed on April 5, 1994, when agents from the Federal Bureau of Investigation and the Immigration and Naturalization Service raided the houses in New York and Maryland, releasing more than 60 illegal aliens who had not paid ransom.
At trial, the Government presented transcripts of translations of secretly recorded telephone calls from two cellular phones the smugglers used to call the hostages' relatives in China. 
In some transcripts, the immigrants plead for their lives, saying they have been severely beaten.
The most chilling testimony came from one of the hostages, who was identified in court documents as Zhu Zchin Di. 
He described his ordeal from the January day he boarded a fishing boat in China, to the day in April when Federal agents freed him from the smugglers.
Mr. Zhu said he paid the smugglers $10,000 in China and planned to get a job at a restaurant and pay off the rest in $1,000 monthly payments.
He told how several of the immigrants were injured trying to climb aboard the freighter from a fishing boat in rough seas off the coast of China.
Once they arrived in the United States, instead of being taken to New York to find a job, Mr. Zhu said he was held in Mr. Nhat's attic in Cape May for almost two days.
Then, he said, he was taken in the back of a rented truck to a house in Maryland that amounted to a makeshift prison, complete with armed guards and handcuffs. 
He said he was told that if he tried to leave he would be killed.
During his 10 days of captivity, the guards beat the immigrants mercilessly, forcing them to call their relatives for money repeatedly, he said.Â Â Â Â Â Â",4,immigrants,CLINTON,Clinton (1993-2000),CATEGORY_11,"immigrants, immigration, ships"
U.S. Is in a Quandary as Chinese Wait Off Shore.txt,"ï»¿
Ten days after the Coast Guard stopped three ships trying to smuggle 659 Chinese into California, senior officials in the Clinton Administration continued to argue over solutions -- none attractive -- to the increasingly difficult and embarrassing situation.
As the United States continued to press the Mexican Government to accept the refugees, the crowded, fetid ships remained about 100 miles southwest of San Diego, surrounded by Coast Guard cutters.
The ships represent the first test of the Clinton Administration's vow to crack down on illegal immigration, a vow made after another smuggler's ship, the Golden Venture, spilled nearly 300 illegal Chinese immigrants onto New York's shores last month.
Even as it wavered over action on the three ships, the Administration said today that it would back tough new legislation on asylum seekers.
Â 
Ejected the Same Day
The measure will allow quick and summary hearings for people who request asylum at airports and other ports of entry, and would stiffen penalties against alien smugglers.
Government officials and others familiar with the plan say it includes charging alien smugglers under the Racketeer Influenced and Corrupt Organizations Act. 
As a result it will allow Federal prosecutors to seize the assets of smugglers, including ships like the Golden Venture.
Under the bill, a corps of immigration officers will screen aliens caught trying to enter the country without proper documents to determine if their asylum claims are worthy to be heard by an immigration judge. 
Those whose claims are deemed frivolous could be placed on airplanes and sent back to their country of origin on the same day they arrived in the United States.
Under current immigration law, an alien's statement that he has a well-founded fear of persecution is generally sufficient to allow him to be scheduled for a hearing. 
The hearing process can take years, during which the applicant is generally allowed to stay in the United States.
Immigration experts say that in 1992 about 14,000 people tried to enter the country without documents or by using fraudulent documents and then claimed asylum. 
A sizeable percentage of them turned up at Kennedy International Airport in New York, the experts said.
Â 
Unpleasant Alternatives
The bill, which is to be announced when President Clinton returns to Washington, was drafted by Congressional staffs and an interagency task force made up of officials from the Justice Department, the State Department, the Office of Management and Budget and the White House.
For the last 10 days, senior officials of the Departments of State, Defense, Justice and Transportation and the Central Intelligence Agency have been struggling with the problem of the three ships off Mexico. 
The officials are considering these alternatives, immigration officials said:
*Allow the refugees into the United States and hear their pleas for political asylum. 
State Department and immigration service officials vow they will not let that happen.
*Dragoon the refugees onto a United States Navy vessel and ship them back to China. 
But the Navy wants no part of that plan, immigration officials said.
*Force the home nation of the freighters to take their human cargo. 
No one is sure of the ships' true flags; two of the ships claimed Taiwanese registry, an assertion the Government of Taiwan denies.
Â 
'U.S.A. I Love You'
The United States imposed a news blackout on the ships today, keeping the faces of the Chinese passengers waving signs -- ""USA I Love You"" and ""Bread We Want, Freedom We Want"" -- off television and out of the newspapers.
No responsible official would comment publicly on the stranded refugees, the so-far fruitless talks with the Mexican Government or the implications for the new policy of preventing boatloads of immigrants from applying for political asylum.
The State Department spokesman, Michael McCurry, said it was ""obvious that this is a sensitive matter of diplomacy.""
He also said it was ""being addressed with urgency on the part of the officials here in the United States that are dealing with it,"" and added, ""We remain in contact with the Mexican Government"" on the issue of Mexico's accepting the refugees.
Such contacts were at best strained. 
Senior Mexican officials insisted that they would not take on the immigration problems of the United States, and expressed fury at the way the situation has been handled.
Â 
A Backlog of Applications
Simply put, the Administration wants to prevent the Chinese refugees aboard the ship from applying for political asylum in the United States. 
The system has due-process requirements and legal protections that can take months and years to fulfill. 
It is hard-pressed to handle its backlog of applications: 10,000 new requests a month, and 300,000 people on a waiting list.
The United States also wants to prevent a repeat of the June 6 wreck of the Golden Venture, in which 10 Chinese died trying to swim ashore. 
All but 14 of the 301 illegal immigrants who survived the beaching are still being detained in Immigration and Naturalization Service prisons in Pennsylvania and Louisiana, an I.N.S. spokeswoman said yesterday.
By intercepting the three ships at sea, the United States aims to send a signal that might stop tens of thousands of Chinese people from paying smugglers tens of thousands of dollars apiece to take them to the United States in the filthy holds of freighters.",4,immigrants,CLINTON,Clinton (1993-2000),CATEGORY_11,"immigrants, immigration, ships"
York Journal_A Flicker of Empathy for 110 Chinese.txt,"ï»¿
Beneath the autumnal crimson and gold of a maple tree, two dozen men and women gathered on Sunday for a candlelight vigil outside the county prison at dusk, as they do each week.
Schoolteachers, computer programmers and secretaries, they came on an unusual mission: to plead for the freedom of 110 Chinese immigrants inside the prison, men most had never met, from a land none had ever seen.
The men were passengers on the Golden Venture, the ship that ran aground outside New York Harbor in June. 
They are being held in York, facing the likelihood that they will soon be returned to China and certain punishment unless the protesters get their way.
""It's not right to keep these men locked up,"" said Margaret Myers, who in all her 87 years says she has never before joined a public protest. 
""They haven't done anything wrong. 
They're just doing what our ancestors did, and that's O.K. with me.""
If sentiment against immigration is on the upswing around the country, Mrs. Myers and her fellow protesters represent a pocket of old-fashioned generosity toward strangers in a place where it might not be expected.
This predominantly white, Christian town with a population of 40,000 about 75 miles west of Philadelphia has rarely welcomed outsiders. 
Ku Klux Klan rallies were held Sunday in nearby Harrisburg and Lebanon. 
They were unrelated to the vigil, but still a reminder of intolerance.
""This area is a breadbasket of racism,"" said Joan Maruskin, a Methodist pastor who helps organize the weekly vigils. 
""A lot of people don't like what we're doing. 
But that just makes us want to work harder.""
The sympathy for the Chinese immigrants seems to be rooted in a sense among some people here that the new arrivals have been singled out by the Government and treated differently from illegal Chinese immigrants who arrived before this year, very few of whom have been deported.
When the Golden Venture arrived in June, and even when the immigrants were farmed out to York's and other county prisons, it seemed little more than a passing news item to most residents of this aging town, best known for an event more than 200 years ago, when Congress retreated here for nine months and drafted the Articles of Confederation.
But in August, almost all the immigrants' requests for asylum were turned down, and several defense lawyers accused immigration judges of deciding cases from the Golden Venture arbitrarily, on orders from Washington. 
They spread word in town that politics was interfering in the cases. 
That, together with a four-day hunger strike by the immigrants, captured the imagination of many residents.
""People here were kind of shocked,"" said Craig Trebilcock, a local lawyer for one detainee. 
""They believe strongly in the court system, and when they hear about arbitrary decisions coming down because of some political thing, they react.""
Justice Department officials deny that immigration judges were instructed to evaluate the immigrants from the Golden Venture on anything but an individual basis. 
But they agree that while most immigration cases drag on for years, these are being expedited as part of a crackdown on smuggling ordered by President Clinton to discourage those who prey on the hopes of desperate foreigners.
Of the 118 men brought to York in June, virtually all applied for political asylum. 
Four won asylum, and four were indicted in a Federal Court in New York for assisting smugglers aboard the Golden Venture. 
The other 110 men, aged 17 to 45, were all denied asylum and filed appeals that are pending. 
Immigration officials say every Golden Venture passenger whose appeal is turned down will be deported.
To judge by their comments, some, perhaps a majority, in York would probably not object.
One man being held, Guo Zhenxie from Fujian Province, said during an interview in Mandarin that he and the other detainees were cheered, if a bit mystified, by the efforts of the residents here on his behalf. 
He noted that in China, where relations with family and friends dominate life, volunteer work for strangers is extremely rare.
Only one question is on Mr. Guo's mind every day. 
He asked it several times: ""Are we going to be sent back?""",4,immigrants,CLINTON,Clinton (1993-2000),CATEGORY_11,"immigrants, immigration, ships"
