file,text,topic_cluster_id,topic_label,era,era_label,topic_category,topic_category_label
13 Officials From Tibet on Two-Week U.S. Tour.txt,"ï»¿
Amid reports of the worst unrest in Tibet in three decades, officials from the region and its capital city have been on a two- week tour of the United States.
The 13-member delegation arrived in the United States on Oct. 
7.
The delegation, which includes Luo Gar, the Mayor of Lhasa, and Thang Zhengqi, deputy secretary of the Tibetan Autonomous Region, left Boulder today for San Francisco, their final stop.
Boulder was on the group's itinerary because it established a Sister City program with Lhasa two years ago at the behest of local Buddhists. 
But some Buddhists here have denounced the visitors because they are officials of China, which annexed Tibet in 1950.
On Oct. 
1, when 14 people were reported killed in the worst clashes, the Mayor and other members of the delegation were in Chengdu, 750 miles from Lhasa, en route to the United States.
The Mayor played down the anti-Chinese unrest. 
''If it had been really violent,'' he said through an interpreter here, ''we would never have been able to leave the country.''
He said his group had not been in direct contact with colleagues in Lhasa since leaving Shanghai on Oct. 
3.",4,tibet,REAGAN,Reagan (1981-1988),CATEGORY_4,"lama, dalai, tibetans"
60 Shout Out Dalai Lama_s Name And Are Seized in Protest in Tibet.txt,"ï»¿
About 60 people shouting the name of the Dalai Lama, Tibet's former civil and religious leader, marched today to a Government office, where armed Chinese security forces quickly arrested them.
The marchers, believed to be Buddhist monks in street clothes, did not resist arrest. 
About 2,000 bystanders made no attempt to help them or four monks who were arrested at about the same time in the Jokhang Temple square, where pro-independence protests last week left several people dead.
The Chinese Government has reportedly sent 1,000 armed policemen to Lhasa, the Tibetan capital. 
The troops are to guard against further unrest on Wednesday, the 37th anniversary of the day China occupied Tibet.
Â 
Quiet Day Expected
Tibetans and Chinese questioned on the street said they expected the anniversary to be quiet because of fears that the police would fire on protesters.
Western witnesses said the police fired last Thursday on demonstrators who burned a police station and vehicles in the temple square.
Western doctors in Lhasa said eight Tibetans were shot to death and one unidentified Chinese was stoned to death. 
The authorities said six Chinese policemen were killed. 
It was not known if the Chinese was one of the six.
There was a smaller, less violent protest on Sept. 
27 that resulted in about two dozen arrests. 
The march today was the first significant public protest since Thursday.
Â 
Dalai Lama's Name Chanted
About 100 marchers raised their fists and chanted the name of the Dalai Lama, who fled to exile in India after an uprising against Chinese rule in 1959. 
China annexed Tibet in 1950.
The marchers did not wear the saffron robes usually worn by monks, but they came from the direction of the Drepung monastery, one of three leading monasteries whose members led the independence demonstrations last week. 
The monastery is about five miles west of Lhasa.
Western witnesses said a few were arrested quietly on the way and that others left the march. 
About 60 marchers continued to the gate of the Tibetan regional government office. 
About 100 members of the security forces carrying submachine guns and automatic pistols immediately herded them onto trucks.
Â 
'Very Thoroughly Searched'
''I don't think they were resisting,'' said Derek Olson of Oak Park, Ill. 
''They were very thoroughly searched before being put in the truck.''
Another American witness, Cliff Toliver of Cincinnati, said some bystanders surged forward and shouted when policemen and soldiers struck a marcher. 
No clash ensued.
Mr. Olson said the crowd started to scatter twice, apparently in response to threatening moves from the security people. 
''It was definitely a very panicky situation,'' he said.
Amber Kvanli, like Mr. Olson a student from St. Olaf College in Minnesota, said Tibetans fled in panic from the busy market next to the temple when about 30 armed policemen marched up to four monks who were sitting on the ground chanting.
Â 
Children Gathered Up
''Suddenly people started yelling, moms started gathering their kids, and one young Tibetan came up to me and put me in a doorway,'' she said. 
''The monks stopped chanting, got up and went with the police. 
They left behind their song books and the blankets they were sitting on.''
It was not known what happened to those arrested. 
Monks at the Sera and Drepung monasteries said previously that police came and arrested 47 members and that others were missing after the demonstration Thursday.",4,tibet,REAGAN,Reagan (1981-1988),CATEGORY_4,"lama, dalai, tibetans"
"Amid Turmoil, Journalists Leave Tibet.txt","ï»¿
Fourteen foreign journalists from six countries left Tibet today after being ordered out of the region by the Chinese authorities.
The expulsions came after 20 days of protests, led by monks and other Tibetans, against Chinese rule. 
Another journalist covered by the expulsion order left Lhasa, the capital, on Thursday.
A Chinese official declared that the journalists, including this correspondent, were in Tibet illegally and that any effort to report anti-Chinese protests was prohibited.
Lhasa and at least one other Tibetan city have been the sites of marches led by monks to demand that the Chinese leave Tibet, which was invaded by Chinese troops and finally annexed in 1951. 
In one demonstration on Oct. 
1, it now appears that at least 9 Tibetans and 4 policemen were killed.
Â 
Reporting Severely Limited
After permitting sporadic reports of the protests from Tibet for several days, the Chinese authorities here severed contact with Lhasa, preventing foreign journalists there from reporting directly on events. 
Some accounts were carried to Chengdu, a city 750 miles east of Lhasa, but most reporting has been severely limited.
According to a foreign manager of Lhasa's main tourist hotel, Chinese officials have ordered all foreigners to leave Tibet unless they are on official business or on official tours. 
The Chinese have denied issuing such an order.
On Tuesday, an anti-Chinese march by as many as 100 monks from Drepung Monastery, just outside Lhasa, turned violent when heavily armed Chinese policemen attacked the protesters, beating them with clubs, rifle butts and belts. 
Ninety monks were arrested as they tried to march on the provincial government offices.
Since Tuesday, Lhasa has been very tense. 
Although most shops and market stalls had reopened by Thursday, they closed much earlier than usual, and streets were empty by early evening.
A Chinese restaurant owner in Lhasa said many of the Chinese who had been sent there as government officials had gone home early because they feared being attacked by Tibetans.
Â 
Monasteries Sealed Off
On Wednesday, all of Lhasa's monasteries, the religious heart of Tibetan Buddhism, were sealed off by blockades of policemen brandishing automatic weapons and pistols. 
All local cars and trucks were stopped and their drivers questioned.
The Chinese police have plastered the walls of monasteries with posters denouncing the Dalai Lama, the leader of Tibetan Buddhism, whom they accused of encouraging separatist activity from his exile in Dharmsala, India.
Other Chinese officials have been seen lecturing young monks on China's version of Tibetan history and have interrogated all senior abbots at the monasteries. 
At the Jokhang Cathedral, the most sacred of Buddhism's shrines in Tibet, the Chinese police have occupied the upper floors, using the temple as an observation post.
At least 600 heavily armed policemen arrived in Lhasa during the week. 
On Wednesday, the 37th anniversary of China's invasion, they staged a major show of force by driving a convoy of 20 trucks, including 13 packed with policemen armed with AK-47 assault rifles, through the old Tibetan quarter.
The police have patrolled rooftops of the Tibetan quarter and have set up roadblocks in various parts of Lhasa.
Â 
A Meeting in Lhasa
Efforts by journalists in Tibet to send out reports on the events of the last few days proved almost impossible and were in fact ruled illegal at a meeting in Lhasa shortly after midnight Thursday between a senior Chinese official and 15 foreign reporters.
Yu Wuzhen, the director of Tibet's foreign affairs office, read a statement ordering the 15 foreign reporters out of Tibet. 
Mr. Yu charged the journalists with failing to provide the provincial authorities with what he said was a required 10-day advance notification of their intention to work in Tibet.
The meeting was also attended by two American diplomats who were in Lhasa, Raymond F. Burghardt, the political counselor at the United States Embassy in Beijing, and Scott D. Bellard, a consular officer from Chengdu.",4,tibet,REAGAN,Reagan (1981-1988),CATEGORY_4,"lama, dalai, tibetans"
AROUND THE WORLD_China and Mongolia Complete Border Talks.txt,"ï»¿
Chinese and Mongolian officials have just ended six weeks of talks on border problems, the first such meeting since the two countries agreed to such discussions in 1964, the New China News Agency reported today.
The joint Boundary Inspection Commission met in Ulan Bator, the Mongolian capital, between Feb. 
18 and April 3, the agency said. 
''The meeting was held to complete the task of joint boundary inspection specified in the boundary protocol signed in 1964,'' it added without elaboration.
Chinese and Mongolian officials have just ended six weeks of talks on border problems, the first such meeting since the two countries agreed to such discussions in 1964, the New China News Agency reported today.",4,tibet,REAGAN,Reagan (1981-1988),CATEGORY_4,"lama, dalai, tibetans"
AROUND THE WORLD_India and China End Round of Border Talks.txt,"ï»¿
India and China ended four days of talks today, still sharply divided over a 20-year-old boundary dispute, a spokesman for the Indian Government said.
NEW DELHI, May 20 (Reuters) -India and China ended four days of talks today, still sharply divided over a 20-year-old boundary dispute, a spokesman for the Indian Government said.
Although the differences were still very wide, the spokesman said, there had been a narrowing of differences on how the dispute should be solved. 
He said both sides, which held a first round of talks in Peking in December, have agreed to meet again.
India says China occupies 14,000 square miles of its territory in the rugged northwestern Ladakh region, while the Chinese claim nearly 50,000 square miles in northeastern India.",4,tibet,REAGAN,Reagan (1981-1988),CATEGORY_4,"lama, dalai, tibetans"
AROUND THE WORLD_India and China Opening Talks on Border Dispute.txt,"ï»¿
India and China start new talks Monday on a longstanding border dispute, but an Indian negotiator has already ruled out any dramatic results.
The Chinese team, led by a Foreign Ministry adviser, Fu Hao, arrived Saturday night for the talks, which will also focus on ways to improve the often sour relations between the two nations.
Foreign Affairs Secretary Eric Gonsalves, who heads the Indian delegation, told reporters Friday that he did not expect a breakthrough.
NEW DELHI, May 16 (Reuters) -India and China start new talks Monday on a longstanding border dispute, but an Indian negotiator has already ruled out any dramatic results.",4,tibet,REAGAN,Reagan (1981-1988),CATEGORY_4,"lama, dalai, tibetans"
AROUND THE WORLD_India Delegation Cancels Visit to China.txt,"ï»¿
A delegation from India's Parliament has canceled a visit to China after a new dispute over disputed territory on the Indian-Chinese border.
Delegation from India's Parliament cancels visit to China after new dispute over disputed territory on Indian-Chinese border
The delegation was to have attended a United Nations-sponsored conference on population and development for Asian members of parliaments.
The Chinese authorities refused to issue a visa for a delegate from the region of Arunachal Pradesh in northeastern India, an area that China claims. 
The Chinese were quoted as saying that granting a visa to T.L. 
Rajkumar would have amounted to recognizing India's sovereignty in the area.",4,tibet,REAGAN,Reagan (1981-1988),CATEGORY_4,"lama, dalai, tibetans"
AROUND THE WORLD_Lawmakers From India Will Travel to Peking.txt,"ï»¿
An Indian Parliament delegation, which last week canceled a proposed visit to China in a controversy over disputed territory, will now travel to Peking under a mutually acceptable formula.
Satpal Mittal, the leader of the delegation, said today that the Chinese had agreed to a suggestion to grant visas to all 20 members of his group, which will be attending a population conference in Peking.
Indian Parliament delegation decides to travel to Peking under mutually acceptable formulaIncluded in this number is T.L. 
Rajkumar, a legislator from the northeastern territory of Arunachal Pradesh, whose original presence touched off Chinese objections since China has staked its claim to the frontier area.
The Indian delegation said last week that it would boycott the conference because the Chinese had refused to issue a visa to Mr. Rajkumar. However, Chinese officials later agreed to give him an entry visa, not on his passport but on a separate sheet of paper. 
Mr. Mittal then suggested the same formula for the rest of the delelation and the Chinese consented.",4,tibet,REAGAN,Reagan (1981-1988),CATEGORY_4,"lama, dalai, tibetans"
"AT TIBET FRONTIER, CHINA AND INDIA SQUARE OFF.txt","ï»¿
As tension along China's easternmost border with India continues, China is pouring tremendous numbers of soldiers and weapons into the sparsely populated mountainous area along the two countries' disputed border.
In the last two weeks, convoys of troops, artillery, rockets and supplies have been winding over the dusty gravel road leading to the border.
One day last week, Chinese Army trucks covered with thick olive-green camouflage netting trundled through the southern town of Zedang toward the border 75 miles away at a rate of one a minute over a period of six hours. 
In one convoy, 14 four-wheel-drive trucks were seen hauling camouflaged artillery pieces that one Westerner said were probably 88-millimeter field guns.
Unusually High Visibility
Both Indian and Chinese officials emphatically deny that there have been any conflicts between the two armies. 
Nonetheless, both Tibetans and Westerners with long experience in Tibet said the level of military activity exceeded even the usual highly visible presence of the Chinese Army here in Tibet, which was annexed by China in 1950 and made into an autonomous region.
Since 1960, China and India have contested their boundaries, drawn vaguely by Britain in 1913 and 1914. 
After the Communist takeover in China in 1949, the new Government rejected that demarcation. 
In 1962, the two countries fought a brief and indecisive war along sections of the 700 miles of mountain ridges running from Bhutan and Burma, which the British Government had declared the official border.
Concern among Western countries over the possibility of armed conflict between the world's two most populous nations is acute, and diplomats and military attaches from various countries have visited Lhasa and nearby towns in recent weeks. 
Two army liaison officers from the United States Consulate in Hong Kong were in Lhasa, as were diplomats from several other countries. 
#2 Journalists Caught Two Western journalists, a reporter for the Finnish newspaper Helsingin Sanomat and a freelance photographer from Canada, were caught last week by Chinese military officials barely five miles from the Indian border, in an area closed to foreigners. 
This week, officials in Lhasa were to question the journalists about their activities in the closed military zone.
In addition to the continuous flow of arms and soldiers south and east toward the border, there are other signs that Chinese military officials are preparing for the possibility of clashes.
In Lhasa, the army hospital near the ancient monastery of Sera was cleared of ill tourists. 
One such tourist said that the hospital, which is considered the best in Lhasa, was empty of patients when he left but that the staff appeared to be preparing for large numbers of new patients.
For two weeks, from May 6 to 20, Tibet's only civilian airport, in Gonggar, 70 miles from Lhasa, was closed to commercial flights on even-numbered days. 
This has not occurred since Tibet was opened to foreign tourists seven years ago, according to Tibetans and Westerners. 
On even-numbered days, large military transports were seen at the airport unloading equipment. 
A Western diplomat said he saw rockets being loaded onto trucks.
Â 
'That's the War'
In the last two weeks, helicopters and jet fighters have frequently roared over this city of 150,000. 
A resident of Lhasa said when a fighter plane streaked overhead, ''Oh, that's the war.''
Lhasa residents say neither helicopters nor jet fighters have ever flown over Lhasa with such regularity.
Around Lhasa, soldiers and armed policemen brandishing AK-47 rifles and submachine guns have set up numerous roadblocks where all vehicles are checked. 
Soldiers carrying automatic weapons and marching in small groups have occasionally appeared on the streets as well.
Chinese and Indian officials have met seven times since 1981 to discuss the demarcation of their border, but both sides say there has been no progress. 
The contested area, about 34,000 square miles of largely inaccessible mountains and valleys, was declared a state, called Arunchal Pradesh, by India last year. 
That enraged the Chinese, who also claim the land.
When first drawn, the boundary, then called the McMahon Line, was to cut across the ridges of the highest peaks between Bhutan and Burma. 
At the time the boundary was drawn, however, there was no certainty about which were the highest mountains.
China and India also dispute more than 14,000 square miles of their westernmost border. 
New Delhi contends the land belongs to Kashmir; Beijing maintains it is Chinese territory.",4,tibet,REAGAN,Reagan (1981-1988),CATEGORY_4,"lama, dalai, tibetans"
BEIJING IS BACKED BY ADMINISTRATION ON UNREST IN TIBET.txt,"ï»¿
The Reagan Administration voiced support today for China's position in the unrest in Tibet, while the Senate voted without dissent to condemn China for its recent crackdown there.
Anti-Chinese demonstrations in Tibet have turned violent in recent days, with more than 14 people reported killed in one clash on Thursday. 
The protests were renewed today as about 60 people marched to a Government office in Lhasa, the Tibetan capital, where armed Chinese security forces quickly arrested them. 
[Page A8.] The divergent positions taken by the Administration and Congress on the events in Tibet reflect contrasting interests. 
The Administration is reluctant to take positions that might damage Chinese-American relations. 
But the 98-to-0 vote by the Senate today highlights Congressional concern over reports of human rights violations in Tibet, which China took over in 1950.
State Department Assails Vote
The vote is certain to be protested by China as an example of American interference.
State Department officials today voiced strong opposition to the Senate action. 
The measure, an amendment to the State Department authorization bill, also urged President Reagan to meet with the Dalai Lama, Tibet's exiled Buddhist leader.
In addition, it would require Mr. Reagan to certify that China is making progress on resolving human rights issues in Tibet before the United Stats proceeds with any new sales of arms or weapons technology to China.
The amendment does not call for economic sanctions against China, and a provision that would have required the United States to ''reassess and review'' arms sales because of China's actions in Tibet was deleted.
Â 
'Almost Certain Damage' to Ties
One State Department official said that any possible benefits of the Senate action for the Tibetan people were ''insufficient to outweigh the almost certain damage to the U.S.-China bilateral relationship.''
The United States has supported China's stated efforts in recent years to make amends in Tibet after two decades of repression. 
In recent days, the State Department has reaffirmed the American position that Tibet is part of China and that the Dalai Lama is a religious leader, not the head of a government in exile.
The United States has recognized China's sovereignty over Tibet since the 1940's, and has held since 1978 that Tibet is a part of China.
The Dalai Lama, who is both the spiritual and temporal leader of Tibetan Buddhists, fled Tibet in 1959 after Chinese troops crushed an uprising. 
He is now based in Dharmsala, India, although he periodically visits other countries.
His visit to the United States late last month and his testimony before Congressional panels was cited by Beijing as an interference in Chinese affairs.
Although the United States has often protested human rights abuses since the United States and China formally established embassies in each other's capitals in 1979, it has taken great care not to offend Chinese sensibilities.
Â 
Upbeat State Department Report
In a 24-page report to Congress Oct. 
1 on the treatment of minorities in China, written before the recent outbreak of violence, the State Department took a generally upbeat tone on Tibet. 
The report said that, since 1980, the Chinese Government had made a conscious effort to ease tensions and begin economic and other changes.
''Beijing has stressed its commitment to preserve Tibet's unique cultural, linguistic and religious traditions,'' the report concluded, in an effort to ''strengthen social stabilityI.''
Today's Senate action challenges that assertion and calls for the State Department to present an updated human rights report in 60 days.
The amendment accuses Chinese authorities of executing two Tibetans after the Dalai Lama testified before Congress last month. 
It also blames the Chinese police for violent clashes with demonstrators on Sept. 
27 and for killing at least six Tibetans and wounding many others when they opened fire on unarmed demonstrators Thursday.
Â 
Population Transfer Charged
The Senate also charged that China has moved to transfer millions of Chinese into Tibet in an effort to ''make the Tibetan people a minority in their own homeland.''
One State Department official characterized the Senate portrayal of developments in Tibet as ''inaccurate, incomplete and misleading.''
Reiterating a position first articulated after a similar amendment was passed by the House last June, the official faulted the Senate for failing to acknowledge ''significant changes'' in China's policies that, he said, have led to an improvement of human rights conditions in Tibet.
The Senate amendment is expected to be considered by the House after the Senate passes the State Department authorization bill, which then goes to the President for his signature.
Â 
Dalai Lama Peace Plan
The State Department also takes issue with assertions of large Chinese population transfers into Tibet, accepting the Chinese claim that the number of Chinese civilians there has actually declined since 1980.
The Reagan Administration is also unhappy with support on Capitol Hill for a five-point ''peace zone'' proposal made by the Dalai Lama to Congressional leaders during his little-publicized visit to Washington last month. 
The proposal calls for the withdrawal of Chinese troops from Tibet, an end to China's population-transfer policy and negotiations on the future of Tibet.
In a Sept. 
22 letter to Prime Minister Zhao Ziyang of China, Senator Claiborne Pell, Democrat of Rhode Island, Senator Jesse Helms, Republican of North Carolina, and House Democratic and Republican leaders endorsed the proposal of the Dalai Lama as a ''historic step towards resolving the important question of Tibet and alleviating the suffering of the Tibetan people.''
Mr. Pell is chairman of the Senate Foreign Relations Committee.
Although the Reagan Administration did not comment on the proposal at the time, one State Department official today characterized it as ''a veiled independence plan.''
He added, ''At this particular time, Congressional support for Tibetan independence sends the wrong signal to more-violent elements and could lead to more bloodshed.''
Â 
Plan Linked to Unrest
News of the Dalai Lama's proposal was widely disseminated in Tibet and is believed to have contributed to the atmosphere of unrest. 
So sensitive was his visit to the United States that Chinese authorities protested to the State Department and the American Embassy in Beijing even before his arrival and again after he announced his proposal.
Although the Dalai Lama did not request a meeting with President Reagan during his visit, State Department officials said that any request for a meeting with officials of the executive branch would have been denied because it might have given China the impression that the United States supported his political claims.",4,tibet,REAGAN,Reagan (1981-1988),CATEGORY_4,"lama, dalai, tibetans"
China Mountain Road Opens.txt,"ï»¿
China's first highway through the Tianshan range of the remote northwest Xinjiang region has opened to traffic, cutting 620 miles from the old route, People's Daily reported today.
PEKING, Nov. 
14 (AP) - China's first highway through the Tianshan range of the remote northwest Xinjiang region has opened to traffic, cutting 620 miles from the old route, People's Daily reported today.",4,tibet,REAGAN,Reagan (1981-1988),CATEGORY_4,"lama, dalai, tibetans"
China_s Account of Riot in Tibet Is Disputed.txt,"ï»¿
The most senior Tibetan religious figure in China has disputed official assertions that Chinese policemen did not shoot at demonstrating monks during a riot in Lhasa last October.
China's Foreign Ministry, as well as security officials in Tibet and Beijing, have insisted repeatedly that the police never fired their weapons during the protests, in which more than 12 people were killed.
But in a report on Tibetan radio that reached here today, the Panchen Lama, the second-holiest figure in Tibetan Buddhism, said that the police fired warning shots to disperse crowds attacking a police station, and that ricochets killed and wounded several people.
The Panchen Lama lives in Beijing and is the most visible Tibetan defender of Chinese policies in the region.
The Panchen Lama's remarks, which were made on Feb. 
8 and Feb. 
9, were monitored, translated and published by a service of the BBC.",4,tibet,REAGAN,Reagan (1981-1988),CATEGORY_4,"lama, dalai, tibetans"
CHINESE REPLACE LEADER OF TIBET.txt,"ï»¿
China has dismissed the Communist Party leader in Tibet and tightened security to prevent monks from staging new anti-Chinese protests, Westerners in the autonomous region said today.
Speaking from Lhasa, the Tibetan capital, the Westerners said that monks and hundreds of pilgrims filled the main square outside the Buddhist shrine Saturday night and chanted the Prayer of Truth.
They said police officers patrolling nearby did not intervene, although the prayer contained lines entreating the ''protectors of Tibet to drive the barbarians of the east from the land of the snows.''
The Westerners said the police began a crackdown on Nov. 
23 during a festival for Lhasa's goddess, the symbol for many Tibetans of their desire for independence from China.
The Communist Party leader, Wu Jinghua, a Chinese, was recalled to Beijing and dismissed for failing to stop a simmering revolt, the Westerners said.
A Communist Party spokeswoman in Beijing confirmed that Tibet had a new party general secretary as of Dec. 
1. She identified him as Hu Jintao, former party leader in Guizhou province. 
And she refused to comment on what had happened to Mr. Wu, who led the party in Tibet since 1985.
Â 
No Longer Separate
The Communist Government in Beijing took over Tibet in 1959 and forcibly incorporated it into China. 
Protests against Beijing's rule over the Himalayan region erupted periodically and notably in October 1987, in perhaps the bloodiest riots since the Dalai Lama, Tibet's Buddhist spiritual leader, to flee across the border to India.
Last March, monks again clashed with the police, and an unknown number were shot or beaten.
Residents in Lhasa said the city is tense with armed police circling the Johkang Temple, questioning people and checking identity papers. 
Foreign tourists had their passports checked and hotel rooms searched, the Westerners said.
The Westerners quoted informed Tibetans as saying more than 100 political prisoners, including at least 30 monks and nuns, had been transferred to other areas of China, perhaps to re-education centers.
Western diplomats were unsure what policy changes the new party leader would bring. 
But they noted that Mr. Hu was relatively young at 46 and had experience in Guizhou and Gansu provinces, both poor areas inhabited by minority people.",4,tibet,REAGAN,Reagan (1981-1988),CATEGORY_4,"lama, dalai, tibetans"
Communications to Tibet Cut And Foreigners Are Banned.txt,"ï»¿
Little new information was available yesterday about the situation in Tibet as telephone and telex communications were interrupted and travel there by foreigners was banned.
A State Department spokeswoman in Washington said ''everything is calm'' in Lhasa, the capital, as Tibetans marked the 37th anniversary of China's takeover of Tibet, but she acknowledged that reports from the area were ''fragmentary.''
The latest communication with an American consular officer visiting Lhasa occurred on Saturday, she said.
A Chinese airline official said a 10-day ban has been imposed on foreigners' travel to Tibet from Chengdu, the principal gateway to Lhasa, The Associated Press reported. 
Western travelers arriving in Chengdu from Lhasa yesterday said the Tibetan capital was quiet.
In Beijing, a Foreign Ministry spokeswoman said foreigners were being advised not to go to Tibet at this time ''because Lhasa has a special situation.''
At least 14 people have been reported killed in clashes between Tibetan nationalists and Chinese security forces in Tibet in the last two weeks.
Â 
Lhasa Is Virtually Sealed Off
It could not be confirmed that the communications blackout was ordered by the Chinese Government. 
A spokesman for the Chinese Embassy in Washington, Wu Zurong, would say only that the way to contact Lhasa was through the telecommunications bureau in Beijing.
The New York Times was unable Tuesday and yesterday to contact its correspondent, Edward A. Gargan, who reported from Lhasa on Monday. 
Mr. Gargan is chief of the Times bureau in Beijing.
A Washington Post correspondent, Daniel Southerland, who left Tibet late Monday to send an article from Chengdu, tried unsucessfully to return to Lhasa Tuesday and yesterday.
The Associated Press said its correspondent had been able to telephone reports from Lhasa on Tuesday but had not been heard from since shortly after midnight yesterday, New York time. 
United Press International received the last 10-minute telex message from its staff correspondent at 4 A.M.
Â 
Second-Hand Reports
The Associated Press and Reuters filed reports yesterday based on interviews with travelers arriving from Lhasa in Chengdu, who . told journalists that security officers visited several hotels in Lhasa around midnight Tuesday night and checked guests' passports. 
They said there were three roadblocks on the way to the airport.
The major American television networks said they did not have crews in the Tibetan capital. 
''They're making things very difficult,'' said Elizabeth Eynon, press representative for the ''CBS Evening News.''
ABC News said a producer and correspondent, Todd Carrel, left Lhasa on Tuesday.",4,tibet,REAGAN,Reagan (1981-1988),CATEGORY_4,"lama, dalai, tibetans"
Dalai Lama Approves Chinese Role in Tibet.txt,"ï»¿
The Dalai Lama, the exiled Tibetan Buddhist leader, said today that he recognized China's right to handle Tibet's foreign affairs and maintain troops on Tibetan soil.
The Dalai Lama proposed talks with China to make Tibet ''a self-governing, democratic political entity'' in association with China, which he said ''could remain responsible for Tibet's foreign policy.''
''Until such a peace conference can be convened and demilitarization and neutralization achieved, China could have the right to maintain a restricted number of military installations in Tibet,'' he said.
He made the remarks in a speech to a meeting of members of the European Parliament and reporters here.
The Dalai Lama had previously made little mention of Chinese interests in Tibet. 
He also neither accepted the Chinese military presence in the remote territory nor recognized China's right to handle its foreign affairs.
China regards Tibet as a critical buffer zone between itself and India, a traditional rival. 
Western estimates put the number of Chinese soldiers in Tibet at tens of thousands.",4,tibet,REAGAN,Reagan (1981-1988),CATEGORY_4,"lama, dalai, tibetans"
Dalai Lama Dismisses China_s Offer to Return.txt,"ï»¿
The Dalai Lama, the exiled spiritual leader of Tibetan Buddhism, today dismissed China's offer to allow him to return to Tibet if he abandoned his campaign for independence. 
He said there was nothing new in the offer, which was made Monday, and indicated that he would not accept the restrictions.
''I have had that invitation from the Chinese Government since 1979,'' he said in London.
The Dalai Lama's visit to Britain is his first overseas trip since anti-Chinese rioting broke out in the Tibetan capital, Lhasa, last September - there were new riots in March. 
The 52-year-old spiritual leader, who fled to India in 1959 after Chinese troops put down a nationalist rebellion, has long been an outspoken advocate of human rights and independence for the people of Tibet.
In brushing aside China's public offer to return to Tibet, the Dalai Lama stressed, instead, the value of his own campaign from exile for independence for the foreseeable future. 
He expressed a willingness to meet with the Chinese authorities, if there were genuine signs of improved treatment of Tibetans by the Chinese.
The Dalai Lama emphasized the need to solve the Tibetan problem through what he called ''the middle way - some kind of compromise.''
The middle way, according to the pacifist spiritual leader, lies between harsh rule by China and a fierce struggle for independence, the course advocated by some young Tibetan militants.
The Dalai Lama generally struck a conciliatory tone toward the Chinese authorities, saying he would be willing to meet with them in Beijing to discuss the Tibetan issue.",4,tibet,REAGAN,Reagan (1981-1988),CATEGORY_4,"lama, dalai, tibetans"
Dalai Lama Reportedly Asks For Formal Talks With China.txt,"ï»¿
The Dalai Lama, the exiled Tibetan leader, has sent a message to Chinese leaders seeking formal talks to resolve the political difficulties in his homeland, a Tibetan spokesman said today.
The move follows a speech by the Dalai Lama on June 15 in which, for the first time in 29 years of opposition to Chinese rule over Tibet, he acknowledged China's right to maintain troops there and to control Tibet's foreign affairs. 
Tibet was shaken last fall and in March by anti-Chinese riots. 
A Chinese spokesman here said Beijing was prepared to ''discuss everything except independence'' with the Dalai Lama.",4,tibet,REAGAN,Reagan (1981-1988),CATEGORY_4,"lama, dalai, tibetans"
Gandhi Heads Off to China for a State Visit.txt,"ï»¿
Prime Minister Rajiv Gandhi left India today for a five-day state visit to China, the first by an Indian head of government since 1954.
Mr. Gandhi said the most important topic of his discussions in Beijing would be the two countries' longstanding border dispute, which included a monthlong war in 1962.
China routed Indian troops and then announced a unilateral cease-fire.Diplomatic relations were severed until 1976, with the exchange of ambassadors and visits by Chinese and Indian Foreign Ministers to New Delhi and Beijing respectively.
Indian diplomats said this week that though it would be ''unrealistic'' to expect a solution to major Chinese-Indian problems, they expected a significant improvement in relations.
Mr. Gandhi is to hold extensive talks with Chinese officials, including Prime Minister Li Peng, and the border dispute is said to be central to the negotiations. 
India asserts that China is in illegal possession of 14,000 square miles of territory near Kashmir state, including 2,000 square miles that it captured in the 1962 war.
Cambodia and India's role in seeking an end to the clashes between pro- and anti-Vietnamese forces there are also expected to figure in the discussions.",4,tibet,REAGAN,Reagan (1981-1988),CATEGORY_4,"lama, dalai, tibetans"
HARD TRAVELING ON THE WAY TO SHANGRI-LA.txt,"ï»¿
CLIFFORD D. MAY is the West African correspondent of The New York Times.
Â 
By CLIFFORD D.MAY
W ith travel, there is generally a tradeoff: The more exotic the destination, the more arduous the journey. 
But hard traveling need not be regarded as just the price one pays to get far away. 
On the contrary, those who truly subscribe to the view that it is better to go than to arrive also know that it is when the going gets rough that the excitement really begins.
I understood these rules subliminally at best when, along with seven friends (three other Americans, two Englishmen and two Pakistanis), I recently found myself in Islamabad contemplating a long weekend excursion into Pakistan's remote northern region. 
Within this area, three of the world's great mountain ranges - the Himalayas, the Karakorams and the Hindu Kush - converge, and eight of the world's 10 tallest mountains rise.
Highlights of traveling in Pakistan's remote northern region
The hub of the territory is a city called Gilgit, long ago a far western outpost of Tibetan Buddhism and an important trading center on the ancient Silk Route. 
More recently, Gilgit has been popular with European tourists on the overland route to the Far East; the war in neighboring Afghanistan has virtually put an end to that traffic, however.
Beyond Gilgit lies Hunza, the isolated valley that some say provided the inspiration for Shangri-La in James Hilton's ''Lost Horizon,'' and a place opened to foreigners without special permission only within about the last year. 
Finally, there is the Karakoram Highway, the artery that links these places, two narrow lanes joining Islamic Pakistan with China.
Around 1 o'clock on a Thursday afternoon we boarded a twin-engine Fokker 27 at the airport in Islamabad and settled back for what had been described as the breathtakingly scenic flight to Gilgit, 371 miles to the north. 
A tape recording of a sitar played softly. 
Tea and cakes were served with quiet grace by the hostess.
Through the window we watched the landscape grow rugged. 
On the highest peaks, among smudges of evergreens, the snow shone so brightly that it seemed to be lit from within. 
But the mood that was coming upon us was to be disturbed before we had even drained the tea from our cups. 
The ride suddenly became bumpy and islands of darkening cumulus clouds came into view ahead.
''Ladies and gentlemen,'' said a metallic voice, interrupting the strains of the sitar, ''we are sorry to tell you that due to bad weather we are having to turn back. 
Inshallah, we shall land in Islamabad momentarily. 
Please fasten your seat belts.''
The eight of us moaned. 
The other 40 or so passengers - none of them tourists, judging from the long dark veils draped over the women and the soft, flat-topped felt hats worn by the men - appeared neither surprised nor troubled by the news.
We had two choices: We could return to the hotel and hope for better luck on tomorrow's flight. 
Or we could attempt to reach Gilgit by road. 
Since the weather had already been unseasonably rainy for some days - and since the pilot prudently makes no attempt to maneuver through the tall mountains when it's even cloudy - we decided to go by land.
We hired a minibus and driver and were soon passing through fields carpeted with fresh hail. 
A light rain fell as we continued at a slow but steady clip to Hazara, in the North-West Frontier Province east of the Indus River, an area believed to have been settled by soldiers left behind by either Genghis Khan or Tamerlane.
No signpost marked the point, in the village of Havelian, where the road merges with the Karakoram Highway, constructed by the Pakistanis and the Chinese over a 20-year period. 
It is said that one life was lost for every kilometer of road. 
At the peak of the effort, 15,000 Pakistanis and 1,000 Chinese were working on the KKH, with little in the way of modern machinery.
The rain had just about stopped when we came to the village of Besham in the early evening. 
A queue of trucks lined both sides of the road, an indication of trouble ahead. 
We stopped to inquire at the local musafir khana, a sort of Pakistani truck stop, a squat cinder-block building containing rows of wooden cots, each strung with rope. 
In front of the building, tea brewed on a charcoal fire under a dim gas light.
''I'm afraid it is not possible for you to go any further,'' the man tending the fire told us. 
''The mountain is still moving.''
The leader of our group, Lieut. 
Col. Muhammad Akram Khan - a founding member of the Adventure Foundation (Pakistan), a nonprofit organization modeled on Outward Bound - explained that the recent rains had caused a landslide and the road could not be cleared because mud and rock were continuing to fall. 
''We should be able to get through in the morning,'' the colonel consoled us.
We went to a nearby guest house to pass the night. 
But when we moved out again just after dawn the trucks were still parked along the roadside. 
We pressed on until we could see the road disappear into a thick, smooth slab of mud that began high on the slope above and ended in a gorge several hundred feet below. 
We turned to Colonel Akram in despair. 
''Come now,'' he said. 
''We're not turning back yet.''
We grabbed our hand luggage and followed the colonel on a zigzagging trail down the steep, rocky mountainside. 
A line of men, some carrying boxes or trunks, some herding goats, trekked both ahead and behind us. 
Through the middle of the narrow gorge below ran a shallow stream, a small tributary of the Indus River, which splashed over smoothly rounded boulders. 
Before crossing the gorge, we looked up and listened attentively: Each time the rocks began to roll, people above whistled and yelled out a warning.
We crossed one at a time, as quickly as we could manage without losing our footing on the slick stones. 
Then, relieved that no rocks had made contact with our skulls, we began the long, tiring climb up the other side. 
The slope was so steep that we had to grab bushes for support. 
At one point, a goat just above us stopped, refusing to go farther despite the urgings of its herder and the whacks he was applying with a switch to its rump. 
The exasperated herder finally picked the goat up in his arms like a child and carried it the rest of the way up to the road. 
On the far side of the gorge, too, was a line of trucks that had been waiting since the day before. 
Colonel Akram told us to catch our breaths while he went off among them. 
Within minutes he was back, sitting next to the driver in a small Toyota diesel pickup. 
''Okay, it's arranged,'' the colonel said. 
''This man will take us at least part of the way to Gilgit. 
There will be a phone up ahead. 
I will arrange for other transport to be sent down to meet us.''
We piled ourselves and our luggage into the back and sped off along the serpentine road, high above the Indus River. 
The open cargo bed provided an unobstructed view and an extraordinarily heightened sense of speed. 
The faces of my companions - and probably my own as well - became pale as we swung from side to side, tightly grippling the railing and bouncing painfully on the metal floor.
The steep mountain slopes in which we were cradled were barren and eerily desolate. 
Only occasionally would we catch sight of a tiny plot of cultivated terraces, some no more than a few feet wide. 
Goats browsed among sparse brush nearby. 
And, looking carefully, we would invariably make out one or two small houses, constructed of the same gray stone as the mountains to which they so precipitously clung.
Until the completion of the KKH just four years ago, this area had been almost entirely cut off from the rest of the world. 
The lateral valleys beyond the road are still known as ''Yaghistan,'' which loosely translates as Land of the Unruled. 
In other words, they are tribal territory beyond the control of the Pakistani Government. 
We had been told that the people of Yaghistan could be quite hospitable; they could also draw and quarter you, more or less with impunity.
At a settlement about 50 miles from Besham our driver stopped: He didn't want to be too far away when the road was finally cleared. 
Colonel Akram arranged for us to switch to a small taxi with a canvas-enclosed bed containing two parallel wood benches on which passengers could sit facing one another. 
An assistant to the driver stood on a platform at the rear of the car, scanning the mountaintops for signs of a rockslide.
A little after 1 o'clock the car suddenly jolted and screeched to a halt. 
I had a vision of all the little headlines I had seen in newspapers over the years reporting a ''Bus Plunge'' in places very much like this. 
Luckily, we had not been going fast when the tire blew. 
The spare tire that the driver had brought along did not inspire confidence. 
It was covered in bulging patches, evidence of the many times it had been repaired.
A half hour or so farther down the road we met up with two Toyota jeeps that had set out from Gilgit following the colonel's phone call. 
We packed ourselves into these vehicles and contnued on, riding high above the silty Indus, its bone-colored sand beaches unmarred by human footprints.
At Chilas, a village about 4,000 feet above sea level, we stopped briefly at a small stone hut, another musafir khana, for milky tea, dal maash - a local dish made from yellow lentils and spices - and tandoori roti, flat round bread baked in deep stone ovens.
O n the road once more, the colonel pointed out Nanga Parbat, the Naked Mountain, with its snow-covered 26,660-foot peak. 
Finally, in the early evening, we entered Gilgit, where donkey carts rolled down the narrow streets and where the tiny stone shops in the bazaar were still crowded. 
It is said that long ago the people of Gilgit were fire worshippers. 
Then, beginning in the eighth century, China, Tibet and Arabia conquered the area in turn. 
Today the population of about 25,000 includes people of many ethnic groups: Pathans, Kashgaris, Chitralis, Tshins, Kirghizis and Hunzakuts.
We spent the night at a guest house and rose at 4:40 on Saturday morning to the sound of the muezzins calling the faithful to prayer. 
Because we were now about a day behind schedule, and because the weather looked fairly clear, we decided to set out again immediately, hoping to make it to the Chinese border and back - a round-trip excursion of a little more than 300 miles - by nightfall.
We headed out of town over the 100-year-old British-built suspension bridge that spans the Gilgit River and disappeared into a tunnel roughly carved through a mountain. 
We returned to the KKH, which twisted through bleak, infertile mountains where rare Marco Polo sheep and ibex are said to dwell. 
We neared Rakaposhi, the southernmost peak of the Karakorams, whose 25,550-foot peak was buried in clouds.
Our unofficial but well-informed guide for this part of the journey was the local police superintendent, Ali Ahmad Jan, who happened to be an old college chum of one of our fellow travelers, Syed Husain Mahmud, a freelance photographer. 
Superintendent Ali had blue eyes and a bushy blond moustache. 
His ancestors, he said, were either early Greek or Persian invaders, he wasn't sure which; he could trace only about 900 years of his family's history in this area.
It was fully light by the time we reached the Hunza Valley shortly before 6. 
We came around a turn and there, just ahead of us, three seasons seemed to coexist. 
The mountain summits were white and wintry. 
Just below them was a layer of autumnal red-brown rock. 
And down beside the river, stretched an alluvial plain, lush with pinkblossomed apricot trees, tall, swaying poplars, and neat, Lilliputian green pastures surrounded by sturdy stone fences.
The narrow Hunza Valley is not only fertile, it is also exceptionally rich in semiprecious stones. 
It is said that years ago, when soldiers of the British Empire fought there, the bullets removed from them would often turn out to be garnets coated with lead.
Until as recently as 1974, Hunza was a separate kingdom ruled by the hereditary Mir of Hunza. 
Not long after Hunza's incorporation into Pakistan, the last Mir ''died of heartbreak,'' Superintendent Ali told us. 
I asked him how he knew. 
''Oh well, he was a relation,'' the Superintendent said. 
''It happens that my mother was the Mir's sister and the Mir's wife was my auntie. 
My father and uncle simply exchanged sisters, you see.''
The people of the Hunza Valley -which is surrounded by 21 peaks more than 20,000 feet high - are famous for good health and longevity and a number of books have been written about ''Hunza health secrets.''
One does indeed see many robust old Hunzakut men and women about, but as far as I was able to ascertain there has never been any proof that these people represent a medical marvel.
The villagers of the Hunza Valley are remarkable in other ways, however. 
Hunza is said to be a basically cooperative society with little difference in wealth from family to family. 
Fruit - the apricot in particular - is the staple of the diet. 
Although alcohol is widely prohibited in Pakistan, the Hunzakuts freely - if discreetly -drink a concoction known as ''Hunza water,'' varieties of wine and brandy distilled from mulberries and grapes. 
In contrast to the people farther south, many Hunzakuts have pink-white skin, and green or blue eyes. 
Women do not hide their faces as most Pakistani Moslems do; instead they cover only their hair with a colorful scarf draped over a sort of pillbox cap.
We stopped for a brief breakfast of green tea, sheep liver fried in apricot-pit oil, porridge, potatoes, chicken, phiti - brown bread made from unrefined wheat - and jam, then quickly resumed our journey. 
In places, the shoulders of the road were piled high with snow, cleared after recent avalanches. 
Elsewhere, the mountain slopes were covered in scree, rock pulverized to a fine powder by the force of glaciers over centuries.
One of the largest glaciers in the world outside the polar regions is the 30-mile-long Batura Glacier, which we approached at about 9:30. 
This is normally as far as foreign visitors may go, but we had earlier applied for and received permission to proceed the remaining 60 miles to the border.
T he road followed the course of the clear and shallow Hunza River through a deserted landscape of dry, rocky soil, wild willow and scrub. 
About noon we came to Kara Jilga, the point where the road begins a steep climb to the Khunjerab Pass. 
The countryside was snowcovered; the river was frozen and bluish icicles hung from the rocks. 
Dark, hairy yaks trudged along in the distance, leaving a shadowy trail in the otherwise unbroken whiteness.
Finally, the road flattened out and we drove up to an unimposing wooden sign indicating that China lay beyond. 
The elevation was 15,072 feet, said to be the highest point on any paved road in the world. 
Although I was wearing several layers of clothes, I shivered with cold and my breathing was labored. 
Moving about in the snow to keep warm, I soon became dizzy and light-headed.
''When the Karakoram Highway was completed, the road gang from China and the road gang from Pakistan played volleyball right across the border here,'' Superintendent Ali told me. 
I said I thought I would drop dead if I attempted such exercise at this altitude. 
''As a matter of fact, that's just what did happen to one chap,'' he noted.
We could not spend long in the cold, rarified atmosphere of the pass. 
We climbed back into the jeeps and headed south, stopping for a snack about 5 P.M. and arriving in Gilgit just before 9.
Our plan was to fly out Sunday afternoon. 
No plane had made it to Gilgit in the last few days, but the sky was clear and we were hopeful. 
We attended a polo match after breakfast; Gilgit happens to be the place where the sport originated.
The plane did not arrive, however, and we reluctantly began the long and arduous trip by road back to Rawalpindi. 
By Monday morning we had somehow made it to the airport, more or less on schedule and more or less ready for the long flight back to New York.
Although I don't think any of us would have been prepared to make the trip again right away, we were all pleased to have done it. 
In part, that's because we had learned something about the rules of travel and did not doubt that the destination had been exotic enough to justify the hardships we had endured. 
Equally important was another rule that we were just beginning to recognize: few memories are more savored than those of a risky journey successfully completed.
Â 
Guide for visitors to Gilgit
The Basics The round-trip excursion fare via Pakistani International Airlines from New York to Islamabad is $2,470 in first class, $1,285 economy. 
(For stays of less than a month no visa is required.) The easiest and least expensive way to get to Gilgit is by air. 
P.I.A. has a flight that leaves Islamabad for Gilgit daily if the weather is clear. 
The Government-subsidized fare is very reasonable, about $26 each way. 
A car and driver can be hired in either Rawalpindi or Gilgit for about $10 a day plus five cents a mile. 
The best time of year to go to northern Pakistan is spring or fall. 
Days are warm, but evenings can be quite cool, especially at high altitudes. 
Rain is likely in July and August. 
Exhibition and practice polo matches are held in Gilgit (as well as in many villages in the region) at almost any time of year, but the regular season begins in late spring and ends in the fall. 
In Gilgit, the best known hotels, such as the Rakoposhi Inn and the Hunza Inn, charge about $35 a night for a double occupancy room. 
Less expensive but still quite decent accommodations are also available. 
Making Arrangements Further information can be obtained and arrangements made through the Tourism Division, Ministry of Culture, Sports and Tourism, Government of Pakistan, College Road, Shalimar, 7/2, Islamabad, and the Adventure Foundation (Pakistan), a nonprofit organization modeled on America's Outward Bound. 
The Adventure Foundation's main goal is to introduce indigent youth of Pakistan to sporting activities in wilderness areas of the country, but A.F.P. representatives are also beginning to organize excursions for American groups on a select basis. 
Contact the A.F.P. at No. 1 Gulistan Colony, College Road, Abbottabad, Pakistan. 
C.D.M.",4,tibet,REAGAN,Reagan (1981-1988),CATEGORY_4,"lama, dalai, tibetans"
HIGH PEKING AIDE IS DUE IN INDIA.txt,"ï»¿
The Chinese Foreign Minister arrives here tomorrow on a fence-mending mission that could pave the way for a new phase of friendship between India and China.
The visit by Foreign Minister Huang Hua is the first by a senior Chinese official since Prime Minister Zhou Enlai came here in 1960. 
Within months of that visit, the relationship deteriorated over Chinese territorial claims.
Chinese Foreign Minister Huang Hua arrives in New Delhi (India) in effort to improve relations between India and China
A border war in 1962 ended in defeat for India and the Chinese seizure of a piece of territory in northeastern Kashmir known as Aksai Chin. 
The border dispute has kept the two countries apart although India took the first step toward reconciliation in 1976 by sending an ambassador to Peking after an absence of 15 years. 
In 1979, the Indian Foreign Minister visited Peking.
Foreign Minister Hua of China was scheduled to come here last year after Prime Minister Indira Gandhi had returned to power, but he canceled the trip when she accorded recognition to the Soviet-backed Cambodian Government.
Â 
Border Dispute No Stumbling Block
In the last few months, friendly signals began coming from Peking and it was announced that Mr. Hua would be making the trip this summer.
Both sides have agreed that the border dispute need not be a stumbling block in the way of better relations. 
The Chinese have indicated that they would accept a boundary along the line of actual control. 
This would leave the Aksai Chin area in Chinese hands, but would confirm Indian sovereignty over the former North-East Frontier Agency, since 1972 constituted as the Indian union territory of Arunachal Pradesh.
India has said that the proposal is unacceptable and wants talks confined to the Aksai Chin area. 
The area is now crossed by a major Chinese highway linking Tibet and Xinjiang.
Indian officials do not expect any dramatic developments to come out of Mr. Hua's visit. 
But they hope to achieve the limited aim of lessening tension along the border and re-establishing trade relations and economic cooperation.",4,tibet,REAGAN,Reagan (1981-1988),CATEGORY_4,"lama, dalai, tibetans"
"IN CHINA, IN MONGOL STEPS, HORDES OF BACKPACKERS.txt","ï»¿
At dawn, when a crescent moon lingers on the horizon, the donkey carts are on the move in this old Islamic town. 
Through an open doorway in a whitewashed wall, the murmurings of young boys reading the Koran filter into an alley. 
Old men in leather boots gather silently on a nearby bench, watching the sun spreading a wash of pink across the distant Pamir peaks.
For more than 2,000 years Kashgar has lived by its own rhythms, absorbing only as much as it has cared to from the alien tides that have flowed through the town.
The Chinese first made their power felt here in the Han dynasty, in the third century B.C. The Russians were a pervasive influence for a century and a half before World War II, and in between the dusty streets were trod by Tibetans, Mongols, Indians and British, among others.
Because the town stands at the furthest fringe of the deserts that cushion China from the west, it has always attracted conquerors, adventurers and traders. 
But none has made more than a passing impact on the Uighurs, a Turkic-speaking people who migrated from the western perimeter of Mongolia and who had been predominant in Kashgar for at least eight centuries when Marco Polo passed through in 1275. 
Today they account for about 90 percent of the town's population of 180,000.
Â 
Geography Has Been Ally
Geography has been the Uighurs' ally. 
It is more than 2,000 miles from here to Peking, most of it desert. 
Travelers from the capital take two days to arrive by plane, longer if flights are canceled because of sandstorms that sweep the Gobi and Taklamakan, the vast seas of dune and scrub that cover much of the Xinjiang Uighur Autonomous Region in which Kashgar is situated.
As if nature's isolation were insufficient, the Communist authorities declared the town closed to foreigners in the 1950's, an edict not lifted until 1983.
Whether approached from the east, across the desert, or from the west, across the 25,000-foot mountains that run like a shield across China's Central Asian frontier, Kashgar has always provided respite to the traveler. 
Now, once more, it is opening doors to strangers, and doing so in the tradition of Uighur friendliness that has impressed virtually every sojourner except Polo, who found the local merchants mean.
A few days here furnish vivid memories of free donkey cart rides, of spontaneous invitations to private weddings, of friendly chatter at dusk in the precincts of the Id Kah mosque, where the muezzin's cry has been heard for 1,000 years.
''Hospitality is a part of our culture,'' said Abdullah Shakir, a carpet salesman encountered in the Hong Kong Bazaar, so named for its profusion of inexpensive goods. 
#20,000 Visitors Expected This year, with the opening to foreigners of the Karakoram highway that crosses the mountains from here to Pakistan, officials expect 20,000 foreign visitors. 
Backpackers, in particular, are arriving in force.
The local foreign affairs director, Abdullahjan Dawud, a Uighur with Chinese subordinates, says the town is the most authentic of all surviving Uighur towns in Xinjiang, whose population of 13.5 million includes a diminishing proportion of Uighurs, now about six million.
''Kashgar,'' said Mr. Dawud with a smile, ''is keeping to its ethnic characteristics.''
This was a polite way of saying that here, unlike the Xinjiang capital of Urumqi, the Uighurs have managed to maintain their culture and religion without major inroads by the Chinese.
The sense of being carried back across the centuries comes most vividly on Sundays, when the citizens of Kashgar and outlying villagers mingle at the weekly market. 
In a clearing off a poplar-lined road that enters the town from the west, as many as 70,000 people crowd together to trade, to eat and to gossip. 
Most travel by donkey, some by horse or camel. 
Whole families ride together.
Officials say the market accounts for 30 percent of the commerce, an underestimate that serves the pretense that Kashgar's economy is predominantly Goverment-controlled.
Every Uighur need is met. 
Whether it is bolts of silk, top boots fashioned from yak hides, or camels - available for as little as $100 for a high-mileage specimen, as much as $450 for an animal that is still breaking in - the Uighur trader retains the shrewdness that sat ill with Marco Polo. 
Hours can be spent haggling over a few dollars.
Â 
Bargaining Can Be Cantankerous
As a customer, the Uighur is no less narrow-eyed. 
Beyond the market's five-cent haircuts and its silk-clad tumblers performing in the open air, traders gather beside a dusty track where draft animals are taken through their paces.
Old men with fierce countenances and jutting beards spend an hour or more testing camels and horses. 
When the animal has been rated the bargaining begins, often in the most cantankerous way.
During Mao Zedong's Cultural Revolution, which began in 1966, the market was disbanded. 
But the Uighurs revived their trading in a cemetery beyond the town and, in the late 1970's, saw their entrepreneurship embraced and Mao's brand of Communism condemned.
Mao's 40-foot statue still gazes solemnly northward from a plinth on the Chinese side of town, but a local Uighur official says quietly that it is there solely as ''a reminder of our worst times.''
Mao is only one of the alien influences whose course in Kashgar is run. 
Not far from the market is the yellow stucco compound that served as Britain's most remote diplomatic outpost in Asia until it was closed in 1950. 
Once celebrated for its watercress sandwiches, it is now a crumbling relic that serves as a cheap hotel. 
Across town, the Neo-Classical buildings of the old Russian consulate have been transformed into a higher-class guesthouse.
Â 
Past Contacts Recalled
To the Chinese the buildings are redolent of imperialism. 
Uighurs, by contrast, seem pleased to recall past contacts with foreigners. 
A walk in the maze-like alleyways of the old Uighur city is virtually guaranteed to produce invitations into courtyard homes that hide behind high mud walls.
Inside, guests are seated on raised platforms covered with the richly colored carpets for which the region is famous, and, over cups of thick black tea, invited to discourse, among other subjects, on Islam and carpet-making.
A common topic is the matter of relations between Uighurs and Chinese. 
Barely five years ago the town was convulsed with riots that erupted after Chinese youths killed a young Uighur and lost one of their own in revenge.
Uighurs say relations have improved greatly since. 
''After Mao, things were certain to improve,'' said an Uighur doctor who works among Chinese. 
''We still lead our separate lives, but we have learned to co-exist. 
''",4,tibet,REAGAN,Reagan (1981-1988),CATEGORY_4,"lama, dalai, tibetans"
"IN TIBET, A TRAIL OF SMASHED TEMPLES.txt","ï»¿
A group of Indian pilgrims who for the first time in 22 years were permitted to visit a lake sacred to Hindus in southwestern Tibet have returned with descriptions of monasteries that were destroyed in China's Cultural Revolution.
The 13 worshipers who entered Tibet through the Himalayas traveled 300 miles by horse, mule and truck in a region that has rarely been visited by outsiders since the Chinese conquest of Tibet.
As part of efforts to thaw relations between India and China, Peking permitted pilgrims to travel to the lake, which is known as Manasarowar in India and as Mapam in Tibet. 
The deep blue lake, at an altitude of 14,000 feet, is considered holy by both Hindus and Buddhists. 
Before the Chinese invasion, eight large monasteries housing thousands of monks ringed the slopes around the lake.
Indian pilgrims, permitted for first time in 22 years to visit sacred areas of Tibet, see ruins of temples destroyed in Chinese Cultural Revolution
The travelers had cameras with them but said they were frequently discouraged by their guides from photographing the vandalized sites.
Â 
Buddhist Palace Is Destroyed
The travelers said that the gompas, as they are called, were all empty shells, having been systematically blown up. 
''Our Chinese guides told us that the destruction had all been the work of the Gang of Four,'' one of the travelers said, referring to Mao Zedong's radical associates who have been blamed for the excessses of the Cultural Revolution.
The traveler added that the same guides did not permit the pilgrims to make close inspection of the ruins. 
One gompa, measuring nearly half a mile in length, had been reduced to rubble.
The summer palace of a Buddhist order was also destroyed. 
However, one of the Indian visitors said local residents had apparently salvaged some ancient prayer stones and built ramshackle chapels. 
Above one ruin there flew a solitary prayer flag that had apparently been recently put in place, attesting to the tenacious hold of the religious culture even in the absence of monks.
According to the pilgrims, the group's guides, both Chinese and Tibetans, said several times that they had heard reports that the Chinese Government was preparing to rebuild the religious buildings.
The travelers said that they were kept at a distance from settlers but that they spent some time in the town of Taklakot, now known officially in Tibet as Burang. 
It is a settlement where local herdsmen exchange yak wool for food smuggled in by Nepalese traders, and Tibetans live in huts of stone.
Flags flew from official buildings, the visitors said, but they saw no pictures of Mao or any other revolutionary figures. 
''My impression,'' a young traveler said, ''was that the authorities had given up doing anything for the local people and that the Tibetans were living as hard a life as they had for centuries.''
There was no sign of the kind of rich ceremonial life that dominated the lives of local people. 
There were no communes and no schools, the travelers said, and there were no temples and no monasteries, just high gravel expanses without vegetation and some hardy goats, sheep and people.
In their trek the Indian pilgrims came upon the remains of Shershung, where fairs used to be held on days of the full moon. 
The site is now rubble, the travelers said, marked only by burial mounds of inscribed prayer stones.",4,tibet,REAGAN,Reagan (1981-1988),CATEGORY_4,"lama, dalai, tibetans"
India Reports Incident On Chinese Boundary.txt,"ï»¿
Chinese troops crossed into Kashmir in May but withdrew within a few hours, the Indian Government said today.
Indian Government reports Chinese troops crossed into Kashmir, in May, but withdrew within a few hours
A spokesman, J. N. Dixit, said the problem ''was sorted out after our people pointed out'' to the Chinese that they had crossed the border. 
Recent published reports said the Chinese had refused to leave and had hoisted their flag. 
The report was denied by China. 
Mr. Dixit declined to elaborate on his brief statement.
An Indian delegation is to visit China before the end of the year for talks on the disputed territory. 
India is demanding the return of 14,500 square miles of territory that it says China seized during their 1962 border war.",4,tibet,REAGAN,Reagan (1981-1988),CATEGORY_4,"lama, dalai, tibetans"
OF MONKS AND MARTIAL ARTS.txt,"ï»¿
The vivid frescoes seem startling in a 1,500-year-old Buddhist temple. 
On one wall, monks fight with feet and clenched fists in a cloistered garden. 
On the opposite wall, more monks spar with swords, staves, cudgels and other ancient weapons. 
The stones of an adjacent hall have been stamped down into 48 indentations, a legacy of centuries of practice in the martial arts that have left the floor pitted up to seven inches deep. 
Shaolin Monastery, nestled on the barren slopes of Song Mountain in central China's Henan Province, was the home of Chan Buddhism, a Chinese sect that gave rise of Zen Buddhism in Japan. 
But it is even better known as the cradle of wushu, an ancient fighting skill that has evolved into Chinese kung fu and influenced Japanese karate and Korean taekwondo.
Christopher Wren article on visiting Shoalin Monastery in central China's Henan Province; photos (M)
During the Tang Dynasty 13 centuries ago, the monastery had 500 fighting monks along with 1,000 more prosaic monks who tilled several thousand acres of communal farmland. 
The monastery then fell on hard times. 
It was burned three times, most recently in 1928 during a struggle between rival warlords. 
It was vandalized during the Cultural Revolution, and its remaining monks dispersed to secular labor. 
Several years ago, Shaolin Monastery reopened and now has 20 monks ranging in age from 16 to 76 years. 
The revival of historical interest in Shaolin Monastery is ironically the result of the popularity of China's first kung fu movie, ''Shaolin Temple.''
(Buddhist monasteries in China are usually called temples.) The film followed the formula of revenge and mayhem that has been a staple of the Hong Kong film industry and was shot on location.
The monastery's reputation derives from an incident in 618 A.D., when the Tang Dynasty Emperor Li Shimin, hearing of the martial arts developed at Shaolin Monastery, appealed for help in defeating Prince Zheng in a battle at nearby Luoyang, then the imperial capital. 
Thirteen warrior monks who responded to the Emperor's call helped win the victory, opening the way for the unification of China. 
(With a license that Hollywood might envy, the movie had the monks winning the campaign by themselves.)
The introduction of fighting skills at Shaolin Monastery has been attributed in legend to the Indian monk Bodhidharma, who went to the monastery in 527, three decades after it was founded by Batuo, another Indian monk. 
Bodhidharma allegedly spent nine years in contemplation, facing the wall of a cave on Song Mountain above the monastery. 
For exercise and protection from wild animals, he taught himself self-defense and later passed the skills along to his disciples.
Actually, the ancient martial arts probably originated even earlier as Buddhist monks learned to fend off brigands and other predators. 
Variations of their refined techniques subsequently reached Japan, Okinawa, Korea and other Asian countries that developed their own distinct fighting styles.
Chinese wushu goes well beyond the ''empty-hand'' fighting of the more familiar karate of Japan or taekwondo of Korea because it incorporates 18 ancient weapons, such as nine-sectioned chains, hinged sticks, staves and swords. 
Chinese wushu, like the more contemporary kung fu, has no belt gradings but can take up to 10 years to master. 
It is taught in China for physical exercise and health rather than self-defense. 
The best known of its styles is taijiquan, called tai chi in the West, which has been vastly slowed down to emphasize flexibility and serenity.
Shaolin Monastery has become a tourist attraction, with the government allocating more than $1.6 million for its restoration. 
The monastery, a few miles from the county seat of Dengfeng, is about four hours by car or tour bus from Henan's provincial capital of Zhengzhou, itself an overnight train ride from Peking, 400 miles to the north. 
The monastery can also be reached from Luoyang.
The monastery is entered through its elevated ''mountain gate,'' reached by a flight of 16 broad stone stairs. 
Under the curved tile roof hangs an elegant gold leaf inscription with the three Chinese characters for Shaolin Temple, written in the 18th century by the Qing Dynasty's Kangxi emperor. 
Stately cy press and ginkgo trees planted by the monks centuries ago rise above the reddish walls. 
More than a dozen buildings, including the Heavenly King (Tianhuang) Hall and a library of Buddhist scriptures, were burned down by the warlord Shi Yousan during the civil fighting in 1928. 
It was said that the monastery burned for 45 days.
Fortunately, the last row of buildings inside the monastery was not destroyed. 
The largest is the Hall of a Thousand Buddhas, in traditional red brick with a curved blue-gray tile roof. 
It contains what are regarded as the finest surviving frescoes in China, painted during the Ming Dynasty, covering more than 3,000 feet of wall. 
They show in intricate detail 500 ''arhats,'' or Buddhist saints, worshipping Buddha amid clusters of billowing clouds. 
No two faces or figures look alike.
A martial arts enthusiast may be more intrigued by the green brick floor, with its 48 indentations in four symmetrical rows about one yard apart. 
The depressions were formed over the centuries, when the monks learned to strengthen their fighting stance by pressing their feet down on the bricks. 
Nearby, a rack of weapons displays a vicious-looking collection of spears, halberds and tridents.
To the east is the White Robe (Baiyi) Hall with its equally famous frescoes of the martial arts, only slightly damaged by graffiti and wear. 
Along the southern wall, 34 monks in colorful open jackets, sleeves rolled up, spar in bare-fisted pairs before a small but intense audience of scholars and spectators. 
On the northern wall, other monks show off their skills with the 18 ancient weapons.
Another wall fresco depicts the 13 warrior monks coming to the aid of the Tang emperor. 
There are additional frescoes of a barehanded monk subduing a dragon and a tiger. 
The origin of the art is obscure. 
The robes and pigtails of the onlookers suggest that the frescoes were painted early in the Qing Dynasty, which overthrew the Ming emperor in 1644 and was itself finally toppled in 1911.
Shaolin's monks today go about their duties with shaved heads and coarse gray robes, oblivious to the stream of tourists. 
But they also have tales to tell. 
Fu Yun, now in his 60's, recalled how the monastery had 300 monks when he joined as a child novice in 1930. 
In those days, he said, the monks practiced wushu six hours a day as a respite from meditation. 
''The basic lessons in wushu were to keep us fit,'' said Fu Yun. 
He was forced to go home to work as a farmer in 1949 but returned after the Communist authorities adopted a greater tolerance for religious belief after the repressive Cultural Revolution.
To the disappointment of many visitors, the monks no longer perform wushu. 
''I can still play but not very well,'' Fu Yun confessed. 
''To be good at wushu, you must be obedient and willing to bear suffering and hardship.''
Chuan Qing, a 24-year-old monk from eastern China, said he was not interested in wushu because ''it is very hard to do.''
For the monks, who rise at 3 or 4 A.M. and subsist on vegetables and rice, life is not much more glamorous than that in other Buddhist monasteries in Asia.
Shaolin's traditional martial arts are being preserved at the nearby town of Dengfeng, where a sports school specializing in wushu opened two years ago. 
Its 140 or so pupils practice wushu every afternoon following their academic classes. 
The pupils, some of whom are only 10 or 11 years old, frequently stage fighting displays for foreign tourists on the packed dirt of their outdoor practice field.
Visitors to China do not have to travel all the way to Shaolin Monastery to see wushu. 
In any major Chinese city, simply rise at dawn and head for the local park, where some young people practice before going off to jobs or classes. 
In Shanghai, for example, there is early morning wushu practice along the Bund, or waterfront promenade. 
Just head for the clatter of swords and staves.",4,tibet,REAGAN,Reagan (1981-1988),CATEGORY_4,"lama, dalai, tibetans"
"ON SOVIET-CHINA BORDER, THE THAW IS JUST A TRICKLE.txt","ï»¿
This bustling Central Asian city is barely 100 miles from China, yet for 20 years it has had virtually no contact with the other side of the frontier.
Centuries of trading, intrigue and war have given way to silence, broken only by the propaganda broadcasts that each side beams at the other across the towering Tien Shan range. 
On July 1, however, a small beginning was made on restoring some of those ancient ties when the two countries reopened two border points that have been sealed since the ideological and territorial rift between them broke into the open in the 1960's.
The opening of the barriers for local trading, at a mountain pass at Turugart, 130 miles east of here, and another at Korgas, 470 miles to the northeast, will not extend to passenger traffic, and thus will not relieve the forced separation of tens of thousands of families that straddle the border. 
Nor will it mean any major increase in trade, since the major country-to-country traffic, which will more than double this year, passes through rail points thousands of miles farther east.
OSH, U.S.S.R. 
- This bustling Central Asian city is barely 100 miles from China, yet for 20 years it has had virtually no contact with the other side of the frontier.
Nonetheless, it is a symbolic step in the overall effort by Moscow and Peking to improve relations. 
Two rounds of talks since last October, the first in Peking and the second in Moscow in March, have failed to produce any major steps toward resolving their differences, and manifestations of good will have been limited to such things as reopening minor border points, stepping up trade and reviving sports and scientific exchanges.
Â 
Soviet Officials Wary
Local officials here and in Frunze, capital of Soviet Kirghizia, adopt a wary tone when discussing the border reopenings, reflecting the ambivalence that has characterized Government pronouncements in Moscow since the unproductive round of talks in March. 
Sopubek B. Begaliyev, chairman of the Kirghizian state planning committee, mentioned the border points only in passing while reviewing the state of affairs in the republic for visiting reporters, and added cryptically, ''You can say this is some evidence of improved relations.''
A similarly noncommittal view was expressed by Karybek M. Moldobayev, first secretary of the Frunze party committee, who dismissed suggestions that the gradual improvement in ties was of particular importance to Kirghizia, given its proximity to China and the memories of border clashes that have occurred during the years of enmity. 
The clashes, mainly in 1969, never reached the intensity of the fighting on the Amur and Ussuri rivers in the Far East, where the death toll was considerable.
''As part of the Soviet state, Kirghizia will benefit along with other parts of the republic,'' he said. 
Hardly a year ago, when Leonid I. Brezhnev was making little headway with his appeals to China for a turn toward improved ties, visitors here found a more emphatic attitude. 
Then local officials spoke openly of the ''threat'' that they said China's military presence posed to Kirghizia, and they recounted how conditions on the other side of the border caused tens of thousands of refugees to pour across the frontier into Kirghizia at the height of China's Cultural Revolution in the late 1960's.
Today, such matters are approached more discreetly. 
Asanbek Tokombayev, head of the republic's radio and television service, recalled the border skirmishes as ''small-scale matters'' that had long since been forgotten, and described border tensions in general as ''a thing of the past.''
Other officials questioned on the matter said they attached little importance to China's historical claim to Soviet territory on the north side of the Pamir Mountains, part of a much wider Chinese position that places about 580,000 square miles of Soviet territory in the category of land seized from imperial China under ''unequal'' treaties with the Russian czars.
Â 
Slight Interest in China
Mr. Tokombayev said that the border reopenings were not sufficiently interesting to audiences here to warrant sending film crews to monitor the event. 
Indeed, he said, there was little general interest here in what was going on in China, apart perhaps from the people of Uighur, Kazakh or Kirghiz origin who had been residents of China until the 1960's but had taken up residence here and become Soviet citizens.
He said he was ''unsure'' whether China was still broadcasting radio propaganda in the local languages, ''but we do not listen, anyway.''
He denied knowledge of Soviet propaganda transmissions, but Western monitoring services have confirmed that Soviet stations in Alma-Ata, Tashkent and elsewhere in Central Asia continue to vaunt the higher Soviet standard of living in shortwave programs transmitted across the mountains in Uighur and Kazakh.
Almost everywhere, officials questioned on the matter said that the greatest threat these days came not from Peking but from Washington, and President Reagan's program of modernizing United States nuclear arms. 
This is the standard line in Moscow. 
But on the streets of Osh, an industrial city of half a million that sits amid one of the most fertile agricultural areas in Central Asia, ordinary people tended to reverse the view.
''United States?'' a gold-toothed fruit vendor in the Osh bazaar said, as an American reporter sampled one of his melons. 
''Excellent,'' he said, giving a thumbs-up sign.",4,tibet,REAGAN,Reagan (1981-1988),CATEGORY_4,"lama, dalai, tibetans"
The World_China and India Open Talks.txt,"ï»¿
China under Deng Xiaoping has patched up ties with the faraway West while remaining at odds with many of its neighbors. 
Last week, it addressed one of those quarrels, welcoming negotiators from India to discuss a Himalayan border dispute that has festered for almost a century and led to a brief, fierce border war in 1962.
Discussion of China's decision last week to attempt to negotiate Himalayan border dispute with India
There was no expectation of early agreement. 
India accuses China of seizing nearly 14,500 square miles of its territory; Peking says India illegally holds about 56,000 square miles that rightly belong to China. 
However, the talks alone represent a comedown from China's previous position that the border dispute was so formidable that the two countries should talk about other aspects of their edgy relationship first.
Diplomatic ties were virtually frozen after the 1962 war until five years ago, when the two countries re-exchanged ambassadors. 
Since then, there has been a slow thaw, interrupted by China's 1979 attack on Vietnam, which India supports, and India's recognition of the Vietnamese-installed Government in Cambodia, which China opposes.
The Peking Government first suggested border talks last year. 
To warm up the atmosphere for negotiations, China has allowed small groups of Indian pilgrims to visit Buddhist holy sites in Tibet. 
Peking has also imported more and more Indian goods, so that trade between the two countries, almost nothing two years ago, amounts to $100 million this year.
---------------------------------------------------------------------
Â 
Barbara Slavin and Milt Freudenheim",4,tibet,REAGAN,Reagan (1981-1988),CATEGORY_4,"lama, dalai, tibetans"
"THE WORLD_With Lasting Doubts, India Fosters Hopes of Better Ties to China.txt","ï»¿
MORE than half a century ago and two decades before he became India's first Prime Minister, Jawaharlal Nehru had a dream. 
Friendship between China and India, he told a conference of anti-colonial parties in 1927, would form the core of a new pan-Asianism, a base on which to build a new order in the East.
But long before the dream died on a snowy Himalayan battlefield in 1962 in a short, sharp border war, Nehru and Mao Zedong had chosen separate roads. 
Nehru and Mohandas K. Gandhi took the difficult democratic path, robbing Indian Communists of their dream of capturing the independence movement, as Ho Chi Minh had done in Vietnam. 
Mao, on the other hand, was crafting a rigid brand of Marxism. 
Led in these separate directions, Asia's two giants strayed apart, and then the 1962 border war ended the era of amity with finality.
This week when Prime Minister Rajiv Gandhi, Nehru's grandson, makes a trip to China - the first visit by an Indian Prime Minister in 34 years - no one in India expects a revival of Nehru's heady dreams of brotherhood. 
But there are cautious hopes that progress can be made on the still-unresolved border dispute and that cultural ties and improved air links will be initiated. 
More than anything, however, Indian officials and intellectuals want a better atmosphere and more contact to follow Mr. Gandhi's visit to Beijing, Shanghai and Xian.
India is tiptoeing toward East Asia, uncertain what its relationship should be with the world's most rapidly growing economies, or with China in transition. 
In New Delhi - unlike other Asian capitals, Moscow or Washington - there is little fascination with the Pacific Century. 
There is, instead, a continuing preoccupation with the West.
Â 
Appearing Too Friendly
''Despite Nehru's romanticism for Asia, and China in particular, our tradition in political terms has been Western,'' said S. Nihal Singh, an author and columnist. 
Mr. Singh added that Prime Minister Gandhi was making the trip to Beijing against the wishes of some of his advisers, and amid fears in his own party that no Indian leader can yet afford to appear too friendly to the Chinese.
''The feeling is still very strong in this country that we got a beating at the hands of the Chinese in 1962,'' said Nikhil Chakravartty, editor of the left-wing magazine Mainstream. 
He said that the Government has not done enough to educate Indians about the need for give and take in settling the border dispute. 
Instead, Mr. Gandhi is pushed by his own supporters into promising not to give away ''one square mile'' of Indian territory. 
The two border areas in question, in mountain terrain, are nearly impossible to demarcate accurately in any case, Indian scholars say. 
Both countries may have to settle for a rational compromise based on who is in control of what parts of ground.
When the Soviet leader, Mikhail S. Gorbachev, was in New Delhi last month, he pointedly remarked on several occasions that there was no problem in Indian-Soviet relations, even though no one had suggested publicly that there was. 
Mr. Gorbachev's comments were interpreted here as an assurance that Moscow's planned rapprochement with China, possibly involving a Sino-Soviet summit next year, would not affect the Moscow-Delhi link. 
But Mr. Gorbachev also made it clear that he would welcome warmer Indian-Chinese ties.
''If Gorbachev makes up to China,'' Mr. Chakravartty said, ''this is an important signal to India not to let itself be left out. 
India could be the only country in this part of the world not to have better relations with the Chinese.''
Â 
Comparing Two Giants
An Indian focus on China invites comparisons between the two Asian giants, the world's most populous nations: China with a billion people and India with 800 million.
In the days of Communist repression and the Cultural Revolution, India could feel more secure in the rightness of its chosen path. 
A free people and a free press have thrived here. 
A mixed economy has opened avenues to development policies of the left and right. 
Poverty and overpopulation were the curse and preoccupation of both nations.
But China has changed and in recent years it can point to many achievements - in agricultural development, rural industry, medical care and, despite criticism of Beijing's methods, population control. 
Now a Chinese citizen is healthier, lives longer and has access to as many or more consumer goods than does the average Indian. 
China is also working hard to integrate itself into the booming East Asian economies.
Lately, India has been close to Vietnam and almost alone outside the Soviet bloc in recognizing the Vietnamese-backed Government in Cambodia - a distinction that has cost it friends in the region but one that has given it a limited interest in Southeast Asian affairs.
Southeast Asia will be discussed on Mr. Gandhi's trip, Indian officials say, especially the problem of Cambodia, and how to get Vietnam's troops to leave. 
But will that whet India's appetite for more contact with the East?
''Not really,'' Mr. Singh said. 
''India has always been ambivalent to Southeast Asia.''
A more active interest in Southeast Asia, many Indians believe, can come only when India feels more comfortable with China - a relationship that will now have to be rebuilt step by step.
Â 
A HISTORY OF CONFRONTATION
In 1962, a dispute over a road built by the Chinese on territory claimed by India and a set of border clashes led Chinese to attack. 
Chinese routed the Indians in Arunachal Pradesh and seized territory in Ladakh. 
After a month of fighting, China declared a unilateral cease-fire.
Fighting broke out between Indian and Chinese troops in 1967 at the Nathu La Pass on the Sikkim-Tibet border. 
Two years later, Indians accused Chinese of firing on patrol in Lip Lekh.
In 1986, India asserted that Chinese troops entered valley of Sumdorong Chu in Arunachal Pradesh, where Indian intelligence post had been set up earlier without Chinese objections. 
Tens of thousands of Chinese and Indian troops confronted each other at height of crisis, which was defused after diplomatic contacts.",4,tibet,REAGAN,Reagan (1981-1988),CATEGORY_4,"lama, dalai, tibetans"
TIBET COMMUNISTS LINK RIOTS TO DALAI LAMA.txt,"ï»¿
Communist officials from Tibet today accused the Dalai lama, its exiled spiritual leader, of fomenting the recent Tibetan rioting.
It was the first time since Tibetan Buddhist monks in Lhasa demonstrated for independence a month ago that officials from China's Government in Tibet talked about the protests to foreign reporters. 
The officials spoke at a news conference held in conjunction with the 13th Communist Party Congress being held in Beijing.
The Tibetans, who are attending the 13th party congress as party delegates also asserted that the Dalai Lama dispatched assassins and saboteurs to Lhasa in 1985 and 1986. 
They offered no evidence to support their charges.
Unrest Blamed on Dalai Lama
''In 1985, the Dalai Lama sent people to conduct explosions,'' said Doje Cering, the Chairman of the Government of the Tibet Autonomous Region. 
''In 1986, the Dalai Lama sent back people to engage in assassinations in Lhasa.''
Mr. Doje blamed the unrest in Lhasa on the Dalai Lama. 
''We have conclusive evidence to show that the Lhasa riot early this month was instigated and engineered by the Dalai Separatistk clique,'' said Mr. Doje. He did not offer proof of his assertion.
Earlier this month, the Dalai Lama said he favored civil disobedience against Chinese rule but not violence and asked his Tibetan supportrs to press their campaign peacefully.
Â 
Violence Is Disavowed
''Violence is not the proper way at all,'' the spiritual leader said at his headquarters near the Indian town of Dharamasala.
The Dalai Lama blamed the rioting on what he termed Chinese repression and Tibetan discontent.
China involved Tibet in 19550 and suppressed an independence rebellion in 1959. 
That year, the Dalai Lama fled to India with thousands of Tibetans and took up residence in Dharamsala. 
Beijing maintains that Tibet is an integral part of China.
Over the last two years, there have been fragmentary reports from Tibetans in India that armed Tibetan exiles had infiltrated back into Tibet for acts of sabotage. 
But there had been no confirmation of these reports and until now the Chinese Government did not comment on them.
In late September and early October, protests led by Buddhist monks turned violent when police attacked the demonstrators. 
A Chinese police station was burned and at least nine Tibetan protestors were killed when armed police fired into the crowd.
Today, the Tibetan officials attending the party congress denied that the police fired on protestors.
Despite reports from travelers that curfews have been imposed in Lhasa and that heavily armed Chinese police patrol the streets, Communist officials in Tibet said that Lhasa had returned to normal.
Â 
Foreign Journalists Expelled
During the disturbances a month ago, 15 foreign jounralists were expelled from tibet. 
Today, Mr. Doje said that Tibet was not closed to froeign reporters but that they had to apply for permission to go there. 
Many journalists based in Beiging have been rebuffed in such efforts.
The Tibetan Communists are among nearly 2,000 delegates to the party congress, which will announce the party's new Central Committee tomorrow. 
It is expected to be smaller and younger than the current Central Committee.
The new Central Committee, to be pared down from 208 to 172 members, will be missing many of the old Communist revolutionaries, including china's senior leader Deng Xiaoping and President Li Xiannian. 
Several Chinese have said that the committee has been reduced in size because it is expected to meet more often and will be less unwieldly.
On Monday, the newly constituted committee will gather to elect the party's ruling Politburo, currently made up of 20 members. 
And the following day, Tuesday, a new Standing Committee of the Politburo, the most powerful organ in the country, will be named.
Only Prime Minister Zhao Ziyang, who is expected to be named party head, is thought to retain his seat.",4,tibet,REAGAN,Reagan (1981-1988),CATEGORY_4,"lama, dalai, tibetans"
TIBETAN PROTEST FOR INDEPENDENCE BECOMES VIOLENT.txt,"ï»¿
A march for independence by thousands of Tibetans turned violent Thursday, with demonstrators stoning the police and setting a police station afire, witnesses said today. 
Six people were reported killed.
The official New China News Agency said in addition to the 6 dead, 19 policemen had been seriously hurt. 
It said rioters snatched guns from policemen and shot at the officers, who ''strictly observed the orders of the higher authorities not to open fire.''
China accused the Dalai Lama, the Tibetan Buddhist spiritual leader, of instigating the protest.
Â 
Second Protest in a Week
''Yesterday's riot is regarded as a direct outcome of Dalai's activities to split the motherland as an exile engaged in political activities,'' the agency said in a broadcast monitored in Tokyo. 
The Dalai Lama has been visiting the United States, where he appeared before a Congressional panel and called for negotiations on Tibet's status.
The violence Thursday took place in central Lhasa when the police fired into a crowd in the square leading to Jokhang Temple, the holiest place in Tibetan Buddhism, according to tourists arriving today in Chengdu, in central China.
The protest on Thursday, China's National Day, was the second in a week in Lhasa. 
A clash Sunday was the first public report of violent protest by Tibetans against Chinese in more than 10 years.
Â 
Reports of Detained Americans
CBS News said it had received a message in its Hong Kong bureau that two Americans had been detained in Sunday's demonstration, but it could not be determined whether they were still in custody.
The two were identified as John Ackerly, 31 years old, of Cambridge, Mass., and Dr. Blake Kerr, also 31, of East Hampton, L.I. 
[In Washington, a State Department spokeswoman said officials were aware of the reports but had no independent knowledge of whether any Americans had been detained in Tibet. 
''Our embassy in Beijing and consulate in Chengdu have been notified,'' said the spokeswoman, Phyllis Oakley. 
''They're attempting to verify the reports and determine the welfare and whereabouts of the two individuals.''] Reporters from Agence France-Presse and The Associated Press in Chengdu, 750 miles east of Lhasa, interviewed dozens of tourists who left the Tibetan capital today, and their reports were made available here in Beijing.
Â 
Diplomats Caught by Surprise
''I saw one man lying on the ground with a piece of his skull blown off and blood pouring out of his head,'' Lars Pettersson, a Swedish tourist, told reporters in Chengdu, describing the clashes Thursday.
Western diplomats here were caught by surprise over the sudden violence and the scope of the protests. 
Late today, an official at the United States embassy said that it was clear that ''several'' people had been killed in the Lhasa demonstrations Thursday, including at least one Chinese.
An Asian diplomat who returned from Tibet a week ago said the protests in Lhasa were likely to strengthen the hands of more doctrinaire Marxists in the Communist Party who have resisted the country's current policy of increased openness to the outside world. 
The diplomat also said the upheaval would also have a profound effect on an upcoming Communist Party Congress by tempering any impulse within the party to accelerate policies of openness and reform.
Sunday's protest began early in the day when a group of lamas who appeared to be in their 40's arrived from Ganden, a monastery 40 miles east of Lhasa that was dynamited by the Chinese during the Cultural Revolution of the 1960's. 
They began parading through the square outside the Jokhang Temple, tourists on the scene reported.
The lamas were told by the police that they would be arrested if they continued their demonstration, the tourists said. 
Altogether, 27 lamas were eventually arrested, the foreigners said.
On Thursday morning, according to the tourists, who included Americans, Germans, Swedes and Australians, eight lamas began protesting Sunday's arrests in front of the Jokhang Temple. 
The crowd of Tibetans swelled rapidly and then attacked a police station just paces from the square, setting it afire. 
When fire trucks arrived and firefighters tried to extinguish the blaze, they were stoned by the crowd.
The Tibetans chanted slogans in Tibetan, according to the tourists who were there, including, ''Free Tibet!''
''Chinese Out of Tibet!'' and ''Dalai Lama, Come Back to Tibet!''
The red and blue flag of Tibet, emblazoned with two facing lions, a banner that the Chinese have decreed illegal, was unfurled during the protest, some tourists said.
''We heard a great number of rifle shots in the crowd,'' a tourist told Agence France-Presse.
Another tourist said he was told by a Tibetan, ''We are fighting the Chinese.''
The police barricaded the area, according to tourists, but the Tibetan protesters responded with stones they broke from the flagstones on the square.
There were conflicting reports among tourists over the number of foreigners detained during Sunday's and Thursday's protest.
According to a hand-delivered message received by the Hong Kong bureau of CBS News from Lhasa, two Americans were taken into custody Sunday.
At least one tourist in Chengdu said that he saw two Americans being issued expulsion orders, but it was unclear whether he was referring to Mr. Ackerly and Mr. Kerr.
Several foreign tourists said they were detained by police in the during the protest, held in a school nearby for a couple hours and had their film and notebooks confiscated.
Â 
PROTESTS TIED TO EXECUTIONS
WASHINGTON, Oct. 
2 (Special to The New York Times) - A lawyer who advises Tibetan exiles said today that the recent disturbances apparently began after the execution of three Tibetans by the Chinese authorities.
The lawyer, Michael VanWalt, said the executions were reported by the Government radio station in Lhasa on Sept. 
25 and 26.
Mr. VanWalt, the author of ''The Status of Tibet: History, Rights and Prospects in International Law,'' said this week's incidents were not without precedent but seemed to be lasting longer than those in the past. 
''There have probably been 50 revolts since '59, some very small,'' he said. 
''In 1972, 12,000 people were killed. 
The big difference between this one and the others is that this seems to be much more sustained.''",4,tibet,REAGAN,Reagan (1981-1988),CATEGORY_4,"lama, dalai, tibetans"
TIBET_S BUDDHIST MONKS ENDURE TO REBUILD A PART OF THE PAST.txt,"ï»¿
THE brick shells of scores of buildings cling to the steep mountain slopes here, 30 miles east of Lhasa, the Tibetan capital. 
Once the holiest monastery of the Gelukpa sect of Tibetan Buddhism, the temples were dynamited by the Chinese in the 1960's to extirpate religion from Tibet, both in retaliation for an armed uprising in 1959 and as part of the leftist hysteria of the Cultural Revolution. 
Today 300 monks are slowly rebuilding, determined to recreate the grandeur of the 15th-century monastery. 
In doing this, they are also erecting a monument to Tibetan resistance to Chinese rule.
''We are going to rebuild this monastery,'' said a gray-haired monk in a worn maroon robe. 
''We have to find sponsors. 
We have to find donations. 
It will take time, but we will find a way.''
He spoke hesitantly, warily. 
''The Chinese spy on us here,'' he said, leading a visitor into his chamber. 
''The army comes here. 
The Chinese guides spy on us. 
We have to be careful.''
Sweet-smelling yak-butter lamps flickered before a dark photograph of the Dalai Lama, the spiritual leader of Tibetan Buddhism and symbol of independence, who lives in exile in Dharmsala, India, about 900 miles to the west. 
Officially, Tibet is an autonomous region of China, with special tax benefits and a modicum of self-rule. 
In fact, Beijing maintains tight control.
Before the 1959 revolution, ''there were more than 3,000 monks here,'' the old monk said. 
''When the Dalai Lama came to Ganden, there were often 5,000 monks here. 
After the revolution, the Chinese put the monks in prison. 
Some were sent to villages. 
A lot of monks were killed. 
Others didn't want to be monks any more and got married. 
Even today there are 300 monks still in prison, including 38 from Ganden.
''I ran away when the Chinese came,'' he continued. 
''I was afraid. 
All the statues of Buddha they sent to Beijing. 
They burned all the scriptures. 
All the scriptures we have now are new. 
There is nothing old.''
There were 6,254 monasteries in independent Tibet when China invaded in 1951. 
All but a handful lie in ruins, dynamited, or destroyed by Tibetans who were forced at gunpoint to rip the buildings apart with their hands. 
The Chinese now dismiss the destruction of the 1960's and 1970's as ''leftist excesses.''
But cognizant of Tibetan hostility, they have spent tens of millions of dollars on roads, water systems and electrification. 
A small proportion has gone to rehabilitate some of the more prominent monasteries, not coincidentally the ones most frequently seen by foreign tourists.
Still, Ganden has emerged as a singular example of Tibetan pride and determination. 
This is partly because of the destruction here, far worse than at monasteries in Lhasa, and partly because Ganden is being rebuilt with only scant assistance from Beijing. 
''People come here to make donations,'' the monk said. 
''They also give gold necklaces.''
He led the way through the rubble, reminiscing. 
''When I walked along here, there were so many monks. 
Many, many.''
He pointed to a ragged wall of bricks surrounding a pile of stone and broken rock. 
''There were lots of statues in there. 
Also the monks had their chambers there, six or seven in a group.''
Farther on, he pointed to a spacious square of cement. 
''This was a chanting hall where 5,000 monks could chant. 
We will rebuild this. 
Maybe next year we will begin.''
Most Tibetan monasteries are strictly regulated by the Government's Bureau of Religious Affairs. 
''Before the revolution, before 1959,'' the old monk said, ''anyone who wanted to could come here to become a monk. 
Now it depends on the bureau to allow new students, maybe only 10 or 15 each year. 
The bureau gives permission for the monks to wear these robes,'' he added. 
''The bureau comes here to see if all the monks have permits. 
We ask for more monks but the bureau does not allow it.''
The monastery exerts a lure on Tibetans, drawn by Buddhism and by determination to see Ganden rise from the rubble. 
''My monastery was destroyed, too,'' another monk said. 
''I heard that rebuilding began in 1981, so I came here. 
I was not a monk from Ganden. 
I'm just an old monk from eastern Tibet. 
When I went to Sera monastery and Drepung monastery, I saw there was still something there. 
Here, there was nothing. 
I wept.''
Less than a dozen buildings have been rebuilt, some only partially. 
On a balcony of a new thick-walled, whitewashed building, young monks were painting baked white-clay images of the seated Buddha. 
Watching them, the old monk said there was some hope that the Chinese Government would gradually loosen the controls on Tibetan religious institutions, but only the faintest of hopes that China will ever give Tibet back its lost independence. 
''I don't know if it ever will happen,'' the old monk whispered. 
''Now, we just build.''",4,tibet,REAGAN,Reagan (1981-1988),CATEGORY_4,"lama, dalai, tibetans"
TIBET_S _EXILE GENERATION_.txt,"ï»¿
COPYRIGHT c 1984 BY JOHN F. AVEDON
Â 
ATTENTION!
NOTE COPYRIGHT LINE ABOVE!!!
Â 
Â 
Â 
John F. Avedon is a writer with a longtime interest in Tibet. 
This article is excerpted from ''In Exile From the Land of Snows,'' an account of Tibet since the Chinese invasion, to be published by Alfred A. Knopf in April. 
By John F. Avedon Today the Dalai Lama is going to New Delhi. 
The journey will take him 250 miles to the southeast, down from the Indian hill town of Dharmsala, where he lives in exile. 
The temporal and religious head of the once-independent nation of Tibet has resided here for 24 years, since shortly after the Chinese annexed his homeland, high in the Himalayas to the east.
An alarm clock rings at 4 A.M. in the Dalai Lama's cottage, part of a compound of buildings crowning a hilltop and surrounded by a high fence. 
He wakes, washes and dresses himself. 
Outside, looming dark against the mountains, is the Central Cathedral, a yellow temple capped by two gold pinnacles. 
It was built by the Tibetans who have followed the Dalai Lama into exile. 
An Indian sentry, rifle by his side, guards the canopied gate of the compound. 
Attendants stir in the staff quarters. 
A kettle is put on the stove for the day's first pot of tea, which will be served the way Tibetans prefer it, with butter added.
In a large, windowless room in the center of the house, the Dalai Lama stands before a golden statue of Avalokiteshvara, the patron saint of Tibet. 
Folding his palms in prayer, he prostrates himself three times and then, sitting on a cushion to the left of the image, prays to the enlightened beings, or Buddhas, to alleviate the suffering of all sentient beings throughout the universe. 
At 6 A.M. sharp, he leans to his left, uncovers a large shortwave radio and tunes in the BBC World Service to catch the international news.
An hour later, the Dalai Lama descends the steep flight of stairs outside his cottage and enters an orange Range Rover. 
The cabinet of the Tibetan government-in-exile is lined up to see him off. 
He is driven past his office complex, through the compound's gate and down the surrounding hills. 
The Range Rover then begins the grueling drive across the state of Punjab to the airport at Amritsar.
In New Delhi, on this January day in 1983, the Dalai Lama is greeted in India's Parliament building by Indira Gandhi. 
She ushers him into a wood- paneled office overlooking the rose gardens and fountains of an interior court. 
Their talk is strictly confidential. 
It is plain, however, that matters of some significance are being discussed. 
Tibetans who know of the meeting surmise that there may have been a development in recent negotiations between the Dalai Lama and the Chinese authorities in Peking, a development critical enough, it would appear, to warrant a meeting with the Indian Prime Minister.
This is heady stuff for the refugees, but when the Dalai Lama leaves, an hour later, nothing is said. 
Not even a rumor slips out. 
The Tibetans in exile will have to wait a further week before learning anything. 
And then, in a sermon preached by the Dalai Lama in a sacred place called Bodh Gaya, with the ruler seated beneath the Bodhi tree, the very fig tree beneath which Siddhartha Gautama, the founder of Buddhism, first attained enlightenment, the Tibetans will hear the quiet announcement that will profoundly affect their lives.
The word ''dalai'' means ''ocean of wisdom.''
A lama is a monk especially noted for his learning. 
The Dalai Lama is the pre-eminent monk of Tibetan Buddhism. 
He is the 14th to bear the title and the 10th to act as both the country's religious and temporal ruler. 
He is the first to rule outside Tibet, a country which, until Communist China invaded it in 1950, had remained virtually hidden behind the Himalayas for more than 2,000 years.
The Dalai Lama did not inherit his office. 
Like his predecessors, he was found - when a vision of his birthplace appeared to the interim ruler of Tibet and after the three state oracles had prophesied where he might be located. 
The process by which he was identified is noteworthy, because, as the Dalai Lama himself has said, the tradition may never be practiced in the same manner again.
He was born in 1935 in the small farming village of Taktser. 
When he was 2 years old, a secret delegation of monks, having been directed by the oracles, arrived and subjected the boy to a battery of tests to determine whether he was a reincarnation of the former Dalai Lama.
The monks offered gifts to the child's family and asked to be left alone with him in the bedroom at the center of the house. 
On a low table, they placed a series of articles which had belonged to the 13th Dalai Lama. 
The objects were a black rosary, a yellow rosary, a walking stick and a small ivory hand drum. 
Alongside these, the monks placed exact duplicates.
Asked to choose one of the black rosaries, the child took the correct one without hesitating and placed it around his neck, a feat he repeated with the yellow rosaries a few moments later. 
Next, the walking sticks were presented. 
At first, the boy pulled gently at the wrong stick, but then let it go and took the correct one, holding it in front of him. 
This was considered particularly significant since the ''wrong'' stick had actually been used briefly by the 13th Dalai Lama before he gave it to a friend. 
The final items were the drums. 
The false drum was beautifully decorated with floral brocade; the genuine one was less inviting. 
Once more, though, the boy took the correct object.
A physical inspection was then undertaken. 
The boy was examined for eight bodily marks which traditionally distinguish the Dalai Lamas from all other men - among them: large ears, long eyes, eyebrows curving up at their ends, streaks like those of a tiger skin on the legs, and a print resembling a conch shell on the palm of one hand. 
Gently drawing back the child's clothing, the examiners found the indications they sought. 
As one of them, a monk named Sonam Wangdu, later recounted, they were overcome with ''deep devotion, joy and gaiety. 
Indeed, we were so moved that tears of happiness filled our eyes,'' he recalled. 
''Scarcely able to breathe, we could neither sit properly on the mat nor speak a word.''
There was no longer any doubt. 
Here, halfway through his third year of life, was the holy one himself, the 14th Dalai Lama of Tibet.
Inside the Potala, the hilltop palace outside the capital city of Lhasa, the Dalai Lama was raised to rule Tibet. 
On Oct. 
7, 1950, however, Communist China invaded Tibet, claiming it, on the basis of past relations with the imperial dynasties, as part of the People's Republic. 
The Dalai Lama assumed temporal power at the age of 15. 
Shortly afterward, he fled the Chinese Army to the town of Yatung on the border of India. 
With him went more than 1,000 pack animals, each secretly laden with 120 pounds of treasure. 
They were bound for neighboring Sikkim. 
The move was taken in case the Dalai Lama should be forced to endure a long stay away from Lhasa. 
Forty mules carried gold, 600 carried silver and the remaining animals had sacks of centuries-old coins. 
For almost a decade, this relatively small share of the Dalai Lama's household treasure remained hidden, guarded by a single unknowing sentry, in an abandoned stable beneath the royal palace in Gangtok, the capital city of Sikkim. 
Only after the treasure was safely deposited in the underground vault of a Calcutta bank did the truth emerge, spawning rampant speculation in India's press over the ''God-King's fabulous fortune.''
After its conversion into currency and subsequent investment, just under million materialized to form His Holiness the Dalai Lama's Charitable Trust. 
This was useful when the Tibetans fled into exile. 
It provided seed money as the refugees began to set up businesses and a government, although it was only a fraction of the resources that were needed.
Although the Dalai Lama's treasure was sent abroad, he himself returned to Lhasa. 
For nine years, he attempted to compromise with the Chinese rulers of Tibet, but then a nationwide revolt sprang up, protesting the Chinese occupation. 
It spread to the capital and Chinese reprisals against the Dalai Lama seemed likely. 
He fled.
While more than 10,000 Tibetans were killed in Lhasa alone in the following days, the Dalai Lama journeyed, guarded by Tibetan guerrillas, down toward India, where he hoped to seek asylum. 
Near the border, he came down with dysentery after spending the night in a badly leaking tent. 
He was moved to a nearby house, where he spent a feverish day in bed and a second sleepless night. 
In the morning, word arrived that Chinese troops were closing in. 
Despite his condition and, as he later described it, in ''a daze of sickness and weariness and unhappiness deeper than I can express,'' the Dalai Lama decided to cross the border immediately.
On the afternoon of March 31, 1959, he entered a large clearing. 
At its far end stood a newly built bamboo welcome gate, beside which waited six Gurkha soldiers in heavy British ammunition boots and floppy jungle hats. 
As the Gurkhas presented arms, their commander stepped forward to offer a white scarf in greeting. 
The Dalai Lama dismounted and slowly walked across the border into India and exile. 
In the months to come, 100,000 refugees managed to escape Tibet and follow him. 
''For the moment, Tibet's sun and moon have suffered an eclipse,'' the Dalai Lama told a gathering of refugees soon afterward. 
''But one day we will regain our country. 
You should not lose heart. 
The great job ahead of us now is to preserve our religion and culture.''
The Dalai Lama's vision of exile society took root in his new headquarters, the abandoned British hill station of Dharmsala, located northwest of New Delhi on the northern margin of the Punjab. 
As a first step, the government had to be reconstituted. 
The members of the cabinet who had arrived in India divided their tasks among six portfolios: home affairs, foreign affairs, religion and culture, education, finance, security. 
A bureau was established in New Delhi to serve as the Tibetan link with the Indian Government and the various international relief agencies that were coming to the refugees' aid. 
The United Nations passed three resolutions condemning violations of human rights by the Chinese in Tibet, and support poured in from all over the world. 
The Dalai Lama, assisted by Indian lawyers, set about drafting a democratic constitution upon which to found the first elected government in Tibet's history.
Rehabilitation, however, was the immediate task at hand. 
''At the beginning of our work,'' related the Dalai Lama, ''two factions existed among the community of our responsible people. 
One thought we Tibetans must concentrate in northern India; the other - including myself - felt that it didn't matter where we lived. 
The important thing was to find a place and settle properly so that we could preserve the Tibetan identity, culture and race.''
The Dalai Lama's view eventually won out. 
Northern India, despite its desirable proximity to Tibet's border, lacked large tracts of unused land. 
India's Prime Minister Jawaharlal Nehru canvassed the chief ministers of his nation's less populated southern states in a search for vacant countryside. 
The state of Karnataka offered an uninhabited stretch of jungle full of elephants and situated in gently rolling hills 52 miles west of Mysore. 
The wilderness was broken by a single road along which lay a few primitive villages. 
Whatever success the Tibetans managed to wrest from the land would be their own.
At first, a group of 666 refugees left the north to homestead the new settlement. 
Other groups of 500 were sent down at six-month intervals. 
Despite the fertile soil, farming was not easy. 
A crop of lentils, cotton, tobacco and coriander sown on 28 acres in 1961 did not do well. 
A second crop of cotton and tobacco was sown, and also failed dismally. 
The exiles, used to Tibet's unique high-altitude agronomy, were foundering in southern India. 
Hundreds died. 
Just as the Dalai Lama had fallen ill when he came down from the Himalayas, so most of his followers took sick. 
They were unused to the low altitude, and they lacked immunity to many diseases unknown in Tibet's high, dry atmosphere but prevalent in subtropical India. 
Slowly, the survivors began to bring about a small economic miracle. 
An agricultural adviser from a relief organization called Swiss Technical Co- operation arrived in the jungle to offer guidance. 
Conducting soil tests, he determined that maize should be planted, sustained by fertilizer and farmed by tractors rather than the bullock plows the Tibetans were using. 
The new methods and crop worked. 
Maize proved so successful that by 1966, six years after its founding, the settlement was self-supporting. 
Three years after that, with 77,000 fruit trees planted, a dairy and poultry farm and a second crop of ragi (a cereal grass) raised to diversify the harvest, the area was producing a substantial profit.
By then, 38 settlements, harboring almost 60,000 people, had sprung up throughout India, Nepal and Bhutan, all starting out on land too remote or inhospitable for the local people to care about. 
In many places, farming proved so recalcitrant that the settlers had to rely on traditional Tibetan handicrafts, such as carpet weaving, for their income. 
Thousands of refugees began to sell gaudy green, purple, yellow and red sweaters made by machine in Punjabi factories. 
Each winter, these exiles set up shop in bazaars and marketplaces all across India. 
Their success was such that by the latter half of the 1960's a Tibetan sweater fad had swept the subcontinent.
By the early 1980's some 44 settlements, linked by commercial, political and religious ties, looked to Dharmsala as their capital and housed almost all of the 100,000 exiles. 
Given a head start by the outpourings of international economic aid and propelled by their own determination, the survivors of the original refugees thrived.
With economic security, the refugees' cultural reconstruction was assured. 
The Dalai Lama had begun the work of preservation from his first days in India. 
''We divided our culture into two types,'' he explained. 
''In the first category we placed that which needed only to be retained in books as past history. 
The second category included whatever could bring actual benefit in the present. 
These things, we resolved, must be kept alive. 
Many of our old ceremonial traditions I discarded. 
No matter, I decided, let them go. 
However, our performing arts, our literature, science and religion, as well as those crafts from which we could earn a livelihood - painting, metalcraft, architecture, woodworking and carpet making - these we took special pains to safeguard. 
To achieve this, we employed modern methods although they were altogether new to us and posed many difficulties.''
Religion is the wellspring of Tibetan civilization, and it had first priority in the Dalai Lama's plans. 
Buddhism spread from India to many countries in the Orient, but only Tibet received the full panoply of its liturgy and literature, and only Tibet kept all its disciplines alive. 
(Buddhism was almost completely wiped out in India itself by Moslem invasions in the 11th century.) In 1959 there had been nearly 600,000 Buddhist monks in Tibet and 4,000 lamas. 
Only 7,000 monks and 200 or so of the lamas escaped after the the suppression of the nationwide revolt that year. 
Those left behind in Tibet were defrocked by the Chinese.
The monks in exile sought to preserve their heritage by initially organizing sessions of memorization, debate and tutorials with senior scholars. 
They collected as many scriptures as could be found and lithographed more than 200 volumes of major works - only a small fraction, however, of Tibet's 1,200 years of philosophic writing. 
Nevertheless, they gradually built more than 150 new monasteries, filling them with young monks and, in effect, bringing Buddhism back to India, the land where it had begun.
Other institutions were set up to aid the cultural preservation. 
Three months after the Dalai Lama's arrival in Dharmsala, the Tibetan Dance and Drama Society came into being. 
Its 74 members - only 24 of whom had been performing artists in Tibet - managed to conserve in their repertory four abridged operas (the often weeklong spectacles performed in Tibet's larger cities), two historical plays and numerous cham or monastic dances.
Tibet's unique medical science, which had developed indigenously over 2,000 years, was salvaged in a hospital and pharmacy with an astrology department. 
A medical school was set up, and, by the late 1970's, its graduates were serving in all the refugee settlements in India. 
The Library of Tibetan Works and Archives, started in November 1971 at Dharmsala, soon became a magnet for hundreds of Asian and Western scholars who previously had scant access to Tibetan culture. 
In New Delhi, Tibet House, founded in 1965, supplemented much of the library's work, while the Tibetan section of All-India Radio was enlarged and a number of refugee publications appeared.
But the most extensive and important of the cultural projects was the school system. 
Created by the Dalai Lama to preserve the Tibetan identity while introducing the ''exile-generation'' to the modern world, it was looked on by all the refugees as the most fundamental hope for their future. 
The children were the first in Tibet's history to see maps of the world and hear of other nations. 
As one of them, now a young man, remembered, ''When we were first taught geography, it was almost unbelievable. 
The teacher showed us a globe and pictures of different peoples, but until it was thoroughly explained, I found it hard to accept that the world was really so large. 
I just couldn't comprehend it. 
In Tibet, India had always been the end of the earth for us.''
A large foster home, the Tibetan Children's Village, was established in Dharmsala under the direction of the Dalai Lama's younger sister. 
At the close of the 1970's its citylike campus housed more than 1,000 destitute Tibetan children from six months to 18 years of age and was regarded by United Nations agencies and others as a paradigm for the rehabilitation of refugee children.
In 1976, a series of events in China signaled the start of a new era for Tibet. 
Within a nine-month period, three Chinese leaders died - Zhou Enlai, Zhu De and Mao Zedong himself. 
Mao's Cultural Revolution was swept aside. 
Moreover, it soon became apparent that the new leaders in Peking were prepared to rethink Chinese policy on Tibet. 
Early in 1977, Peking realized that it had a powder keg on its hands; Tibet had never ceased to be ridden with revolts, and the area continued, despite a quarter- century of harsh repression, to be the most volatile region in the People's Republic. 
Rather than pursuing a policy of continual mass arrest, as Mao Zedong had done, the new Government sent a secret message to the Dalai Lama. 
It set in motion a process of delicate negotiation which continues to this day. 
Whether the talks will finally result in restored independence for Tibet remains to be seen. 
But it was clear by Jan. 
24, 1983, the day the Dalai Lama met with Indira Gandhi, that a breakthrough was imminent.
Today the Dalai Lama speaks to 30,000 of his followers as he sits beneath the sacred Bodhi tree at Bodh Gaya, in the eastern state of Bihar. 
The crowd rises as he comes before them, palms pressed together at his chest, smiling broadly. 
The weather is bright and warm, the flowering gardens of Buddhism's holiest shrine are filled with birdsong. 
The Dalai Lama prostrates himself, dons his yellow teaching robe and mounts a throne draped in brocade beneath a red and blue cotton canopy. 
As he places his wristwatch, face upward, on the table to his right, the assembly completes its own prostrations - thousands of heads bobbing up for a final time before settling into a motionless sea as the crowd sits upon the ground. 
The preliminary prayers begin. 
At their conclusion, the Dalai Lama starts to speak. 
As always, he prefaces his teaching with informal remarks on the usefulness of religious practice in daily life. 
Today, however, he delivers a piece of news that - even more than explaining his meeting with Indira Gandhi - amounts to perhaps the most significant statements he has made since coming into exile.
''If conditions permit,'' he says matter-of-factly in the middle of his talk, ''I am thinking of paying a visit to Tibet sometime in 1985. 
I am not likely to fall into any traps,'' he quickly adds to reassure the crowd. 
''I've had 30 years' experience dealing with the Chinese.''
The Dalai Lama's announcement, which he has chosen to deliver on this religious occasion, signals a quantum leap to the Tibetan refugees. 
The Tibetan diaspora may be coming to an end.
Despite the torrent of speculation, however, the Dalai Lama seems almost unconcerned with the nuances of the present political maneuvering between himself and the Peking Government. 
Already, following his return from Bodh Gaya, he is thinking of the future, toward the day when Tibet once more will control its own destiny.
And for the distant future, the Dalai Lama reveals that he has long considered retiring - doing so though, in a manner which would radically alter the nature of his position and, with it, Tibet's government. 
''There are many prophecies which predict that I will be the last Dalai Lama,'' he says. 
''The world is changing so dramatically that there may no longer be a need for the lineage. 
Even if the institution of the Dalai Lama does remain, the method of choosing the new Dalai Lama may not be the old, traditional way. 
I may pick the next Dalai Lama myself. 
Theoretically, this is possible, and for practical reasons it may be more sound. 
Then, once I have chosen him, I can become an extra Dalai Lama. 
Just a simple Buddhist monk,'' he adds, laughing. 
''In any event, the future is very open, very large. 
Anything can happen. 
In general, if we handle our situation carefully and act in accordance with our beliefs, it is quite possible that things will turn out well for Tibet in the end. 
Many of the prophecies concerning Tibet's future make this point, and I myself have always been convinced of it.''",4,tibet,REAGAN,Reagan (1981-1988),CATEGORY_4,"lama, dalai, tibetans"
"TO BE LEFT ALONE, CHINA_S BUDDISTS OPEN A DOOR.txt","ï»¿
Before Dang Gatasai turned 14 years old, his family in Inner Mongolia, following a tradition that the fourth son become a Buddhist monk, wrote last year to ask if he could enter one of the venerable monasteries on Mount Wutai in neighboring Shanxi Province.
''I thought that he was too young,'' said Da Erji, 54, a senior monk who became a novice himself at age 7. 
''But without getting my permission, his parents sent him here because they believe in Buddhism.''
The boy traveled for 13 days to reach Mount Wutai. 
His name was changed to Sangdanjiacuo, and his head was shaved. 
Now, with three other teen-age novices at Xiantong monastery, he wears the lama's coarse brown robe and yellow sash.
Article on plans by Chinese Government, recognizing potential for tourism, to repair Buddhist temples atop Mount Wutai, carve out roads and build hotels in order to attract tourists; illustration; map (M)
Mount Wutai is really a cluster of five huge summits ranging in altitude up to 10,000 feet that is breached only by a few dirt roads twisting over the windswept passes of northern Shanxi. 
It is the most revered of the four mountains sacred to Chinese Buddhists, more than Mount Emei in Sichuan, Mount Putuo in Zhejiang or Mount Jihua in Anhui.
Â 
Zenith in 17th Century
The first temple on Mount Wutai was founded 19 centuries ago, before Buddhism fully took root in China. 
The site reached its zenith as a center of enlightened piety in the 17th century, when 2,000 monks, lamas and nuns inhabited the mountain's 360 monasteries and temples, and even emperors arrived from afar on pilgrimages.
War, revolution and Communist power shattered the tranquillity. 
During the Cultural Revolution, the monks were abused and dispersed and the monasteries were closed, but the buildings were protected from serious vandalism. 
Today, 360 monks and 20 nuns have reopened 31 of the monasteries.
The beauty of the main valley, tucked a mile high among the peaks, inspires contemplation. 
Groves of poplar and birch grow outside the red-walled monasteries, which have gracefully curved tile roofs. 
Bright wildflowers and reforested clusters of spruce trees enliven the otherwise barren slopes. 
The local peasants live out a more secular existence, growing corn, barley and hemp, raising bees or carving bowls from tree roots.
Until now, the biggest intrusion was a horse-trading fair that attracted thousands of herdsmen every summer. 
But the Government, realizing the exotic area's potential for tourism, plans to open Mount Wutai's monasteries to tourists next year.
Â 
$4 Million in Improvements
Deng Huailiang, a deputy director of the local administration bureau, said the Government and the province would spend more than $4 million by the end of this year, repairing temples, carving out roads and building hotels. 
Despite the hectic construction under way, Mr. Deng, who is not a Buddhist, assured some visiting journalists that religious activities are going smoothly.
By opening up Mount Wutai, the Government says it hopes not only to earn hard currency but also to create a showcase for its professed new tolerance of religious belief. 
The monks seem ready to endure public exposure in view of promises that the persecution of bygone years is over.
Jie Du, an elderly monk who came to Mount Wutai from Sichuan 44 years ago, recalled how he and his fellow monks were paraded in dunce caps through the streets of Taihuai, the local town, and harangued by Red Guards in the late 1960's. 
He survived the ordeal, but his old teacher, Neng Hai, did not.
''My master was persecuted to death during the Cultural Revolution,'' Jie Du said. 
''He was struggled against by the Red Guards. 
At that time, he was 83. 
How could he withstand that?''
Â 
Prayers in the Early Hours
The monks of Mount Wutai, who represent both the Lamaist and Chan sects of Mahayana Buddhism, rise several hours before dawn for long morning prayers in the cool, dark temples. 
As they go about their daily chores, the rhythm of worship is maintained by whirling green metal prayer cylinders with yellow Tibetan scripture. 
Noontime summons forth sutras, a scriptural narrative chanted to the accompaniment of pipes, cymbals and a big drum.
The vegetarian diet is partly subsidized by the Government, which Mr. Deng said paid $6 to $18 a month for each monk.
''We eat rice and wheat flour provided by the state and also some corn,'' said Yi Huan, a 66-year-old gray-robed monk. 
''Our life is better than before. 
The only difficulty is the shortage of vegetables in dry weather, but we do have potatoes.''
In return for the acquiescence of the monks in the looming commercialization of Mount Wutai, local authorities overlook some irregularities. 
Like other Chinese, the monks must live where they are legally registered to qualify for food-ration coupons. 
The abbot of Puhua monastery, Zang Ming, said that only 6 of his 37 monks had registration permits for Mount Wutai and that the rest were supported by the monastery.
Â 
Some Practices Persist
Some young monks at other temples undergo the painful ritual of having their heads tattooed with burning incense during the ordination ceremony, though Chinese law warns that religious activities must not be used to impair the health of citizens. 
Qing Fu, the senior monk at Mount Wutai, said the ritual, although not common, persisted. 
''It shows that a monk can withstand the pain and can sacrifice all he has for the happiness of others,'' he said.
The Communist Government does not like people to be exposed to religion before the age of 18, but some monks at Mount Wutai arrived earlier. 
Hua Ming, a novice at Xiantong monastery, said he was 16, though he looks younger. 
He had come from southern Shanxi with his divorced father, who was now living as a monk at Puhua monastery down the road.
Because many of the monks at Mount Wutai are elderly, the Communist authorities have let some young men join to keep the monasteries going. 
They do not add up to a revival of Buddhism in China; instead, their significance lies in their formal rejection of the official Marxist state ideology.
Â 
'It Is Our Duty'
Yuan Kai, 19, a former auto-repair worker, said he quit the Communist Youth League and became a Buddhist, though his father is an old revolutionary, because ''it is our duty to inherit Buddhism in China.''
The young Mongolian told some visitors to his cell at Bishan monastery that ''in my family, only I believe in Buddhism.''
''The others believe in Marxism,'' he said.
Mr. Yuan, who has impressed older monks with his diligent scholarship, said he believed Buddhists were not in conflict with the Communist regime because the goal of Buddhism is to set an example to be a good human being.
When a visitor reminded him that Marxism dismissed religion as mere superstition, Mr. Yuan agreed that some Buddhist ritual might strike outsiders as superstitious. 
''We can only say it is all part of the spiritual life of a Buddhist,'' he said. 
''If you say it is all superstition, why has it lasted until today?''",4,tibet,REAGAN,Reagan (1981-1988),CATEGORY_4,"lama, dalai, tibetans"
Troop Buildup Raises China-India Border Tension.txt,"ï»¿
American officials reported increasing concern today about rising tension between India and China as a result of a buildup of Indian and Chinese troops in a disputed, mountainous border region near Bhutan. 
The State Department has urged both sides to keep the situation calm, officials said.
The tense atmosphere developed when China began sending additional troops into the area about two weeks ago, a State Department official said. 
Then India followed suit. 
Since last weekend, the situation has become ''more threatening,'' he said, as more soldiers have been moved in, along with logistical support, to make a total of about 30,000 troops on both sides, according to American estimates.
Most of those troops were in secondary lines of defense, one official said, with relatively few facing each other on the ridge line that marks the border.
The region, which was fought over by China and India in 1962, is dominated by mountains 14,000 to 16,000 feet high, which preclude mechanized warfare. 
One specialist said only foot soldiers can fight there, and extensive combat is possible only during short periods of the year because of the weather.
This is one of those periods, shortly after the snow has ended and before the monsoon rains begin. 
A longer period of suitable weather follows the end of the rains, in late summer. 
That is when the 1962 battles were fought.
The United States has made diplomatic approaches to both India and China in an effort to dissuade them from attacking each other, a State Department official said. 
But Washington has little influence on the issue with either country.",4,tibet,REAGAN,Reagan (1981-1988),CATEGORY_4,"lama, dalai, tibetans"
U.S. IS REASSESSING RESPONSE ON TIBET.txt,"ï»¿
Some senior Reagan Administration officials have concluded they may not have reacted strongly enough to China's crackdown on recent unrest in Tibet.
They say they are now trying to determine the most effective way to express the Administration's growing displeasure with China over Tibet.
These officials concede that, in trying to avoid irritating Chinese authorities, the United States did not stand firmly enough behind its policy of promoting human rights worldwide. 
China has accused the United States of interfering in its internal affairs and threatened that continued emphasis on Tibet would damage relations.
Senior State Department officials held what were described as ''serious discussions'' this week on the issue of rights in Tibet.
Â 
Crackdown Reported to Continue
The Chinese, according to some reports, are continuing their crackdown in Tibet against Buddhist monks and Tibetans who are seeking independence for the autonomous province.
The monks have led three major demonstrations since Sept. 
27, in which at least 14 people were killed. 
Foreign journalists have been expelled from Tibet.
In the last few days, tourists have reported dozens of arrests in nighttime raids by policemen carrying automatic weapons as they swept through the Tibetan capital, Lhasa, in trucks in a show of force.
Officials in Washington said they were seeking a way to express dipleasure that would not offend China unnecessarily and would assure it that the United States has no intention of upsetting China's security arrangements on its border.
Â 
Inconclusive Discussions
The discussions this week, which were inconclusive, were prompted in large part by sharp criticism from lawmakers of both parties. 
The lawmakers argued that the United States was slow to promote the cause of Tibetan independence and that official messages deploring the recent violence were ineffective, the officials said.
''We're talking about a lot of ways we can make our views crystal clear on what we believe in and stand for,'' a State Department official said. 
''Maybe our position wasn't understood as well as it should have been.''
Successive Chinese dynasties and governments have claimed Tibet over the centuries, and it was occupied by Communist soldiers in 1950. 
In 1959, Beijing put down a bloody rebellion by the Tibetans. 
It still maintains large garrisons of troops there.
China is universally recognized as having sovereignty over Tibet. 
Since 1978, the United States has taken the position that Tibet is part of China.
Â 
Congress on the Offensive
Because the State Department criticism of China up to now has been muted, one official said, Congress has ''run away'' with American policy, taking actions and making statements that run counter to United States position on Tibet.
To compensate, the State Department has made statements that give the appearance of siding with the Chinese. 
These statements have contributed to a sense in Congress that the State Department needs to aggresively pursue the human rights issue.
Officials said they failed to realize that world attention would be focused on Tibet over the unrest.
Â 
Moves on Fact-Finding Trip
As a first step toward strengthening its position on rights abuses, the State Department is expected to urge China to reverse its decision to prohibit a Congressional fact-finding mission from visiting Tibet.
China's Foreign Ministry said Friday that the trip would not be permitted because ''matters concerning Tibet are the internal affairs of China in which the U.S. 
Congress has not right to meddle.''
The State Department is considering whether to send a message protesting the decision through Winston Lord, the United States Ambassador to China, or a more senior official, officials said.
Officials are hoping to resolve the matter before the coming Communist Party congress in China, on the assumption that the Chinese will want to end the feud soon.
Â 
Administration to Press for Trip
In testimony before two House Foreign Affairs subcommittees on Wednesday, J. Stapleton Roy, Deputy Assistant Secretary of State for East Asian and Pacific Affairs and the department's leading China expert, said the Administration believed that Congressional trips were worthwhile and that it would help facilitate the visit.
The State Department, in criticizing Senate and House amendments that assail China's human rights record, has argued that they inaccurately reflect what little is known about Tibet and fail to take into account improvements in China's policy since 1980.
The department has also criticized support by leading lawmakers of a five-point peace plan issued last month to a group of Congressmen by the Dalai Lama, the Tibetan Buddhist spiritual and political leader in exile.
In addition, it criticized a move in Congress to give Tibet ''observer status'' at the United Nations, which the Palestine Liberation Organization has. 
The State Department has said these actions lend support to the cause of Tibetan independence.
The United States has strongly supported China's stated efforts in recent years to allow more freedoms in Tibet.
Mr. Roy appeared to go further than other officials in acknowledging the extent of human rights abuses in Tibet. 
He said, for example, that, contrary to China's claims, Tibetans do not enjoy full democratic rights and freedoms, including due process and freedom of speech and assembly.",4,tibet,REAGAN,Reagan (1981-1988),CATEGORY_4,"lama, dalai, tibetans"
WHERE IRON AND BAMBOO CURTAINS MEET.txt,"ï»¿
Two decades of official animosity between China and the Soviet Union have created some strange situations for the minority peoples divided by the border between the two countries in Central Asia. 
Two frontier points will reopen next month for resumption of local Chinese-Soviet trading. 
But there are no prospects for reviving normal cross-border traffic, sealed off since the 1960's.
A visit among relatives separated by the border is a major operation that requires official permission and epic round-about journeys to distant crossing points. 
For example, the large town closest to Kashgar in China's Xinjiang-Uighur Autonomous Region is Osh in Soviet Kirghizia, less than 200 miles away. 
But Li Dianying, a Xinjiang official, said that a Chinese Uighur wishing to visit a Soviet relative in Osh would have to fly nearly 10,000 miles - first east to Peking, then west to Moscow and back southwest to Tashkent. 
Or he could take an equally inconvenient train to a crossing in Manchuria at the opposite end of the country.
URUMQI, China - Two decades of official animosity between China and the Soviet Union have created some strange situations for the minority peoples divided by the border between the two countries in Central Asia.
A professor at Xinjiang University recently was able to visit a Soviet relative, officials said, and a language specialist in Urumqi had a visit from his mother in the Soviet Union, but such contacts are rare.
After an estimated 30,000 Uighur refugees fled from Xinjiang into Soviet Kazakhstan in the 1960's to escape forced assimilation, China shut the border. 
It was delineated when the weak Qing dynasty ceded a chunk of Central Asia to czarist Russia in the ''unequal'' treaties of 1864 and 1881. 
China has not demanded return of this land, which includes the Soviet city of Alma-Ata, but it does lay claim to territory along Xinjiang's border with Soviet Tadzhikistan.
Trade, notably in Chinese fruit and long-staple cotton and in Soviet glass and coffee, is to be resumed at Korgas and at Turugart, said Eisa Shakir, a deputy commissioner of Kashgar prefecture in western Xinjiang. 
But no other improvement is visible in Chinese-Soviet relations in Central Asia. 
The former Soviet consulate in Urumqi has been taken over by a song-and-dance ensemble and the consulate in Kashgar is now a guest house for tourists.
The exchange of mail is slightly easier. 
Mr. Li said parcels and letters cross but language is also a barrier. 
The Cyrillic alphabet has been adopted in Soviet Central Asia, while Arabic script is again used in Xinjiang, after nearly two decades of experimentation with Roman letters.
Still, information does get through, suggesting to some Uighurs that living standards are higher on the Soviet side. 
A man in Urumqi said a relative in Alma-Ata had bought a Zhiguli sedan. 
It is all but impossible to buy a private car in Xinjiang. 
Chinese officials stress the advantages on their side - ample markets and relative tolerance for Moslem religious practice.
Urumqi's mayor, Ismail Mahsut, said he knew people with relatives on the Soviet side who are not so well supplied. 
Chinese Uighurs could easily buy a sheep to slaughter for a wedding, Mr. Mahsut said, ''but in the Soviet Union it is more difficult to get these things. 
People also say that the prices of daily necessities are more stable here and that the prices are comparatively lower.''
Radio broadcasts in the Uighur and Kazakh languages float across the snow-crowned peaks of the Tianshan, describing a happy life for ethnic minorities on the Soviet side. 
They emanate from radio stations such as ''Peace and Progress'' in Soviet Tashkent and are beamed at the same minorities in China. 
''I don't think people listen to them. 
Or very few listen to them,'' said Bahar Rahim, an Uzbek and director of Xinjiang's Department of Nationalities Affairs.
But the broadcasts are heard more widely than Chinese officials like to admit. 
Non-Han minorities constitute 60 percent of the population of Xinjiang, an expanse of mountains and deserts more than twice the size of Texas. 
Besides Uighurs, they include Kazakhs, Kirghiz, Uzbeks and Tadjiks, who have their own nominal Soviet republics.
In last year's census, Xinjiang also had a Russian minority of 2,500 descendants of White Russians who fled the Bolshevik revolution or came to trade. 
The 1964 census had recorded only 600 ethnic Russians because some Chinese, after considering the political climate, concealed their Russian ancestry, as the law permits. 
Tamara Mikhailovna Shi, whose mother is Russian (her father is Chinese), teaches Russian language and literature at Xinjiang University. 
English, Uighur, Kazakh and Chinese are also taught there.
The border has been quiet since 1969, when skirmishes were reported in the wake of larger clashes in the Far East. 
China maintains up to 250,000 troops in Xinjiang, according to Western estimates, although only the preponderance of senior officers on local airline flights confirms a substantial military presence.
Officials in Xinjiang blame the Russians for the absence of a real thaw in relations. 
''We feel the threat from the Soviet Union,'' said Mayor Mahsut, pointing to what he said was a heavy buildup of Soviet forces along the border.
''The Soviet Union also broadcasts propaganda and sends across spies from both the Hans and the minorities, but people find them out,'' the Mayor added. 
He would not say how many had been caught or when.",4,tibet,REAGAN,Reagan (1981-1988),CATEGORY_4,"lama, dalai, tibetans"
Years of Isolation Produced Intensely Poor Nation.txt,"ï»¿
In his 26 years of unchallenged rule in Burma, U Ne Win, whose name means ''Brilliant as the Sun,'' has preserved the facade of Burmese independence while turning a country with extraordinary economic potential into one of the poorest nations in Asia.
As a young man, Mr. Ne Win was engaged in the political and revolutionary efforts to rid Burma of British colonial rule, a goal finally achieved in 1948 amid the general British retreat from empire after World War II. 
He seized power in a bloodless coup in March 1962.
His justification for ousting a freely elected former colleague, U Nu, as Prime Minister was that Burma's multiparty democracy seemed incapable of coping with a host of ethnic and ideological rebellions that had brought warfare to the edges of Rangoon.
What he put in place was a xenophobic military dictatorship under the rubric of socialism, but marked by such inefficiency, corruption and incompetence that East European diplomats would complain that Burma was giving socialism a bad name.
Not What Marx Had in Mind
Mr. Ne Win's ''socialism,'' in fact, was a borrowed title for a murky and contradictory ideology that had little to do with Marx, whom few in Burma had read, but that served as a barrier to the modernization that continues to transform much of the rest of Southeast Asia.
It was also an excuse for the wholesale expulsion of most of Burma's merchant, commercial and technical classes, who were almost all Indian and Chinese.
The economic nationalization that followed covered almost all aspects of commercial activity and stifled it; private foreign investment ceased as Burma was increasingly isolated from the outside world. 
Last year, the United Nations assigned Burma to the category of one of the world's ''least-developed nations.''
The 38 million Burmese feed and clothe themselves through an intricate black market and a pattern of smuggling that results in much of the country's natural wealth being exported with little or no benefit to the official treasury.
Â 
Widespread Insurgency
Burma's frontiers are controlled by insurgents, and the nation's rich gemstones and hardwoods are smuggled out through Thailand. 
Burma's rubber leaves the country through Penang and is labeled Malaysian, and its art and religious treasures have been lost wholesale to the markets of Bangkok.
It has been a harsh fate for a strategic and attractive corner of Asia, stretching from the tropical waters of the Andaman Sea and the Bay of Bengal to the point in the foothills of the Himalayas where India and China meet. 
Bordering India, China, Bangladesh, Laos and Thailand, Burma was an important battleground in World War II.
Its isolation since Mr. Ne Win's ascension in 1962 has given Burma a romantic quality, especially to Westerners, who can secure a seven-day tourist visa to experience a more ''pure'' Southeast Asia, unencumbered by pollution, traffic jams and advertising slogans.
But for the Burmese, the isolation from the modern world and real political discourse has meant a life of dinginess and poverty, making great spiritual demands on the Buddhist ethos of passivity and concentration on the next life that commands the allegiance of 85 percent of the population.
Â 
Tinkering With the System
Only last year, amid overwhelming evidence of economic and social decay, did Mr. Ne Win concede mistakes and begin to tinker with Burma's stifling, corrupt and contradictory system and its complete domination by a single party, consisting almost entirely of the military. 
In September, without warning, the Government reduced the value of its highest banknotes to nothing in an effort to stop hoarding and to damage the black market. 
The effort destroyed the savings of many.
But even timid efforts at reform, after so long, led to violent protests by students in March and June that spread through Burma's major cities and flared again this month despite significant brutality by the security forces.
Diplomats reported that more than 200 people were killed by the army and police in the first major manifestation of civic unrest since student riots were put down in 1974, three years before a failed coup.
Mr. Ne Win was born Shu Maung on May 24, 1911, in Paungbe, in the Prome district 180 miles northwest of Rangoon. 
He was born into a country that had become a British colony piecemeal, after Anglo-Burmese wars in 1824, 1852 and 1885. 
In 1937, the British had separated Burma from India; in 1941, on the eve of the Japanese invasion, the British evacuated the country.
Â 
Trained by Japanese
The tall, bespectacled Shu Maung studied medicine for two years but failed his examinations and became a Rangoon postal clerk. 
By 1940, he had drifted into an anti-British revolutionary grouping and had taken on a new name. 
He was among 30 young Burmese nationalists, known as the ''30 Comrades,'' who left secretly for Japan that year and were trained to fight, as collaborators, with Japanese troops when they invaded.
When Japan declared Burma independent in 1943, Mr. Ne Win became army commander in chief; in 1945, the nascent Burmese Army, seeing the fortunes of war changing, turned against the Japanese, and had significant influence when the British returned after the war. 
The British reorganized the Burmese Army but maintained Mr. Ne Win and his colleagues in command positions.
Burma was declared independent on Jan. 
4, 1948, but was immediately confronted by widespread insurrections by Communists and Burma's ethnic minorities, the Karens, Shans, Kachins, Mons and others, who demanded autonomy. 
In 1958, Mr. Nu, faced by a potential civil war, gave Mr. Ne Win temporary control of Burma to deal with the emergency.
To the delight of Westerners, Mr. Ne Win then relinquished control, and Mr. Nu returned to power in the 1960 elections. 
Two years later, however, Mr. Ne Win, apparently obsessed by Burma's fragility and the economic domination of foreigners, overthrew Mr. Nu, and began his transformation of Burmese life.
Â 
The 'Burmese Way'
He set up a revolutionary government, removed Buddhism as the state religion and set out the ''Burmese Way to Socialism'' and ''The System of Correlation of Man and His Environment,'' two confusing documents that were taught in schools but never discussed. 
He did, however, extend literacy and basic medical care throughout the country, and maintained a stiffly neutral course between superpower blocs, despite intermittent tension with the Chinese.
An avid womanizer and gambler, Mr. Ne Win banned gambling, closed nightclubs and promoted a strict morality while marrying at least four times; he has at least one son and three daughters.
Said to have a violent temper, he nonetheless persisted in a passion for golf, making it a popular game among Burmese officials. 
Because such officials needed permission to entertain foreigners, the golf course also became an important meeting ground for diplomats and journalists. 
In earlier years, he traveled widely and lavishly in the West; lately he has spent much of his time as a recluse in a lakeside villa, emerging only to hit the heavily guarded fairways.
Mr. Ne Win officially retired from the military in 1972 and became president in 1974 under a new Constitution, a position he relinquished in November 1981, citing old age. 
But until yesterday, he retained control of the Burma Socialist Program Party, the country's one legal mass organization, and is thought to retain the loyalty of the military.",4,tibet,REAGAN,Reagan (1981-1988),CATEGORY_4,"lama, dalai, tibetans"
_Spiritual_ Tibetan Finds A Life in _Material_ U.S.txt,"ï»¿
When Thubten Samphel visited a Tibetan monastery near Clifton, N.J., he was surprised to find one of the monks waiting at the bus station in a car to drive him there.
''As the foreigners are fond of saying, the only wheel in Tibet is the prayer wheel,'' said Mr. Samphel, one of four native Tibetans studying in the United States under a new Congressional scholarship program.
Monks with driver's licenses and monasteries with hot and cold running water are the least of the cultural differences that Mr. Samphel, whose parents were servants 30 years ago of the Dalai Lama, the exiled leader of Tibet, has encountered in the last two months.
Recently, Mr. Samphel, who is studying at the Columbia University Graduate School of Journalism, watched a game of touch football in Sakura Park in Morningside Heights and spoke of such differences.
'Getting Your Facts Straight'
''Tibetan culture and American society are so totally different,'' said Mr. Samphel, 32 years old, who followed the Dalai Lama to India after a Tibetan uprising against the Chinese was put down in 1959. 
In India, he attended Western-style schools and learned English.
''Tibetans are considered very spiritual,'' he said. 
''Here everything is material. 
Everyone seems to be working all the time.''
An experienced writer and editor in India - from 1980 until last August he edited the official English organ of the Dalai Lama's Government-in-exile in Dharmsala, India - he nonetheless is now getting his first formal training in journalism.
''The most important thing is getting your facts straight,'' said Mr. Samphel, who for class was recently assigned to cover the Larry Davis trial in the Bronx. 
''In India it's more laid back toward getting the story; you use the first word that comes to your mind. 
In China and Tibet, the Government is the newspaper. 
What the Government decides to inform the public becomes the daily news.''
Â 
Making Adjustments
One of Mr. Samphel's professors, Stephen D. Isaacs, said that Mr. Samphel had asked not to be treated differently from other students because of his language problems or cultural differences.
''You take anyone from out of town, much less out of this world, and send them to the Larry Davis trial - it's going to be difficult,'' Professor Isaacs said. 
Perhaps the most challenging assignment of all has been learning aggressive street reporting.
''We tend to be very polite,'' Mr. Samphel said. 
''Here you have to leave this pretense and get what you want.''
For now he hopes to work for an American newspaper after he graduates, but he can see himself ultimately returning to his old job in India. 
He even holds hope for an independent Tibet someday.
''We Tibetans have not too many choices,'' he said. 
''Emotionally we would like Tibet to be independent, free. 
But you run into these practical problems: How do you proceed to do that without an army, without anything, without the support of one single government?''
''Whether we like it or not, we have to adjust to the modern world,'' he said. 
''We must be absolutely realistic.''
Such feelings are common among young Tibetans, said Tenzin Chhodak, the director of the Office of Tibet, a New York branch of the Dalai Lama's government and a friend of Mr. Samphel for more than a decade. 
Mr. Chhodak, who administers the scholarship program for Congress, hopes to bring 11 more young Tibetans to the United States by next year.
Although Mr. Samphel received both his bachelor's and master's degrees in modern Chinese history, and his one visit to Tibet in almost 30 years was as part of a tour sponsored by the Chinese Government in 1985, like most Tibetans he retains deep hostility toward China.
''My next-door neighbor is from Beijing,'' Mr. Samphel said. 
''We have been very polite to each other.''",4,tibet,REAGAN,Reagan (1981-1988),CATEGORY_4,"lama, dalai, tibetans"
115 Killed in Quake in China.txt,"ï»¿
An earthquake rocked China's western region of Qinghai late Thursday, killing 115 people and flattening more than 1,000 homes, officials said today. 
Officials from Qinghai's seismological bureau said by telephone from the provincial capital, Xining, that the quake, measuring 6.9 on the Richter scale, also damaged a labor camp and that more than 200 convicts had escaped in the confusion. 
Officials said 120 people were in the hospital.",3,tibet,HWBUSH,HW Bush (1989-1992),CATEGORY_4,"lama, dalai, tibetans"
72 Killed as Typhoon Hits Chinese Province.txt,"ï»¿
A storm has killed 72 people and left hundreds missing in Zhejiang province, Chinese national televison reported today.
The official New China News Agency said the typhoon, which struck on Saturday, was the most severe storm in the coastal province in 27 years.
The broadcast today did not give a figure for the number injured, but the press agency over the weekend put the total at 190.
The broadcast showed the aftermath of the typhoon - toppled houses and workers rebuilding the shoreline with stones and sandbags.
Rain flooded the port of Shujiang and inundated 163,000 acres of rice and 32,000 acres of orange orchards in 37 counties.
In July, torrential rains killed 122 people and caused economic losses of almost $300 million. 
Last year, 400 people in Zhejiang were killed by typhoons, heavy rain and flooding.",3,tibet,HWBUSH,HW Bush (1989-1992),CATEGORY_4,"lama, dalai, tibetans"
A Mystery From China_s Census_ Where Have Young Girls Gone_.txt,"ï»¿
The pigs amble lazily among the mud-brick houses and the grinning children play Ping-Pong on flat bits of ground, for an almost picture-perfect image of bucolic contentment. 
But villages like this one in central China still have their secrets, perhaps dark ones, as something is missing in these hamlets: several million little girls.
Newly released data from China's 1990 census support previous suspicions that 5 percent of all infant girls born in China are unaccounted for. 
It is not clear what has happened to them.
Are they killed at birth, drowned in a bucket of water by the midwife, on instructions from parents who want a son rather than a daughter?
Or are they given up for adoption?
Or perhaps they are raised secretly to evade the one-child policy?
Some evidence suggests that a combination of these factors accounts for the missing girls, although officials usually insist that very few are killed.
""There's no infanticide here,"" said Jin Mingai, the Mayor of Daijiawan, a remote hillside community accessible only by foot trail. 
Mr. Jin squirmed on his stool and acknowledged that every couple in the village had managed to produce a son, despite family planning restrictions, but he added firmly, ""The peasants here would never drown their own daughters.""
Villagers overwhelmingly give the same answer, and perhaps they are right. 
But one of the great mysteries of China is what happens to about half a million infant girls who are born alive each year but then vanish.
Â 
Sons Inherit Family Line
The girls almost certainly disappear because of the traditional preference, common in many parts of Asia, for sons rather than daughters. 
But in a larger sense, they are the unintended casualties of China's 12-year-old ""one-child policy.""
While Chinese couples are limited to having one or two children, as is now the case, they are sometimes reluctant to ""waste"" their allotment -- or risk heavy fines and stiff punishments if they exceed it -- on a daughter. 
They fear that if they go ahead and raise a girl, they may miss the chance to have a son later on.
""If they have a son, most couples will usually be satisfied and stop,"" said a local official here in Hubei Province. 
""But there are some couples that think they absolutely must have a son, and they keep on trying no matter how many daughters they've already had.""
Boys are preferred partly because they customarily do more farm work. 
But the most important reason is that in Chinese families, girls ""marry out,"" and the family line passes only through sons. 
Couples also want boys as a kind of social security, because it is sons who are charged with caring for their parents in old age.
For now, the question of the missing girls is such a puzzle that even the number of those missing is only an inference, based on skewed sex ratios of newborn infants.
Data released in May from the 1990 census indicate that for every 100 girls aged less than one year there were 111.3 boys. 
This disparity was not a fluke: a survey conducted in 1989 found 112.5 boys, while one in 1987 found 110.5.
Â 
Suspiciously Large Gap
All around the world, male births outnumber female births, but in China the gap is suspiciously large. 
In countries with good statistics -- and where female infanticide is not considered an issue -- the ratio is constant at about 105 or 106 boys to 100 girls.
If the true ratio at birth in China is about 105.5 boys to 100 girls, but so many girls were not reported that the official ratio jumped to 111.3, then something happened to more than 600,000 infant girls last year alone.
Chinese officials sometimes dispute such calculations, and suggest that it is a bit arrogant for Westerners to claim that birth ratios of 105 or 106 to 100 are universally valid.
""It's hard to say why, but in Asia some nationalities have higher ratios,"" said Li Honggui, director of the general office of the State Family Planning Commission. 
""Every country is different.""
Â 
Normal Ratio About 106 to 100
Yet there is considerable evidence that China, too, has a natural sex ratio at birth of between 104 and 106 males for every 100 females. 
The sex ratio for newborn infants in the 1964 census was 103.8 to 100, and in the 1953 census it was 104.9. 
It was beginning with the 1982 census, after the one-child policy was implemented, that the figure surged.
Moreover, even now, for first-born infants, China has a fairly normal sex ratio of about 106 to 100. 
It is only the second-born, third-born, fourth-born and fifth-born infants that are disproportionately male. 
Among fifth-born children, the ratio is more than 125 males to 100 females.
Presumably this is because couples will accept a daughter if she is their first child, because they expect that they can find a way legally or illegally to have another child.
With later births, parents may feel that this is their last opportunity to have a son. 
In addition, they know that they may well be fined heavily if they flout the policy and raise the child, while if they declare that it is stillborn, they will not get in trouble.
""They may think, 'If it's a boy, I'll own up and pay the fine, but if it's a girl then I won't pay a cent,' "" said Huang Baoshan, a spokesman for the State Family Planning Commission.
There are various ways that parents can evade the fines, and some evidence suggests that many of the missing girls are informally given up for adoption. 
They are not registered at birth but are left bundled on the doorstep of an official or someone else who will take care of the infant.
Two Swedish experts working in conjunction with a Chinese demographer concluded recently on the basis of an extensive survey that up to half of the 500,000 infant girls who go missing each year are in fact adopted informally. 
Some villagers confirm that this is a common course for households that have unauthorized pregnancies and give birth to girls.
A second possible explanation is that parents, unwilling to pay fines for their daughters, send the infants to be raised by relatives in other areas. 
A third possibility, in areas where family planning supervision is lax, is that parents simply raise their daughters at home without registering them.
Of course, a fourth alternative is infanticide. 
Most Chinese -- including those who are critical of the Government -- say they believe that infanticide is uncommon, but with as large a population base as China's, even a tiny proportion of infanticides would equal a large number of killings.
If there are killings, they apparently take place primarily in remote villages, like Daijiawan, where women give birth at home and the midwife is a neighbor and probably a relative. 
In these villages, there are no police stations or autopsies, and babies are quietly buried without anyone taking a close look.
Zeng Yi, a Chinese demographer, argues that the missing girls are hidden rather than killed, except in rare cases that do not affect the overall statistics. 
One indication that some of the missing girls are merely hidden is that population surveys have sometimes found more five-year-old girls than there were female births registered five years earlier. 
That presumably means that they were hidden from the authorities at earlier ages.
The latest census data arguably support that hypothesis. 
While the sex ratio for newborn infants was a highly abnormal 111.3 to 100, it dropped to about 108 for toddlers and declined further to 107 for elementary school-age children.
""At a young age, the girls are hidden,"" Mr. Zeng said. 
""Then when they grow up they are reported, perhaps because they go to school.""
Â 
Ultrasound Testing
While most Chinese believe that infanticide is rare and declining -- partly because more births are taking place in hospitals, where it is not so easy to drown a newly born infant -- another trend may result in an even more skewed sex ratio. 
That trend is the growing use of ultrasonic testing to determine the sex of the fetus. 
If it is a girl, the parents can abort the pregnancy and try again.
Since 1987, doctors have been forbidden by law from telling parents the sex of their fetus, but it is widely acknowledged that the law is frequently violated. 
A carton of cigarettes apparently is a typical bribe to be told the sex of the fetus, and sometimes the information is offered gratis.
""It's quite normal to tell the parents the sex of their child,"" said a doctor in Beijing. 
""And anyway, there are no secrets in China.""
Â",3,tibet,HWBUSH,HW Bush (1989-1992),CATEGORY_4,"lama, dalai, tibetans"
AIDS Outbreak Is Forcing China To Confront Virus and Drug Use.txt,"ï»¿
A report that 146 peasants from Yunnan Province on China's southwest border used dirty drug needles and infected themselves with the AIDS virus has sent shivers throughout China.
It was the first sign of a large incidence in China, where officials asserted previously that most AIDS cases involved foreigners. 
In addition to the discovery, announced in February, more than 100 other samples from Yunnan peasants have been sent to Beijing for additional testing to see whether they are infected with the virus, officials here said in interviews.
The more the Government investigates, the more cases the Government fears it will find, deflatingthe notion that China faces neither a drug problem nor an AIDS problem.
''The news was explosive,'' a Chinese official here said of the discovery of the AIDS virus. 
''We were shocked.''
Â 
Comparatively Tiny Number
So far the numbers are tiny compared with the tens of thousands of AIDS cases in Western countries, but they are a cause of great concern in China. 
China had previously reported that 41 foreigners and 7 Chinese carried the virus, of whom only 3 actually developed the disease. 
The latest confirmed findings brought China's total number of publicized cases to 194.
The spread of the virus here in Yunnan Province, in a temperate corner of China, points to what officials acknowledge is an increasingly severe problem of narcotics trafficking. 
Hard drugs like heroin are transported through China to the West from bordering countries like Burma, Thailand and Vietnam, the officials say.
Most of the drugs pass through China, rather than being consumed here. 
But a growing number of people are using the drugs, and the discovery that most of those with the AIDS virus are from ethnic minorities could affect the sometimes fragile relationship between the Government and some minorities.
''Those farmers have the impression that if you take drugs, they'll have pleasant illusions,'' said Wang Wenxin, a doctor of infectious diseases at the office for AIDS prevention and control here. 
''These people are poorly educated and relatively ignorant.''
Â 
Victims Used Heroin
The 146 cases were discovered after testing of peasants living in Ruili County, along the border with Myanmar, formerly Burma. 
Health officials say all the victims, including one woman and young men in their late teens, were infected with the AIDS virus when they injected heroin with shared needles.
Provincial oficials said that so far they had not linked any AIDS-related cases to foreigners or contaminated blood, and tests on 500 Kunming residents proved negative.
For China, the role of intravenous drug use in AIDS brings back painful memories of the nation's suffering in the last century and in the first half of this century because of widespread opium addiction. 
Many Chinese attributed the widespread opium dependency to the country's weakness as it fell victim to foreign invaders and domestic warlords. 
About 20 million people - nearly five percent of the population at that time - smoked opium, and a sizable portion of the cultivable land in China was used to grow poppies, according to Chen Cunyi, deputy director of the provincial public security division against drugs.
When they took control in 1949, the Communists virtually wiped out opium smoking, and for several decades China was considered a drug-free country. 
But Mr. Chen said drug activity had not only resurfaced but had also shifted from smoking opium to smuggling and intravenous use of heroin.
Â 
Heroin Seizures Double
Last year, the amount of heroin seized in Yunnan Province rose to almost 600 pounds from about 260 in 1988, while seizures of opium declined to about 300 pounds from 340 in 1988. 
The heroin seized, however, is highly concentrated, and one kilogram can be reformulated into 12 kilograms in Hong Kong.
Mr. Chen declined to estimate what portion of the drug traffic is intercepted, although some estimates have put it at 10 percent.
The discovery that narcotics use is leading to the spread of the AIDS virus has made the problem much more compelling in China, which has long been concerned about the disease.
In Chinese clinics most hypodermic needles are reused, although disposable needles are being introduced, and the hygiene and frequency of blood checks before transfusions is worse than in the West.
Chinese officials have therefore been very aware of the risks of AIDS, and so far they have focused their efforts on screening foreigners. 
All foreigners who live in China for a year or more must have an AIDS test, and even short-term tourists are sometimes asked questions intended to determine if they have AIDS.
Â 
Diplomatic Ties Involved
The border trade in drugs is a delicate matter for China because of its effect on diplomatic relations with China's neighbors. 
Mr. Chen insisted that the drugs came from the bordering countries, and that China was only a conduit because of its geographic position between the drug-producing areas and transportation hubs like Hong Kong.
''It is absolutely not grown here,'' Mr. Chen said. 
So far the China connection is not nearly as significant as other sources of the West's heroin - such as Latin America or other Asian transit points - even though officials here acknowledge that it is a growing problem.
The authorities have stepped up their efforts, spending about $1 million on narcotics control in Yunnan Province, but they acknowledge that it is not enough.
The public security staff has added 1,300 officers to combat the drug problem, but this is a fraction of the number believed necessary to monitor the porous, 2,500-mile southwestern border.
''It's impossible for us to station guards, one by one, along the border, because we don't have such manpower,'' Mr. Chen said.",3,tibet,HWBUSH,HW Bush (1989-1992),CATEGORY_4,"lama, dalai, tibetans"
ANTIQUES_BELONGINGS OF THE THUNDER DRAGON.txt,"ï»¿
The exotic temple art of Bhutan - scrolls, embroideries, vessels and musical instruments - derives its forms from Indian and Middle Eastern artifacts and its surface decoration from Chinese art. 
The first exhibition in New York of such Buddhist material, ''Art From the Himalayan Kingdom of Bhutan, Land of the Thunder Dragon,'' is at Asia Society Galleries through June 17.
Bhutan, a kingdom of 1.2 million people, occupying an 18,000-square-mile area between China, India and Sikkim, no longer permits the public to visit its monasteries. 
This exhibition of some 70 items offers a rare opportunity to view these religious objects. 
The selection, from five monasteries and the National Museum in Paro, was made by Andrew J. Pekarik, the former director of Asia Society Galleries, and Dasho Rigzin Dorji, the secretary of Bhutan's Special Commission for Cultural Affairs. 
Mr. Dorji wrote the booklet accompanying the show, ''A Brief Religious, Cultural and Secular History of Bhutan'' ($8.95), as a historical guide to Bhutanese Buddhism, explaining its importance in everyday life.
Most of the objects shown are ritual vessels and implements. 
Water pourers with round bodies and narrow spouts are framed in a halo of peacock feathers. 
Rice containers, offering cups, vases, incense burners, daggers, scepters and cups are covered with meticulously detailed floral and scalloped decoration. 
One large 17th-century cup is made of a human skull.
One of the show's more compelling objects is a portable shrine about two feet tall, an 18th- or 19th-century miniature temple used by itinerant monks to explain Buddhist teaching. 
The surface of this carved and painted wood structure, decorated with copper panels, is strung with necklaces of coral beads and covered with small doors opening on other doors.
Equally ornate is the wood case of a water vessel painted with clouds, ocean waves and dragons, images more often seen embroidered on imperial robes or enameled on Chinese cloisonne vessels. 
Five 19th-century fire implements, decorated with silver skulls and some gilding, are among the most interesting objects in the show. 
The long, slender fork is extraordinary, embodying a dynamic view of death in the three blackened metal plumes that rise from a grinning silver skull.
Musical instruments are among the most important objects in Bhutan, where music is regarded as a heightened form of speech. 
The instruments displayed reveal signs of wear and are probably still used in the monasteries. 
Shimmering 18th-century bell-metal cymbals are virtually unadorned save for their colorful cloth-and-leather tabs and felt protectors. 
A pair of curved 17th-century horns, made of human thigh bones, are wrapped in undecorated sheets of gilded silver. 
There are 19th-century conch-shell trumpets used to call monks to prayer, mounted in gilded metalwork richly figured with dragons and flowers.
Decoration is minimal on most of these instruments, including a pair of 19th-century wooden oboes encased in silver and studded with bits of coral and turquoise, 19th-century horns of silver and gold, an 18th-century painted wood string instrument and a drum of unknown date made from a human skull.
A painted 25-foot-wide altar, which dominates a room set aside for meditation beyond the main body of the exhibition, was commissioned by the Bhutanese Government for the show. 
It is intended to simulate the visual and spiritual experience of Bhutanese worship, according to Mr. Pekarik, as is the presence in the galleries for several weeks of an artist painting thankas,large hanging scrolls of religious scenes.
When asked whether the spiritual meaning of the objects is more important than their artistic weight, Mr. Pekarik said, ''For us the ideas are at least as important as the objects themselves. 
I never thought these were objects that would dazzle the viewer through fine craftsmanship. 
Ideas and ways of living are more important than manual dexterity. 
I wanted to go beyond isolated objects left from previous species. 
I wanted them to be linked to real places, real people. 
We took them right off the altars where they were in use. 
I don't want this to be a disembodied esthetic experience.''
The exhibition, which is to travel to several cities in Japan, is sponsored by the National Endowment for the Arts, the New York State Council for the Arts, the Andrew W. Mellon Foundation, the Starr Foundation of New York and several individuals.
Little of this material has found its way into the marketplace. 
''Bhutan has very strict export laws on its period religious art,'' said Moke Mokotoff, who specializes in Himalayan textiles and artifacts at his gallery, Mokotoff Asian Arts, 125 East 57th Street. 
''It has always been so, but until recently there was very little tourism. 
Now the Bhutanese Governmentis making it much more evident that these laws are in effect.''
The most unusual item on view at his shop is a turn-of-the-century painted papier mache mask, embellished with carved wooden skulls and yak hair covered with cloth, for $1,800. 
A Tibetan bronze 19th-century scepter similar to one in the exhibition is $1,600. 
A woven 19th-century textile panel, measuring 4 feet by 7 feet and worn as a dress, is $3,500.",3,tibet,HWBUSH,HW Bush (1989-1992),CATEGORY_4,"lama, dalai, tibetans"
Beijing Is Resolute on Terms For the Dalai Lama_s Return.txt,"ï»¿
The Chinese Foreign Ministry repeated today that the Dalai Lama must abandon his campaign for Tibetan independence before he can return to his Himalayan homeland.
""The most important thing is that the Dalai Lama stop his activities aimed at splitting China and undermining the unity of its nationalities, and abandon his position on Tibetan independence,"" the ministry spokesman, Wu Jianmin, said.
Mr. Wu was responding to a speech by the Dalai Lama in the United States on Wednesday in which he said he hoped to end his 32 years of exile soon and return to Tibet. 
China's claim to Tibet is disputed bythe Dalai Lama's government-in-exile in India.",3,tibet,HWBUSH,HW Bush (1989-1992),CATEGORY_4,"lama, dalai, tibetans"
Beijing Marks 40 Years of Tibet_s _Liberation_.txt,"ï»¿
Somewhere in the far west of China, nestled in the Himalayas, is a Shangri-La brimming with contentment and human rights -- or so say the Chinese newspapers these days.
It is Tibet, although it does not entirely resemble the Tibet that Western visitors describe. 
The Chinese newspapers are full of reports about progress there, as China on Wednesday celebrates the 40th anniversary of what it calls ""the peaceful liberation of Tibet.""
China is using the 40th anniversary celebrations to spread its own perspective on Tibet: that the ""roof of the world"" has always been part of China, that the life there has improved dramatically in 40 years of Communist rule, and that the overwhelming majority of Tibetans are delighted with socialism.
""Only after Tibet conducted democratic reforms did the masses truly become the masters and life become better with each passing day,"" People's Daily declared today at the top of the front page. 
""With life this good, the masses are very angry at the few people stll festering for Tibetan independence.""
Li Tieying, a Politburo member, has arrived in the Tibetan capital of Lhasa to lead a delegation to attend the celebrations. 
Scores of Chinese journalists have also arrived in Lhasa, but no China-based foreign reporters have been allowed to visit Tibet for the festivities.
Duan Jin, a Foreign Ministry spokesman, explained that the Tibetan authorities were limited in their capacity to host foreign journalists, and that in any case Western reporters were not always fair in their coverage.
For the last few years, the Chinese Government has only rarely permitted foreign reporters to visit Tibet, apparently because the journalists invariably report that the population would prefer independence to the current regime. 
While diplomats and scholars are often skeptical of some of the assertions and criticisms made by the Dalai Lama, the exiled spiritual leader of the Tibetan people, his photo is everywhere in Tibet and there is little doubt that he is still revered and supported by virtually all Tibetans.
The nature of the celebrations on Wednesday has not been revealed, perhaps for security reasons. 
Separatist demonstrations, often led by Buddhist monks and nuns, have occurred regularly in Tibet for four years, and martial law was lifted in Lhasa only last May. 
Martial law was imposed in March 1989, after clashes that left at least 16 people dead.
""They must be taking a lot of precautions"" to insure that there will be no unrest, said an Asian diplomat in Beijing. 
He noted that there have been reports that the army and police presence in Lhasa has been bolstered substantially in recent months.
A Tibetan court sentenced three Chinese, all members of the Han ethnic majority, to death last month for killing a Chinese soldier and stealing guns and ammunition. 
A Tibetan newspaper said the three planned to sell the weapons to ""rioters and rebels in Lhasa.""
The three men, who presumably have been executed by now, had attacked a government armory in late March, killing the guard and stealing 19 pistols and 869 bullets. 
The incident was a reminder that while the opposition to Chinese rule has been largely peaceful so far -- partly because it is backed by Buddhist monks who profess pacifism -- it is not impossible that protesters will increasingly turn to violence.
The celebrations on Thursday will mark the 40th anniversary of the signing of a 17-point agreement between the Communist Government and representatives of the Dalai Lama. 
Tibetan exiles say that the agreement, which concedes that Tibet is part of China, was achieved by threats and coercion. 
In any case, they say, Beijing has not abided by the promises in the agreement.
The topics of a seminar in Beijing on the 40th anniversary suggest the way that the commemorative activities are unfolding. 
Themes included ""Tibet being an inseparable part of China"" and ""the great achievements made in Tibet in the last four decades since the region was peacefully liberated.""",3,tibet,HWBUSH,HW Bush (1989-1992),CATEGORY_4,"lama, dalai, tibetans"
Beijing Voices _Indignation_ Over U.S. Remarks on Tibet.txt,"ï»¿
In an unusually harsh rebuke, China today condemned as ''gross interference'' a United States Senate resolution that criticized recent violence in Tibet.
The Foreign Affairs Committee of the National People's Congress, China's legislature, expressed ''utmost indignation'' and lodged a strong protest in a long and comprehensive response to Western criticism of its handling of unrest in Tibet.
The Senate resolution, passed by a voice vote Thursday night, condemned the ''use of violence against unarmed Tibetan demonstrators'' and called on the Bush Administration to make Chinese actions in Tibet a major part of Washington's policy toward Beijing.
China imposed martial law in Tibet on March 8 after three days of rioting by pro-independence demonstrators. 
At least a dozen people were killed and 100 were wounded in the disturbances.",3,tibet,HWBUSH,HW Bush (1989-1992),CATEGORY_4,"lama, dalai, tibetans"
Buddha and Genghis Khan Back in Mongolia.txt,"ï»¿
In a makeshift temple at the foot of a rocky cliff in the Gobi Desert, four aged lamas in saffron robes sat cross-legged on carpets before a shrine to Buddha. 
They were fasting, meditating in silence and perusing sacred texts of Tibetan Buddhism.
Outside under a harsh sun lay the crumbling mud-brick ruins of the Ulgii Khiid Monastery, which once held more than a thousand monks. 
It had been sacked by the repressive Communist Government that ruled Mongolia for 70 years, a Government that destroyed more than 700 monasteries in the 1930's, burning books and executing thousands of lamas.
Now some surviving lamas are returning to occupy Ulgii Khiid and several dozen other monasteries. 
They live and worship in yurts, the customary dome-shaped dwellings of Mongolian nomads. 
They are teaching younger men to be monks and making plans to rebuild the temples.
Â 
Resurging Nationalism
The scene of religious revival amid revolution's ruins illustrates the extraordinary changes under way in Mongolia. 
In yet another reverberation from the collapsing Soviet empire, the dictatorship tied to Moscow was ousted in March 1990 and replaced with a more reform-mined Communist Government and a Parliament that includes increasingly assertive democratic opposition parties.
With that new political freedom has come a resurgence of Mongolian nationalism.
One of its most fundamental expressions is the official and popular support for Buddhism, the traditional religion of Mongolians for centuries.
In an interview in his private reception room at the Gandan Monastery here, the Khama Lama, the country's ranking Buddhist cleric, said, ""This movement is very strong, not only among Buddhists but all people.""
Other religious leaders, officials, intellectuals and diplomats agreed. 
Although few Mongolians may have a deep knowledge or belief in Buddhism, they said, anything from the pre-Soviet days is encouraged and celebrated.
That goes also for Genghis Khan, the legendary 13th-century warrior who united the Mongol tribes and set out with the Golden Horde to conquer much of Eurasia. 
The empire controlled by him and his immediate successors included China and Russia and extended all the way to Hungary.
Since Communists came to power in a revolution here in 1921, the Soviet Union had tried to suppress the name and memory of Genghis Khan, in part because no national hero could be allowed to eclipse Lenin but also because of residual embarrassment over being one of the conqueror's victims. 
But now Genghis Khan rides again.
Within months of the fall of the Soviet-backed Government last year, Mongolian scholars convened an international conference to commemorate the 750th anniversary of ""The Secret History of the Mongols,"" the epic describing the glory days of Mongolian power and influence.
In a message to the conference, President Punsalmaagiyn Ochirbat endorsed the rehabilitation of the national hero and spoke of the importance of ""The Secret History"" for ""the renewal of the Mongolian society, consolidating of their national integrity and social progress and for the restoration and development of their historical and cultural heritages.""
Â 
Statue of Stalin Removed
At a diplomatic reception a few months ago, Mr. Ochirbat came up to an American military officer and congratulated him on the victory in the Persian Gulf war.
""Our countries now have one thing in common,"" he said. 
""We both have conquered Baghdad.""
A statue of Stalin in the capital is gone, and billboards bearing Lenin's likeness have been painted over. 
But the image of Genghis Khan is everywhere, on banners at a trade fair and postcards and in souvenir shops. 
A vodka is named for him, and a local rock group sings his praises.
A Japanese-Mongolian expedition is spending its second summer in the nearby mountains searching for Genghis Khan's grave. 
If it is found, a museum will be built at the site.
Dr. Shagdaryn Bira, secretary general of the International Association for Mongol Studies and a member of the Mongolian Academy of Sciences, said the expedition had found several hundred tombs, including some from the 13th century, but not the one they were looking for.
""I'm against making Genghis Khan a demigod,"" Dr. Bira said. 
""He was neither a devil nor a god. 
He was a man.""
Even so, Dr. Bira said, efforts were being made to enlist international support for archeological excavations at Khara-Khorum, Genghis Khan's capital. 
The ruins, west of Ulan Bator, are a regular tourist stop. 
But research there was suspended years ago, when Mongolians were discouraged from studying their early history, and so the country has a shortage of archeologists.
Officials of the Academy of Sciences, reaching out for contacts with the West, are capitalizing on their paramount scientific asset: dinosaur remains. 
A group of French and Italian paleontologists arrived in early July to examine the rich fossil beds of the Gobi. 
Paleontologists from the American Museum of Natural History in New York, working with Mongolians, have begun a planned three-year campaign of fossil hunting.
Â 
Found Monastery Ruins
It was when the members of the American-Mongolian expedition were crossing the broad, desolate landscape between the towns of Saynshand and Dalan Dzadagad that they found the monastery ruins.
Cresting a dusty ridge, they caught sight of what appeared to be some ""lost city"" of archeological legend. 
It was the ruins of a small monastery known as Khonchiyn Khural. 
On the ground the Americans found spent cartridges and a flattened Buddhist statue with bullet holes, legacies of the sack. 
The place was utterly abandoned.
Most of those monasteries were destroyed in 1936 in what Renchingiyn Otgon, director of the State Central Library, likened to China's Cultural Revolution in the 1960's. 
He said more than half of the country's books, many of them priceless hand-printed religious works in Sanskrit and Tibetan, vanished.
In a few more hours of cross-country travel, the expedition came upon Ulgii Khiid, where the white cloth of yurts glistened among the earthen ruins.
The American scientists were given a taste of Mongolian hospitality, tea with camel's milk, and a few were allowed a brief visit inside the temple yurt. 
The lay leader of the settlement, a young man named Sandag, told them that 12 lamas and several young monks had taken up residence at the ruins late last year. 
With help from local herdsmen, they hoped to begin rebuilding the temple next year.
The Khama Lama said that some 100 monasteries have been reoccupied in at least a symbolic form, but that their restoration would be slow because of a lack of money and a shortage of monks. 
Many of them are old -- the Khama Lama is in his 80's -- and only recently have younger men started joining the monasteries.
Michael Sautman, an American businessman here and a practicing Buddhist, expressed concern that ""the whole tradition of Tibetan Buddhism, with its scholasticism and deeper meditative arts, have been lost in Mongolia.""
Many of the lamas, he pointed out, had to spend years outside the temple, living as laborers and herdsmen. 
Only the Gandan Monastery in Ulan Bator was permitted to reopen earlier, in 1944, but more as a showpiece than as a vibrant religious center.
Mongolians are adherents of the Gelug sect of Tibet, commonly called the Yellow Hat Buddhists for the yellow caps worn by monks to symbolize their rigid rules on learning, discipline and celibacy, and followers of the Dalai Lama. 
Indeed, Dalai is a Mongolian word meaning ""ocean of wisdom.""
Â 
New Generation to Train
Kushok Bakula, considered a living Buddha and India's Ambassador to Ulan Bator, agreed that it would take years to train a new generation of monks. 
He and other Buddhist leaders are hoping that a visit from the Dalai Lama would set off a wave of religious fervor, bringing back more people to worship and inspiring the young to take up the monastic life.
But the issue of the Dalai Lama's visit has exposed the limits of religous freedom in Mongolia and served as a reminder that this country of two million people is landlocked between two giants, China and the Soviet Union.
With its withdrawal of most trade, military forces and economic aid, the Soviet Union has left the once-dependent Mongolians to fend for themselves. 
Food and gasoline shortages are spreading, and Mongolians fear that conditions will worsen. 
They have made overtures for new trade ties with Japan, South Korea and the West, but they are restricted because their only transportation links are through Soviet and Chinese territory.
Under the circumstances, the Mongolian Government has sought to cultivate relations with China. 
And since Beijing looks with disfavor on any show of respect for the Dalai Lama, who disputes China's sovereignty over Tibet, cautious Mongolian officials withheld permission for the religious leader's planned visit here this month.
Not that the monks at Gandan are sitting still, waiting for a visit from the Dalai Lama. 
At noon one day in early July, they were out inspecting the construction of a new temple, young monks lending a hand to the old ones as they leaned over the foundation trenches. 
One of the few other construction projects in the city is the imposing glass edifice for a luxury hotel to open next year -- the Genghis Khan.",3,tibet,HWBUSH,HW Bush (1989-1992),CATEGORY_4,"lama, dalai, tibetans"
China Cracking Down on Sale of Women as Wives.txt,"ï»¿
When Miss Zhao, a junior high school student, was sold as a wife to a peasant in Shandong Province, she infuriated her husband by repeatedly trying to run away. 
Finally he came up with a way to keep her: he gouged out her eyes.
Miss Zhao's plight, which has been publicized here, is one of the more bristling examples of what some experts believe is a growing problem in China: the abduction and selling of women. 
In a sign of official alarm, the Government this month opened a campaign against the practice, declaring it one of ''six evils'' that must be eradicated from contemporary society.
There are no official statistics on how many women are sold to become wives, but unofficial estimates are in the tens of thousands at least. 
A book published this year about the practice - Miss Zhao's photo appears on the cover - reported that in Xuzhou, in Jiangsu Province, more than 48,000 women have been sold in the last few years. 
A recent Chinese news report estimated that some 30,000 women have been sold in Shandong Province.
The practice has surfaced in more than 20 of China's 30 provinces and autonomous regions, another article this week in the official Legal Daily said. 
It is particularly rife in villages in mountainous and remote rural areas of provinces like Sichuan, Shandong, Hebei and Henan.
Â 
Officials Avoid the Issue
Local authorities acknowledge that some peasants buy wives, but they are reluctant to discuss the practice and suggest that it is rare in their area. 
Officials refused to arrange interviews to discuss the issue on recent visits to Henan and Shandong Provinces.
''The city and the countryside all have this problem, but it is infrequent,'' said Ma Yingjun, a senior official in the Luoyang City government in Henan Province, when the topic came up in an interview about other matters. 
''We can't say the problem is solved, but the state is cracking down on it.''
Some Chinese say the sale of wives has its roots in traditional rural values about men and women. 
Earlier in this century, it was not uncommon for parents to sell their daughters to help support the family and raise a son. 
Sometimes the women are willing to be sold if it means they can escape poverty for a better life elsewhere.
How many women are sold voluntarily is unclear, but most Chinese say the great majority of those sold do not understand the perils they might face. 
Usually they are not kidnapped, but are deceived by offers of good jobs in the city. 
Too late, they find that they are being sold as wives. 
Some try to escape, but most accept their lot, Chinese say. 
In part this may be because the women are far from home and have neither money nor friends to help them get away. 
In addition, many may believe that it would be difficult to get another husband if their fate became known.
Â 
A Chain of Abductors
While many urban Chinese say they disapprove of the practice, and it is strictly illegal, the sale of wives is reported to have increased as social controls in the countryside are eased and more people search for ways to make money during the transition toward a market-oriented economy. 
Often, wife-selling involves a chain of abductors, with each one passing on the woman to the next link in their intricate network throughout the country. 
An essay published in September in a confidential Government document called ''Nei Can Xuan Pian,'' or ''Selected Reference Articles,'' explains some reasons for the phenomenon. 
In many areas, the rising cost of traditional rural weddings, which frequently exceeds $2,500, makes marriage expensive. 
Purchasing a wife generally costs only $500 to $800.
''Buying a wife saves money and trouble,'' the article said. 
''Peasants regard women as tools for carrying on their lineage from one generation to another.''",3,tibet,HWBUSH,HW Bush (1989-1992),CATEGORY_4,"lama, dalai, tibetans"
CHINA PUTS LHASA UNDER ARMY RULE.txt,"ï»¿
China imposed martial law in the Tibetan capital on Tuesday, and thousands of soldiers were reportedly deployed throughout the city early today to begin a crackdown after three days of violent protests against Chinese rule.
The nationally televised nightly news announced the imposition of martial law Tuesday evening, saying the Government in the capital, Lhasa, had been authorized to take ''any measures necessary to restore order.''
''Any person who defies martial law or who instigates others to do so will be severely punished,'' said the order, approved by the State Council, China's cabinet, and signed by Prime Minister Li Peng. 
[Experts on Tibet say the anti-Chinese unrest is the most serious challenge to Beijing's rule since a bloody uprising 30 years ago. 
Page A11.] The official New China News Agency said martial law had been imposed because ''separatists have been constantly causing disturbances in the city over the past few days.''
Since Sunday, at least 12 people have been killed and more than 100 wounded in clashes between protesters and the police, according to official accounts. 
Unofficial accounts say the toll is much higher.
The press agency said the city and parts of two adjoining counties would be ''cordoned off'' and ''all meetings, parades, strikes, petitions and any other gathering are banned.''
The order also gave security forces vast powers to stop vehicles and pedestrians in the city of 70,000 people.
An American tourist in Lhasa, reached by telephone from Beijing, said that at midnight Tuesday, jeeps carrying loudspeakers ordered residents to stay inside and informed them that martial law had begun.
Soon thereafter, 31 trucks carrying Chinese soldiers sped into the city, said the American.
The soldiers were deployed at ''designated places,'' the press agency said early today.
Earlier Tuesday, Tibetan protesters attacked Chinese, ransacked their stores and stoned government buildings as part of demonstrations calling for an end to Chinese rule.
Until the soldiers arrived, the police had been trying to keep order, clearing the streets and threatening to shoot anyone found in the central square.
''There's a lot of sirens going and a lot of troop movement outside,'' said the American, who spoke on condition that he not be identified, citing the fear of reprisal by the police. 
''I can hear soldiers pounding on doors,'' he added.
The order declaring martial law said that no foreigners would be allowed to enter Lhasa without permission, and those in the area without permission were required to leave. 
The American, who said he had not been informed of the rule, estimated that there were about 80 foreigners in Lhasa.
Â 
Unofficial Account of 75 Dead
On Sunday and Monday, clashes between the police and Tibetans left 11 Tibetans and one Chinese policeman dead, along with 100 wounded, official reports said.
No new deaths were reported on Tuesday, but Westerners quoted Tibetans as saying that as many as 75 people had been killed and 300 wounded in the three days of protests.
Two groups of about 100 Tibetans marched Tuesday near the main square and on Beijing Road, the main thoroughfare. 
The police then cleared the streets, threatening to shoot anyone, the American said. 
Sounds of gunfire crackled in the afternoon, but by nightfall, he added, Tibetans began to venture outside again.",3,tibet,HWBUSH,HW Bush (1989-1992),CATEGORY_4,"lama, dalai, tibetans"
China Says It Executed Four In the Trafficking of Women.txt,"ï»¿
Four leaders of a gang that abducted and sold at least 60 women were executed on Dec. 
27, a report from the official China Women's News said today. 
The report said 12 other gang members were given sentences of up to life in prison.
The kidnapping of women for sale has become a major problem in recent years, and police officials from throughout China held a meeting in the fall to discuss the issue.
In most cases, young girls from the countryside are tricked into leaving their villages with promises of jobs in the cities. 
Many are taken far from their homes and sold into marriage.
Of the 60 women sold by the gang, which operated for two and a half years in the northeastern province of Heilong Jiang, the report said, 18 have been found and returned home.",3,tibet,HWBUSH,HW Bush (1989-1992),CATEGORY_4,"lama, dalai, tibetans"
Chinese Aim to Harness Yangtze and Yellow Rivers.txt,"ï»¿
DISCONTENT with the way the heavens have arranged its rivers and rainfall, China is embarking on a program to build huge waterworks that could have a colossal impact on the nation's development in the 21st century.
The Yellow River, so thick with silt that it sometimes seems a flowing yellow mud pie, courses past timeless villages in northern China whose peasants are constantly threatened by floods from the same waters that sustain them in irrigating their fields.
Farther south, Asia's mightiest river, the Yangtze, drains an area inhabited by 380 million Chinese, or 8 percent of the world's population, leaning against ancient dikes that would release a flood that could kill one million people if they burst in the middle of the night.
The new waterworks projects, which are intended to ease the threat from the country's age-old cycle of devastating floods as well as transfer water hundreds of miles to revitalize dry areas of China, have been under discussion for three decades or more. 
Collectively they would represent the country's most significant development projects since the Grand Canal was completed in the 13th century to transport hundreds of thousands of tons of grain each year to Beijing.
Preliminary approval has already been given to one project, a proposed 730-mile canal that would pump water from China's south, where rainfall is plentiful, to northern areas around Beijing that are running dry. 
The $10 billion channel is the first of three that are planned for the next century to reinvigorate a broad swathe of northern China with southern water. 
Government officials have warned that Beijing could not remain the nation's capital without a new supply of water to sustain it.
Much more controversial is an $11 billion project called the Three Gorges Dam that is proposed for the Yangtze River. 
Supporters note that the project, which would be bigger than any existing hydroelectric station, would sharply reduce the risk of a potentially disastrous flood. 
But critics point out that the price is immense: 1.1 million people would have to be relocated from a 375-mile long area that will be flooded, some of China's most beautiful scenery would be marred, and a rare porpoise would be threatened with extinction.
Â 
A Waterway Called 'Sorrow'
Preparatory work is already under way on the third major project, the Xiaolangdi Dam on the Yellow River. 
That $2 billion dam will generate electricity, control silting, make irrigation easier and reduce the risk of a catastrophic flood on a waterway that is known as ""China's sorrow"" because of its propensity to overrun its banks. 
Since 602 B.C., the Yellow River has changed course 26 times, sometimes by hundreds of miles, each time wreaking immense havoc.
In addition to these projects, China is planning to build more than 60 substantial hydroelectric projects in the 1990's to fuel industrial growth in the next century.
Such efforts to refashion nature would be important in any country, but they are particularly significant in a country like China, whose culture and history are inextricably linked with water. 
One of China's legendary heroes, a father-of-the-nation figure, is Yu the Great, who 4,200 years ago coordinated flood-control projects along the Yellow River where Chinese civilization was born.
""Water looms larger here,"" said Roy D. Morey, the representative in China of the United Nations Development Program, which is assisting China in its many water projects. 
""Historically, what rivets people's attention is the fact that you either have too much or too little. 
One is either lamenting the ever-shifting channel of the Yellow River, or you're talking about the arid or semi-arid regions of China that have never had enough water.""
Floods are a special risk in China because in some places the rivers are actually higher than the surrounding ground. 
In these areas the water is held in place by dikes, and if a dike is breached, the river spills out and forms a new channel on lower ground.
The rivers' elevation is linked to the tremendous amount of silt they carry. 
A result of soil erosion upriver, silt is suspended in the flowing water and is gradually deposited on the river bed, raising the level each year. 
In the case of the Yellow River, the bed has been built up as many as six inches, leading the peasants to raise the dikes correspondingly, and over the centuries the river has risen higher and higher. 
In the lower reaches of the Yellow River and in part of the middle section of the Yangtze, the water flows as many as 30 feet higher than the surrounding terrain.
""People walk under water,"" goes a folk saying, ""and the river flows overhead.""
Â 
Debate on Projects Is Missing
Some scholars argue that despotism was born in water-based cultures like ancient China's because of the need for centralized organization of irrigation and flood control. 
In any case, there is no doubt that authoritarianism lives on in China, and some believe that that is one of the fundamental problems of all of these projects: they are not subject to the checks of democratic debate.
""Information from those opposed to constructing the dams usually doesn't get up"" to the leadership, says William Y. B. Chang, an expert on Chinese water issues at the National Science Foundation in Washington. 
Mr. Chang says he is concerned that the decision-making has been based more on political than scientific reasoning and that the new water projects may not reflect the best value for the money.
He notes, for example, that many areas of China are short of water -- in rural Shaanxi Province, peasants may have to hike miles to the nearest well -- but that the enormous effort to divert water to the north will feed the political and industrial centers of Beijing and Tianjin, where people already are relatively well off.
The project has already received preliminary approval, and the construction is expected to get fully under way within the next few years. 
The canal will begin at the Yangtze River and pump water up a slight gradient to the Yellow River, and then pass in a tunnel beneath the Yellow River and from there flow downhill to Tianjin and Beijing. 
There is not enough water in the Yellow River to supply the project, so the canal must start at the Yangtze much farther away.
While pumping the water uphill will use enormous amounts of electricity, which is scarce, the advantage of the route is that the channel is, for the most part, already in place: the Grand Canal, begun in the year 600 by at least two million laborers and extended in the 13th century. 
Parts of the Grand Canal are still in use, although others were blocked when the Yellow River shifted channels in 1855.
The impetus behind the project is simply that nature lavishes water on the southern part of the country but is much more stingy in the north. 
Some 180 million Chinese in the north are short of water and the situation is becoming more desperate.
Â 
Effects of Bargaining
The diversion project will take 11.76 billion cubic yards of water from the Yangtze each year. 
Most will be used to irrigate farmland along the route, with only 1.3 billion cubic yards reaching Beijing. 
The project had to be designed to supply substantial benefits to the provinces along the way in order to win their approval. 
Jiangsu Province, in particular, bargained hard to get a large share of the water in exchange for its participation.
Eventually, the Government intends to build two additional systems to carry water to the north from the Yangtze, but they will have to wait until the next century.
Over one of the routes, in the center of the country, the water would run downhill, so this system would not require pumping stations, but it is extremely complex technically and would require extensive tunneling through mountains. 
The other route would involve construction in remote areas on the Tibetan plateau. 
In this project, water would be pumped uphill from tributaries of the Yangtze to the headwaters of the Yellow River, and in conjunction with the other two routes this plan is expected to encourage development in the poor and parched areas of northwestern and north-central China.
The intensity of the bargaining with the provinces to win approval for the ""south waters north"" and the Three Gorges Dam projects is reflected in the many compromises made in the plans.
""There are few things that tell you as much about the politics of a country as where it builds its dams, because dams create big winners and big losers,"" said Kenneth G. Lieberthal, a political science professor at the University of Michigan.
For example, as Professor Lieberthal noted, the Three Gorges Dam is to be almost 607 feet high, with a normal water level of 574 feet. 
That level will create a reservoir that will just reach the city of Chongqing. 
The Communist Party leaders in Chongqing had insisted that the reservoir reach their city, to give them a year-round river port for large vessels. 
But the leaders rejected a higher dam, even though this would have helped in flood control efforts, because part of the city would have been submerged.
The dam would have a hydropower station with a capacity of 17,680 megawatts, making it the largest in the world except for a proposed Russian project that has been put off.
One of the greatest problems with the Three Gorges Dam and other water projects in China is how to deal with the silting. 
Each year about 520 million tons of silt is carried down the Yangtze past the site of the Three Gorges Dam, and skeptics argue that in a few decades the reservoir will become an unnavigable pool of mud.
Backers of the project have conducted extensive tests, some of them using a half-mile-long laboratory version of the Yangtze, and they insist that siltation would not be a major problem. 
In the summer, when the river is the muddiest, they plan to lower the reservoir level and flush the silt through, while in the fall, when the river is clearer, they would build the water level.
Government officials seem to be pushing hard for a final go-ahead on the Three Gorges project in March, at a meeting of the National People's Congress. 
As evidence of the danger, they cite devastating flooding last summer in which 3,000 people were killed and 3.2 million were left homeless, and they emphasize that the sooner work begins on the dam, the less onerous the relocation requirements will be, partly because of the rapidly rising population.
""The sooner Three Gorges starts functioning, the better,"" said Su Qianqing, an official of the Ministry of Water Resources in Beijing. 
""It's going to be more difficult for us to solve the problem of relocation if we don't start now.""
The Three Gorges Dam has been under discussion since the 1920's and is by far the country's most controversial construction project. 
In the relatively open environment of the late 1980's, an incipient environmental movement seemed to have defeated the plan for a dam when a Politburo member announced a postponement of further consideration until at least 1995.
But over the last 18 months the project has been resuscitated, and in the aftermath of the crackdown in Tiananmen Square in 1989 most environmentalists and critics of the project have been cowed into silence. 
Dai Qing, a prominent writer who is one of the dam's foremost opponents, was arrested after the crackdown, and Li Rui, a party elder and water specialist who also opposed the project, was placed under tight restrictions.
""I still have some hope that the Three Gorges Dam won't go ahead,"" Ms. Dai said last month, shortly before she was allowed to go to the United States to accept a fellowship at Harvard University. 
""If we devote so many resources to the Three Gorges, then everything else will have to wait. 
Education and science spending will slow, and China's backwardness and burden on the world economy will grow.""",3,tibet,HWBUSH,HW Bush (1989-1992),CATEGORY_4,"lama, dalai, tibetans"
Chinese Region Uses New Law to Sterilize Mentally Retarded.txt,"ï»¿
The provincial government in this poverty-stricken region of northwestern China is aggressively enforcing a new law requiring the sterilization of mentally retarded people.
So far this year, officials here say, more than 1,000 people have been sterilized under the law, which requires people with significant mental retardation to be sterilized if they are married or intend to be married. 
If the couple evade the law and the woman becomes pregnant, she must have an abortion.
The law was approved by the provincial Parliament a year ago and took effect at the beginning of the year here in Gansu province, where it directly affects about 30,000 retarded people out of a population of 21 million.
Law Receives Wide Praise
The law has been hailed nationwide, and officials say that the national Legislature and half a dozen provincial governments are thinking of adopting similar legislation. 
Several provinces have sent delegations here to study the measure as they consider drafting their own laws.
''The purpose of the law is to raise the quality of our population and of our nation,'' Miao Xia, the deputy head of the Gansu Province Family Planning Association, said in an interview. 
''We want to solve the poverty problem in part by raising the quality of the population.''
As Miss Miao acknowledged, however, the new law raises questions of morality and the role of legislation: Does society have a right to force people to be sterilized?
If a citizen has committed no crime, but happens to be retarded, can the state intervene to the point of forcing sterilization or an abortion?
Â 
Different Views in the West
The law is an echo of the eugenics movement in the West earlier in this century. 
Tens of thousands of ''mental defectives'' were sterilized across the United States, mostly between the 1920's and the 1950's.
In Virginia, which kept records, about 8,300 were sterilized between 1924 and 1972 under a state law providing for compulsory sterilization of the mentally disabled. 
The law was upheld in a landmark Supreme Court ruling of 1927 in which Justice Oliver Wendell Holmes made a now notorious comment: ''Three generations of imbeciles are enough.''
In Nazi Germany, a system of eugenic health courts ordered the sterilizations of more than half a million people from 1933 to 1940. 
They were judged by the courts to be suffering from mental retardation, physical deformities, schizophrenia and other illnesses.
In most Western countries, such sterilization programs have been sharply curtailed in response to public furor. 
The Chinese sterilization law could escalate longstanding complaints by the United States Government over China's population control policies, which seek to limit the number of children born and impose penalties on couples who violate the rule. 
[President Bush vetoed a $14.6 billion foreign aid bill Sunday night, objecting specifically to an allocation of $15 million for the United Nations Population Fund. 
Foes of abortion in the United States have opposed its financing on the ground that the agency performs work in China, whose population program includes abortion and sterilization.] Individual Vs. 
Society But in China there has been almost no public reaction to the sterilization law. 
Some Chinese intellectuals observe that their nation is inspired not by the notion of an individual's rights, or theories of social contract that limit the state, but by a Confucian heritage in which the individual is subordinated to the good of society.
Before the law was approved, the discussion centered not so much on ethics as on practical questions such as how the law would be enforced, and whether the mentally retarded were likely to have mentally retarded children.
''Some people said that ordinary people can have an idiot for a child, while two idiots can have an ordinary child,'' said Wang Jian, the Secretary General of the Gansu Population Studies Association. 
''But we explained that even if their child is normal, it will carry a gene for idiocy.''
The degree to which mental retardation is hereditary has been vigorously debated in the West, and no clear consensus has emerged.
Â 
How the Law Applies
The Chinese provincial law applies to people with moderate or serious mental retardation, such as those with an IQ of 49 or below. 
The retardation must be congenital and must be confirmed by a doctor.
The law has initially been put into effect in four particularly poor counties in Gansu, and has been accompanied by a major publicity campaign to convince people of the measure's importance. 
The arguments are not aimed at the mentally retarded themselves, for they are deemed insufficiently aware to react much one way or another, but at their families.
Many of the mentally retarded are married to people of average mental ability, and their spouses have not been enthusiastic about the law, some officials acknowledge. 
While their partners would not have to be sterilized themselves, they would be prevented from conceiving children within the marriage.
Â 
Policy Is Criticized
Two leading American geneticists say that the number of mentally retarded children would not be significantly reduced by sterilization of mentally retarded people.
''There are many causes of mental disease and deficiency - some genetic, some environmental, some simple and some complex,'' said Dr. James F. Crow, emeritus professor of genetics at the University of Wisconsin. 
''The Chinese program as described seems exceedingly crude.''
Scientists said it was likely that less than half of the mentally retarded acquired their disability genetically.
''For a good many of these sterilizations, there would be no genetic basis,'' said Dr. James V. Neel, professor of human genetics at the University of Michigan.
About 1 percent of the world population suffers from mental retardation. 
Dr. Neel estimated that it would take approximately 20 generations to reduce the frequency of a gene from 1 percent of the population to one-tenth of 1 percent.
Although scientists said the Chinese plan had little scientific merit, they suggested that sociological arguments could be made for such a plan. 
For example, ''one can argue that affected persons do not provide a good environment for their children and should not have them for that reason,'' Dr. Crow said.",3,tibet,HWBUSH,HW Bush (1989-1992),CATEGORY_4,"lama, dalai, tibetans"
Dalai Lama Hopeful on Self-Rule for Tibet.txt,"ï»¿
The exiled spiritual leader of Tibet, the Dalai Lama, said today that his Himalayan homeland had been encouraged in its struggle for independence from China by Mongolia's experience in throwing off strict Communism.
Criticizing China's Communist leaders, he told reporters here, ""These recent events clearly demonstrate their efforts are fruitless, useless.""
There have been ""so many restrictions, so much effort to eliminate the Buddhist faith in Tibet,"" he said, but ""they will not succeed.""
Earlier in the day, the Dalai Lama chanted prayers before a crowd of 15,000 people at Mongolia's national sports stadium.
The Dalai Lama, who won the 1989 Nobel Peace Prize for his nonviolent struggle against Chinese rule over Tibet, told reporters later that world changes had shown that China's authoritarian system in Tibet was doomed to failure.
He added that Tibetans could take heart that Mongolian Buddhism had survived nearly 70 years of suppression under Communist rule while Tibet had endured Communist Chinese rule for only 35 years.
The Communists still rule Mongolia but have had to share power with minority parties since elections last year.",3,tibet,HWBUSH,HW Bush (1989-1992),CATEGORY_4,"lama, dalai, tibetans"
Dalai Lama Says Beijing Can_t Crush Hopes.txt,"ï»¿
The Dalai Lama, the exiled Tibetan spiritual leader, says the arrests and executions set in motion by the Chinese Government will fail to wipe out aspirations for liberty and democracy.
''It will never work,'' the 55-year-old Buddhist leader said in an interview on Saturday in Manhattan. 
''It will never suppress real human determination.''
He was in New York on a one-day stopover on his way to a Costa Rican conference on the meaning of peace.
The Dalai Lama, who is venerated by Tibetans as a divine reincarnation with godly compassion, was himself chased from Tibet by Chinese troops when they crushed an uprising in 1959. 
Since then he has lived in India.
The Dalai Lama, dressed in his customary monk's robe during an interview at his hotel, said the Chinese invasion of Tibet in 1950 was followed by harsh repression and rigors that abated only in the last decade.
''You can see from what has happened in Tibet that violent suppression will not succeed,'' the Dalai Lama said, speaking in fluent, Indian-inflected English. 
''Today in Tibet there is more national feeling and more national cohesion than there ever was before the Chinese came.''
The Dalai Lama said he was aware of the reports from China of relatives turning in brothers and sisters for punishment, and he noted that this reflected ''an old Communist tactic.''
Â 
'Situation Has Changed'
''They really implement the policy of divide and rule,'' he said. 
''They brand people with suspicions. 
This has been the past experience, but now I think the situation has changed.
''In the last 10 years, Chinese people have had much contact with the outside world. 
There are a large number of sudents in the outside world. 
Also, these people have access to telephones and fax machines. 
They have much information. 
The regime will want to control this, but now it will be impossible to control.''
He observed that Buddhism teaches that every event and action has many aspects, both positive and negative. 
But he went on to say that the recent Chinese action was ''very negative, very harmful.''
''It is very bad for the Chinese themselves and for the Chinese Communist Party and very bad for the leaders,'' he said. 
''Without this their name would have remained in history signifying something wise. 
Now that has been damaged.''
Asked how the crackdown might affect initiatives by the Government to reach an agreement with him over the status of Tibet, he said that over the last two years the Chinese had rejected his proposal for negotiations on Tibetan autonomy.
''The Chinese disagreed with the proposal but at the same time they still insist they want dialogue,'' he said. 
''Just before the students were crushed they indicated that they still wanted to discuss the issue, sending me a message through the Chinese Embassy in New Delhi.
Â 
'Humans Love Freedom'
''But now, you see, we feel a bit reluctant to carry out dialogue because in a very real sense the Chinese Government may not be the people's government. 
Obviously we also want to remain in solidarity with those Chinese brothers and sisters who want to have more freedom.''
The Dalai Lama turned to a broader discussion of changes in he world that he said are causing totalitarian systems to place less reliance on force.
''Humans love freedom,'' he said. 
''Humans love democracy. 
Now at the end of the century this human spirit seems to be getting the upper hand, though of course in China for the time being there is a setback.''
After his visit to Costa Rica, the Dalai Lama is to return to the United States to officiate at Buddhist ceremonies in California and to receive the Raoul Wallenberg Human Rights Award from the Congressional Human Rights Foundation, the private-sector arm of the Congressional Human Rights Caucus.",3,tibet,HWBUSH,HW Bush (1989-1992),CATEGORY_4,"lama, dalai, tibetans"
Dam Break Kills 38 in China.txt,"ï»¿
A dam in central China burst early this week, sending tons of water down a mountainside and killing at least 38 people, a news report said today. 
The official China Daily said the disaster occurred on Tuesday on a mountain in Yang Quan, Shanxi Province.",3,tibet,HWBUSH,HW Bush (1989-1992),CATEGORY_4,"lama, dalai, tibetans"
EVOLUTION IN EUROPE_Hundreds Rally in Mongolia As Their Leader Tours China.txt,"ï»¿
About 1,000 Mongolians demonstrated today in support of pro-democracy protesters staging a sit-in in the capital, and hunger strikers in other parts of the country fasted through an eighth day.
In China, the Mongolian President, Punsalmaagiyn Ochirbat, continued his visit and headed to Inner Mongolia, a region where three million ethnic Mongolians live under Chinese rule.
As Mr. Ochirbat met Chinese leaders, Ulan Bator's official news agencies described the situation at home as ''chaos'' caused by illegal demonstrations, strikes and hunger strikes against the Communist authorities.",3,tibet,HWBUSH,HW Bush (1989-1992),CATEGORY_4,"lama, dalai, tibetans"
EXPLOSION IN CHINA SHAKES HONG KONG.txt,"ï»¿
Soldiers blew up a mountain in southern China today in what was described as the world's biggest non-nuclear explosion, sending earthquake-like tremors through Hong Kong and Macao.
Chinese Army engineers detonated 12,000 tons of dynamite inside Paotai Mountain to clear land for the expansion of an airport in Zhuhai, an economic development zone.
Windows rattled in Macao, the Portuguese territory, but the police there said there were no reports of injuries or damage.
The official New China News Agency said 1,000 technicians had spent months preparing for the explosion. 
""Technical measures have been taken to buffer the magnitude of the shock from about 4 on the Richter scale to about 2.5,"" it added.
Â 
Tremor in Hong Kong
But seismologists in Hong Kong, 40 miles from Macao, said the explosion, at 12:50 A.M. Eastern standard time, had been felt by many people and measured 3.4 on the Richter scale.
Television news in Hong Kong showed film of Paotai disintegrating in an enormous cloud of debris, and Chinese military officers at the scene said the blast was the world's biggest non-nuclear explosion.
The blast shifted nearly 388 million cubic feet of earth and stone to make way for an expansion of Zhuhai's helicopter airport, which is to include runways capable of taking airliners as large as the Boeing 737, the Chinese news agency said.
Â 
Bigger Than Hiroshima
The Guinness Book of Records lists the biggest non-nuclear blast as the detonation of 7,122 tons of explosives at German naval fortifications on Helgoland, a island in the North Sea, at the end of World War II.
The atomic bomb that destroyed Hiroshima, Japan, in 1945 had a force equivalent to 11,800 tons of TNT.
China has carried out underground tests of nuclear weapons equivalent to one million tons of TNT.",3,tibet,HWBUSH,HW Bush (1989-1992),CATEGORY_4,"lama, dalai, tibetans"
Feudal China_s Evil Revived_ Wives for Sale.txt,"ï»¿
The television scene shows two young women being led to a suburban home where they are told they will be given lucrative new jobs. 
They wait in a small, locked room and soon discover to their horror the real nature of the deal: they are being sold, for about $950 each.
The television dramatization is one of a few tools the Government is using to warn women about a feudalistic practice that is doggedly making its way back into rural China: the buying and selling of women to serve as wives. 
The partial emergence of a market economy has reinvigorated this variation of slavery, as travel becomes easier and peasants accumulate enough cash to purchase a bride.
No one knows quite how common the sale of wives is, but it almost certainly is increasing rapidly. 
Confidential documents presented recently to China's legislature say that the authorities investigated 18,692 cases of women being sold against their will last year, and presumably many more cases never came to the attention of the authorities.
The documents say that 65,236 people have been arrested in the last two years for involvement in the sale of women and children.
""There are some comrade leaders who do not recognize the threat and the seriousness of this repulsive social phenomenon,"" says one of the internal documents. 
""Some cadres and party members at the grass roots even connive at, participate in and support the criminal activity of the kidnapping and sale of women.""
The documents were circulated to the standing committee of the National People's Congress, China's legislature. 
In June, the standing committee discussed stricter punishments for traffickers of women and children, a spokesman said.
The sale of women disappeared during the first 20 years of Communist rule, and slowly reappeared during the 1970's and 1980's. 
The number of cases has risen sharply since 1985, the documents say.
In rural areas, a bride's family traditionally will insist on a wedding ceremony, and these days the cost of weddings has soared, as neighbors try to outdo each other. 
That has created a strong incentive to buy a wife and save the cost of the festivities.
A wife typically costs less than $1,000, compared to $700 to $3,000 for a wedding, and the family of the purchased bride is obviously not around to insist on a lavish wedding.
Some of the women are foreigners, mostly Vietnamese. 
Last year, at least 2,716 Vietnamese women were repatriated after being kidnapped and sold, although the documents did not make clear how they came to China in the first place.
The typical Chinese victim is a woman from a poor region who is lured by the prospect of a new job, a better life, or free travel, to follow a trafficker to another province. 
Once she is in his hands, the trafficker essentially kidnaps her, often beating or raping her. 
Sometimes the process of abduction can involve a network of more than 100 traffickers.
The women are often young and unsophisticated and have no idea how they could escape, even if they had money for bus fares. 
In addition, they are sometimes locked up until they have borne children, and frequently local villagers side with the man who has parted with his life savings to buy a wife.
""After some of the women are abducted and sold, they are stripped of their freedom for a long time and endure the inhuman life of imprisonment and devastation,"" says one of the documents. 
""The criminal activity of the kidnap and sale of women more and more has come to resemble the slave trade.""
One document also criticized the current legal regulations for trafficking, which essentially stipulate that a common trafficker, who is not a gang leader or a rapist, is sentenced to less than five years.
That same sentence is given to a thief who has stolen a head of cattle worth less than $200.
But in some cases, those who organize trafficking are executed. 
In June, the authorities executed 10 men in Shanxi Province for selling 91 women.",3,tibet,HWBUSH,HW Bush (1989-1992),CATEGORY_4,"lama, dalai, tibetans"
FILM_Back to China Laden With New Ideas.txt,"ï»¿
Around a hairpin turn, after two days of driving on rough roads through the treeless loess hills of Shanxi Province in northeast China, suddenly, several thousand feet below, was the legendary Yellow River. 
It was enough to take one's breath away. 
Not only was the canyon through which it wound spectacular, but at this particular spot, called Hukou -- ""teapot spout"" in Chinese -- the entire river plunged over a precipice and roared into a gorge no wider than a narrow city street. 
Through the spray that rose like mist from the churning cataract, a rainbow arched over the river.
As spectacular as this remote setting was, it was hard not to be more astonished by another feature on the landscape. 
Parked on a dirt road was a truck with a tangle of electrical cables snaking out the back and down to a rustic tea house at the gorge's edge. 
The tea house was a film set, and the truck contained a generator being used by Chen Kaige, the director, to shoot his latest film, ""Life on a String,"" the tale of a blind storyteller and his young blind apprentice.
Mr. Chen's award-winning 1984 film, ""Yellow Earth,"" a stark but hauntingly beautiful evocation of peasant life in these hills, first brought him and China's new ""fifth generation"" of film directors to international prominence. 
Now, after studying and working in New York City since 1987, Mr. Chen had returned to China to shoot a new film. 
As such, he is the first Chinese director of his generation to have lived abroad for an extended period, to have learned English and begun to assimilate into the international artistic community.
The Beijing-born Mr. Chen -- the son of a film maker from that earlier generation of Chinese steeped in socialist realism -- is a tall, intense man who, although still in his late 30's, is already graying around the temples. 
The hallmark of his work has been his realistic depictions of Chinese rural life, a world he became intimately acquainted with during the Cultural Revolution, when he spent eight years rusticating as an ""educated youth"" and soldier in China's remote Yunnan Province.
Asked how the Shanxi hills felt after the Upper West Side of Manhattan, where he had been living, he laughed and said:
""During the first few days I was back in China, I felt like a stranger. 
I couldn't really believe I was here. 
I didn't really know what to say to family and friends, and I don't think they quite knew what to say to me. 
Nor did the people I was working with have any idea how to deal with me, which was quite natural, because they couldn't really understand all the things that had happened to me while I was gone.""
He then began speaking of how he felt he had changed while abroad, not only living in New York but also traveling in Europe and Asia.
""There is a unique kind of Chinese conservatism that wants to limit everything to one correct way. 
Before I left, I always thought that I knew the right way to do things; how to make a film. 
But, as a result of having spent time in a variety of other cultures, I now feel much more uncertain of myself, not so sure that there is just one way to see something or to shoot it.
""My experiences abroad make me want to experiment more,"" he added. 
Before he left for America, he said, ""I always wanted to teach people through film, to give them a big message. 
But now what I feel I want to do is more to dream through film, hoping that maybe the film itself will be able to tell more than I can.""
Mr. Chen's odyssey from New York to Hukou with his 80-member film crew-cum-equipment was in some respects more nightmarish than dreamlike. 
While the logistical difficulties were daunting, they were minor compared to the problems of getting the film financed and approved back in Beijing.
For Mr. Chen, the first impediment to making ""Life on a String"" seemed comical. 
When he discovered a year and a half ago in New York that he had used up all the pages in his passport, he went to the Chinese Consulate. 
Because the Government was displeased by certain reports about his involvement in a documentary film chronicling the 1989 democracy movement, it refused to add extra pages or to issue a new passport.
Eager to start shooting after months of delay, Mr. Chen left for Beijing anyway, where the Public Security Bureau granted him a new passport with so few pages that further travel was seriously restricted.
Like other film makers in China, Mr. Chen is conscious of the Government's grip over artists who depend on being in their country to create. 
He is well aware that his ability to shoot in China depends on the Government's approval.
The next formidable problem was getting the movie financed. 
As any film maker is quick to admit, because Deng Xiaoping's economic reforms have created a situation in which most cultural projects must be self-supporting, there is now virtually no money available in China for film projects that are not either hard-core party propaganda or kung fu/romance movies with a big box-office potential.
Even when state-run studios do support a film project, directors have often found themselves so limited by the official system of control and censorship that they have trouble producing a credible artistic work. 
But though the state is no longer willing to subsidize culture on the scale it once was, neither has it turned the field over to new investors in the private sector. 
Thus, film makers are left almost completely orphaned.
Mr. Chen solved the problems of financing and avoided many of the attendant bureaucratic hurdles that hamper other Chinese directors by teaming up with Donald Ranvaud, an English producer he had met at the Berlin Film Festival. 
With the help of his wife, Hong Huang, Mr. Chen created a consortium of British, German and Japanese investors. 
Then, working through the Beijing Film Studio, they assembled an all-Chinese crew. 
It was a one-of-a-kind achievement in Chinese cinema; the first film project shot in this country by a Chinese crew and director that was financed completely by foreign interests.
""The reason I could even consider making this film was because the financing was from outside China,"" Mr. Chen acknowledged. 
""If I had been forced to make the movie with local funds, it would have been almost impossible. 
I would have had to go to endless meetings with people who know absolutely nothing about film, and obey endless bureaucrats whose only objective is to control, criticize and censor.
Even after the question of financing was resolved, there were other hurdles. 
Whereas approval of film projects used to be under the jurisdiction of the Ministry of Culture, now the arts are again receiving closer party scrutiny. 
To make a movie, a film maker must first become associated with an official Chinese production unit, such as the Beijing Film Studio; next, the script must be submitted to the China Film Co-production Company; then it must be examined by the Ministry of Broadcast, Television and Film, which is now overseen by the Propaganda Department of the Central Committee of the Chinese Communist Party.
Since dissent in the artistic world is often carried out indirectly through the artifice of allegory and historical analogy, a script is carefully scrutinized at each stage of this process.
The script for ""Life on a String"" was adapted from a deceptively simple story by Shi Tiesheng, a writer who was paralyzed from the waist down. 
Mr. Shi's tale about a blind storyteller and a blind boy who wander from village to village accompanying themselves on the sanxian, a traditional three-stringed instrument, can be viewed on one level as just a story about dealing with physical adversity and fate.
But on a deeper level, it probes both the seductiveness and dangerousness of leaders who set themselves up as Godlike authorities and the mythologies they tend to spin around themselves. 
For in spite of his blindness, the old man possess just such charismatic traits, and at one point his charisma enables him miraculously to bring about a truce between two warring clans.
His belief in the future and his power to lead others depend, however, on a prescription for a remedy to cure his blindness that he believes is hidden inside his sanxian. 
Many years ago, when he acquired the instrument, he was told that only after he had broken the thousandth string while accompanying his storytelling could he remove the prescription and buy the medicine.
But when he tries to do this, he finds only a slip of blank paper. 
With his illusions shattered and hope for salvation vanished, he goes crazy. 
His apprentice, the young blind man, harbors no such illusions. 
He not only survives, he thrives -- as an individual sustained by a love of life rather than the worship of the masses.
For Mr. Chen, the dichotomy between these two characters has obvious parallels to China's national dilemma. 
The director sees the film as a cautionary tale warning people against surrender to the intoxicating ideologies and charismatic leaders that give rise to hope and a sense of direction. 
The film is also a thinly veiled rumination on the need of leaders to feed their egos with massive doses of public adoration.
When asked which of the two heroes most evoked his sympathy, Mr. Chen replied:
""It is important for the old man to believe in something, even though this belief finally comes to naught. 
Actually, he does get a great deal back from life by saving people, and I can identify with this, because I know it's important that people have something to believe in. 
But disastrous consequences can also result from such beliefs and illusory dreams. 
Look at the Cultural Revolution. 
How many Chinese believed in it, and yet how many will now take any responsibility for that illusion?""
Speaking of the character of the young boy, he continued: ""It's confusing. 
He doesn't seem to need any illusions to live by, and that in its way is admirable. 
But I'm not sure whether it's possible for human beings to live without some belief.
""I am very interested in both characters,"" he added. 
""Maybe I can't say which one leads the better life. 
But, you know, Chinese are always trying to find a godlike leader to look up to, and the young boy does not like it when the old man acts as if he were a God. 
Actually, I guess I am happy when the old man dies, because his death liberates the boy and allows him to start making decisions for himself, decisions that were impossible under the old man's tutelage.""
Does the director see analogies between his two heroes and China's own generational conflict?
""All that I can say is that my hope is that the younger generation of China can turn out to be somewhat like the young boy; to be more centered and better able to make independent judgments. 
So, in this sense I do root for the boy as the hope of the future.
""But, finally, I don't know if human beings, particularly Chinese, can survive without some hope or dream like the old man. 
So actually, I'm not sure whose side I'm on. 
All that I can say is that both of them interest me, and all that I can continue doing is making films. 
That is the most powerful way I have of speaking out.""
During a lunch break on the set, the director and Gu Changwei, the cinematographer, walked up the gorge to the place where a rainbow hovered in the mist, just above the site where the muddy water of the Yellow River roared down into a narrow chasm. 
Mr. Chen suddenly looked up.
""Do you know what this reminds me of?"" he asked. 
""Despair. It reminds me of the Chinese people; great, powerful and making an enormous noise, but essentially helpless.""",3,tibet,HWBUSH,HW Bush (1989-1992),CATEGORY_4,"lama, dalai, tibetans"
"Flood Toll in China Nears 1,000.txt","ï»¿
Unusually heavy downpours have caused some of the worst flooding in years in eastern and central China, with more than 800 people estimated to have been killed and with heavy damage to several big industrial centers and crops, especially wheat, news reports say.
This is the rainy season, but the inundations are worse than usual. 
Rains are swelling the Yangtze and the Yellow Rivers, and the flooding is taking a toll in a number of eastern and southern provinces, disrupting transportation, industry and other services.
This morning the English-language China Daily reported that 847 people had been killed as of the end of June. 
Scattered reports since then suggest that there have been more than 150 additional deaths, bringing the lives lost to more than 1,000. 
Worse flooding yet is expected, according to the news reports. 
The lives of more than 30 million people have been affected by the floods, along with 21.5 million acres of farmland.
The train line between Beijing and Shanghai, one of the most heavily traveled rail corridors in China, had been cut. 
But partial service was restored late Monday, the New China News Agency reported.
In Hunan Province in central China, the Yangtze flooded more than 700,000 acres of farmland. 
A bus with 50 people aboard was swept into a river, with the fate of its passengers unknown.
The Farmer's Daily newspaper said that half of the summer wheat crop had been lost in the provinces of Anhui, Henan and Jiangsu.
Sichuan Province, China's most populous province and a major agricultural center, has also been hit hard. 
On the upper reaches of the Yangtze, 121 people have been killed by the floods, China Daily said. 
Another 3,400 people have been injured.
The Government has tried some extraordinary measures to relieve the rising water. 
A 400-foot-long dam on the Huangpu River, near Shanghai, was blown up over the weekend to release waters collecting in Lake Taihu, the New China News Agency reported. 
The gates had been opened, but the water was not running out fast enough.
Today, the agency said eight more dams were blasted open to release the water in the lake.",3,tibet,HWBUSH,HW Bush (1989-1992),CATEGORY_4,"lama, dalai, tibetans"
Genghis Khan Ruled First.txt,"ï»¿
With an area of about 600,000 square miles, Mongolia is slightly smaller than Arizona, New Mexico, Texas and Louisiana combined. 
The capital is Ulan Bator, with a 1986 population of about 500,000.
Mongolians account for 90 percent of the population of about two million. 
Some 2 percent of the population is Chinese and another 2 percent is Russian.
In the early part of the 20th century, Mongolia passed back and forth from Chinese to Russian dominion; in 1924, it became, in effect the first Soviet satellite state. 
Until now, the country has been ruled by the 10-member Politburo of the Mongolian People's Revolutionary Party Central Committee.
The People's Great Hural, or national assembly, meets about three days a year to enact the basic laws of the country.
Â 
Genghis Khan formed the first
Mongolian state from nomadic tribes in 1203, and went on to conquer much of Asia and European Russia. 
Mongol power declined after the Mongol dynasty in China was overthrown in 1368.
Â 
The Manchus, who conquered
China in 1644, brought the Mongols under their rule in 1691 and the country was a Chinese province for the next 220 years. 
In 1911, Mongol leaders declared their independence of Chinese rule.
Live animals and animal products account for half of Mongolia's output. 
Most trade has been with the Soviet Union and the Eastern bloc.",3,tibet,HWBUSH,HW Bush (1989-1992),CATEGORY_4,"lama, dalai, tibetans"
Gulag Comes to Haunt Chinese Area.txt,"ï»¿
If Solzhenitsyn were Chinese, then the windswept plains here in Qinghai Province might be as notorious as Siberia, and the word ""laogai"" might be as common and ominous as ""gulag.""
Qinghai Province, the northeastern part of what was once Tibet, is a sparsely populated region of prairies and mountains, 10,000 feet or more in elevation with few trees or shrubs and bitterly cold winds that leave cheeks dry and cracked. 
Soon after the 1949 Communist revolution, it was made the centerpiece of China's gulag: the site of harsh, remote labor camps where ""counterrevolutionaries"" and criminals fought for survival and often lost.
Laogai"" (pronounced lao-guy, the first syllable rhyming with cow) means ""reform through labor,"" but that is a euphemism for the cold and starvation and illness that offenders faced. 
The first prisoners, in the early 1950's, were forced to build the mud walls that confined those who came later. 
Rations were so meager that felons working in the fields caught earthworms and regarded them as a great delicacy.
In the 1980's, the number of prisoners in Qinghai apparently declined and conditions improved, but Wei Jingsheng, one of China's most articulate advocates of democracy, was sent to a Qinghai laogai in 1984, where he suffered from altitude sickness. 
Mr. Wei, now serving the 13th year of a 15-year sentence, is believed to be in a prison in Hebei Province, and no one connected with the 1989 democracy movement is known to have been sent to Qinghai.
Â 
An Embarrassment to Officials
For officials in Qinghai Province, who are now trying to attract foreign investors and tourists, the province's history and reputation constitute a serious embarrassment. 
A room full of provincial officials erupted in indignation when a reporter brought up the topic of laogai camps.
""There's this prejudice against Qinghai,"" said Wang Yinhui, director of the Qinghai Foreign Affairs Office. 
""Sure we have laogai. 
But so does every country.""
Suonan Tsering, a Tibetan who is in charge of minority affairs in Qinghai, said: ""Qinghai people are unhappy about this prejudice. 
Some people in other places think that we're all criminals, all involved in laogai production.""
Wu Zhengyun, vice chairman of the provincial planning commission, said there were fewer than 10,000 prisonzers in Qinghai's laogai camps. 
He added that since 1985, Qinghai had not accepted any more prisoners from other provinces.
""There are still a few prisoners from other provinces who were sent some time ago, but soon there will be none,"" Mr. Wu said. 
He added that while it was now impossible for foreigners to see a laogai camp, such a visit might be allowed some time in the future.
It is impossible to know whether the official figure of 10,000 prisoners is accurate. 
The reliability of the official national total of 1.26 million Chinese in prisons, laogai and re-education-through-labor camps is also uncertain.
The Chinese authorities do not normally invent economic and social statistics entirely these days, although they do manipulate them to their advantage, but the credibility of official information about prisons is particularly low.
During a tour of Beijing No. 1 Prison two years ago, for example, the authorities turned down a request to visit other prisons on the ground that there were no others in Beijing. 
Many former inmates can attest that this is untrue, and the official New China News Agency recently published references to the supposedly excellent care at Beijing No. 2 Prison.
By all accounts the overwhelming majority of prisoners are common criminals rather than political offenders. 
And a range of Qinghai residents interviewed privately over the course of a week agreed that there were many fewer inmates in the laogai system now than in the Maoist period. 
They said that camps remained but that treatment was now reasonably humane.
""They're fed well and they sleep on bunks now instead of on the floor,"" said a peasant who based his information on a fellow villager who was recently released from a laogai.",3,tibet,HWBUSH,HW Bush (1989-1992),CATEGORY_4,"lama, dalai, tibetans"
"In Corner of Tibet, Chinese Now Predominate.txt","ï»¿
As the smoke from his cigarette whirled around the deep lines in his face, tan and textured like the old leather saddles on the horses grazing behind him, Namshin remembered the days when the plateau was inhabited only by fellow Tibetans, so that he lived his first 35 years without ever seeing a single Chinese.
""Now look at those villages over there,"" said the 68-year-old Mr. Namshin, who possesses 150 sheep but only one name, and he waved his hand beyond a herd of yaks at some hamlets on the prairie. 
""They're all Chinese. 
Now there's no place to raise our livestock down here, and we must go into the mountains to graze our sheep.""
Four decades after the Communist revolution, Mr. Namshin's dismay seems to be shared by many other Tibetans who live here in Qinghai Province. 
The Communists have brought roads, trains, X-rays, television and a measure of prosperity. 
But they have also brought their own people, Han Chinese, who are remolding this part of the Tibetan plateau in their own image.
Â 
Minority in Their Land
This land of mountains and prairies historically was Amdo Province of Tibet, but it fell under Chinese control in the 18th century and was inherited by the Communists after their 1949 revolution. 
Today, when most people around the world speak of ""Tibet"" they refer to the ""Tibet autonomous region"" that China invaded in 1950 and still tightly controls. 
But to the Tibetan government in exile and to many Tibetans themselves, this too is Tibet -- the one forgotten by the West, the one that cannot call itself Tibet, the one in which Tibetans are now a minority in their own land.
Once this was a center of Tibetan learning, the birthplace of the Dalai Lama, the exiled spiritual leader of Tibetans. 
But now the Dalai Lama's photo cannot be sold on the streets to people who still worship him with a devotion that is luminous in their eyes.
The rights of Tibetans have been a matter of growing international concern, but this Tibetan area has been among the most remote and among the least visited by foreigners, with little information trickling to the West about conditions here. 
A rare, eight-day journey through Qinghai found many Tibetans chafing at religious and family planning restrictions, and alarmed that they were being submerged in a Chinese sea.
As a result of Government-backed migration, Qinghai Province's population of 4.5 million is now 58 percent Han Chinese, 20 percent Tibetan and 22 percent Hui and other minorities. 
In contrast, a 1950 handbook to China says Tibetans were then the largest group in Qinghai.
Yet there is little sign in Qinghai of political unrest or of the deep antagonisms that are immediately evident in the Chinese ""autonomous region"" of Tibet, particularly in the capital, Lhasa. 
Troops in Lhasa have fired on protesters and tortured monks and nuns, provoking outrage in the West and radicalizing the local population, but here the authorities are using gentler tactics and appear to have won acquiescence and sometimes support from a considerable sector of the Tibetan population.
""Relations among the nationalities are good here,"" said Wenchangtai, a 28-year-old Tibetan peasant, as he chewed on oily bread for breakfast in a room of his mud-walled home in Gonghe County. 
One indication that relations are indeed relatively good is his Han Chinese wife, Wang Guojin, also 28, who was sitting a few feet away on the ""kang"" platform bed nursing their baby.
""Our parents had no objection,"" Mr. Wenchangtai said. 
""Of course, some parents might not be happy, but it wasn't a problem with ours.""
About 10 percent of the marriages in the area are between Tibetans and Han, local people say.
Suonan Dajie, an 18-year-old student walking down the dirt path to visit relatives, also seemed fairly typical of a younger breed of Tibetans who have few complaints about the system.
""I know that in Tibet there've been some separatist activities, but it's not like that here,"" he said. 
""Relations among the nationalities are good here, and we've got religious freedom.""
Â 
Chinese Learned in School
Mr. Suonan Dajie and Mr. Wenchangtai, who spoke in the fluent Chinese they learned in school, were interviewed at random along with dozens of other Tibetans, mostly during several days of hiking along the trails of Gonghe County in central Qinghai Province. 
No one else was present for most of the interviews, although the security forces made considerable efforts to trace this reporter's steps and interrogate those Tibetans who were interviewed.
Local officials, who had previously refused to allow a visit to Qinghai, allowed this trip to an international conference in Qinghai. 
They protested vigorously when this reporter slipped away to roam the countryside, and they also assigned ""tails"" to try to determine who was contacted.
The jitteriness among officials contrasted with the bucolic scenes of yellow wheat and snow-capped mountains, and paradoxically most of the rural Tibetans seemed more content and less politicized or fearful than the urban middle class in cities like Beijing and Shanghai -- or Tibet itself. 
In Lhasa, many Tibetans are enraged by the shootings and torture and repression about them. 
But here in Qinghai there appear to be few detentions and little or no torture to radicalize the Tibetans, although conditions may not be so idyllic as the authorities claim.
""There've been no conflicts, not even one,"" claimed Suonan Tsering, a Tibetan who is director of the Government's nationality affairs commission in the provincial capital, Xining.
Â 
Confrontations Reported
In fact, however, there have been several confrontations since 1987 in the East Qinghai town of Tongren, and two Tibetan monks there were sentenced last year to prison terms of 12 months and 18 months for unfurling a Tibetan national flag on the street. 
Both presumably have now completed their sentences.
In Xinghai County, two young men were forced to flee to India last year when the police sought to arrest them for distributing 100 pro-independence leaflets, villagers said. 
And in Gonghe County, a young man was detained after he visited associates of the Dalai Lama in India. 
He was released and fled back to India.
Robert Barnett, coordinator of the London-based Tibet information network, an independent monitoring service, cited several past arrests in southern Qinghai, not far from the town of Yushu. 
But he said it was not known if there were now any Tibetan political prisoners in Qinghai.
Villagers in Qinghai said they were unaware of the new Tibetan-language broadcasts by the Voice of America, but they all knew of the shootings of protesters in Lhasa. 
They said the news had spread by word of mouth, rippling across the grasslands from hut to hut, tent to tent.
Â 
'Our Hearts Are Breaking'
""Our hearts were breaking,"" a middle-aged Tibetan peasant said in the privacy of his home. 
""We don't count as people here. 
We're becoming a minority, and the only way to protect ourselves is independence. 
People don't dare say it, but everybody feels it in their hearts.""
That was far from a uniform view among Tibetans interviewed, but even those who opposed independence were deeply distressed by the violence in Lhasa and by restrictions affecting religion. 
While many young Tibetans said they had religious freedom, there are stark limits. 
A half-dozen shopowners said independently that they were not permitted to sell photos of the Dalai Lama.
The photos are enormously important to Tibetans, who revere the Dalai Lama and want to display photos of him in their shops, monasteries and on altars in their homes. 
In the Tibet autonomous region, repression is in many respects greater than in Qinghai, but there photographs of the Dalai Lama are allowed to circulate freely.
""We can display the photos in our homes, but not here at the monastery,"" said a young monk at Kumbum monastery, also known as Taer Si, in eastern Qinghai. 
As in Tibet, the monasteries function as an alternative university system, and what little resistance has surfaced in Qinghai has come largely from monks.
""That is the space of the picture of the Dalai Lama,"" said a lean old monk in Kumbum monastery. 
He pointed reverently to a blank space on a wall, as if it were one of the monastery's most precious possessions.
The authorities also place loose restrictions on the numbers of monks who can be inducted into any monastery. 
Kumbum, for instance, had 3,000 monks at the time of the Communist revolution, according to the American-published ""China Handbook"" of 1950. 
Now it is officially allowed to have 400 monks, although in fact there are about 500.
A common source of antagonism appears to be family planning restrictions in rural areas. 
The rules in Qinghai are similar to those in the rest of China: Han couples are allowed one child each, or sometimes two in the countryside, while Tibetans and other minorities are given special dispensation and are allowed two or three each. 
Fines equivalent to $100 to $200 are now imposed on those who have unauthorized births.
While many peasants all over China complain about family planning rules, here the grumbling sometimes takes on nationalist overtones because those who enforce the unpopular policies tend to be Han Chinese.
""They didn't sterilize anyone around here until recently,"" said a Tibetan peasant who already has more children than he was supposed to. 
""But now they're trying to sterilize women after they give birth to two babies. 
They keep coming to me and saying that unless my wife agrees to be sterilized, then they'll take our land and smash our house.""
He shrugged his shoulders helplessly. 
""So we'll give in,"" he said. 
""She'll be sterilized.""
Still, standards of living for Tibetans in Qinghai are unquestionably rising, as they are in all of China, and that may be one of the most important reasons why there is not more political and religious ferment.
While the villages visited were all accessible only by dirt path, they had electricity, bicycles, often tiny tractors and among young people, the first hints of an interest in fashion. 
A teen-age girl was toiling one evening in the fields, arranging stacks of grain -- a timeless scene, except that she was wearing a bright-red blazer.
""They control religion pretty tightly,"" said a 29-year-old Tibetan peasant who seemed to fit in the middle of the spectrum of opinion. 
""But life's getting a lot better for us. 
Most folks have televisions, and a few even have a color television. 
So life's getting more comfortable, and a lot of us are reasonably satisfied.""",3,tibet,HWBUSH,HW Bush (1989-1992),CATEGORY_4,"lama, dalai, tibetans"
INFERNO IN CHINA_ FINALLY THE RAINS CAME.txt,"ï»¿
THE GREAT BLACK DRAGON FIRE 1
A Chinese Inferno.
By Harrison E. Salisbury.
Illustrated. 180 pp. 
Boston:
Little, Brown & Company. 
$17.95.
In terms of sheer destruction and ecological damage, the fires that swept the Hinggan forests of Manchuria and Siberia in May 1987 rank as one of the worst environmental disasters of this or any other century. 
The fires were more than 10 times the size of last year's fires in Yellowstone National Park. 
Yet little is known about them outside China and official circles in the Soviet Union. 
Even among experts, there is only sketchy information on possibly the world's largest forest fires in the past 300 years, conflagrations that blackened an area almost the size of New England.
Harrison E. Salisbury, the distinguished former New York Times correspondent and the author of, among other books, ''The Long March: The Untold Story,'' is one of the few foreigners to have visited the remote, devastated region. 
''The Great Black Dragon Fire'' is the sobering story of a catastrophe whose full impact has yet to be measured or understood. 
The Chinese are convinced that the fires affected their climate, and there has been speculation that they may have further damaged the fragile ozone layer.
The Greater Hinggan Forest was the world's largest stand of evergreens, stretching like a green velvet sea, approximately 500 miles long and 300 miles wide. 
It is bisected by the Heilongjiang, or Black Dragon, River (known in the West by its Russian name, the Amur), which forms the border between Chinese Manchuria and Soviet Siberia. 
Before the fires, the Manchurian part of the forest accounted for a third of China's timber reserves.
There had been a prolonged period of dry weather, and the danger of fire was high on both sides of the river in the spring of 1987. 
From Mr. Salisbury's description, it would seem that the Chinese fire prevention and detection methods and firefighting resources were primitive by American and Canadian standards. 
Despite the hazardous condition, people smoked in the forest, built campfires and used unsafe logging practices. 
From natural and accidental causes, a number of fires broke out about the same time in Manchuria and Siberia, quickly consolidating into several large ones.
One known cause was Wang Yufeng, an 18-year-old who was temporarily working as a brush cutter. 
Ironically, brush cutting is done to reduce the danger of fire, but the inexperienced teen-ager violated every safety rule and, as Mr. Salisbury notes, became a modern Chinese version of Mrs. O'Leary's cow. 
He overfilled his machine, spilling gas, which ignited from an engine spark and set the machine and the grass on fire. 
It jumped to the trees and flashed into a raging inferno that destroyed the town of Xilinji. 
(The hapless young man was whisked off to jail even as the alarms were sounding.) Thus began one of the largest Black Dragon fires. 
The monthlong battle was fought by Chinese Army troops, the local inhabitants and what appears to have been a small number of professional firefighters. 
Missing were the battalions of trained forest firefighters who are deployed in the American West and specialized apparatus, effective communications and airplanes that drop fire-retardant chemicals. 
There was no contact between the Chinese and Soviet commands that were fighting fires on each side of the river.
Mr. Salisbury's interviews with the people involved reveal the strength of the human spirit when faced with overwhelming tragedy. 
There were some notable cowards and incompetents, but there were more heroes. 
Most of the inhabitants of the Manchurian timber towns did the best they could as the fiery monster devoured their homes and livelihood and killed their families and neighbors. 
No one really knows how many died, but Mr. Salisbury believes the official Chinese report of only 250 is far below the actual toll.
As the Mayor of Xilinji, Wang Zhaowin took firm command, anticipated the tricks of the wind and saved thousands of lives by evacuating her people from the river - where they would have been trapped - to an open road junction. 
Incredibly, 18,000 people huddled at the crossroads as flames fanned by a 40-mile-an-hour wind engulfed the town. 
(Later, her bitter reward was to be relieved of her job by the provincial government.) The Black Dragon fires burned until it rained in early June. 
When they were over, China had lost more than three million acres of timber. 
The total damage is estimated at more than $4 billion. 
The long-range environmental impact has yet to be calculated, but the outlook is grim. 
It could be several generations before the dominant larch evergreens grow again, and the Hinggan forest may never be the same.
One can only guess at what happened on the other side of the river in Siberia. 
Between 9 million and 15 million acres are believed to have burned there - at least three times larger than the area destroyed in Manchuria. 
Despite glasnost, there has been no report from the Russians. 
What may have been the greatest forest fire in history remains a nonevent in the Soviet Union.
Mr. Salisbury's book penetrates some of that secrecy and provides a fascinating look at a remote pocket of the world. 
It is also a dramatic and compassionate account of the people who live there and the disaster that befell them. 
And ''The Great Black Dragon Fire'' is another warning to everyone who is concerned about what is happening to planet Earth.",3,tibet,HWBUSH,HW Bush (1989-1992),CATEGORY_4,"lama, dalai, tibetans"
Lawmakers Cheer Tibetan in Capitol Rotunda.txt,"ï»¿
Tibet's exiled spiritual leader, the Dalai Lama, speaking to a receptive gathering of members of Congress today in the Capitol rotunda, appealed to the United States to aid Tibet in its struggle against Chinese Government control.
Setting aside his prepared text to speak in halting English about what he termed the ""universal responsibility"" Americans should feel for conditions in Tibet, the Dalai Lama was greeted with applause and cheers from several hundred people in attendance.
China filed a formal protest objecting to the Dalai Lama's travels, which included today's address to Congress and a meeting at the White House on Tuesday with President Bush.
The Chinese Government has maintained that the Dalai Lama, a Buddhist monk, is an outcast and troublemaker who is encouraging other countries to meddle in China's affairs.
Until this visit, the White House has maintained its distance from the Dalai Lama in favor of cordial relations with China. 
But this time the Dalai Lama gained entry to the highest levels of Government when President Bush, once an American envoy to China, met with the religious leader at the White House for 30 minutes on Tuesday.
Marlin Fitzwater, the White House spokesman, said the President's meeting with the Dalai Lama had led to a protest, but the White House expressed no regret over the decision.
Mr. Bush's decision to meet with the Tibetan drew praise from ideologically disparate members of the House and Senate who had initially wanted the Dalai Lama to address a joint meeting of Congress. 
House Speaker Thomas S. Foley and the Senate Majority Leader, George J. Mitchell, who shared the stage with the Dalai Lama, turned down that request and gave permission for the rotunda ceremony instead. 
""The joint session is not taking place because of various reasons,"" Senator John F. Kerry, Democrat of Massachusetts, said in remarks on the floor of the Senate today, ""but I think most realistically because we do not want to offend China.""
An aide to Mr. Foley said holding the ceremony in the Capitol rotunda was unusual enough to convey heightened respect for the Tibetan leader and sympathy for his cause.
""As His Holiness and the people of Tibet move forward on their own great journey, we stand with them,"" said the Senate Minority Leader, Bob Dole. 
""We stand with them and we want the People's Republic of China to hear this message. 
We stand with them.""
The Tibetan leader, who has lived in exile in India for 32 years, wore the scarlet and yellow robes of a Tibetan Buddhist monk and acknowledged the applause with his palms pressed together and his fingers pointing upward.
""Here I enjoy the freedom of speech, freedom of talk, freedom of movement,"" the Dalai Lama said. 
""You, this nation, I think very much involved or very much cherish these principles. 
However when I was about 15, I lost that freedom.""
Â 
Nobel Prize in 1989
The Dalai Lama, who was awarded the Nobel Peace Prize in 1989, governed Tibet until his flight in 1959, after Chinese forces took control. 
The United States officially recognizes Tibet as a part of China.
A spokesman for the Chinese Embassy said that Beijing was ""firmly opposed"" to the Dalai Lama's travels on behalf of a Tibetan state and that it had lodged a strong protest with the United States Government. 
""It is unacceptable to the Chinese Government for officals of any country to meet the Dalai Lama or his representatives in any form,"" he said.
But the Dalai Lama, in his prepared remarks, urged other nations to take a ""stronger stand"" toward China on the matter of human rights in Tibet.
""Recently, the United States has led the international community in freeing a small country from cruel occupation,"" the Tibetan leader said. 
""I am happy for the people of Kuwait. 
Sadly, all small nations cannot expect similar support for their rights and freedoms.""
A ""new world order"" without freedom is oppression, he said.
The Dalai Lama won support from his supporters in Congress and the Senate passed a resolution supporting Tibet's right to self-determination.",3,tibet,HWBUSH,HW Bush (1989-1992),CATEGORY_4,"lama, dalai, tibetans"
Man in the News_Prophet of the Middle Way.txt,"ï»¿
A fundamental tenet of Buddhism is that the path to salvation runs between the extremes of self-denial and self-indulgence. 
Therein lies a hint of the path by which the Dalai Lama, spiritual and temporal leader of Tibetan Buddhists, eventually hopes to return from exile.
The cause of 54-year-old Tenzin Gyatso, the Dalai Lama, 14th earthly incarnation of Avalokiteshvara, Lord of Compassion, was bolstered yesterday when he was named winner of the 1989 Nobel Peace Prize.
Sixteen months ago, when the Chinese, who have occupied Tibet for 39 years, said they would let him return if he renounced independence, the slight, soft-spoken, seemingly ever-smiling Dalai Lama rejected the offer, but left the door open to compromise.
''I am trying to find some other way, a middle way,'' he said. 
''We need more patience.''
Two months later, he recognized China's right to determine Tibet's foreign policy and even to maintain troops on Tibetan soil, but called for creation of a ''self-governing, democratic political entity'' in association with China.
Â 
'A Question of Holiness'
With hard-liners holding the upper hand in Beijing, that middle path seems blocked. 
And so for now - in the humble, detached manner that has irritated militant Tibetans and impressed the Nobel Committee -the Dalai Lama may have to continue preaching nonviolence as the only practical path to Tibetan freedom.
''Nonviolence is not a question of holiness,'' he once said. 
''It is a question of reality.''
There are six million Tibetans and a billion Chinese, he pointed out, and China has tens of thousands of troops in Tibet.
Still, practical detachment is no measure of ardor. 
In an interview in August, the Dalai Lama observed that freedom is a human need, adding, ''It may be even more than human.''
''I have a cat,'' he said. 
''People feed this cat. 
They pet this cat. 
They give the cat everything he needs. 
But every time the window is open just a little, he runs away.''
Â 
The Awaited Sign
The son of peasant parents from the Kokonor region of northeastern Tibet, the future Dalai Lama was born on June 6, 1935 - the day the 13th Dalai Lama died. 
By Mayahana Buddhist tradition, that passing inspires a wide-ranging search by the most venerated monks for the next god-king.
And so, when an array of objects was placed before the 2-year-old and he immediately grabbed one that belonged to the 13th Dalai Lama, it was the awaited sign that the embodiment of Buddha had been reincarnated. 
On Feb. 
22, 1940, in the holy city of Lhasa, he was enthroned and immediately moved into the Potala, a 1,000-room palace overlooking the city.
But there was a prophecy at the time, that the 14th Dalai Lama would one day leave Tibet, to return later, still the Ocean of Wisdom, which is what Dalai Lama literally means.
In 1950, the 12th year of his reign, China invaded and grabbed power from the Dalai Lama. 
Then, after Chinese troops crushed an uprising in 1959, he trekked across the border into India, soon followed by 100,000 other refugees. 
Since then, he has headed a government in exile based in the Himalayan town of Dharmsala.
In exile, the god-king's way of life is ascetic. 
Rising at 2 A.M., he meditates for several hours a day, eats two small meals, putters in his garden, tinkers with machines and studies world issues.
Â 
Of Wide Learning
Although schooled exclusively by the monks in his childhood, the Dalai Lama has shown a prodigious capacity for learning about the more material aspects of life. 
Among his studies have been mathematics, geography, English and the social sciences.
He is the author of several books on Buddhist theology and practice and has written an autobiography. 
In 1987, he won the Albert Schweitzer Humanitarian Award.
The purpose of his exile, the Dalai Lama insists, is to rally world support for the preservation of Tibetan culture until the day independence is restored. 
''The world community has a responsibility to preserve one of its ancient cultures,'' he said in March. 
Tibetans assert that more than 6,000 of their temples have been destroyed by the Chinese since 1959, their treasures often stolen and sold.
But he also sees his role as promoting world harmony, particularly through the Buddhist notion of self-improvement. 
''Without inner peace, it is impossible to have world peace,'' he told 5,000 people on a visit to St. Patrick's Cathedral in New York in 1979.
''Through compassion, through love, it is possible to become a true human family,'' he said. 
''Through love, we can have true happiness, real disarmament.''
Global though his concerns may be, the Dalai Lama never seems to lose his impish sense of delight. 
Asked once what he missed most about Tibet, he said, ''Yaks.''",3,tibet,HWBUSH,HW Bush (1989-1992),CATEGORY_4,"lama, dalai, tibetans"
Mongols to Elect New Parliament With China Watching the Results.txt,"ï»¿
Mongolians go to the polls Sunday, in some areas by horse or camel, to vote in sharply contested parliamentary elections that are in part a referendum on the pace of the nation's transition to democracy and a market economy.
The campaign is a triumph of pluralism, with a dozen political parties representing the interests of everyone from shepherds to capitalists. 
But many Mongolians say they have lost the enthusiasm that they felt for the first competitive election, held two years ago in the aftermath of the democratic revolution that ended seven decades of Communist rule.
""I was very excited by democracy when it first arrived,"" Ninj, a 55-year-old housewife, said as she prepared dinner over a fire in her ger, the traditional white felt tent in which many Mongolians still live. 
""I thought everything would get better, but in fact not much has changed. 
I'm very disappointed.""
Â 
At Issue: Pace of Change
While each party has a different platform, the main issue facing the new Parliament is the pace of democratic change. 
The governing party, the former Communist Party, is privatizing the economy and freeing the press, and seems committed to continue doing so, but an opposition victory would probably accelerate the process.
Ms. Ninj, who like most Mongolians uses one name, said she would vote for the former Communist Party, formally known as the Mongolian People's Revolutionary Party. 
The Party had intended to modernize by dropping the word ""Revolutionary"" from its name, but in the meantime, a Buddhist monk registered his own party called the Mongolian People's Party and so the former Communists are stuck with their old name.
""I got used to the Mongolian People's Revolutionary Party when I was young,"" said Ms. Ninj as she sat in her ger, which is 20 feet in diameter and has a smoke hole in the top. 
""And so that's who I'm going to vote for.""
The generation gap cuts across this ger, as it does all Mongolia. 
Ms. Ninj's 25-year-old daughter, Ulziy, said she would vote for the newly formed Capitalist Party. 
Ms. Ulziy said she thinks the Capitalist Party will lower tariffs and allow the import of the food and clothing that Mongolia lacks.
Ms. Ulziy has another reason to support the new democratic forces: They helped overturn the Communist policy that banned abortion and all forms of artificial birth control. 
The Communists felt that Mongolia needed more than its 2.1 million inhabitants in a country about three times the size of Texas. 
But Ms. Ulziy already has two children and thinks that is plenty.
The voting here in Mongolia could reverberate across the border into the Inner Mongolia region of China, where nationalism has been rising among ethnic Mongols ever since Mongolia's free elections in 1990. 
The Mongolian People's Revolutionary Party won those elections after it renounced Communism, and China clearly hopes that it will win again on Sunday.
Â 
Beijing Aids Party Paper
Last year China even intervened in Mongolian politics, donating 500 tons of newsprint to the newspaper published by the Mongolian People's Revolutionary Party. 
China apparently worries that if the former Communists are voted out of power in Mongolia, China's Mongols will be inspired to seek democracy or independence.
The elections will choose the members of a new 76-member Parliament, which will replace the previous, much larger legislature. 
President Punsalmaagiyn Ochirbat, a former Communist who says he has turned a new leaf, is not up for re-election.
The architect of the democratic revolution two years ago, Zorig, is today the chairman of the main opposition coalition. 
Mr. Zorig, who now teaches politics, is 29 years old and reflects the general youthfulness of the campaign. 
Nearly 40 percent of the 300 candidates are 30 years old or under, while only 25 percent are 46 or more.",3,tibet,HWBUSH,HW Bush (1989-1992),CATEGORY_4,"lama, dalai, tibetans"
More in China Willingly Rear Just One Child.txt,"ï»¿
Gong Daifang, a 36-year-old peasant, has made a decision that her ancestors probably would never have understood: her 10-year-old son is enough, and she will not have another child.
Even when local leaders in this brick-and-mud village in Sichuan province offered to allow her to have a second child, she decided that for practical economic reasons she would have only one, instead of seven like her own mother.
''My husband and I thought it over, but we believe that this way we can save money and lead a better life,'' Miss Gong explained. 
China's population, the world's largest at 1.1 billion, is still increasing. 
But there are indications of a revolution in attitudes, with more and more Chinese couples falling in line with the nation's one-child policy as a matter of choice rather than compulsion. 
In view of the changing attitudes, some experts are predicting that China's population will actually decline after peaking in the early 21st century.
Coercion still underlies the one-child policy, and the rationing of the right to become pregnant remains a source of tension and bitterness in many parts of China. 
Many peasants grumble that the policy is not always carried out fairly, or should not be applied to them until they give birth to a son. 
Even Government officials acknowledge that some women are probably still forced to have abortions, and that many parents would like more children than they are allowed.
But there is little doubt that young people's attitudes are changing and that China's family planning campaign has much broader support than it did.
Interviews over the last year with families in scattered parts of China, including rural areas in Sichuan, Hunan and Gansu provinces as well as in Beijing, suggest that many young people today want only one or two children and that the traditional Chinese enthusiasm for large families is rapidly declining.
Deng Daoyun, a 24-year-old peasant who lives in the picturesque Sichuan hamlet of Sancun, 40 miles north of the city of Chengdu, is proud of her 3-year-old son but said she was happy to stop where she was.
''One child is enough. 
More kids, more nuisance,'' she said, mocking the old saying that goes, ''More sons, more joy.''
Liao Zhenxiu, a housewife in Duanjiaba, pointed at her television set and tape recorder as the reasons for not having a second child. 
''If I had lots of kids, how could I afford these things?'' she asked. 
''If you have lots of kids, you're poor.''
Â 
The Bottom Line Is Money
Two factors underlie the changing preferences. 
The first is the emergence of a quasi-market economy, in which a mother can get a job and earn more money if she has fewer children. 
The second is the institutionalizing of the Chinese Government's system of incentives and penalties that give enormous advantages to those who have just one child.
The incentives vary by region, but often a couple with just one child will get more land, a better house, a reduction in grain taxes and a subsidy amounting to about $15 a year -equivalent to more than a month's income for many poor peasants. 
On the other hand, those who have children without permission must pay fines annually for 10 years, amounting each time to 5 to 10 percent of the parents' income.
The upshot is that there is much less need today to drag women to abortion clinics, because cool calculation of the penalties may well lead them to seek abortions voluntarily.
It is clear that without the system of incentives and penalties, there would be more children. 
In Qinmi in Sichuan, 24-year-old Tan Wenbi cuddled her 20-day-old son and said she would have no other child. 
But asked what would happen if there were no one-child policy, she thought for a moment and then said that if that were the case she would like a girl as well.
In Tongzhi, a village in Hunan, 28-year-old Rong Maozi said she was delighted to have one boy and one girl. 
But if there were no pressure whatever, she said, she would continue to bear children.
''I'd like more kids, boys and girls, but they won't let me,'' she said. 
But her voice held no rancor, suggesting that more than a dozen years of propaganda about family planning have had an effect.
Â 
Acknowledging the Problem
''The lessons really have sunk in,'' said Aprodicio Laquian, a Filipino who recently completed a five-year assignment in China as country director of the United Nations Fund for Population Activities. 
''If you ask a person on the street if China has a population problem, they'll immediately say 'yes.'
''
Despite the new attitude, however, foreign experts and accounts in China's official press say the family-planning program faces severe problems in meeting its short-term targets. 
Chinese officials acknowledge that it will be extremely difficult to meet their goal of holding the population to 1.2 billion by the turn of the century. 
China now has 1.1 billion people, and the number is growing by more than 15 million a year. 
The principal challenges are these:
* China's baby boomers, born after the famine at the beginning of the 1960's, are now in their reproductive years and will produce an echo of the earlier baby boom.
* Many young Chinese are now so prosperous that they can afford the fines for having a second or third child. 
In some areas these fines are called the ''extra baby fee.''
* The Government no longer has such tight control over the country as it used to.
In Sancun, the family planning official, a woman named Zhuang Dazi, keeps record books of the menstrual cycles of all women in the village, and there has not been an unplanned child in a decade. 
But control mechanisms are disintegrating in some other parts of the country. 
Some women now travel away from their hometowns when they become pregnant, and give birth without ever registering their baby. 
And because of the decline in control, it is also possible for women to bribe doctors to remove their intrauterine devices, or IUD's, the most common form of birth control in China.
Â 
Misguided Short-Term Goals
China's population goals are at risk partly because the Government relaxed the Draconian controls it began implementing at the end of the 1970's. 
Some foreign diplomats worry that the authorities could institute a new policy including forced abortions and other harsh measures. 
But officials here, recalling the bad publicity China received around the world for such measures, say that will not happen.
''The situation is rather grave,'' said Shen Guoxiang, a spokesman for the State Family Planning Commission. 
''But that doesn't mean we should tighten control over family planning.''
While China will almost certainly miss its target for the turn of the century, that goal is widely regarded as misguided. 
If China had been more successful in carrying out its one-child policy, experts say, a result would have been a rapid aging of the population and social strains as a relatively small number of workers supports an unusually large proportion of retired people. 
Concern about this problem appears to be one reason why China is not implementing the one-child policy as strictly as it used to.
China's continuing population increase has more to do with demographics - half the population is 25 or younger, and so is still producing children or is yet to produce children - than with family size. 
But after this demographic bulge reaches middle age and retirement, the population is expected to contract. 
Accounts in the official Chinese press even muse that the nation's ''ideal'' population is 700 million, implying that this figure could be a longterm goal.
Â 
A Closer Look at the Statistics
Chinese officials and foreign commentators frequently say that Chinese women still have an average of nearly 2.5 children, despite the one-child policy. 
But this is misleading, Chinese and foreign demographers say. 
While China's total fertility rate is about 2.3, this statistic measures births for all women in their reproductive years, ages 15 to 49. 
Thus the figure includes some women in their 40's who bore three or four children long before family planning controls were introduced.
A more accurate reflection of the present situation is the distribution of births. 
More than half of all births are of first children, and an additional 25 to 30 percent are of second children. 
Only 15 percent of all births are of third children.
The family planning rules that achieved the declines in fertility differ by province, but here in Sichuan, couples can apply to have a second child if the first is sickly or if the parents are disabled and need help. 
In remote areas, couples can normally have two children and occasionally they are allowed three. 
Partly because of this relaxation, there are scarcely any accusations within China these days about forced abortions.
''The Government absolutely doesn't allow forced abortions,'' said Tan Sushun, director of the Sichuan College for Family Planning Professions. 
''When a woman is pregnant outside the plan, we give her education and tell her not to give birth. 
But if she really wants to, she can.''
Miss Tan acknowledged that some village officials do resort to force, against the rules, but villagers interviewed said they did not know of such cases. 
Indeed, force is usually unnecessary, for even the most strong-willed couple will normally wilt and agree to an abortion after months of reprimands and threats from village officials.",3,tibet,HWBUSH,HW Bush (1989-1992),CATEGORY_4,"lama, dalai, tibetans"
"Nepal_s Economy Is Gasping as India, a Huge Neighbor, Squeezes It Hard.txt","ï»¿
A dispute with India is forcing Nepal, one of the world's poorest and least accessible countries, to fight for its economic survival, a fight that is also testing its political stability.
New Delhi cut most of the landlocked kingdom's vital trade links to the outside world more than two weeks ago, and Nepal was shaken by student demonstrations on April 3 and 4. 
The protests became as anti-Government as they were anti-Indian. 
Universities in the Katmandu area were closed amid conflicting reports of casualties as the police suppressed the riots.
Lines at gas stations are long, straining tempers. 
The streets of Katmandu, the capital, are nearly devoid of cars, and travel around Nepal by air or bus is becoming more difficult. 
Forests are being stripped for cooking fuel.
In an interview Sunday, Nepal's Foreign Minister, Shailendra Kumar Upadhyaya, said Katmandu wanted to end its special relationship with India, which had become one of economic dependence.
''It is in our interest to let interdependence grow,'' he said of ties with India. 
''It is in our interest to see that our dependence on one country does not grow.''
Â 
Border Crossings Closed
Nepal, wedged between China and India, the world's two most populous nations, has only one reliable outlet to the sea, overland through the Indian port of Calcutta, more than 700 miles away.
On March 23, after a dispute over how to renegotiate lapsed trade and transit treaties, New Delhi suddenly closed 19 of 21 border crossings with this Himalayan nation, severing links not only to the port but also to northern Indian cities.
The Indians want a single pact. 
The Nepalese want two, as they have had since 1978, to separate their important transit rights from trade and commercial ties to India. 
The two accords were a concession made by a previous Government in New Delhi under Prime Minister Moraji Desai.
Foreign Minister Upadhyaya said Nepal had in the last few days proposed a new trade treaty that would include no special concessions but only most-favored-nation status, putting economic relations with New Delhi on a more equal footing. 
Indian officials have not responded.
At the end of March, two more agreements expired, covering Nepal's imports of petroleum products and coal through India. 
Almost immediately, there was a sharp drop in supplies of kerosene for cooking and gasoline for the buses and trucks that link remote villages to sources of food, medicine and other necessities.
Â 
Trees Cut for Fuel
Rationing of petroleum products has been introduced. 
Prices of other commodities like sugar, salt and processed foods, many imported from India, have risen.
Even protected trees have been cut to meet fuel shortages. 
Trucks arrive daily, bringing precious logs to be burned in cooking fires.
Chirin S. Thapa, a principal adviser to King Birendra Bir Bikram Shah Dev, called the damage to forests ''an unfortunate part of this emergency.''
He said the emergency measures could endanger the survival of Nepal's 18 million people.
Deforestation in Nepal, apart from eroding local hillsides, is contributing to flooding in India and Bangladesh as swollen Himalayan rivers rush down to the plains.
Interviews with Nepalese and Indian officials here and in New Delhi, Nepalese businessmen and journalists, and Western diplomats in Katmandu reveal a complex interaction of causes and perceptions that led to what the Nepalese say was a completely unexpected blockade by India.
Â 
Links With China a Factor
It is almost universally believed in Katmandu that the trade dispute was only a pretext for New Delhi to vent its displeasure with Nepal for an accumulation of grievances. 
Growing Nepalese-Chinese cooperation, culminating in Katmandu's purchase in August 1988 of Chinese antiaircraft guns, is a major factor.
The presence of Chinese contractors working on World Bank or Government aid projects in Nepal, especially near the border with India, has led to protests, Nepalese officials say.
Many Chinese consumer goods are on sale in Nepalese bazaars. 
Some, like small appliances and crockery, have displaced Indian products, although Nepalese officials say the trade gap with India continues to widen.
In addition, the fast-developing Nepalese tourist industry - a vital hard-currency earner - has in recent years ceased to be an appendage of Indian tourism. 
With direct air links to Europe, Southeast Asia, Pakistan, Bangladesh, Burma and Hong Kong, Nepal is bypassing Indian travel agents, airports and airlines.
Personal relations between King Birendra and Prime Minister Rajiv Gandhi are reported to be frosty. 
The 43-year-old King, who inherited the throne from King Mahendra in 1972, saw India annex the neighboring kingdom of Sikkim in 1974, and later, in Nepal's view, reduce the King of Bhutan to an Indian vassal.
Â 
A Martial Tradition
Diplomats say that the royal family, which dominates a party-less Government, is sensitive to the fate of Sikkim and Bhutan and concerned about Katmandu's independence. 
Nepal is the oldest nation in South Asia, with its own architecture, language and distinctive forms of Hinduism and Buddhism.
''They are proud of their martial tradition,'' a diplomat said. 
''Beneath this placid, gentle exterior, there is a determination there.''
Indian officials, who acknowledge their annoyance with Katmandu's Chinese arms purchases, say they are also perplexed by what they see as a new and inexplicably uncompromising attitude in Nepal, which has benefited from nearly 40 years of Indian aid and special trade concessions and an open- door policy for millions of Nepalese job seekers.
Indians say Nepal, apart from resisting a combined trade and transit treaty, refuses to reverse decisions that New Delhi regards as violations of a 1950 treaty of friendship between the two capitals that has been the base of their relations ever since. 
These violations include the levying of tariffs on Indian goods and the introduction of work permits for Indian nationals in Nepal. 
Nepalese in India are not required to have them.
A new trade treaty, initialed by Nepal and India last November, was rejected by New Delhi when the Nepalese would not withdraw tariffs, an Indian official said.
Â 
Government Is Criticized
If the economic crisis in Nepal is prolonged, the King and his Government will have to rely on the willingness of the Nepalese to stand behind their decision to defy New Delhi, and to make adjustments to lives that are already borderline for many.
Most Nepalese interviewed said they were strongly opposed to the large Indian presence in Nepal and to any attempts by New Delhi to dictate this country's policies.
But they were also critical of the Government, which they said has failed to develop the country or allow people effective democratic rights. 
Nepalese are limited to voting in party- less elections for local councils. 
Open criticism of the monarchy and the Government is rarely tolerated.",3,tibet,HWBUSH,HW Bush (1989-1992),CATEGORY_4,"lama, dalai, tibetans"
POPULATION POLICY IN ASIA IS FAULTED.txt,"ï»¿
Serious flaws in family-planning programs in China and India make it unlikely that the world's two most populous nations will be able to stabilize growth until well into the next century, by which time they may have added more than 1.5 billion people to the world's population, according to findings published this week by the independent Population Crisis Committee.
The problem is especially acute in India, the research group says. 
India, with a population of about 882 million that is growing 2.1 percent a year, is likely to overtake China as the most populous country by 2035, the committee says; India's population may reach 2 billion before leveling off.
China, with about 1.165 billion people, is likely to stabilize at about 1.5 billion, the group says.
The world's population is estimated at 5.4 billion.
Â 
Burdens on the Environment
The continued growth in India and China contributes to an intensifying crisis in ecological and human resources in large areas of Asia, where land is being rapidly degraded by overuse, water supplies are under strain and agriculture must struggle to stay ahead of soil and water depletion.
Throughout Asia, there is no longer time to let economic development lead to smaller family size, as happened in industrial nations. 
Some Asian nations, led by South Korea, Thailand and Indonesia, have made significant reductions in population growth through effective family planning.
""For people who are concerned about problems like global warming, ozone-layer depletion or world poverty, we just have to be vitally interested in the success or failure of the Chinese and Indian programs,"" said Sharon L. Camp, senior vice president of the Population Crisis Committee.
Copies of the reports are available for $5 each, including postage, from the Population Crisis Committee, 1120 19th Street, Washington, D.C. 
20036.
Â 
India 'Most Critical'
The studies of China and India conclude that the success of China's much-publicized population-control efforts have been ""exaggerated,"" and that most couples have not one, but two or three children.
The situation in India is more dire.
""From a demographic perspective, India may be the world's most critical country,"" the Population Crisis Committee says. 
Nearly half the illiterate people in the world live in India, where a third of the people suffer from malnutrition.
The studies -- ""India's Family Planning Challenge: From Rhetoric to Action"" and ""China's Family Planning Program: Challenging the Myths"" -- call for more international assistance to the two countries, and more receptivity in Beijing and New Delhi to outside advice and help.
Â 
U.S. Angry With China
Under the Reagan and Bush Administrations, however, Washington has denied family-planning aid to China because of coercive population-control programs, including forced abortions.
Under the influence of Republican conservatives, Washington also halted its contributions in 1985 to the United Nations Population Fund, citing its involvement in programs like China's. 
Washington supplied 20 percent of the fund's resources, and its withdrawal has hobbled the fund's work in both Asia and Africa.
The United States policy took shape in 1984, just before an international population conference in Mexico City, where Washington took a strong stand against abortion and population control in general. 
Abortions are used frequently in poor nations to regulate child-bearing.
Although Congress has been generous in appropriating money for programs in many other countries, and the United States Agency for International Development is a major contributor to family-planning programs worldwide, the policies on China and contributions to international organizations continue.
The reports on China and India, written by Ms. Camp and Shanti R. Conly, the committee's director of population policy analysis, fault both countries on the limited options available to women seeking contraception.
Â 
Flawed Technology
In India, sterilization (mostly of women) accounts for 70 percent of contraception. 
Because of the near finality of the method and the risks to health from unsterile operations, many women wait until they have had four or more children, Indian experts say.
In China, an outdated and often risky steel-ring intrauterine device is used by 60 million women, the study says. 
About 36 percent of women rely on tubal ligation.
The roots of the problems are different. 
In India the Government has pledged a renewed effort to slow population growth, but many earlier efforts have been undercut by cultural resistance and a lack of political will. 
Conversely, in China, the determination of the Government to cut growth drastically led to Draconian measures that also aroused opposition.
But the Population Crisis Committee study found similarities in the shortcomings of the two nations' programs.
""Local programs in China and India are typically characterized by poorly trained personnel who lack both the interpersonal skills and technical knowledge necessary to adequately counsel clients on the risks and benefits of contraceptive measures,"" the committee said.",3,tibet,HWBUSH,HW Bush (1989-1992),CATEGORY_4,"lama, dalai, tibetans"
Q&A.txt,"ï»¿
Jumping Chinese
Q. If all the people in China were to jump up and down all at once, would it affect the Earth's orbit?
A. The Earth's orbit would be unaffected, though a simultaneous hop by the 1,133,687,501 people reported to live in China on July 1, 1990, would release approximately as much energy as the magnitude-4 earthquake in Westchester County, N.Y., six years ago, according to calculations by the seismologists at the Lamont-Doherty Geological Observatory of Columbia University.
Using just a round billion people weighing an average of 50 kilograms jumping one meter in the air, they came up with an energy release of 1018 ergs, or 1 followed by 18 zeros, said Nano Seeber, one of the seismologists. 
An erg is the force required to move one gram by one centimeter.
Even a jump by the whole population of the world, about five billion people, would not alter the Earth's orbit, Mr. Seeber said. 
The only things that would do so would be the loss of a large piece of the Earth or the impact of a large outside agent, he said. 
The hop's action and reaction would cancel each other.
Â 
Eliminating Alcohol
Q. How long after a person stops drinking does it take for all alcohol to be removed from the body?
A. The National Institute on Alcohol Abuse and Alcoholism of the National Institutes of Health estimates that alcohol is cleared at a rate of approximately 100 milligrams per kilogram of body weight per hour, or about half an ounce of pure alcohol every two hours, so that if a person ingested approximately three drinks in a half-hour period, it would take about six hours for that alcohol to leave the body.
Dr. T. K. Li, an alcoholism researcher at the Indiana University School of Medicine, emphasized that the speed could vary widely, as much as threefold, because of the range of individual variation in factors like body weight and blood alcohol levels.
Readers are invited to submit questions about science to Questions, Science Times, The New York Times, 229 West 43d Street, New York, N.Y.",3,tibet,HWBUSH,HW Bush (1989-1992),CATEGORY_4,"lama, dalai, tibetans"
"Quiet Tibetan Influx_Devout, Exiled but Kept Out by U.S.txt","ï»¿
Pema Tsering's escape from Tibet began 30 years ago with a nighttime trek through the Himalayan mountains and ended three weeks ago on an Alitalia jet to Kennedy International Airport. 
With hot buttered tea and steamed beef dumplings, New York's entire Tibetan community turned out to help him celebrate, fitting comfortably into a small East Side restaurant.
For the 500 Tibetans in the United States, Mr. Tsering's arrival was a very big deal, the beginning of a wave of Tibetan migration to the United States that will ultimately quadruple their minuscule but passionate exile community. 
It was made possible when Congress authorized 1,000 special visas for Tibetans.
Although Tibetans have been fleeing the Chinese occupation of their homeland for 40 years, the United States has never granted them refugee status. 
Like tens of thousands of other Tibetans in India and Nepal, Mr. Tsering, who is 42 years old, lived for decades in a refugee settlement, stuck in an odd sort of limbo with no country to call his own.
Tibetans register only a blip in the great human drama of international migration, but immigration experts say their story highlights just how political, and how arbitrary, the refugee policy of the United States really is.
Â 
Working With Dalai Lama
The resettlement of the 1,000 Tibetans, scheduled to arrive over the next 3 years, also represents an unusual effort, organized and financed not by a government but by a national network of volunteers -- a small subculture of Tibetans and friends of Tibet working with the Dalai Lama's exile administration in Dharamsala, India.
""I personally see the resettlement project as a fantastic gift from America to Tibetans, which has been very late in coming,"" said Losang Gyatso, president of the Tibet Association in New York. 
Mr. Gyatso is a senior vice president at Lintas New York, an advertising agency, where he works as a creative director on the Diet Coke account.
Early this month, gazing upward at ""enchanting skyscrapers,"" Mr. Tsering stood on a Manhattan street corner in the Murray Hill neighborhood that could be called Little, or Tiny, Tibet. 
It was far from the jungly Tibetan village where he was born, far from the mountainous Nepalese terrain where he labored on road gangs as a boy and far from the refugee camp in India where, until last month, he worked at a Tibetan school.
As the ever-present sirens of New York wailed, he spoke with calm about his childhood vision of the United States, taking a metaphorical step beyond the typical immigrant's dream of streets paved with gold.
""When I was little, in my village, we believed that America had made a spiral staircase from the Earth reaching to the moon,"" Mr. Tsering said. 
""And each stair was extremely wide, planted with a wild field of crops. 
And beyond each stair there was another, waiting to be developed.""
It was a plain, linoleum-covered staircase that Mr. Tsering climbed that first night to the new apartment in Murray Hill he was to share with Tashi Dorjee, the second of 18 Tibetans to arrive in cities across the country last month. 
The apartment is still largely unadorned, but Mr. Tsering and Mr. Dorjee have constructed a colorful altar to the Dalai Lama, whom Tibetans call His Holiness, on a mud-brown bureau from the Salvation Army.
New York City's Little Tibet, where the new immigrants live, is so petite as to be mostly invisible to others in that part of Manhattan -- the 30's between First and Third Avenues. 
Besides the apartments of individual Tibetans, it consists of two restaurants and a brownstone, which houses the Office of Tibet, Tibet House and a bookstore. 
A sign on the brownstone door typifies the mellow Tibetan style: ""While opening the doors, please be gentle with the door handles.""
The 120 New York-area Tibetans, the biggest Tibetan community in the United States, are scattered from Murray Hill through Long Island, New Jersey and Connecticut. 
They get together several times a year, particularly for Tibetan National Day on March 10, when they demonstrate for Tibetan independence at the United Nations, and for the Dalai Lama's birthday on July 6, when they retreat to the mountains for an extended picnic, draping their leader's portrait with multicolored scarves.
Â 
Immigrants and Advocates
Unlike other immigrants they are not linked by churchgoing; their practice of Tibetan Buddhism tends to be a very private affair. 
But they are fiercely cohesive in their politics, and they see the new arrivals, first and foremost, as colleagues in advocacy for a free Tibet. 
That is also how the new immigrants see themselves. 
""Our mission here is not to get rich -- well, who doesn't want to get rich?
-- but to speak up and enlighten the American people about the Tibetan situation,"" Mr. Tsering said.
The Tibetans have been displaced for decades by Chinese rule, which, they say, has resulted in a million dead, 120,000 in settlement camps, and a population in Tibet itself outnumbered by the Chinese, 6 million to 7.5 million. 
But the United States, unlike India, Nepal, Canada and Switzerland, does not allow Tibetans into this country as refugees.
Technically, this is because they are coming through another country -- Nepal or India -- willing to grant them residency. 
Politically, it is because the United States Government has been unwilling to offend the Chinese by acknowledging that Tibetans could have a ""well-founded fear of persecution,"" as refugees must under Federal law. 
China claims historical sovereignty over Tibet predating its military occupation of that country in 1950 and the Tibetan uprising, bloody and failed, in 1959.
Mr. Tsering's group of Tibetans is being allowed into the country not as refugees but as ""qualified displaced Tibetans"" under a special provision, sponsored by United States Representative Barney Frank, Democrat of Massachusetts, in the 1990 Immigration Act.
Â 
Fans, Gurus and Mormons
""It didn't make any difference to us what they were called, as long as they were provided haven,"" Mr. Frank said in a recent interview. 
He described their special status as ""semantic"" politics by the State Department intended to keep China happy.
The Tibetan U.S. 
Resettlement Project, based in New York City, is working to establish 19 ""clusters"" of Tibetans across the country, in cities including Minneapolis, San Francisco, Salt Lake City, Ithaca, N.Y., Portland, Ore., and Amherst, Mass. 
The project brings together an unusual assortment of volunteers, from Tibetan political enthusiasts to New Age gurus to Mormons.
Some volunteers spoke of the project with political fervor, like the national project coordinator, Tenzin Taklaj, a 26-year-old Tibetan-American in New York. 
""It is up to us here in exile to preserve our culture because it's being destroyed in Tibet right now,"" he said. 
""The more we are, the stronger we will be.""
And others sounded idealistic on a more cosmic level, like a volunteer, Jed Miller in Amherst, Mass., a chiropractor who said he uses Buddhist meditation to reduce his patients' stress. 
He referred to the value of the new immigrants' ""highly developed inner technology.""
The volunteer network was constructed over the last few years, as the organizers of the project persuaded members of Congress to support their effort. 
Since two earlier intiatives had failed to earn the Tibetans refugee status, the organizers -- Tenzin Tethong, now a minister in the exile Government of the Dalai Lama, and Edward J. Bednar, an American friend of Tibet since discovering the Tibetan Book of the Dead after ""a near-death experience"" -- decided to go another route. 
They promised to bring Tibetans in at no cost to the U.S. government, which spent about $7,000 a person to resettle Indochinese refugees.
Congress agreed to grant the Tibetans something every immigrant wants: an instant ""green card,"" allowing permanent residence in the United States, and full work authorization. 
The 500 Tibetans already living in this country arrived separately, on student visas or after marrying an American. 
The new immigrants, when joined by their families, will quadruple, at least, the Tibetan-American population.
""The Tibetans' situation has always been a clear illustration of the connection between immigration and foreign policy,"" said David Reimers, a New York University history professor and immigration expert. 
""But it also shows how immigration policy is made up of a whole series of weird things. 
Someone gets the ear of someone in Congress and these flukes happen, like instant legalization for 100 Burmese students, or, in this case, 1,000 Tibetans.""
The State Department authorized the Tibetan Central Administration of the Dalai Lama to choose the immigrants from 47 refugee settlements in India and Nepal. 
Half will be poor refugees, including those who recently left Tibet; the other half will be more educated and considered likely to succeed in the United States.
Â 
'Big Smiles, Open Faces'
Across the country, the Tibetans are sponsored by families with whom they live. 
Volunteers find them jobs before they even arrive in the United States. 
The Minneapolis coordinator, Tara Dadak, an American whose husband is a former Tibetan Buddhist monk, said, ""Tibetans come at you with big smiles, open faces and an ultra-American work ethic very pleasing to employers.""
After they adapt to life in America, which other Tibetans say won't take long, the new arrivals will face something familiar to all Tibetan-Americans: They will be considered exotics.
""A lot of people project onto Tibetans their own fantasies about Tibet,"" said Mr. Gyatso. ""Older Americans, in particular, who have known Tibet through National Geographic and 'Lost Horizon,' see Tibet as a very special place, like a crack in space or something. 
Which is terrific, in a way. 
But the negative side is that they don't want to confront the reality that the paradise has been shattered. 
They'd rather remember the Shangri-La.""",3,tibet,HWBUSH,HW Bush (1989-1992),CATEGORY_4,"lama, dalai, tibetans"
REFORM MOVEMENT GROWS IN MONGOLIA.txt,"ï»¿
The revolutionary changes in Eastern Europe appear to have swept eastward into Asia, with the Communist leadership in the remote nation of Mongolia preparing for a meeting on Monday that may lead to the ouster of its Politburo.
Wedged between the Soviet Union and China, Mongolia has only two million inhabitants, about half of them herdsmen who roam the nation's vast grasslands. 
It has long been under Soviet domination, but in the last three months an increasingly vocal democracy movement has pressed for more independence from Moscow and for the replacement of many top officials.
Responding to ever larger demonstrations and to hunger strikes by dissidents in the central square of the capital, Ulan Bator, President Zhambyn Batmonh announced on television Friday night that the Communist Party Central Committee would meet on Monday and consider the replacement of the entire Politburo.
Mr. Batmonh indicated that the Central Committee would move up the date of a party congress, which would elect a new leadership and institute policy changes. 
The President also said that leaders might call at the meeting on Monday for a national referendum to measure public confidence in the People's Great Hural, a rubber-stamp legislature.
Â 
Prospects for Change Unclear
A diplomat in Ulan Bator, reached by telephone from Beijing, said it was unclear whether changes in the Politburo would come as early as Monday or be delayed until the party congress. 
Nor is it clear whether the entire Politburo will be replaced or if some members, like President Batmonh, will remain on the new committee.
The diplomat said that Ulan Bator was quiet today, and that the hunger strike had ended Friday night after Mr. Batmonh's speech. 
A general strike proclaimed by the democracy movement also appeared to have been called off, the envoy said.
The democracy movement in Mongolia may have influence beyond its borders, in the Chinese region known as Inner Mongolia. 
The three million ethnic Mongolians living on the Chinese side of the border are said to be aware of the protests in Mongolia, and the authorities in Beijing appear to be nervous that unrest might spread. 
Prime Minister Li Peng already has called for vigilance against separatists among China's ethnic minorities.
A front-page article last month in China's official People's Daily praised officials in Inner Mongolia for spreading socialist ideology, and Beijing announced in January that it would boost investment in Inner Mongolia to create an industrial base.
Â 
Movement Born in December
Mongolia's democracy movement began in December with a few demonstrations of only a few thousand protesters, but it has gained momentum with its demands for greater political change, more prosperity and more assertions of Mongolian nationalism. 
The leadership has reacted with some criticism but primarily with accommodation, even giving live television coverage to a convention last month that brought the birth of Mongolia's first opposition party.
Prime Minister Dumaagiyn Sodnom said last month that he did not rule out the possibility of a multiparty system in Mongolia. 
But it is not clear to what extent the leadership as a whole is willing to give up power. 
Tserendashiyn Namsray, a Politburo member, was quoted on Radio Ulan Bator last month as saying there were differences of opinion within the Politburo on these subjects.
The second-oldest Communist regime in the world, behind the Soviet Union, Mongolia is unlikely to duplicate the changes in Eastern Europe, according to diplomats in Ulan Bator. 
They say that the bitterness in Mongolia is not as deep as it was in Romania or Poland. 
And while Mongolians are resentful of Soviet domination, the diplomats say, they also are wary that they might be vulnerable to pressure from China if they entirely leave Moscow's orbit.",3,tibet,HWBUSH,HW Bush (1989-1992),CATEGORY_4,"lama, dalai, tibetans"
"Salaxi Journal_For Chinese, an Ancient Scourge Loses Its Terror.txt","ï»¿
When Du Dayi found out that he had leprosy, the short, soft-spoken peasant was as worried about his neighbors as about the disease. 
In those days, more than four decades ago, Chinese villagers sometimes burned leprosy patients alive in an attempt to destroy a disease that they loathed like none other.
""People were afraid of us then and looked down at us,"" said Mr. Du, who has lost an eye as well as his nose to the disease, the latter affliction apparently distorting his speech. 
""But now it's no problem, and I can go around easily. 
I can even go to the bank!""
A hundred-odd villagers clustered around Mr. Du as he spoke and seemed a testimony to a monumental change in attitudes toward leprosy. 
The peasants in this remote village in south-central China were unconcerned about touching him and were staring wonderingly not at his severely disfigured face but at something they found even more astonishing: the face of an American interviewer.
Leprosy, which for thousands of years has been a scourge mainly of regions with warm climates, still afflicts some 4 million to 10 million people around the world, and hundreds of thousands of new cases are reported each year. 
But the number of victims around the world appears to have declined by more than half over the last decade, and in China and many other countries the progress has been enormous -- in fighting the disease and the fear that surrounds it.
""The struggle is being won; there's no doubt about that,"" said James A. Gittings, an officer of American Leprosy Missions, which fights leprosy in China and other countries. 
A multidrug treatment regime that became widely used in the 1980's has played a key role in the decline of leprosy, and doctors hope to conquer the disease by the year 2000 so that it is only a relatively minor problem in the third world.
Â 
An Energetic Campaign
In poor parts of China like this one, political issues like freedom of expression seem to many peasants remote and hazy compared with concerns of health and poverty, for villagers are far more likely to have seen a leprosy patient than to have seen a dissident. 
Responding to such concerns, the Chinese Government is campaigning energetically against leprosy and appears to be enjoying great success, for this is the kind of activity that the Communist Government does best.
If it sometimes outrages the West by mobilizing people against dissidents, it is also impressive in its ability to mobilize people against disease and other common threats. 
The authorities force doctors to work in remote areas, and while this may offend Western ideals of freedom it is nonetheless helpful in fighting a disease like leprosy.
""What they've managed to achieve is to reduce leprosy to a level where it's not really a public health problem any more, not a major contagious disease,"" said Dr. B. P. Kean, the representative in China of the World Health Organization. 
""They've done extremely well, especially in recent years.""
China claims to have only 30,000 reported cases of patients now undergoing treatment, down from about 100,000 a decade ago. 
Four decades ago, it says, there were 500,000, although all the figures in China and elsewhere are uncertain and not particularly reliable. 
There are often variations in methods of counting and in estimating the number of people who carry the disease but whose condition has not yet been diagnosed.
The rural-based attack on leprosy is evident here among the rock-littered hills of Guizhou Province, one of the poorest in the country. 
Doctors hike from village to village, explaining the symptoms of leprosy and looking for patients. 
Most victims are now caught in the early stages and are treated, free of charge, before they are disfigured.
""The biggest problem we face is that leprosy victims don't go to the doctor soon enough,"" said Liu Fangmin, the deputy director of the Salaxi Leprosy Hospital here. 
""We tell them that the faster they come to us, the easier it is to cure. 
But the biggest headache is still finding the leprosy patients.""
To overcome this problem, the medical authorities have begun to provide cash incentives, and consequently the easiest way to make a bundle of money in this poor area is simply to turn in a person with leprosy. 
The local government will pay the equivalent of $20 to anybody who reports such a person. 
Sufferers can even turn themselves in and claim the money, or doctors can turn in their patients.
The reward amounts to half a year's income for many peasants, and those who supply names are guaranteed secrecy -- because some villagers might resent it if they discover that a neighbor has fingered them.
Leprosy is an infectious disease that causes changes in skin color and deadens the sensation in various parts of the body. 
Because they do not feel pain, patients often injure themselves and as a consequence in later stages sometimes lose their fingers.
Despite an ancient misconception, leprosy is not easily spread and most healthy people seem to have a natural resistance to it. 
In any case, these days drugs can cure the disease in a period ranging from a few months to many years.
""When they are first diagnosed, the patients are afraid and feel they've been robbed of their dignity,"" said Wang Yongjuan, the health director for Bijie Prefecture, a poor region that encompasses Salaxi village. 
""But we tell them that they can be cured quietly, that we won't tell anyone about it. 
And they get their self-confidence back.""",3,tibet,HWBUSH,HW Bush (1989-1992),CATEGORY_4,"lama, dalai, tibetans"
Shanghai Journal_China Slipping Into a More Comfortable Sex Life.txt,"ï»¿
The largest population in the world is proof that it must go on, but sex in China is still laced in secrecy more than sensuousness.
Only recently have social scientists shed light on what happens in the Chinese bedroom -- or, given the acute housing shortage, the living rooms, kitchens, closets and fields to which couples must sometimes resort.
The new research suggests that many young Chinese are enjoying their own sexual revolution. 
That tends to be confirmed by the incidence of venereal disease, which by some official accounts is rising by about 70 percent a year.
A mammoth new survey, already described as the Chinese ""Kinsey Report,"" has led the way in charting the changing mores of the post-Mao period. 
The study, which is expected to be published as a book at the end of this year, profiles a society that remains fundamentally prudish, yet one that is becoming more free-wheeling at the youthful and intellectual fringes.
Â 
Interviews With 23,000 People
To be sure, ""free-wheeling"" in a Chinese context may mean little more than removing one's clothes. 
The new survey, which was based on interviews with 23,000 people of all ages and backgrounds, in 15 provinces, found that 60 percent of those surveyed ""often or sometimes"" were naked during sex. 
The researchers thought that was surprisingly high.
""This is quite different from how it used to be, suggesting that with the reform and opening policies, people are more liberal about sex,"" Liu Dalin, a Shanghai sociologist who is the architect of the survey, wrote in a recent unpublished essay.
Foreplay is often rudimentary or nonexistent, the survey found, perhaps because many couples keep as much clothing on as possible. 
Among peasants, 34 percent engaged in less than one minute of foreplay.
Â 
'How to Conceive a Son'
""Older people don't understand the idea of foreplay,"" Professor Liu, one of China's best-known researchers into the erotic, said in an interview.
Mr. Liu has written some 41 books, including many recent best sellers about sexuality. 
But Chinese publications are very tame by Western standards, and the priority of many peasants seems to be less along the lines of ""The Joy of Sex"" than something like ""How to Conceive a Son.""
Partly because of the hasty and purposeful manner with which sex is apparently conducted, more than a third of women reported pain during intercourse. 
The survey did not ask about female orgasm, for fear that many respondents would not understand the concept, but only a third of urban women and a quarter of rural women said they ""very often"" felt pleasure during intercourse.
""We don't know how to estimate, but we think that female orgasm is very rare,"" Mr. Liu said. 
""One reason is that traditionally women are very modest and suffer from closed minds and pressure not to feel too much pleasure. 
Another reason is that husbands engage in little foreplay and lack the knowledge and skills to elicit orgasms in their wives.""
Shanghai and some other cities now offer ""School for Newlyweds"": a special class in which new couples are given a basic introduction into sexuality and contraception. 
Giving satisfaction to the woman is among the topics now addressed.
While Mr. Liu's survey is one of the largest conducted anywhere in the world about sexual behavior, he acknowledges that there are flaws in it.
Perhaps the most important is that the sampling often has not been very scientific, and that rural respondents accounted for only one-quarter of the total -- even though they make up about three-quarters of the population. 
In addition, those rural areas chosen for the surveys were somewhat more prosperous and educated than the Chinese countryside as a whole. 
As a result, China as a whole may be even less sensuous in its sex life than the report would suggest.
China has no Judeo-Christian tradition associating illicit sex with sin, and rather seems to regard sex less as a matter of morality than as an issue of propriety and decency. 
In ancient times, China was much more open about sex, and one of the great works of ancient literature, ""The Golden Lotus,"" brims with explicit descriptions of the under-the-covers activities in a wealthy household. 
China recently published the first unexpurgated version of ""The Golden Lotus"" since the Communist revolution, but only scholars may buy it.
Â 
The Times Are Changing
""We never used to talk about sex, but there has been a dramatic change,"" said Hu Jinhua, the editor of Shanghai Public Health News, a daily newspaper. 
""In the 1980's sex education was even introduced in the schools, with Shanghai in the lead. 
The change has been very rapid.""
The shift in attitudes is most pronounced among young Chinese, especially university students. 
More than 78 percent of the students questioned in Professor Liu's survey approved of premarital sex, and 90 percent of the students said China's sex education policies are too conservative.
Fewer than 11 percent of the students said they had any sexual experience, but this may reflect opportunities more than appetites. 
University students are often housed six or eight to a room, so arranging a rendezvous is difficult, and in any case students risk expulsion if they are caught sleeping together.
""We've been pretty much Westernized,"" said a woman who graduated recently from one of Shanghai's best universities. 
""Sex was regarded as no big deal, and while the school authorities discouraged us from falling in love, most of us had boyfriends.""",3,tibet,HWBUSH,HW Bush (1989-1992),CATEGORY_4,"lama, dalai, tibetans"
THE CALIFORNIA QUAKE_At Least 18 Dead in Tremor In Rural Area of North China.txt,"ï»¿
A series of earthquakes rattled northern China late Wednesday and early today, killing at least 18 people and flattening about 8,000 houses in a largely rural area, the authorities said.
Officials of the State Seismological Bureau said the quakes were not related to the tremor in Northern California on Tuesday.
The bureau said that five tremors, registering up to 6.0 on the Richter scale, shook an area along the Shanxi-Hebei provincial border and that at least 28 people had been injured.
The first quake, measuring 5.7, was felt in Beijing, about 135 miles to the east, but there were no reports of injuries or damage in the capital.",3,tibet,HWBUSH,HW Bush (1989-1992),CATEGORY_4,"lama, dalai, tibetans"
The Mystique of Tibet.txt,"ï»¿
TIBET is manifest proof of the smallness of human beings. 
The Himalayan landscapes are so vast, so bereft of any inhabitants except the odd nomad, that here it is the land that has shaped the people instead of the other way around. 
When Tibetans die, they do not build tombs; they leave the corpse for the vultures to devour. 
Occasionally the Government makes an effort to tame the plateau, to show who is boss, by carving a road through the emptiness, but nature gets its revenge by bogging down vehicles in snow or mud.
It is from the roof of the Potala Palace, where the Dalai Lama as a boy rigged a telescope to study ordinary people as they strolled among the yaks on the streets below, that Tibet is at its most magnificent. 
As Tibetan pilgrims shuffle by, turning prayer wheels and mumbling chants before disappearing into little chapels to light yak-butter candles, the mysticism and beauty of the land are simply overpowering.
Tibet inspired the notion of Shangri-La, and it retains a remoteness and exotic quality now rare elsewhere in the world. 
The Tibetan pilgrims who prostrate themselves in the dust have nothing but their faith, but they count themselves as very rich indeed -- for they have been able to make the holy journey to Lhasa. 
The pilgrims clutch prayer wheels as they walk clockwise around the Jokhang Temple, according to ritual.
In recent years, to be sure, Tibet has been an unhappy sort of Shangri-La. 
It had links over the centuries with the Chinese empire, and in 1950 the newly installed Communist Chinese Government used those relations to justify sending its army to ""liberate"" Tibet, which it claimed was part of China. 
These days there is a Tibetan Government in exile, but the United States and other Western governments recognize Chinese sovereignty over Tibet -- while urging Beijing to halt the torture and repression there.
In the mid-1980's there seemed to be some hope for a compromise between the exiled Dalai Lama and the Beijing authorities, but then pro-independence demonstrations erupted in September 1987 and were bloodily suppressed. 
Tensions rose, and the unrest culminated in clashes in March 1989 that left at least a dozen dead and led to the expulsion of all tourists and the imposition of martial law. 
China lifted martial law in May 1990, and since then the region has been largely quiet. 
As a result, the Chinese Government is again encouraging Western tourists -- so long as they come in organized groups and do not encourage Tibetan separatists.
The groups are escorted to a limited number of places where tourists are welcome. 
Last year, 10,375 foreigners visited Tibet, including 1,441 from the United States. 
Tibetan tourism officials say they expect 13,000 visitors this year, including about 1,400 from the United States. 
In general, there seems little risk for Westerners, partly because most Tibetans regard them as allies.
Tibet can be reached from Nepal -- there are two flights a week -- but most tourists arrive on the daily China Southwest Airlines flights from Chengdu, China. 
In my case I went as a journalist rather than as a tourist, but my itinerary was similar to what a tourist might see. 
I spent a week there, and it seems foolish to stay less than that.
Lhasa is 11,830 feet high, and most visitors feel some shortness of breath at first. 
In Andean cities like Cuzco, Peru, foreigners often deal with similar altitudes by drinking coca tea, which contains a raw ingredient that goes into cocaine. 
In Tibet, there is no such exotic remedy, but the Lhasa Holiday Inn -- by far the best hotel in Lhasa, and the place where most foreigners stay -- does offer an oxygen hose in each room to assist those with breathing difficulties. 
Occasionally a new arrival has to fly out by the first available plane to a lower altitude.
Tibet is not a place of luxury, but the hotels and food are adequate. 
Most hotel restaurants serve principally Chinese and Western food, with a certain Tibetan influence: yak burgers, for example, at the Holiday Inn. 
Guides vary enormously, from local Tibetans who are one with the land to Chinese who have only lived in Tibet for a short period.
The pride of Lhasa is the Potala Palace, the former home of the Dalai Lama. 
Since Tibet's spiritual leader fled into exile in 1959, the palace has been turned into a museum and it is one of the most spectacular sights in Asia. 
I find it far more impressive than the Chinese Imperial Palace in the Forbidden City in Beijing. 
While the Forbidden City is sterile, the Potala oozes faith. 
It is the Tibetan version of Versailles: 13 stories tall, 1,300 feet by 1,150 feet, with 16-foot walls protecting a warren of more than 1,000 rooms. 
The Government regards the Potala as a museum, but many Tibetans still regard it as one of the holiest spots in the world. 
They come not so much out of curiosity as out of reverence, which is seen in their eyes as they shuffle from room to room, lighting candles and praying before the jewel-studded tombs of past incarnations of the Dalai Lama.
They wind up narrow stairs, little more than ladders, and emerge on an open roof with views of all of Lhasa.
The rooms in the Potala have names like Chapel of Immortal Happiness and Chapel of the Stages on the Path to Enlightenment. 
The contents are as vivid as the names: altars and carvings are everywhere, all weighed down with gorgeous pieces of cloth of every conceivable color. 
White scarves, left by pilgrims to show their respect, adorn many of the altars. 
The entire Potala is a celebration of color, and clothes and books and carvings and tombs seem to be crammed wherever there is space.
THE Potala was built mostly during the rule of the fifth Dalai Lama, and the regent concealed news of his death in 1682 for a decade because of fear that the mourning would halt construction of the palace. 
Only when it was virtually completed did the regent announce the Dalai Lama's death and launch the search for his reincarnation. 
By the time the successor was found he was already a teen-ager, and he proved to have a strong and rather ungodly interest in the opposite sex. 
The sixth Dalai Lama disappeared in 1706, but he is still fondly remembered for his poetry and sometimes roguish behavior.
Most visitors to Lhasa also tour the Jokhang Temple and the surrounding Barkor Market. 
This area is the political and religious focal point of Tibet, the gathering point of pilgrims who come from hundreds or even thousands of miles -- these days usually by bus, instead of by crawling and prostrating. 
It is also the site of most pro-independence demonstrations in the last few years, but if there is a prospect of a protest then your guides are almost certain to keep you away.
The entrance to the Jokhang is crowded with pilgrims, prostrating themselves, and with vendors who peddle prayer wheels, bugles and other souvenirs. 
The atmosphere is half carnival, half mystical. 
Inside, the oldest part of the temple supposedly dates from the seventh century and houses an ancient Buddha that was carried to Lhasa 1,300 years ago from the Chinese capital of that epoch, Changan, now called Xian. 
This holy of holies is in a cramped, dark room that magnifies the spiritual intensity: pilgrims are shoulder to shoulder, murmuring prayers as they edge their way around the statue.
The Chinese are sometimes reluctant to arrange visits to the monasteries that surround Lhasa, because the monasteries function as an alternative university system and as centers of opposition to the Government. 
If a visit is permitted, it is well worth the trip. 
These used to be the largest monasteries in the world -- Drepung Monastery near Lhasa once had nearly 10,000 monks -- and they are still influential in Tibetan society.
In addition to Drepung, alternatives are Sera Monastery, on the outskirts of Lhasa, and Ganden Monastery, 45 miles by rough road from the city. 
Ganden is one of the most poignant sights in the area: the monastery was devastated in the Maoist period, and most of it today is only rubble. 
It is as if Notre Dame had been bombed. 
The destruction helps explain the bitterness that many Tibetans feel for the Chinese authorities.
In the evening it is well worth taking a bicycle-rickshaw to the area around the Jokhang Temple and perhaps popping into one of the small bars. 
Studying English is the rage in Lhasa, and it is likely that someone will approach to start a conversation. 
I remember a doctor who spoke to me for more than an hour about the political situation. 
He was torn in his emotions: he wanted to get his anger at the Chinese off his chest, but he was also terrified of being arrested for his candor. 
Speaking in Chinese, he repeatedly said he risked being beaten and imprisoned for years for talking to a foreign journalist.
Tourists are allowed to travel to certain other parts of Tibet, and I relished a three-day circuit that encompassed the towns of Shigatse and Gyantse. 
The trip begins with a six- or seven-hour ride along a newly constructed highway that still has a few rough edges: a truck became stuck in a patch of mud, blocking traffic in both directions.
Shigatse was the traditional seat of the Panchen Lama, who ranks second in the religious hierarchy to the Dalai Lama. 
The 10th Panchen Lama died in 1989, and visitors to Tashilhunpo Monastery in Shigatse stroll around the glass case in which his embalmed body is seated. 
A dozen or so monks constantly pray for a rapid incarnation of the Panchen Lama in the form of an infant.
The monastery is built against a hill, and the tombs of past Panchen Lamas are on display, as is the site where the tomb of the 10th is now being prepared. 
The monks consult oracles and study divine lakes for hints about where to find the infant 11th Panchen Lama. 
A few candidates will presumably be selected within the next year or two, and in theory the child who recognizes the personal belongings of the last Panchen Lama will be pronounced the new one. 
There is considerable room for manipulation of the process, and many Tibetans fear that the Chinese authorities will try to select a boy whom they can control and turn into a spokesman for the regime.
AS I wandered through the lanes and corridors of Tashilhunpo, admiring the sculptures and altars, I chatted with Barsan, who came to the monastery in 1947, when he was 7 years old. 
Then there were perhaps 3,000 monks at the monastery, now there are 800, and Barsan says there will never again be as many as there used to be. 
In the Cultural Revolution, he was forced to work for five years as a construction worker and farm laborer, but today he hides what bitterness he may feel.
From Shigatse it is less than two hours by car to Gyantse, a small town whose claim to fame is the Kumbum, part of the Palkhor Monastery on the edge of town. 
The Kumbum, built in 1427, is the largest stupa, a kind of Buddhist tower, in Tibet: built with a dome, it soars heavenward and dominates the arid landscape for miles around. 
A few monks will show you around the dim interior, illuminated by yak- butter candles and crammed with ancient manuscripts.
In the evenings, after the official tourist itinerary is completed, it may be possible to take a four-wheel vehicle and drive independently to a nearby village. 
Traveling without any Chinese official, I found that villagers were extremely friendly and happy to show me around their crude homes.
One of the best reasons to visit Gyantse is simply to enjoy the road connecting it to Lhasa. 
Yes, the dirt road is miserable after rain -- on my trip, many trucks were stuck in the mud, and my four-wheel-drive vehicle frequently had to drive across open fields rather than the road itself -- but the scenery is spectacular. 
The terrain is the classic image of Tibet: a vast emptiness full of mountains and glaciers and occasional herds of yaks. 
The emptiness is broken only by a telephone wire that goes along the road. 
Because of the absence of trees, the telephone poles are not made of wood but of mud bricks.
Â 
SIGNPOSTS FOR A VISIT TO LHASA
Â 
The Border
While the police sometimes tolerate individual tourists who sneak into Tibet by overland routes, the only legal way to enter is as part of an organized tour -- even if it is a tour of one. 
The difference between an illegal individual tourist and an authorized tour group with one person is that the latter has a schedule and an escort and pays hefty fees.
A tour agent will arrange for the Chinese visa and the permission slip to travel to Tibet, both of which are essential. 
Backpackers who cross the border without permission, mostly by bus from Sichuan or Qinghai Provinces, often stay at the budget Yak Hotel in the center of Lhasa. 
On occasion the police have taken to seizing some of these unauthorized visitors, and detaining them rather roughly at the airport until the next flight. 
Budget travelers have made daring midnight escapes from the airport, even swimming a river to avoid soldiers.
The Chinese Government is very concerned about tourist involvement in the independence movement, and so it is illegal for foreigners to give out photos of the Dalai Lama; everywhere you go children will ask for his photo. 
Tibet is generally very safe, but tourists of Asian ancestry, who might be mistaken for local Chinese, should be somewhat cautious about roaming the Tibetan quarter at night. 
A Japanese friend had pebbles tossed in his direction at a monastery; some monks believed he was Chinese.
Â 
Tours
A number of travel agents can arrange the tours, as can Holiday Inn, which manages the best hotel in Tibet. 
Information is available from the Holiday Inn sales office, (800) 331-3831, or from Holiday Inn Lhasa, No. 1 Minzu Lu, Lhasa, Tibet, China (telephone 222-21; telex 68010 HILSA CN). 
The Government tightly regulates tour costs and keeps them high. 
The Holiday Inn's weeklong tour of the Lhasa area, excluding the air fare to Lhasa, costs $1,475 for a single traveler, or $860 each for a couple, meals included. 
Discounts grow as the size of the group grows, with 10 people paying just $590 each.
Some cheaper package tours stay at the nearby Tibet Hotel. 
The Tibetan decor in the rooms is charming, but guests say that service leaves much to be desired. 
There is one tourist hotel each in Shigatse and Gyantse; neither meets international standards.
Â 
Weather
Most tourists visit in the warmer months from April to October. 
In winter, there is some snow and the days are shorter, but Lhasa becomes a more interesting city as the nomads leave the hills and roam the streets of the capital. 
In December, the coldest month, the temperature averages 32 degrees. 
Because the weather is changeable, travelers should take clothing that can be worn in layers -- such as sweaters. 
Sunscreens are also useful, because of the altitude. 
You should not count on being able to buy anything at all other than food in Lhasa, so take film.
Â 
Reading
Partly because of the limitations of the guides, it makes sense to buy a guidebook or two for the journey. 
Perhaps the best is Stephen Batchelor's comprehensive and beautifully illustrated ""Tibet Guide"" (Wisdom Publications, London); other useful ones include the Lonely Planet guide, ""Tibet: A Travel Survival Kit,"" and Passport Books' ""Tibet: A Complete Guide.""
The Dalai Lama's autobiography, ""Freedom in Exile,"" is fascinating, although for a more objective version of political events I would strongly recommend an essay by Melvyn C. Goldstein on Tibet in ""China Briefing 1990,"" published by the Asia Society and Westview Press. 
-- N. D. K.",3,tibet,HWBUSH,HW Bush (1989-1992),CATEGORY_4,"lama, dalai, tibetans"
"The World_Affirmative Action, Chinese Style, Makes Some Progress.txt","ï»¿
SOME years ago, when three Red Guards tried to carry the Cultural Revolution to a village inhabited by the Yao ethnic minority, the Yao peasants dealt with the annoyance in a traditional way: they bound the Red Guards and prepared to slaughter them as a human sacrifice. 
Yao elders eventually managed the release of the young revolutionaries, but the incident left a lasting impression of the delicacy of relations with China's ethnic minorities.
While China is often regarded abroad as a homogeneous nation, some 8 percent of the population is made up of members of 55 minorities. 
Tibetans are the best-known minority -- and an often-cited example of acrimony and repressiveness in the Government's handling of relations with minority groups. 
But the Xishuangbanna District of southwest China is perhaps more representative, and certainly more successful, in the way it has managed ethnic minorities.
The villages around the local capital of Jing hong are full of members of various ethnic groups, wearing distinctive bright clothing and speaking their own languages. 
Fights sometimes erupt when one village believes another is trying to steal its land or its women, but none of the groups is known to have formed a political underground or to have called for independence.
In general, relations with the 25 significant ethnic minorities here in Yunnan Province in Southwestern China appear to be relatively trusting.
""There are a lot of minority problems here, but they're not political as in Tibet,"" Shen Qirong, a spokesman for the Nationality Affairs Commission Yunnan Province, said in an interview in the provincial capital of Kunming. 
""There've been no calls for independence or separatism, and the problems that arise are in isolated areas, and then they pass. 
They're not systemic.""
In Tibet and the far western region of Xinjiang, ethnic tensions have led to clashes with the authorities and to independence movements. 
But many diplomats say that in general, China has managed its other ethnic minorities in an enlightened manner, granting them special privileges to co-opt them into the system. 
Two years ago, at about the same time that students demanding democracy were shot, Chinese Moslems demonstrated to protest a book that they said defamed them. 
The authorities responded not by crushing the demonstrations but by arresting the author and banning the book. 
To be sure, the Moslems were demanding not democracy but suppression of another viewpoint, but the fact that the Chinese listened to the protest at all is an indication of how seriously the ethnic groups are treated.
Outside of Tibet and Xinjiang, where some diplomats expect the separatist movements eventually to triumph, China's policy toward minorities has been quite effective. 
The largest ethnic minority, for example, are the Zhuang, with a population of 15.5 million concentrated in south-central China, but the Zhuang have been partly assimilated and do not cause problems for the Government. 
The 4.8 million Mongols have also been politically quiet, despite concerns that upheavals in the neighboring country of Mongolia would trigger unrest among them.
""China is much more conscious of minorities as groups than most developing countries,"" said a Western diplomat in Beijing. 
""They have an amazingly well defined minority policy and program. 
You can criticize it, because they don't have real power or because it's often window-dressing. 
But there are efforts to bring minorities into high-profile positions, which has its own value because then they begin to serve as role models.""
In Yunnan, one reason for the relative contentment seems to be the preferential treatment given to members of minority groups. 
Typically, ethnic minorities are allowed to marry earlier than members of the Han ethnic majority, and, most important, to have more children. 
Their children can also get into universities with lower examination scores than are required of Han students, and model members of minorities are chosen to fill prominent Government posts. 
The Governor of Yunnan Province, for example, is a member of the Naxi minority.
Because of the affirmative action policy, some families that in the past had tried to assimilate into the Han majority are now applying for declarations that they are members of a minority, and not Han, so that their children will have a better chance of getting into the universities.
In Jinghong, a young man who was registered as Han, and was thus allowed to have only one child, was disappointed when the child was a daughter. 
He checked his geneology, found some Dai minority ancestors, and re-registered himself as a Dai so that he could try to have a son.
Some Han complain that the preferences are unfair, but there is little noticeable resentment against affirmative action policies in China.
A main source of tension in Xishuangbanna in recent years has been the establishment of state-owned rubber plantations in minority areas. 
Nearby villages complain that the plantations take their land, and village children get in fights with the children of the Han Chinese plantation workers. 
The fights escalate, and the police sometimes are beaten when they try to intervene.
""Those tensions have declined dramatically,"" said Tian Jiaxiang, who is a Dai and deputy governor of Xishuangbanna. 
He said, and some local villagers agreed, that the disputes had been reduced by readjusting land and giving villagers a share of the income from the plantations.
Some members of ethnic minorities grumble that the fundamental problem is that many Han are arrogant and look down on other people. 
The authorities acknowledge that this is a problem, but they also note that there is growing intermarriage between Han and the minorities and suggest that this shows an increasing mutual respect.",3,tibet,HWBUSH,HW Bush (1989-1992),CATEGORY_4,"lama, dalai, tibetans"
The World_How Tiananmen Square Helped Rally Support for Tibet.txt,"ï»¿
IN an odd way, the only people who have done about as much as the Dalai Lama in the last few years to galvanize support for Tibetans are Deng Xiaoping and the other octogenarians who rule China.
Not intentionally, of course. 
But the leadership's crackdown on demonstrators in Tiananmen Square in June 4, 1989, and the repressive measures taken since then, while raising the issue of human rights in China generally, have also given a thrust to concern over abuses in Tibet. 
And it has helped to land Tibet, a sparsely populated plateau region north of the Himalayas, firmly on the international agenda.
""Tibet has come out of nowhere,"" said a Western diplomat in Beijing. 
""There were always a small number of people interested in Tibet. 
But before June 4, they were drowned out by the rest of the people with their love affair for China.""
The authorities in Beijing insist that Tibet has been a part of China for many centuries, but Tibetans dispute this and point out that the region was left alone by the Chinese early this century. 
That changed in 1950, when the new Communist Government invaded Tibet, and even more so after the Chinese crushed an abortive rebellion in 1959 and imposed much tighter control.
The United States and other Western governments regard Tibet as a part of China. 
But these days, animosity in the West for the hard-line regime in Beijing has translated into mounting support for the Dalai Lama, Tibet's exiled leader and foremost advocate. 
Some believe that irritation at China was a factor in the awarding of the 1989 Nobel Peace Prize to the Dalai Lama.
The Dalai Lama's status was further bolstered by his meeting with President Bush earlier this year, intended as a symbol of the Administration's distaste for Chinese repression. 
Likewise, Western ambassadors in Beijing seem much more interested than before in making trips to Tibet, and their No. 1 destination there these days is Drapchi Prison in Lhasa, the capital, where some political offenders are housed.
Potentially the most significant recent move was the launching in the spring of a Tibetan-language service of Voice of America. 
Visitors to Tibet say that the 15-minute daily broadcast has an enormous audience. 
The broadcasts not only provide news and information, but are also apparently taken -- or mistaken -- as a symbol of American support for Tibetan independence.
""The strong feeling in Lhasa is that more and more the U.S. is supporting Tibet,"" said a foreigner in Tibet. 
He added that the policy may contain a pitfall: the Tibetans may come to believe, as the Kurds did in Iraq, that if they rise up and demand independence then the United States will back them. 
While Western governments are pushing for human rights for Tibetans, there is no indication that they favor Tibetan independence.
Within Tibet, the Chinese authorities had a relatively conciliatory policy from the early 1980's through 1987. 
But for the last four years they have taken a much tougher line in Tibet and on several occasions troops have fired on protesters. 
The violence appears to have radicalized the population of Lhasa and strengthened the yearning for independence.
Diplomats and scholars often regard as exaggerated propaganda the assertions of Tibetan exiles that China is practicing genocide or a policy of forced sterilization and abortion to curb the number of Tibetans. 
But almost no one doubts the Tibetans' desire for independence. 
And human rights abuses -- torture of monks and nuns, killings of protesters, and long spells of imprisonment for advocates of independence -- are well documented by rights monitors like Asia Watch and Tibet Information Network.
The crackdown in Beijing's Tiananmen Square came three months after clashes in Lhasa between Chinese troops and anti-Government demonstrators in which at least 12 and perhaps more than 100 people died. 
By extension, the scenes from Beijing seemed to crystallize what had been for many people little more than just a notion of the tensions in Tibet.
""People had heard about what had happened in Tibet, but they didn't quite believe it until it became so real on TV and they realized, 'My God, this is also what's happening in Tibet,' "" said John L. Ackerly, the legal counsel for the International Campaign for Tibet. 
The organization, which is based in Washington, has with the London-based Tibet Information Network played a major role in placing Tibet on the international agenda.
Â 
A Proprietary Feeling
Few people these days seem optimistic about a reconciliation between China and the Tibetan government-in-exile. 
Partly because they now see their movement gaining ground, the Tibetans have little incentive to compromise with Beijing. 
And the Chinese have now so embittered the Tibetans that -- rather like the Shah of Iran in his later years -- they would risk new upheavals and protests if they relaxed their repression.
Moreover, to a degree perhaps unappreciated in the West, suppression of the Tibetan independence movement is one of the few policies of Beijing's hard-liners that appears to draw broad support from Chinese. 
Even young intellectuals in Beijing, who disdain Communism and yearn for human rights for themselves, often say that Tibet is Chinese and should remain so. 
The reasons have much to do with Chinese nationalism, and with a grim resolve that the nation must never again endure the humiliation of a century ago, when China was carved up by more powerful countries and lost territory at its extremities.
""You might have a relatively democratic government"" in China in the future, said Guocang Huan, a China scholar at Columbia University, ""but such a government probably would not compromise much on Tibetan independence.""",3,tibet,HWBUSH,HW Bush (1989-1992),CATEGORY_4,"lama, dalai, tibetans"
THE WORLD_Restlessness Reaches Mongols In China.txt,"ï»¿
RELATIONS between the Chinese and the Mongols have been a bit strained ever since Genghis Khan slaughtered millions of Chinese in the 13th century. 
By one account, the Mongols considered converting all of northern China into a vast pasture; they relented when an adviser pointed out that the Chinese, if spared, could be taxed.
The tradition of mutual distrust is again bubbling to the surface in Chinese-controlled Inner Mongolia, a desert region more than twice the size of California. 
More and more Mongols there are reasserting their ethnic heritage, establishing links with the outside world, and even organizing underground networks to press for democracy and autonomy.
""This is our last chance to achieve democracy, to reassert our culture,"" Huhehada, a 29-year-old leader of the underground movement, said recently. 
""Mongols need their own culture, their own history -- recorded in their own hands. 
Or else they'll face the fate of American Indians or of Tibetans.""
Mr. Huhehada was interviewed in exile in Ulan Bator, the capital of the neighboring independent nation of Mongolia, from which he and other Inner Mongolian dissidents are orchestrating their campaign. 
They say about 2,000 people, half of them living in Inner Mongolia, have joined their newly formed General Coordination Committee of Inner Mongolian Rejuvenation Movements. 
The group is banned within China and the dissidents fear that Beijing will now press Ulan Bator to ban it as well.
Mongolia itself abandoned one-party Communist rule in 1990, and has since seen a tremendous flowering of traditional Mongol religion and culture. 
Mongolian radio can be heard in Inner Mongolia, and the growing contact across the border seems to be a major reason for the surge of nationalism among China's Mongols. 
In addition, Beijing has just announced that it will open the entire border to trade, and that is certain to multiply links with Mongolia and perhaps the demands for change.
Inner Mongolia so far is not nearly as much of a headache for the Chinese leadership as is Tibet, where Buddhist monks and nuns regularly protest for independence and human rights. 
Nor is Inner Mongolia even as much of a concern as oil-rich Xinjiang, the Muslim region of northwest China where there was an abortive armed uprising in 1990. 
But many of the same pressures -- resentment at Chinese arrogance and immigration, yearning for self-rule and prosperity, and outrage at repression -- seem to be at work in Inner Mongolia.
""Our economy is based on colonialism,"" said Tsenglet, another of the Mongol leaders exiled in Ulan Bator. 
""Our land is rich, but the Chinese take our resources and leave us poor. 
We see that!
And there's been pressure from immigrants. 
We're now a minority in our own land. 
Life for our people is worse than ever.""
Â 
Resentments Grow
The statistics do not bear that out: Ethnic Mongols in Inner Mongolia have rising incomes and improving health conditions. 
But living standards are not rising as fast as those of most Chinese, and resentment seems to be growing. 
As in Tibet, Chinese immigration to Mongolia is a particular irritant.
The Han, the main ethnic group in China, began to migrate to Inner Mongolia 200 years ago. 
By the time of the Communist revolution in 1949, the Han reportedly outnumbered Mongols 5 to 1. 
The 1990 census found a total population of 21.5 million, of whom 3.4 million were Mongols -- a ratio of 6.4 to 1. 
It would be even more skewed, except that the Mongols have more children than the Han, and many families of mixed heritage have reclassified themselves as Mongols to win educational benefits and other advantages available to minorities.
There are periodic reports of large anti-Government demonstrations in Inner Mongolia, but many foreign diplomats and Chinese alike are skeptical. 
The situation is murky in part because China normally will not let foreign journalists visit.
The Chinese Government denounces reports of unrest as lies and fabrications. 
But most foreigners who have visited have reported modest signs of discontent, and dissidents are forging links with the West to get out documents and information on human rights. 
""It's been a long-overlooked corner of China,"" said Robin Munro, a researcher for Asia Watch, a human rights organization that has published two reports about Inner Mongolia in the last 12 months. 
""Until recently, dissident activity there met the fate of being repressed in obscurity and isolation. 
Nobody would know about it. 
But there has been this link forged now with international channels of communication, so that repression in the region is reported on. 
When it's published outside China, it filters back in through international radio stations, the Inner Mongolian dissidents hear about it, and it basically emboldens them to continue.""
As everywhere in China, dissidents face considerable risks. 
At least 17 people are known to be in Inner Mongolia's prisons for their political activities; the true number may be much higher.
While many of the dissidents would like to see Inner Mongolia reunite with Mongolia, they acknowledge that this would be difficult to achieve because of the preponderance of Han Chinese. 
Some say they would like to expel the Han, or at least relocate them, while others say they would settle for a solution short of reunification.
""In any case, the first thing we need to get is the freedom to speak out, to express our grievances,"" said Uringkhai N. Tumen, a 27-year-old in Ulan Bator who heads an underground cultural organization in Inner Mongolia. 
""At the least, we need real autonomy -- real autonomy, not what we have now.""",3,tibet,HWBUSH,HW Bush (1989-1992),CATEGORY_4,"lama, dalai, tibetans"
"THE WORLD_To Beijing_s Surprise, the Tibetans Are Still Restive.txt","ï»¿
Ever since Chinese troops ''liberated'' Tibet in 1950, the Communist authorities have tried to pressure Tibetans into submission. 
But these days many Tibetans seem more eager than ever to pry themselves from the Chinese embrace, and there are signs that time is running against Beijing.
Government officials acknowledge that they face a long-term struggle against what they describe as ''a tiny number of separatists.''
Yet the very trend of economic and social development seems to be running against the Chinese. 
The worldwide pattern since the early 19th century has been that nationalism increases rather than diminishes as peasants earn more money, drift to cities and become more politically aware. 
In Tibet, as peasants buy televisions and radios to plug into the modern world, they may be swayed by the independence movement and nationalism that already flourish in Lhasa.
Economic factors may provoke even greater discontent. 
Incomes are rising in Tibet, but not as fast as in the rest of China. 
While the region has some natural resources, it is difficult to see how Tibet could catch up with the rest of China - unless it went all-out to attract foreign tourists, a strategy that the Government has judged too risky politically.
''The city dwellers are better off than in the past, but they're not satisfied,'' acknowledged Hu Jinan, the deputy head of the Tibetan Government's Cultural Bureau. 
''They know it's better elsewhere.''
Tibet is officially an ''autonomous region'' of China, but the Government's legitimacy has been in doubt at least since the Dalai Lama, the traditional leader of the region, fled into exile in 1959. 
There is little armed resistance to Chinese rule, partly because Tibetans are Buddhist and generally pacifist, but the Dalai Lama has set up an exile government and many Tibetans would like him to return and lead Tibet as a sovereign state.
Government officials here often seem amazed that Tibetans should resent Chinese rule. 
Indeed, there is little doubt that Beijing has been, by its standards, not only very repressive but also very generous in Tibet. 
Torture is said to be common, and the Government has expelled politically active monks from monasteries and planned new limits on the number of monks. 
But Tibet is materially better off than it used to be, and health and educational standards have risen - although the same would have been expected without Chinese rule.
Each year the central government not only excuses Tibet from its tax obligations but also provides about $275 million in subsidies. 
About one-third goes to salaries, but much of the rest is used for schools, hospitals and infrastructure projects. 
The Chinese seem to feel that they are owed a bit of loyalty and gratitude, but the distrust is so great that they get little credit either in Tibet or outside of it.
Outside of Tibet, the Dalai Lama and those around him have tried to build support by telling of forced sterilization of Tibetans, huge influxes of Chinese and a deliberate policy of either genocide or forced assimilation. 
But many diplomats and other experts regard the anti-Chinese propaganda from the Dalai Lama as little more reliable than the Chinese propaganda about Tibet. 
With access tightly curtailed, the debate about Tibet has been waged more with polemics than with information.
Among the most poignant claims by the Dalai Lama is that Tibetans have become a minority in their own land because of large-scale Chinese immigration. 
But the exile movement's estimate of a Tibetan population of 6 million Tibetans and 7.5 million Chinese is considered misleading because it refers to a vast area of China that extends far beyond present-day Tibet. 
The official Chinese figures for Tibet's population are often viewed as more relevant: 2.12 million ethnic Tibetans and 79,000 permanent Han Chinese inhabitants, not including tens of thousands of Chinese cadres, soldiers and entrepreneurs without permanent residence permits.
Chinese immigration into Tibet has accelerated, but this seems to be a result not of a conspiracy by Beijing but of economic subsidies to the region. 
Chinese traders say they find it more profitable to do business in Tibet than in their home provinces.
Despite rumors about Chinese hospitals killing Tibetan infants, the family planning policy seems to be much more relaxed for Tibetans than it is for Chinese. 
Peasants interviewed said they were allowed to have as many children as they wanted, and most couples seemed to have three to five.
It is also striking how little assimilation has occurred after four decades of Chinese rule. 
Even in Lhasa only a minority of Tibetans speaks any Chinese, and in the countryside it is virtually impossible to find Chinese speakers. 
The Chinese language is not even taught in rural elementary schools, which is as far as most Tibetans pursue their education.
This strategy of trying to buy friends in Tibet with subsidies and various benefits showed some promise of succeeding in the 1980's, but in Lhasa it already seems to have collapsed. 
The last three years of protests, each time brutally crushed, have led to new bitterness on each side.
Despite the repression and mistrust, many Tibetans are optimistic that they will gain independence in the coming decades. 
They are inspired partly by the collapse of Communism in Eastern Europe and partly by signs of a weak and unpopular central Government in Beijing. 
Tibet has turned out to be fairly indigestible, and they hope that Beijing will eventually spit it out.
''We don't like the Chinese,'' a Tibetan in his 20's explained the other day. 
''They've turned to repression and terrorism to keep us down, but most people still want independence and want the Dalai Lama to return. 
Independence is a real possibility.''",3,tibet,HWBUSH,HW Bush (1989-1992),CATEGORY_4,"lama, dalai, tibetans"
Tibet After Martial Law_ Whispers of Protest.txt,"ï»¿
Five months after martial law was lifted here, a sullen calm has returned to the narrow lanes of this holy city. 
But Chinese marksmen are still perched on the roofs of buildings overlooking the central square, and many Tibetans suspect that their guns have not been silenced for long.
Here among the snow-swept peaks and glacier-fed rivers to the north of Mount Everest, nationalism is forging a significant challenge to the Communist leaders 1,600 miles away in Beijing. 
This is Deng Xiaoping's Lithuania, and some fear it will become his Beirut - except that Tibet is more vast, amounting to two-thirds the size of Western Europe. 
If China ever crumbles, Tibet is likely to be the first piece to break off, with reverberations across Asia.
A weeklong visit to Tibet - one of the first permitted by a foreign journalist since martial law was lifted May 1 -found no evidence of widespread or serious unrest in the majority rural population, for most peasants and nomads absorb themselves not in politics but in the practical matters of their barley and yaks.
Yet in Lhasa, the discontent and repression seem pervasive in the wake of martial law, which was declared after widespread protests in 1987. 
The mood suggests a dangerous cascade of bitterness that threatens to overwhelm the land that inspired the notion of Shangri-La.
Â 
'We Hate China'
''Everybody wants independence and the return of the Dalai Lama,'' a well-educated Tibetan in his 30's whispered late one evening, after ducking into a building near Jokhang Temple to take refuge from police spies. 
''We hate China and what it has done.''
He spoke in a mixture of terror and fury, and he extended his arms as if handcuffed to suggest what he thought would happen if he were caught. 
A moment later he fled in fright when a jeep pulled up outside and someone shined a flashlight through the window.
While the man was more outspoken than most, he seemed to represent the antagonisms and distrust that are nearly overflowing in Lhasa. 
While the police and troop presence has been reduced since the end of martial law, anti-Chinese protests continue on a small scale and the authorities acknowledge that they face a long-term struggle to subdue what they describe as ''a tiny handful of separatists.''
Â 
Violent Suppression And Rising Distrust
Tibet, now an autonomous region, was ''invaded'' or ''liberated'' by Chinese troops in 1950 - the term depends on the speaker. 
The Dalai Lama was the supreme figure in a theocratic Government, and even though he fled to India in 1959 after an abortive uprising, his influence is everywhere. 
After his flight China consolidated its hold on Tibet, which had been claimed by all Chinese governments since the fall of the Qing dynasty in 1911, although the western two-thirds of Tibet had been effectively independent since 1912.
In the early and mid-1980's, a conciliatory policy by the Chinese authorities seemed to be winning results, and tensions eased in Tibet. 
But protests beginning in 1987 were violently suppressed, with the police firing on crowds of demonstrators around the Jokhang Temple, and many Tibetans say that since then discontent has risen dangerously.
The Chinese authorities will face a test next Thursday, the third anniversary of the beginning of the recent wave of unrest. 
Posters already have gone up on brick walls around town, calling for demonstrations on that day or on Oct. 
1, China's national day.
Word about the proposed protests is whispered from ear to ear among Tibetans who mingle in the narrow lanes around the Jokhang Temple, but no one knows if people will take the risk and respond.
There have been a few minor incidents in recent months. 
About a dozen monks and nuns were arrested last month during a peaceful protest at the Dalai Lama's old summer residence near Lhasa, and about six more were seized on Sept. 
14 when they marched around the Jokhang Temple and chanted pro-independence slogans.
Â 
Harsher Policies After Martial Law
''Those who try to split the motherland will, if they dare to violate the Constitution and laws, surely be opposed by the broad masses,'' said Mao Rubai, the vice chairman of Tibet's Government. 
He is a member of the Han race, which accounts for 93 percent of all Chinese, while the Tibetan people are of Mongolian stock.
There are some signs of a tougher policy since the end of martial law, including the appointment on May 31 of a new chairman of Tibet's Government, Gyaincain Norbu, a law-and-order man with long experience in the courts and prosecutors' offices.
By official count, there are a few more than 100 people now imprisoned for engaging in illegal separatist activities. 
But most independent estimates are higher.
Officials deny that those imprisoned have been tortured, but most Tibetans say that physical abuse is routine. 
The six people arrested on Sept. 
14 were briefly taken into a police station near the Jokhang Temple, and when they were led out 10 minutes later to be bused away, they were already said to have been beaten.
A comprehensive report earlier this year by Asia Watch, an American human-rights organization, detailed treatment of prisoners that included attacks by trained dogs, assaults with electric cattle prods, suspension by ropes, scalding with boiling water and rapes of nuns.
Â 
Tibetans Express Views on China
Official Chinese publications have occasionally written about Tibetan prisons - describing them as so idyllic that offenders are almost sad to leave - but the authorities refused repeated requests to visit a prison on this trip.
But Gong Liefu, the deputy director of Tibet's Foreign Affairs Office, said that it was illegal for a foreign journalist to ask people whether they favored independence, and that it might be illegal for Tibetans to respond in the affirmative.
Nevertheless, Tibetans made their views known. 
At dusk, as shops closed and most Chinese police withdrew from the streets, they sometimes approached a foreign reporter to speak their mind. 
And even in officially arranged interviews, Tibetans sometimes refused to go along with the official line.
In the heart of the Jokhang Temple, as pilgrims kowtowed in the dust not far away, a senior monk named Tudeng Renqing criticized the expulsion from the temple of eight monks who had taken part in a protest. 
In the presence of about 10 people, including Han Chinese officials, he was then asked for his views about independence, and a silence settled over the room as he paused and thought for several minutes.
''From a religious point of view,'' he finally responded delicately, ''I'd like all believers as well as the general population to act peacefully.''
A reporter suggested that in the circumstances, that sounded like an endorsement of peaceful efforts for independence. 
The lama laughed and beamed.
Â 
Beijing's Backers Offer Reasons
A yearning for independence is common in Lhasa, but it is not universal. 
Some Tibetans insist that independence would be a disaster for the region's development and assert that only a tiny fraction of young people oppose links with the ''motherland.''
Most of the top positions in the Government administration are held by such Tibetans, who point to improved health care and rising prosperity under Chinese rule.
In addition, there seems to be a broad stratum of urban Tibetans who recognize the improvements but are also resentful of Chinese domination. 
They are moderately discontented, but see little alternative to Chinese rule and in any case are afraid of getting in trouble if they oppose the regime.
''We don't thnk about politics,'' said a Tibetan university student over a beer in a privately owned bar. 
''We don't dare. 
We just study.''
Darchi, a 40-year-old peasant interviewed at random as he harvested his barley in a mud-brick village near the city of Shigatse, said: ''We don't want independence. 
Before we had a difficult time and now life is getting better. 
I want to buy a television, and then I can sit back and drink barley beer and watch TV.''
Yet even those, like Mr. Darchi, who are wary of independence adore the Dalai Lama. 
Most homes and temples have photos of the Dalai Lama on the wall, and ordinary people are moved nearly to tears as they touch a Dalai Lama photo to their head when it is given to them.
Â 
Failing Economy Under China's Rule
As China's leaders try to win over the Tibetan population and earn the appreciation of local residents, their challenge is compounded by economic difficulties. 
Despite enormous subsidies from Beijing - some of which go to pay the salaries of Han Chinese officials rather than to benefit local Tibetans - industry in Tibet has grown by only about 6 percent per year over the last decade, compared with about 12 percent annually in the rest of the country.
Officials concede that the economic gap between Tibet and coastal China is growing, not diminishing, and that adds to the perception that the Chinese authorities are mismanaging the local economy.
Jiang Zemin, the Communist Party leader, visited Tibet in July and pledged even greater subsidies over the next decade to build the local economic base. 
But the region's greatest economic resource, tourism, may not be exploited to the full because of fears that large numbers of individual tourists could help provoke further unrest. 
Ngaphu Rinchen, the director of tourism in Tibet, said that while visits by tour groups would be expanded, it would be ''difficult'' to allow individual tourists to return within the next two or three years.
In Tibet all those problems tend to overlay and reinforce the main gulf in the society: that which separates Tibetans and Han Chinese. 
While Chinese complain that Tibetans are lazy and ungrateful, and more likely to show hospitality to a foreigner on the street than to a longtime Chinese colleague, the Tibetans resent what they regard as a superior attitude and colonial policy on the part of the Chinese.
''Life has settled a bit since the lifting of martial law, but it's still tense,'' said a Tibetan in his 20's who has spent the last dozen years in Lhasa. 
''This is a volcano, and someday it will explode.''",3,tibet,HWBUSH,HW Bush (1989-1992),CATEGORY_4,"lama, dalai, tibetans"
Tibet Without Going There.txt,"ï»¿
AT the end of the world, where the Tibetan plateau suddenly teeters off a cliff in one direction and collides against snowcapped peaks in the other, the Xinsi Monastery looms unexpectedly from the golden wheat fields to preside over the landscape. 
The red-robed monks come bustling out, the dough on their hands an indication that they have been interrupted in their chores rather than their prayers, and they break into welcoming grins as magnificent as the scenery.
It is a scene from Tibet, more Tibetan than Tibet itself. 
Here there are no Chinese troops prowling in the background or Chinese tour leaders curtailing contacts with the monks.
This is Qinghai Province in the west of China, but it used to be the northeast part of Tibet until it fell under Chinese control centuries ago. 
The Tibetans regard Qinghai as part of Tibet, but the Chinese Government's restrictions on travel to Tibet do not apply here. 
Tourists are allowed into Tibet only as part of a costly organized tour -- although this can be a one-person tour -- while foreigners are free to fly to Xining, the provincial capital, from Beijing.
Qinghai -- pronounced ching-hi -- was opened to foreigners only in 1983, and it still is among the least visited parts of China. 
Only about 1,200 Americans go to the province each year, slightly fewer than visit Tibet, and the sight of a foreigner still turns heads even in Xining.
The single greatest splendor in Qinghai is the Kumbum Monastery, better known today by its Chinese name, Taer Si. 
Fifteen miles southwest of Xining, the Kumbum is a stunning collection of temples and compounds set against a hillside, the buildings all painted red and other bright colors, with pilgrims praying and spinning the large prayer wheels and prostrating on the ground. 
The monastery is as noteworthy for the Tibetan pilgrims who come to worship as for the architecture itself. 
When I visited in August, I came across a group of four sturdy young Tibetan men in bedraggled clothing.
We chatted for a bit in Chinese and they said they had come from their homes in Sichuan Province, by way of Lhasa. 
I asked how they had traveled. 
They looked puzzled.
""By foot,"" said the oldest of them, about 18 years old.
""How long have you been traveling?""
""Two years,"" the young man said. 
""But we'll be home in another six months.""
The monastery was built in the last quarter of the 16th century on the instructions of the third Dalai Lama. 
The site is the birthplace of the founder of the Gelukpa order of Buddhism, Tsongkhapa. 
This was a center of learning -- one of the Tibetan Ivy League, so to speak -- for Tibetan and Mongolian monks, and at the time of the Communist revolution there were still 3,000 Tibetan monks. 
Now the Government has set a limit of 400 monks for the Kumbum, but this is not strictly enforced and there are about 500.
The most unusual sight in the monastery is the 50-foot-long carving made of yak butter. 
The workmanship may not be at the level of the Parthenon frieze, but there are elephants, flowers and religious figures, all in brightly colored deep relief. 
The carving is newly-sculptured each year.
XINING itself is of limited interest: a traditionally Chinese city of cement blocks whose hues are all shades of gray. 
The only important sight within the city is the Dongguan Mosque, which was built in the 14th century and is one of the largest mosques in China. 
The entrance arch is elegant and the plaza-like open space inside is picturesque. 
There is a large Muslim community in Xining -- the province was even ruled by a Muslim warlord immediately prior to the Communist revolution in 1949 -- and the mosque fills to capacity on Fridays for prayers.
Few people in Qinghai speak English, but if you have an evening free you might wander over to the English Corner on Sheng Li Road. 
This is where Chinese men and women gather, particularly on Sundays, to speak English to each other in a caliber ranging from a few words to fluency, and a genuine American is richly prized and quickly surrounded.
The best part about Qinghai is the Tibetan areas, and in general any road south or west will take you to Tibetan villages. 
The current Dalai Lama's native village, Takster, meaning Roaring Tiger, is apparently only about an hour or two by car from Xining, but the authorities told me that the area was closed to foreigners and refused to allow me to visit. 
Other foreigners have gone with impunity, however, and one may well be able to make arrangements with a taxi driver for a day trip. 
Foreign tourists who are caught in closed areas and who act surprised, innocent and apologetic are normally scolded and sent away. 
Occasionally a fine is negotiated, but normally there is no punishment.
One Tibetan area that is often recommended to tourists is Qinghai Lake, an immense body of water that is China's largest salt-water lake. 
Bird Island in the lake is supposed to be particularly beautiful and full of migratory birds in April and May. 
I didn't visit Bird Island, but I found Qinghai Lake itself about as interesting as one would expect a big salt lake to be.
THE highlight of my visit was simply a few days roaming the Tibetan villages around Qiapuqia, a town of about 30,000 in Gonghe County south of Qinghai Lake. 
Most of the townspeople are Han Chinese, but many of the nearby villages are Tibetan and the people are extremely welcoming.
""Uncle, are you a foreigner?"" asked an eight-year-old girl who was startled to encounter me on a dirt path near her village. 
I explained in Chinese that I was a genuine foreigner. 
Since I was the first one she had ever seen, she led me to her home. 
Her family was enormously excited at my arrival, and pressed tea and bread on me, but the town was sufficiently remote that all they knew was that I was not Tibetan.
""Are you Han Chinese?"" the grandmother asked me, after peering for several minutes at my face, which does not look in the least Chinese. 
I explained that no, I was an American. 
She nodded sagely, to show that she had heard of Americans, but I'm not sure she distinguished in her mind between Americans and Martians.
The best way to make friends in such areas -- in any Chinese village for that matter -- is to take a Polaroid camera. 
Few peasants own a camera, and if you can take some instant photographs and pass them around, the entire village will cluster around and observe in amazement, and peasants will compete to invite you into their homes. 
Of course, none of the villagers speak English, but sign language can be quite eloquent when necessary. 
If a non-Chinese speaker gets somewhere where sign language is insufficient, someone will get the school's English teacher to translate.
About 10 miles from Qiapuqia is the Xinsi, a Tibetan monastery that gets only a few foreign travelers a year. 
The path is not quite wide enough for a car, but it makes a nice all-day hike, or else you may be able to get a lift on a motorcycle.
There are about 100 monks at the monastery, ranging from 7 years old to the late 70's. 
The setting is spectacular: snowy mountains in the background, and an abyss and valley in the foreground. 
It really does seem to be the end of the world. 
The monks speak no English, and not much Chinese, but they were eager to show me around the many temples as well as the kitchens and living quarters. 
There are several courtyards and temples with large carved Buddhas. 
Each of the temples is surrounded by the familiar red prayer wheels.
I hiked back to Qiapuqia from the monastery in about six hours, stopping to talk to Tibetan villagers on the way, and found it an exhilarating walk. 
But one word of caution: the local police were aghast at my activities, because I was a journalist (as I had told everyone I had talked to), and later sent policemen to retrace my steps and interrogate everyone I had chatted with.
This was probably a special case that wouldn't affect an ordinary tourist, but it is a reminder that this is a sensitive region. 
The worst that can realistically happen to you is that you'll be fined and expelled, but it is possible to get local Tibetans in deep trouble if the authorities believe they are engaging in pro-independence activities. 
So avoid meeting in places like your hotel -- where local people may be questioned about why they are talking to a foreigner -- and be discreet in your conversations with Tibetans.
Â 
Â 
Â 
A REMOTE, LITTLE-VISITED AREA
Getting There
Air China has flights every Friday from Beijing to Xining and back, all seats economy class, for $133 each way. 
First class trains are also available, but the journey takes 44 hours from Beijing. 
If flights are full, it is possible to fly to Lanzhou, and take a train, bus or taxi for the half-day ride to Xining.
It is possible to travel from Qinghai to Tibet, by bus or by hitching rides on trucks, but this is technically illegal unless you have a permit to enter Tibet. 
In fact, youthful Westerners do this regularly, and despite occasional crackdowns the authorities seem to tolerate it most of the time. 
The trip, by bus or truck, takes a minimum of three days from Xining to Lhasa.
Even in the summer, Qinghai can be chilly because of the elevation -- Qiapuqia, for example, is more than 9,000 feet above sea level. 
But if you forget warm clothes, yak wool sweaters are available for about $25 in Xining. 
Winters are cold but tolerable, with temperatures below freezing but little snow.
Â 
Accommodations
The best hotel in Xining is the Qinghai Guesthouse, $32 a day for a double, and it is reasonably good, with a working bath in the slightly musty rooms, a television, and fair restaurants. 
Phone (971) 44-888. 
Wang Bingxi of the Qinghai Tourism Bureau, 42-721, can arrange to have you picked up at the airport for a fee. 
The second best hotel in Xining is the Xining Guesthouse, $15 a night for two, 215 Qiyi Road, phone 42-701.
A taxi to Kumbum Monastery costs about $9 round trip, including a wait of up to three hours at the site. 
The entrance fee at the monastery is $1.50, including a guide, or $1 without.
Â 
Excursions
Mr. Wang of the tourism bureau can arrange tours of various sites including Qinghai Lake and Gonghe County. 
A two- or three-day car trip taking in Gonghe County and coming back by Qinghai Lake would cost a bit less than $200 for the vehicle, if arranged through him. 
A taxi could probably be negotiated for significantly less, and the uncomfortable bus that runs daily to Gonghe costs about $1.
In Qiapuqia, the best place to stay is the Gonghe County Communist Party Committee Guesthouse, which is perfectly tolerable, with private rooms with baths, but no telephones, and costs just $6 a night. 
Phone is 2773. 
The guesthouse restaurant offers local meals, such as tsampa -- roast barley flour kneaded into dough. 
Most restaurants in Qinghai are run by Han Chinese or Hui Muslims, and food tends to be spicy, somewhat like Sichuan food. 
Restaurants are mostly small, somewhat dirty, not particularly good and incredibly cheap.",3,tibet,HWBUSH,HW Bush (1989-1992),CATEGORY_4,"lama, dalai, tibetans"
Tibetan Asks Deng to Lift Martial Law.txt,"ï»¿
The Dalai Lama appealed today to Deng Xiaoping, the senior Chinese leader, to use his influence to lift martial law in the Tibetan capital, Lhasa.
In a letter delivered to the Chinese Embassy by his office here, the Dalai Lama, spiritual leader of Tibetan Buddhists, also renewed his call to Beijing for talks on Tibet.
Beijing declared martial law in Lhasa on Tuesday, sending in thousands of troops to restore order after three days of anti-Chinese protests described as the worst unrest since an uprising in March 1959. 
By official count, 16 people have been killed in the unrest; Tibetans say the toll is higher, according to Western travelers.
The anniversary of the 1959 uprising was observed today, but the Dalai Lama, who is in his exile headquarters in the Indian hill town of Dharmsala, did not come to New Delhi to take part in protests mounted by Tibetans. 
Beijing crushed the 1959 revolt and ultimately declared Tibet an integral part of China, leading to the Dalai Lama's flight from the country.
Â 
'Chinese Atrocities'
Today, several hundred exiles demonstrated at India Gate, about a mile from Parliament, carrying placards that denounced ''Chinese atrocities'' and called for Tibetan independence.
The demonstrators, many belonging to youth and women's groups impatient with the lower-keyed efforts of the Dalai Lama and his willingness to talk with Beijing, burned a Chinese flag and an effigy of Li Peng, the Chinese Prime Minister.
The Dalai Lama suggested negotiating with China in a speech last September to the European Parliament in Strasbourg, France. 
He proposed talks in Geneva in January of this year. 
The Chinese did not accept the invitation.
Tashi Wangdi, the Dalai Lama's spokesman and a member of his exile cabinet, said today that there have been several meetings here between the Chinese Embassy and the Tibetans to discuss this and other issues. 
But he added that Beijing has major objections to be overcome before formal talks can open.
Mr. Wangdi said the Chinese objected to the composition of the team the Dalai Lama had proposed sending to formal talks. 
The Chinese also say that the Dalai Lama's suggestion that Tibet become an associated state of China - it is now called an autonomous region - was unacceptable.
In his letter to Mr. Deng today, the Dalai Lama said he hoped ''the Chinese leadership will have the wisdom to realize the true feelings of the Tibetan people and the strength and courage to rectify past mistakes.''
Â 
REPORTS OF NEW ARRESTS
BEIJING, March 10 (AP) - Official Chinese reports said today that Tibetans peacefully celebrated the ''30th anniversary of democratic reforms in Tibet'' - Beijing's characterization of the 1959 uprising. 
But Tibetans reached by telephone spoke of large-scale roundups and pervasive fear in Lhasa.
''There are new arrests,'' a woman said. 
''There are many, but we don't know how many.''
A man came on the line and said: ''Don't talk a long time. 
There are a lot of police. 
We can't talk long.''
China's nightly news said martial law stopped a riot planned for today in the capital. 
State television said more than 30 Tibetan ''rioters'' surrendered to police and admitted to taking part in disturbances this week in Lhasa.",3,tibet,HWBUSH,HW Bush (1989-1992),CATEGORY_4,"lama, dalai, tibetans"
Tibetans Fear Loss of a Safe Haven in Nepal.txt,"ï»¿
Tibetan exiles in Nepal, fearful that their country of refuge will grow more dependent on China because of an Indian economic blockade, say they are worried about their future in this land, where they are prohibited from taking part in anti-Chinese activities.
Some Tibetans are also concerned that their role in revitalizing Buddhism in Nepal, the world's only Hindu kingdom, may come in for unwelcome scrutiny. 
There are thought to be about 14,000 Tibetan refugees in Nepal, most of them the families of people who fled here from Lhasa in 1959, when the Chinese suppressed a revolt.
A refugee who works with newcomers arriving in Katmandu from Nepal's border with Tibet said immigration officials have been tightening controls as the country begins to feel the effects of India's closing of most of Nepal's southern trade routes.
This aid worker, who asked not to be named, said that Tibetans who reached a Nepali-Chinese border town, Kodari, were given visas for 12 months until about a year ago, when the validity was reduced to three months.
Recently, he said, Tibetans were being told they could stay only 30 days. 
Most Tibetans, who now travel legally on Chinese exit permits and passports, want to visit the Indian town of Dharmsala, where their exiled spiritual leader, the Dalai Lama, is based. 
The 30-day limit poses problems for these visitors, who travel a circuitous overland route to India and back.
Radhe Bista, a spokesman for the Nepalese Government, said in an interview that there was no blanket 30-day regulation covering visas for Tibetans, who are regarded as Chinese citizens. 
He said that the immigration officials at Kodari, the only land border crossing, have discretion in granting entry.
Mr. Bista said there was no intention of curbing the activities of Tibetan refugees, who have enjoyed wide freedoms to move about and engage in business. 
Tibetans are credited with starting and building an export trade in woolen and cotton carpets, which is earning much-needed hard currency for Katmandu. 
They also dominate the manufacture and sale of handicrafts to tourists, Nepalese say.
Â 
Indian Embargo
At the Tibetan refugee center of Jawalakhel, south of Katmandu, where many carpets are made for export, exiles said that their business was suffering from the inability to get raw wool and cotton because of the Indian embargo, which began on March 23. 
India says it will allow only essential supplies to enter Nepal.
Nepalese and Tibetans say that most exports are also blocked because of the trade blockade and the Indian decision to stop supplying Nepal with petroleum products needed to transport the goods to Calcutta port by trucks.
The Tibetans' role in advancing the cause of Buddhism in Nepal is just beginning to be noticed, Nepalese and Tibetans say. 
The Tibetan Buddhists do not proselytize. 
But they are devout people who give a large part of their earnings to the building of monasteries and temples, to which Nepalese also come to study and worship.
Nepal has two distinct Buddhist communities. 
The Newaris, original settlers of the Katmandu Valley, are often Buddhist or practice a combination of Hinduism and Buddhism. 
On the Nepal-Tibetan border, there are other Buddhists who follow Tibetan schools of Buddhist teachings.",3,tibet,HWBUSH,HW Bush (1989-1992),CATEGORY_4,"lama, dalai, tibetans"
"Tibetan_s Tale_ Unrest, Explosion, Crackdown.txt","ï»¿
The first Tibetans to leave Lhasa for Nepal since the Chinese imposed martial law in the city a month ago say several weeks of growing public protests, culminating in attacks on Chinese residents and shops, led to Beijing's action.
In a series of demonstrations in late February and early March, Tibetan nationalist flags were unfurled and emotional crowds chanted ''Independence!
Independence!'' a monk among the 42 Tibetans said in an interview. 
Mobs set Chinese businesses on fire, he said.
The recently arrived Tibetans, including children, traveled overland on Chinese exit permits allowing them to visit relatives in Nepal. 
They left Lhasa two weeks ago and reached Katmandu last week.
Since the early 1980's, China has allowed international travel to and from Lhasa through the Nepalese border town of Kodari. 
Until the recent imposition of martial law, tourists were also able to fly between Katmandu and Lhasa. 
Travel agents here say they have been told that tourist flights may resume as early as Saturday. 
This may indicate that martial law will soon be lifted.
The Tibetan monk, who asked that his name not be used to protect his family and religious colleagues in Tibet, said public disaffection in Tibet, which China formally absorbed after the Communist revolution in 1949, entered a new phase in December.
Â 
A Call to Demonstrate
Other Tibetans in the group have given Tibetan exiles here similar accounts of recent events.
The monk, a follower of the exiled Tibetan spiritual leader, the Dalai Lama, said signs began to appear during the night in Lhasa in early December, urging Tibetans to come out on Dec. 
10, International Human Rights Day. 
When protests materialized within a few days, a 31-year-old monk who tried to parade through the streets with a Tibetan flag was intercepted by the Chinese police, who tried to wrench the flag from his hands before finally firing, killing him.
When students came out on Dec. 
18 to demand greater human rights for Tibetans, the monk said, Chinese officials made a major effort to talk with them about their grievances. 
The officials spent more than six hours with the students, lecturing them on loyalty. 
There were no arrests.
On Feb. 
7, the eve of the Tibetan New Year, posters went up overnight in Lhasa asking every family to send one member to a demonstration the next day at the Jokhang Monastery, the focal point of city life. 
The monk said as many as 10,000 people went to hang khatas, white ceremonial scarves that are a sign of honor, on a Tibetan flag that was unfurled there.
After March 1, the monk said, the protests became increasingly regular, and larger. 
In early March, Tibetans marked the anniversary of the unsuccessful 1959 revolt against the Chinese, after which the Dalai Lama went into exile in India.
Â 
Protesters Throw Stones
On March 5, thousands were in the streets, the monk said, and they threw stones at the police, who fired tear gas and then bullets at the crowd.
Tibetans say 104 bodies were found that day by relatives and friends.
The monk said foreign tourists -''especially backpackers,'' he added through an exile interpreter - taught Tibetans how to dip cloths in water and breathe through them to mitigate the effects of tear gas, an act that infuriated the police.
On March 6 and 7, the monk said, enraged mobs, ''their spirit at its peak,'' began to attack Chinese residents of Lhasa and set fire to their shops and other businesses. 
At 4 P.M. on March 7, announcements were read all over Lhasa ordering people to go home. 
Tibetans say the announcements warned that anyone who tried to assemble again would be shot.
At midnight that night, martial law was officially declared.
Since then, the monk said, Tibetans have been required to buy daily permits to go out, even for shopping. 
People on bicycles passing Chinese policemen or troops have to stop and produce these permits or be pulled off the cycles.",3,tibet,HWBUSH,HW Bush (1989-1992),CATEGORY_4,"lama, dalai, tibetans"
U.N. Population Plan for China a Test for U.S.txt,"ï»¿
A new United Nations plan to help China control its population growth will provide an early test of the Bush Administration's attitude toward Beijing's forced abortion and sterilization policies, officials and diplomats say.
The United Nations Fund for Population Activities, the world family planning agency, will ask its governing council in early June to approve the $57 million five-year plan under which it will help China promote family planning and develop a modern contraceptive industry. 
This will be the first time the United States, which is a member of the council, has been asked to approve a new plan for China since 1985, when Congress cut off all American contributions to the agency, claiming it was helping China run a population control program that employed compulsory abortion and sterilization.
''There is a new President and a new program so I hope we will also have a new policy and the United States will resume its support for us,'' said Dr. Nafis Sadik, the agency head.
Dr. Sadik said that when she visited Beijing in January, Chinese leaders admitted that ''overzealous'' family planning officials had forced women to have abortions against their wishes.
But they insist that this is against official policy requiring voluntary abortions.
Dr. Sadik, who is from Pakistan and the only woman to head a United Nations agency, said the Chinese told her they are now trying to improve the image of their population policy abroad, cracking down on officials involved in family planning abuses, including coerced abortions.
She said the Chinese leaders also told her that they are anxious for the United States to support the United Nations agency's new population control program.
She said they regard the disagreement over the agency as an ''irritant in their relationship with Washington.''
The Reagan Administration and Congress cut off funding for the agency, which relies on voluntary governmental contributions, in 1985 after American anti-abortion groups accused the agency of helping China implement a population control program that provided for compulsory abortion and sterilization.
The money Congress would have given was allocated instead to voluntary population control programs in other developing countries not run by the United Nations agency.
The withdrawal of American funding has not been a major inconvenience for the agency because other donor countries have stepped up their contributions to fill the gap, officials say. 
This year the fund will have a record budget of just over $190 million to spend on controlling population growth.
Under the 1985 law, the President must determine annually whether China's population control program includes forced abortion.
This task goes to the United States aid agency, which has always said it thinks China compels women to abort unauthorized pregnancies.
China, which has 20 percent of the world's population but only 2 percent of its farmland, is trying to stabilize its population at about 1.2 billion by 2000 by discouraging couples from having more than one child.
As yet Administration officials say they have not decided whether China is ending forced abortions, allowing the United States to give money. 
But a struggle is already under way in the Congress between right-to-life campaigners who want to see the ban continued and those pressing for America to start paying the agency again.
A new bill introduced by Senator Timothy E. Wirth, Democrat of Colorado, would water down provisions of the 1985 law, arguing that the world must do more to limit population growth to protect the environment and make economic development sustainable.
Even with more aid, Dr. Sadik said she thinks China is unlikely to stabilize its population, now growing by 15 million a year, at 1.2 billion. 
An average family still has 2.58 children and only 20 percent of births are first children, she pointed out.
''Maybe they can stabilize at 1.3 or 1.5 billion,'' she said. 
''But that's a lot more people.''",3,tibet,HWBUSH,HW Bush (1989-1992),CATEGORY_4,"lama, dalai, tibetans"
"Ulan Bator Journal_With Genghis Revived, What Will Mongols Do_.txt","ï»¿
He may have killed people by the millions, but he was also a great nationalist and one of the most brilliant commanders in history. 
So, in one of the most unusual political rehabilitations in any Communist country so far, Genghis Khan is re-emerging as a national hero.
Two of Mongolia's hottest pop songs are about Genghis, the warrior who nearly eight centuries ago founded the Mongol Empire, which eventually stretched from China to Hungary. 
A new vodka and hotel are being named for him, and historians are searching for his grave so that they can build a museum on the site.
This rediscovery of Genghis, after decades in which he was ignored by Mongolia's Communist historians, is just one example of the resurgence of nationalism that is sweeping this longtime Soviet satellite.
The pro-democracy protests that began in December have led the country on a path toward free elections, but, perhaps more worrisome for Mongolia's neighbors, they have kindled a powerful nationalist movement.
Â 
'Good Grounds to Worry'
Some of this nationalism is already rubbing off in small ways on the 500,000 Mongols who live in Soviet Asia - they are studying their history and culture more than ever -but their numbers are small and for now they are far from the top of the list of President Mikhail S. Gorbachev's problems.
China, on the other hand, has about 3.5 million Mongols, mostly next door in Inner Mongolia, and many Western diplomats and Chinese and Mongolian officials see a significant risk that Mongolian nationalism could spread across the border.
''I think the Chinese have good grounds to worry,'' a Mongolian official said in an interview. 
The risk is generally seen as coming from two sources. 
First, the ouster of the Communist leadership here by a democratic opposition may inspire Chinese dissidents. 
Second, the rising tide of nationalism could provoke ethnic unrest in China.
Â 
Old Script Is Returning
For those Chinese who come to Mongolia these days, the signs of the new nationalism are everywhere. 
Even the maps may have to be altered, for Mongolians are talking about changing the names of several cities, including the capital - Ulan Bator means Red Hero - to their pre-revolutionary names.
The traditional script, which resembles Arabic but is written vertically, is also returning to vogue. 
Four decades ago, Mongolia adopted the Cyrillic alphabet, but these days more and more signs are written in the old script.
''I don't know when it will happen, but I'm sure that the old writing will again become the official script,'' said Daavaasambou, director of Mongolia's state museum.
''Mongolia has a world-famous history,'' Mr. Daavaasambou added. 
''But the leaders didn't pay enough attention to history, and they pointed out only the bad side of Genghis Khan, not his good side. 
It is connected to the Stalinist policies implemented here.''
Â 
Critical View of Genghis
Mr. Daavaasambou seemed a trifle embarrassed when a visitor pointed out that the museum itself perpetuated the official line; only one room in the three-story structure is devoted to Genghis Khan, and much of the information is critical. 
Facing a portrait of Genghis is a painting of a dead warrior, with the inscription ''Let there never be war.''
Next to it is a quotation from Karl Marx that refers to Mongols as a warmongering tribe.
''We will take down that quotation from Marx,'' Mr. Daavaasambou said. 
''In its place we will put up a sign with the words of Genghis Khan, 'I do not fear death for myself so long as my nation may live.'
''
In the last few months, even the official press has taken to referring to ''Lord Genghis Khan,'' and a Buddhist revival is under way after a long period of religious suppression. 
Until the 1921 Communist revolution, Mongolia had about 800 monasteries and some 100,000 monks. 
But the authorities suppressed religion, and now there is only one monastery, with 110 monks. 
In the last few weeks, the monks have hatched plans to reopen many monasteries that were closed.
Relations between Mongolia and the Soviet Union may also be touchy in the future because there are growing accusations that the Soviet Union has exploited Mongolia economically. 
One of the mysteries of Mongolia is how a country with 2 million people and 24 million head of livestock can have meat shortages; the answer is that a large amount of meat is exported to the Soviet Union.
Â 
Tougher Bargains Expected
In fact, the Soviets give large amounts of aid to Mongolia, and it is not entirely clear which country is getting the better deal. 
But in any case, Mongolian leaders have been criticized for not standing up to Moscow in negotiating trade agreements, and it is certain that Mongolia's new leaders will drive tougher bargains.
There also seems to be considerable enthusiasm here for the scheduled departure in 1992 of the last Soviet military forces based here. 
But Mongolian officials take pains to point out that theirs is a tiny nation, and that China in particular has only grudgingly given up its claims to sovereignty over their country.",3,tibet,HWBUSH,HW Bush (1989-1992),CATEGORY_4,"lama, dalai, tibetans"
We Must Change Our Lives.txt,"ï»¿
FREEDOM IN EXILE
The Autobiography of the Dalai Lama.
Illustrated. 288 pp. 
New York:
A Cornelia & Michael Bessie Book/
HarperCollins. $22.95.
Â 
MY TIBET
Text by His Holiness
The Fourteenth Dalai Lama of Tibet.
Photographs by Galen Rowell.
162 pp. 
Berkeley: Mountain Light Press/
University of California Press.
Â Â $35.
Perhaps the time has come when the world will lend a more sympathetic ear to the message of the Dalai Lama. 
His two main concerns for the last four decades have been the same: nonviolence as a way of relating to others - even to nonhuman sentient beings - and an attitude toward life that involves care for the environment. 
These were the messages he brought with him to the West to receive the Nobel Peace Prize in 1989; they are the messages he develops in ''Freedom in Exile,'' his autobiography. 
The world may be ready to listen because more people are convinced today that such messages are needed if the future of this planet is to be assured. 
The timing of the autobiography is perfect. 
What may have seemed too idealistic and naive in the past is now seen by many as the only way to assure peace and preserve life on earth.
The timing of this volume is important also because of the new euphoria over the freedoms acquired by many nations in Eastern Europe in the past year. 
There is a solid hope that this phenomenon of the human spirit reaching toward freedom is but a glimpse of the beginning of even more manifestations of ethnic, racial, national and religious aspirations. 
Could Tibet finally hope for new freedom too?
There is every reason to expect that world pressure will mount in that direction, even though some Western nations fear that China will be offended by such a move. 
The Dalai Lama's book is a political one. 
For three decades he has traveled the globe to keep alive the world's interest in his nation's plight. 
This book is a call for freedom.
Tibet's loss of freedom is the most dramatic event in the life of the 14th Dalai Lama. 
When he was born to a family of small farmers on July 6, 1935, as he explains, there was no way for anyone to know he would become the Dalai Lama. 
However, two years before his birth, the 13th Dalai Lama had died. 
Several years later, according to custom, a search party of high-ranking Buddhist monks, guided by the state oracle and acting on what they saw as special signs, fanned out through Tibet looking for a child whom they could recognize as the previous Lama's reincarnation (as the Dalai Lama says in his book, he is believed by his followers to be the reincarnation of all 13 of his predecessors, the first having been born in 1351).
His explanation of these matters is forthright. 
And the writing is remarkable in that he says at the outset that he wrote directly in English, a difficult task, he adds, since ''my ability to express myself in this language is limited. 
Furthermore, I am aware that some of the subtler implications of what I say may not be precisely what I intended. 
But the same would be true in a translation from Tibetan.''
His story of how he was recognized as the new Dalai Lama and of his installation in the mighty Potala Palace in Lhasa as his nation's leader is well known from the memoirs of several Europeans who were there at the time. 
But he has retained much of the freshness of the child's view of what was happening to him, and his account is moving. 
It is also often amusing, especially when he tells of his famous fascination since childhood with everything scientific and technical - a passion that has led him to become an expert at repairing watches since he was 8 or 9. 
It also led to a hilarious collision with a tree when, as a boy of about 13, he sneaked into the palace garage and took one of only four motor vehicles in all of Tibet out for a private joy ride.
He had not much more time for such carefree fun. 
After the Communists came to power in China in 1949, one of their first moves was to make a claim on Tibet. 
Tibetan officialdom ended the regency that operated the Government on behalf of the youthful Dalai Lama, and, at an age when most Americans are in high school, he became the absolute ruler of Tibet. 
His book tells an impressive story of the education of this young monk-monarch as he tried to negotiate with the Chinese and to save his country. 
Finally, in 1959, with Chinese forces lobbing shells inside the compound of his summer palace, he consulted his oracle, and then he and a group of his closest advisers made their way across the Himalayas into India. 
Through the years they were to be followed by more than 100,000 escaping Tibetans, and today they occupy the Indian town of Dharmsala, where the Dalai Lama has his headquarters, and 50 other refugee centers.
The enormous destruction of Tibetan religion and culture wreaked by the Chinese is well attested to by many refugees, and by visitors to Tibet. 
But there are things no conqueror can obliterate, as is immediately evident in ''My Tibet,'' a volume of photographs taken in recent years by Galen Rowell, with a text drawn from interviews with the Dalai Lama or essays written previously by him. 
Mr. Rowell has caught the natural beauty of that nation as no other photographer has done before. 
Its mystical qualities are a combination of ruggedness and serenity. 
The pictures also testify that the faces of the Tibetan people have not changed from past years. 
They remain fresh and wholesome, shy and inward looking, full of fun and hidden sentiments. 
Mr. Rowell's rich color pictures of the people can be profitably compared with the collection of black-and-white historical photographs to be found in another volume, ''Tibet: The Sacred Realm. 
Photographs 1880-1950,'' first issued seven years ago and recently reprinted by Aperture. 
The conditions of life for Tibetans may have changed, but the great human qualities of these people have not; they glow from the pictures. 
Mr. Rowell's photographs, whether of nomads or the abundant animal life or landscapes and town scenes, reveal changes but they also underscore the idea found in the Dalai Lama's comments on each one - that there are hidden and enduring truths to be found here.
In the three decades since his escape, the Dalai Lama has traveled throughout the world studying, teaching and conferring with members of many religions - and always seeking the world's help in restoring his country to its people. 
But even if more political freedom should come to it, the road to liberation for Tibet will not be an easy one. 
''Freedom in Exile'' shows that the author is aware of the cultural gaps between traditional Tibetan Buddhism and the scientific approaches of the West. 
The long isolationism of Tibet is now over, but the struggle to come to terms with the advances in science and psychology that have occurred in the world is only beginning. 
How much of the old ways can survive not only the Chinese Communist domination, but the scientific and psychological pressures of the whole of Western culture?
It will be more difficult to vindicate rule by oracles, for example, in an age that seeks psychological examination and scientific proof for all such phenomena. 
The rest of the world is unlikely to be convinced that a society and its government should be based on the search for reincarnations of the great leaders of the past. 
Though one admires the foresight of the Tibetans in the past, in raising up and training leaders from childhood, one is struck by the difficulty of combining this method with the democratic ideals that now permeate Western culture and that will continue to dominate the world. 
The Dalai Lama is aware of these problems; to his credit he states that he is not afraid to face them squarely. 
It is evident to him, as to everyone, that even if he is allowed to return to Tibet and lead his people again, there will be no return to the old ways. 
One would hope, however, that the Tibetan experiment of trying to relate the spiritual to the concrete political realities of the world today would come to benefit all nations and all cultures.
There are some trenchant criticisms in this book of the West, for its lack of spiritual roots like those that nourish Tibet, and it is wholesome for us to hear them. 
But there are also some acknowledgments that Buddhists, and especially Buddhist monks and nuns, have something to learn from Western religions about translating the contemplation of goodness into practical action. 
It is the wish of the Dalai Lama, and, one would hope, of all genuine spiritual leaders, that religion can continue to give to all human beings a sense of the value and dignity of life, of the need to treat the world as sacred and of the desire to live in peace and harmony. 
The vision he has brought down from the roof of the world to the world he is exiled to has been broadened, but not lost.
It is good that the Dalai Lama has found currents in the West, including Western monasticism itself, that are points of contact with his own culture. 
Although the anthropology and the concept of the deity that lie under the two kinds of monasticism are different, the concept that the inner workings of the human spirit must be a part of the full equation of what human existence is all about, and that the human person cannot rely totally on materialism and external stimuli for fullness of life, forms a common ground in all monasticism. 
And it is to be hoped that more contacts between these two traditions will take place. 
Those that have already occurred - I presided over the first international meeting of Catholic and Buddhist monks, in Bangkok in 1968 - have enriched members of religious communities on both sides.
On the other hand, the total domination of intellectual life by monasticism that so characterized old Tibet will, I can safely say, never return. 
Studies for all monks must now go beyond the philosophical and mystical to the scientific. 
By the end of his autobiography it is clear that the Dalai Lama recognizes, as many religious leaders in the West do, that the education of people whose lives are dedicated to religion must change greatly. 
The challenge, for him and the Tibetan Buddhists, as for us in the West, is to retain the best from the past and find new freedom for it to evolve.
Â 
'THERE IS TOO MUCH DEVOTION TOWARD ME'
The Dalai Lama wrote ''Freedom In Exile,'' his autobiography, ''to counter Chinese claims and misinformation they spread about Tibet's history, culture and religion,'' he says, ''and to tell the truth about Tibetan independence.''
In an interview this month at Middlebury College in Vermont, where he was attending a conference on religion and environment, the winner of the 1989 Nobel Peace Prize said: ''Tibet has always been a separate, independent country from China. 
Sun Yat-sen, the father of Chinese democracy, considered Tibet a foreign nation, as did the Chinese Communists before their invasion began in 1949.''
Looking forward to a day when the Chinese occupation of Tibet might end, the Dalai Lama, who wants people to see him as ''a simple Buddhist monk,'' said he would step aside as ruler: ''If I return as the leader, it would be an obstacle to developing a genuine democracy in Tibet. 
There is too much devotion toward me. 
It would be better if I remained outside the Government.''
But, he added, the position of himself and other religious leaders, who traditionally governed the country, ''would be up to the Tibetan people.''
Soon after he fled Tibet in 1959, he wrote an autobiography, ''My Land and My People.''
But in the 1980's a British journalist, Alexander Norman, suggested it was time for a more complete account. 
They worked together on the book. 
Mr. Norman taped the Dalai Lama for several hours at a time and prepared a manuscript from the tapes, which they later rewrote together.
The Dalai Lama now has his headquarters in Dharmsala, India, where he tries to keep abreast of events in his country, in part by personally interviewing every refugee who manages to escape about the fate of families and villages under the Chinese occupation. 
He says there has been a massive deforestation as the Chinese have clear-cut millions of acres of Tibetan forests to sell lumber on the export market; and they are grazing dense herds of sheep on the fragile Tibetan grassland, causing rapid erosion. 
But more devastating has been the continuing oppression of the Tibetan people and suppression of religion and culture. 
Refugees say advocates of independence are routinely jailed and tortured, including many Buddhist monks and nuns. 
News of such events rarely shows up in the news media around the world, the Dalai Lama says. 
''We need to raise world awareness about Tibet, to tell the truth about what is really happening under the Chinese. 
An ancient nation with a precious culture is almost dying.''
DANIEL GOLEMAN",3,tibet,HWBUSH,HW Bush (1989-1992),CATEGORY_4,"lama, dalai, tibetans"
"With Its Population Still on Rise, Beijing Pushes One-Child Family.txt","ï»¿
Throughout China's vast countryside, it is often not so much democracy that stirs emotions as it is the desire to procreate, and few policies cause more heartbreak than the Government's family planning measures.
These days there are signs that the one-child policy will be carried out more rigorously. 
The number of women of child-bearing age is climbing dramatically, leading China to exceed its population targets, and the Government is now calling for tougher enforcement of family planning measures.
Â 
'Many Women Are Scared'
Here in Sichuan Province, as in most of the nation's countryside, population control has caused a mixture of anger, support, frustration, enthusiasm, deviousness and pain. 
Many Chinese intellectuals endorse the policy and believe it has given new hope for their country's long-term development, but it has also ruined marriages, intensified sexist attitudes and led to murder, bribery, abandonment and countless battles between mothers and daughters-in-laws.
""Sometimes the women cry, sometimes they don't,"" said a woman from Chuan Shi village, here in Guangan County, as she described the pressure on women to have abortions. 
""They dispatch more than a dozen people to your house all at once. 
They don't beat you, but they scold you, and many women are scared and just go to the hospital.""
The case of Qi Yongxin, a peasant in Donglou village in Henan, shows how deep passions can run. 
When his wife became pregnant a year ago with his fourth child, a neighbor reported her to the authorities. 
The officials then pressured her to abort it, and Mr. Qi, his father and sister were so enraged that they beat the neighbor to death and crippled his wife and three-year-old child.
Mr. Qi was sentenced to death in March, according to the Peasants Daily, which reported the incident.
There have long been criticisms abroad of China's one-child policy, and the United States has suspended its contribution to the United Nations Family Planning Program because of allegations that the program was bolstering a coercive policy in China.
But the family planning policy has made substantial progress over the last dozen years, with the average number of babies per woman dropping from five or six in 1970 to two or three now. 
Without population control, 240 million more Chinese babies would have been born over the last two decades, official reports say.
Soaring populations and insufficient farmland are a major problem in many developing countries, and supporters of the program say that China has come to grips with the problem better than most -- giving its present and future generations a greater opportunity to rise above the poverty and misery that traditionally was often their lot. 
Most urban Chinese now seem to accept the idea that they can have only one child, and even in the countryside people desire fewer children than their parents had, although they still frequently want more than the Government allows.
Some Chinese describe the policy in terms that Americans might use about the income tax: fundamentally necessary, but they would rather it not apply to them personally. 
Still, others say that in many rural areas, where people are less educated, the policy is simply unpopular.
Â 
2.25 Children Per Woman
The one-child policy is a misnomer in many cases, because there are many exceptions and Chinese women have, on average, 2.25 children. 
Partly because the average is so much higher than one, the Government has had to abandon its original projections.
China is now expected to break the 1.2 billion barrier by 1995, and to approach 1.3 billion by the year 2000, the official newspapers announced in April. 
In contrast, the Government originally planned to keep the population below 1.2 billion by the year 2000.
China's population is now about 1.14 billion, in a territory slightly larger than the United States, but with far less arable land.
Will the missed targets prompt a new crackdown?
So far, the Government has called for tighter controls, and there seems to be a greater attempt to raise fines for evasion and to limit the number of cases where second and third children are allowed.
Official press reports have also called for more spending on family planning, which currently receives less than one percent of the central budget. 
But so far officials deny that a new crackdown is imminent, and there is no sign of another ""high tide"" of the kind that a decade ago led to many forced abortions in Chinese villages.
Peasants, officials and others interviewed during a weeklong tour of Sichuan Province, and in other parts of China in recent months, said that it was quite rare for the authorities to drag a woman to the hospital to undergo an abortion, but that it still happened.
""Last year there was a forced abortion in my village,"" said a young woman from Hongjiang Village in Sichuan. 
""More than a dozen cadres went to the woman's house and forced her to go to the hospital for the abortion.""
Officials do not disclose national statistics on forced abortion, but Zeng Jian, the director of family planning for Guangan, said that in 1990, the county had ""about 100 forced abortions.""
This represented about 3 percent of 3,200 abortions that took place in the county in 1990. 
The phrase in Chinese that Mr. Zeng used normally suggests compulsion or physical force, rather than simply pressure tactics.
He added that last year, Guangan, with 1.09 million people, had only 200 unauthorized births, compared to 15,000 within the plan.
Â 
Other Government Tactics
Peasants also described other tactics, such as demolishing houses, confiscating furniture or electrical appliances, or beating the husbands of those who violate the policy.
""They dig a hole in the wall of your house, stick your head through and beat you on the backside,"" said a peasant from a Shandong Province village wih about 600 families. 
""It happened twice this year in my village.""
In recent interviews, Chinese from Sichuan, Anhui, Shandong and Fujian Provinces all reported that demolition of houses was one method that officials sometimes used to deal with peasants who would not or could not pay the heavy fines for breaching the policy.
""It happens every year, but not that much,"" said a 23-year-old woman from Qingkang village in Guangan County.
Both officials and many peasants, however, say such methods are used infrequently. 
Indeed, visits to villages in many parts of China suggest that unauthorized children are far more common than destroyed houses. 
It is common in some rural areas to see couples with three children, occasionally even four, and local officials are often willing to charge a fine and look the other way.
Â 
Pursuasion, More Than Force
""If they refuse to pay the fine, their radio set and TV may be taken as mortgage -- yes, I've seen this in some places, but it is quite rare,"" said Shen Guoxiang, the spokesman for the State Family Planning Commission in Beijing. 
""It is quite common to persuade a woman not to have another baby when she wants to have it. 
But it is rare to drag the woman by the hand and force her to have the abortion.""
The most common way of persuading couples to have fewer children is simply to offer a series of incentives and fines, and if these fail, to turn to pressure tactics aimed at making people feel guilty if they breach the policy. 
Here in Sichuan, which has a population of 108 million, one-child families get a wide range of benefits. 
These vary but can include monthly subsidies of $1, higher retirement pensions for the parents, greater allocation of land, lower grain taxes and easier access to good schools.
A fine for a child born out of the plan can amount to up to two year's income, but villages tend to set their own fines. 
Some even offer installment plans for families that cannot pay the fine in one lump sum.
Â 
Monitoring System
The incentives are linked to an efficient monitoring system -- which includes about 13 million volunteers -- intended to detect pregnancies as soon as possible. 
In Guangan, villages and townships keep lists of all the women of child-bearing age, and oblige them to undergo gynecological check-ups every three months -- apparently to insure that no one conceals a pregnancy.
One of the most effective methods of preventing unauthorized pregnancies is obligatory sterilization of couples who have already had two or more children. 
But it is common for mothers to flee their villages when they are summoned for sterilization or when they are expecting a baby outside of the plan.
In Guangdong's Wuhua County, last July's census workers discovered that over the years nearly 38,000 children had secretly been born and not registered with the authorities, according to a recent report in the Nanfang Daily.
The most common reason for couples to breach the policy is that they want a son, to continue the family name and ancestry. 
In Chinese tradition, daughters are married out of the family, while sons remain to care for their parents in their old age. 
So parents often keep having children until they have a son.
In some areas, family planning is loosely implemented because the officials themselves do not consider population control a priority or because their family members protest. 
Some peasants say that local officials set an example of evading the family planning controls, so that no one else wants to adhere to the rules either.
In Sichuan's Bai Mao township, Liu Anxiu, the 26-year-old daughter of the village Communist Party leader, acknowledged that she had given birth to two children -- she had to pay a fine of $153 after the second one. 
Ms. Liu's father was in a tough position to urge other villagers to have only one child.
Then, because her children were both daughters, Ms. Liu considered trying again for a son. 
Eventually her relatives dissuaded her, saying it would reflect badly on her father if she had a third child.
""They kept telling me that the children of officials shouldn't have more children,"" said Ms. Liu. ""So I had to listen to them.""
NEXT: Millions of baby girls are missing.
Â",3,tibet,HWBUSH,HW Bush (1989-1992),CATEGORY_4,"lama, dalai, tibetans"
"Yangpu Journal_Months or Millennia After Flood, the Poor Endure.txt","ï»¿
The only solution to her family's problems, Wan Ziyu said glumly, was for her to die.
""Every day I live is a burden for my son,"" said Ms. Wan, her white hair and wrinkled face betraying her 80 years. 
She looked down at her four-inch long feet, bound and crippled when she was a child, and said, brooding, ""It's better for me to die as soon as possible.""
The family has always lived on the edge of poverty; what pushed them over was a disastrous flood in eastern China in the summer of 1991. 
The flood, the worst in 100 years in Anhui Province, killed more than 5,100 people, caused $14 billion in economic losses and disrupted the lives of 220 million people.
Â 
Resilience Amid the Debris
The Chinese authorities promptly banned foreign reporters from the area, so the flooding attracted little attention around the world. 
But even now, 15 months later, in what local officials say is the first visit by a Western journalist, it is obvious that the area was devastated and that many peasants will not be able to recover for several more years.
The flooding is also testimony to the legendary resilience of the Chinese peasantry, for some villages are resprouting from the mud and will soon be sturdier than ever. 
International aid experts give the Chinese authorities good marks for organizing relief efforts, and there were no epidemics of disease among the tens of millions of people who lost homes.
Still, that is small consolation for Ms. Wan. She lives with her son and grandson in a mud hut that was supposed to be their temporary quarters to get them through last winter. 
It will have to shelter them this winter as well, and the family has no idea when they will have the $2,000 needed to build a brick home.
Â 
House Is Beyond Reach
""It's far more than we can afford,"" said her son, Wang Daoyun, who is 44. 
""There's no way we can build a permanent home until my son grows up.""
The problem, Mr. Wang said, is that he has less than one-sixth of an acre and he is the only able-bodied person to provide for his mother and his child.
That was bad enough, but then the floods destroyed his home and virtually everything he owned. 
Now even an education for his son, a fourth-grader, is becoming a luxury.
""Already, the boy's school fees are 70 yuan a year,"" Mr. Wang said, ""and next year it'll be 100 yuan. 
I can't pay that much.""
(Seventy yuan is equivalent to about $12.75.)
Flooding is an integral part of Chinese history: one of the earliest names in the fog where history emerges from legend is the Great Yu, a heroic emperor who supposedly tamed a great flood in the 23d century B.C. the most capricious river is the Yellow River, which silts up and overflows the dikes to find a new course to the ocean.
When nonstop rains beginning in May 1991 made it clear that flooding in Anhui was inevitable, the Government opened floodgates and cut through dikes so the worst damage would be absorbed by villages like this one rather than by big cities downstream.
This almost certainly minimized the cost in lives, but it also meant that those who suffered most were those who had the least to start with.
""The flood left my rice paddy covered with sand, so that all I can plant is sweet potatoes and rape seed,"" Hu Changcui, a woman of 56, said as she stood in a crude brick shelter that serves as living quarters until the family can rebuild a home.
""And my son is 23 years old and not yet married!
Of course, we'll have to wait until we can build a house before he can think of getting married.""
Â 
The Money Is Running Out
Throughout Anhui Province, 600,000 people are living in temporary housing: straw shacks, mud huts, brick shelters or canvas tents. 
About 700 clinics have yet to be rebuilt, along with 300 schools.
""We still have plenty of needs, but we're about out of funds,"" said Ye Ruqiang, deputy director of Anhui Province's flood disaster office.
The Government almost certainly could have attracted more foreign aid if it had allowed foreign news coverage. 
But instead the authorities seemed embarrassed, and chose to turn the floods into a huge propaganda effort to improve the image of the army, whose reputation had been sullied when it fired on crowds of pro-democracy protesters around Tiananmen Square in 1989.
The People's Liberation Army played a central role in flood relief and unquestionably saved thousands of lives, and special television programs hailed the soldiers' heroism.
Some families have already bounced back and seem in better shape than ever.
Â 
Now, Let's Find Wives
Miaoqian, a village of 8,000 in in an old lack bed in northern Anhui, has risen anew less than a mile from the old site.
""This is much better than my old house,"" Li Decao, a 36-year-old peasant, said as he showed off his new two-room house, with a pig and a few hens in the back yard.
Yang Chuanzao, the 30-year-old Mayor, said that soon after the disaster, the number of marriages dropped, because local people could no longer afford to hold a wedding festival and set up a new house. 
But he figures local youths will have more luck finding partners once they are settled in their new homes.
""It's definitely a bit easier for the young men to find a wife now,"" he said. 
""You're more attractive when you live in a brick house than when you live in a grass shack.""",3,tibet,HWBUSH,HW Bush (1989-1992),CATEGORY_4,"lama, dalai, tibetans"
Approaches To Tibet.txt,"ï»¿
THERE are three ways of entering Tibet legally, and on each of three trips I have made there as a budget traveler, I have used a different route.
In 1992, on my first trip, I entered from Nepal, joining a tour because of Chinese regulations. 
I chose the Arniko Travel Agency in Katmandu and acquired a week's visa extension in Tibet beyond the departure of the tour. 
We traveled by hired bus from Katmandu to the unpaved climb to Zhangmu across the border in China. 
The next day we ascended the perilous gorge filled with trees, ferns and tumbling water. 
We stopped at mud slides to help local people heave rocks into the road so we could continue on our way. 
Cresting the pass, we left the green, water-drenched gorge and entered the Himalayan rain shadow of brown, beige and taupe.
On this route, which took 10 days from Katmandu to Lhasa, the traveler can visit Sakya Monastery and the former monastery city of Tashilhunpo outside Shigatse, once a pretty Tibetan town but now just another Chinese shambles of stained concrete and cracked blue glass. 
Gyangtse, my favorite Tibetan town, half a day's journey farther southeast on this route, has not yet met that fate. 
A stroll down the main street between Tibetan houses topped by rippling prayer flags takes one to the monastery and the Kumbum, a white wedding-cake structure honeycombed with chapels whose walls are bright with 15th-century murals. 
It is the Ste.-Chapelle of Asia.
I lost count of the passes we crossed bumping along over the potholes, but all were spectacular. 
We also drove along the shores of Lake Yamdrok, 40 miles southeast of Lhasa, a flawless turquoise set among jagged white mountains.
When my tour left Tibet, I moved from the Holiday Inn in Lhasa to the Yak Hotel, one of a handful of hotels run by Tibetans that cater to budget travelers. 
I spent the week learning the ropes -- where to eat (at Tashi's), where to shop (the Barkhor), where else to stay (the Banok Shul, the Snowlands or the Kirey). 
On the flight back to Katmandu on Southwest China Air, I was served a meal consisting of a bag of cashews, digestive biscuits, a boiled duck egg, an apple and cough drops. 
Because there was no regulation of carry-on luggage, baggage obstructed the aisle. 
The Lhasa airport was filthy, crowded and inefficient, but the views of the Himalayas during the flight were superb.
Â 
Chengdu
In 1995, on my second journey to Tibet, I flew from Hong Kong to Chengdu, capital of Sichuan Province, in the northeastern corner of China, where, as part of the needlessly expensive package I bought in Hong Kong, I was picked up by a guide with driver and car.
Chengdu, a heavily polluted town, has a number of interesting, rundown Chinese monasteries, such as the Wenshu and the Quingyang, where people worship by lighting joss sticks and prostrating themselves. 
There is also the ""cottage"" of the famous eighth-century poet Du Fu, where you can rent a fishing pole and fish in the stocked pond that smells of drains.
I waited four days for the Tibetan permit I'd arranged for in Hong Kong. 
At the end of my two-day package at the $100-a-night Chengdu Hotel, where electric wires snake in and out of holes in the walls and a dingy, feltlike carpeting covered the floors, I transferred to the Traffic Hotel by the bus station, a Spartan, clean place where I shared a triple with two other women for $5.45. 
I shared the bathroom, which was down the hall and also clean, with innumerable people.
Finally my visa and ticket arrived, and at 5:30 A.M. I was picked up at the Traffic by my guide, who funneled me efficiently through all the formalities onto Southwest China Air. 
Food and restrictions concerning carry-on luggage had improved 100 percent since my last flight. 
The new airport outside Lhasa was also an improvement.
I was very careful when I picked up my backpack because I could feel an altitude headache lurking. 
I knew from previous trips that bending over would make the top of my head explode. 
By flying in, I had come up too fast to an altitude of 12,000 feet.
On this trip I had organized, with two other Americans I met in Lhasa, an exhausting, adventurous and fascinating month's journey to Mount Kailas -- the holy mountain, considered the navel of the world by Hindus, Jains and Buddhists -- Lake Manasarowar and the Guge Kingdom. 
We traveled in the back of a baby-blue Chinese truck with a motley group of nine Europeans and Americans. 
Flying in meant that I had time to arrange the Mount Kailas trip before my three-month visa expired. 
Again, I flew out to Katmandu, to see Mount Everest up close.
Â 
Lhasa
In October 1996 I made my third trip, coming in overland from China, starting again in Chengdu. 
One cannot yet go by bus from Chengdu to Lhasa, which would be scenically thrilling, if difficult. 
The roads are bad and the Chinese worry about losing foreigners to accidents. 
One can, however, travel from Chengdu to Lhasa in hops, using different forms of transportation. 
Again I started in Hong Kong, this time booking through Time Travel Agency, which got me a flight and a two-month visa in a record eight hours. 
I would at some point have to get a Tibetan permit as well. 
After my previous experience, I knew that in Chengdu, at the Traffic Hotel's agency, I could get a flight to Xining (pronounced syee-neeng), the capital of Qinghai province, the next stop on the way to Lhasa. 
I spent two days in Chengdu arranging ticket, flight and permit.
During the short flight to Xining on Southwest China air, I munched a spicy potato-chip-like snack while looking down on mountains at first partly forested, then drier mountains terraced top to bottom like layers of phyllo dough.
I shared a taxi into town with Cendi and Hay, a Dutch couple I'd met at the Traffic Hotel. 
Xining has a mixed population of Muslims, Chinese and Tibetans. 
The Muslim men wear white crocheted caps; the women cover their hair with flocked black scarves. 
We thought we'd sighted a mosque on the river but it was our hotel. 
The endless stairs passed a floor housing a roller skating rink. 
On the floor that housed the hotel, we were led to a room for three where orange imitation-taffeta curtains sagged askew on a broken rod but the sheets appeared to be clean. 
With no lock on the door, I didn't mind being three in a room. 
The view across the river was of bluffs striated in yellow and red reminiscent of the landscape of Utah.
CENDI, pronounced ""Sandy,"" asked the reception clerk for the name of a good Muslim restaurant. 
We piled into a taxi and for $1.35 were taken to a largely empty restaurant, clean and swagged with red velvet hangings. 
With the help of my Chinese conversation book, we ordered ""sheep meat,"" eggplant, mixed vegetables, steamed bread and rice. 
The ""sheep meat,"" flakes of lamb on toothpicks, was superb.
The next morning Hay, pronounced ""Hi,"" toted my backpack to the train station for me. 
For $22.50 I had a bottom bunk with two blankets in a hard sleeper, Chinese second class. 
Because it was a local, it was relatively empty. 
At first we passed villages of small, flat-roofed brick houses with carved wooden arches and protruding wooden rafters. 
There was piped-in music, nasal American rock and saccharine Chinese pop.
The land became parched, fields disappeared into sloping sand dunes as we passed Quinghai Lake (Koko Nor), the largest lake in China, which contains an island breeding ground for birds. 
Other passengers bought food at the stations through the windows or from a cart that came down the aisle selling snacks. 
Not trusting Chinese dining cars, I had gone to a supermarket in Hong Kong and bought Laughing Cow cheese, Danish camembert, canned tuna, tea bags and a tin of duck with orange rind.
After probably three hours, we entered an area of grasslands where yak grazed. 
Two men sat on the bunk opposite me playing a game akin to checkers, but they had really come to stare at the only Westerner on board. 
The dining car chef came by to have a phrase-book conversation with me. 
Everyone smoked. 
I forbade it in my area, how ever, by pointing at the appropriate phrase in my book. 
My companions were mildly surprised, but willing to go along for the pleasure of staring at me.
We arrived in Golmud, formerly Tibetan, now a Chinese town, a small oasis in a barren area, at about 7 A.M. The Golmud Hotel dorm ($5) housed only a young Japanese man who had worked as a cook's assistant in Milan. 
He was going home to Tokyo to open an Italian restaurant. 
I went over to the office of CITS, the Chinese equivalent of the old Russian Intourist, and booked the last leg of my trip, from Golmud to Lhasa by bus, for $160, including a three-day tour, a low-end hotel and the necessary Tibetan permit. 
One could not just buy a bus ticket. 
My total was an outrageous price, since locals pay $9.50 for the bus.
When I returned to the dormitory, my Japanese friend had been replaced by a young American, Brian, from Oakland on his first foreign trip. 
We went out to the market, where we inspected plastic pails and garish-colored yarns and had an excellent dinner of shredded pork, cloud ears and red tofu at a place around the corner from the hotel.
At 10:30 the next morning we took a van to the bus station, where we were issued bits of paper by female bureaucrats. 
Our fellow passengers were a mixed lot -- four Japanese, Brian, myself, two Tibetan nomad men with long swords in silver scabbards and gold caps on their teeth, and a number of bearded Muslims wearing straw hats over white caps, which made them look Amish. 
One Tibetan, unsheathing his sword, peeled an apple in one long corkscrew.
There were flimsy curtains on the windows and the seats were covered in electric-blue plush. 
The bus started out clean but accumulated cookie wrappers, orange and apple peels, cigarette butts and other garbage. 
Rest stops were rare, so it was advisable to get out for every one of them, and we did, with women going to one side and men to the other (there were no toilets). 
Everybody chain-smoked except the Muslims.
We drove through sand dunes and jagged rock for two hours. 
At 4 P.M. we came to a row of restaurants on one side of the road and a row of white-topped mountains on the other. 
Brian and I watched a man blast a heap of goats' heads with a blow torch, then smash them open for their brains. 
In one restaurant, where the owner's wife fed her baby spoonfuls of soup, we motioned to have our bowls of dried noodles, bought in the Golmud market, filled with boiling water. 
Brian opened the can of stewed duck with orange peel and we feasted.
After dinner, climbing through barren rock, we came round a bend almost hitting a herd of horses. 
By nightfall the road was unpaved and terrible. 
Chinese Army convoys streamed by all the way to Lhasa. 
I slept a little but the road was like corduroy. 
Awakened by a bump, I gazed into a snowstorm thickly covering road and countryside. 
I was cold despite long underwear, sweaters and a down jacket because I had to keep the window open to thin out the smoke.
In the morning it was snowing lightly. 
I took two of Brian's aspirins for my altitude headache, which I wouldn't have had if I'd drunk enough water, but I was worried by the infrequency of the rest stops.
We were surrounded by big hills of velvety green. 
Large black birds with rufous bibs on their chests roosted on electric poles beside the road. 
A herd of antelope burst from a hill, racing us. 
The antelope were replaced by sheep and goats with twisted horns, yaks with babies trotting beside them, and black-and-gray nomad tents.
PASSING a battalion of snowy mountains we saw men and women making prostrations along the road. 
It would be weeks before they prostrated themselves all the way to the Jokhang in Lhasa, whereas we arrived late that afternoon, 28 hours after starting from Golmud, coming in along the ugly new strip of Chinese office buildings. 
I spent a month trekking around Lhasa, visiting temples and monasteries there and in the Yarlung Valley, a day's trip southeast, before flying to Katmandu.
This last is the most rewarding route I've taken into Tibet, since I was able to see countryside while avoiding a tour. 
If it were possible to take a bus from Katmandu to Lhasa without being in a group, I might find that the best way. 
But the next time I go, I will go via Golmud.
Â 
Places to bunk down
The best time for a trip to Tibet is late August through November.
Â 
Where to Stay
CHENGDU, CHINA: The Traffic Hotel: an inexpensive travelers' hotel, charges about $4 for an immaculately clean bed in a triple with bath.
XINING: The Young Fu Hotel: $3.40 will get you a bed in a triple with bath and hot water.
GOLMUD: The Golmud Hotel: There are two hotels next to each other but under one name -- the only place you can stay in Golmud. 
One is cheap, about $2.75 for a bed in the dorm with slept-in sheets and a nasty bathroom down the hall. 
The other is about $8 with cleaner sheets and private bath.
LHASA, TIBET: The Chinese-owned Holiday Inn is about $100 a day. 
The Yak, the Kirey, the Banok Shul and the Snowlands are all around $4.75 for a dorm room. 
Private rooms, single or double with bath are about $22. 
These are Tibetan-run ventures.
Â 
Travel Agents
HONG KONG: Time Travel, 16th floor, Block A, Chungking Mansions, 40 Nathan Road, Kowloon; (852) 2723-9993. 
They can get you a flight to Chengdu within eight hours.
KATMANDU, NEPAL: Arniko Travel, Nag Pokhari, Naxal, Post Office Box 4695, Katmandu; (977-1) 414-594; fax (977-1) 411-878. 
A two-week tour, all inclusive, by bus to Lhasa is around $1,000.",6,tibet,CLINTON,Clinton (1993-2000),CATEGORY_4,"lama, dalai, tibetans"
"As Dalai Lama Woos Beijing, Tibetans Pray for His Return.txt","ï»¿
On an old stone stairway beside the Potala Palace, the empty fortress where the Dalai Lama once presided over Tibet, an elderly woman navigated her way down a long procession of steps after coming here to pray.
""I always come carrying the hope that I will live long enough to see the Dalai Lama here again,"" said the woman, Chanchup Lhamo. 
""But I am getting old, and now I am afraid I may never get the chance.""
Tears spilled down her cheeks.
""People tell me that good things will come in the future,"" said Mrs. Lhamo, 76, wiping her eyes with the sleeve of her sheepskin-lined robe. 
""But I wait and wait and never see it. 
It never comes.""
An intensely religious people who revere the Dalai Lama as a god and a king, Tibetans nurture a fervent desire to see their leader return to the Potala Palace, vacant since the day he fled to India in 1959. 
Many do not hesitate to say they would happily sacrifice all of their material possessions to see the Dalai Lama in Tibet for a single day.
With each passing year, fear grows that any return or visit by the Dalai Lama is less likely. 
Beijing exercises tight control over Tibet and has little incentive to negotiate with the exiled religious leader.
Yet international pressure on China to relax its grip on Tibet has mounted in recent years, and the Dalai Lama himself is proposing a new initiative that he hopes will lead to talks with Chinese leaders. 
Ultimately, he would like to see an agreement allowing more self-rule for Tibet under Chinese sovereignty and, of course, to visit his homeland.
Courting support for his proposal, the Dalai Lama is expected to meet with Vice President Al Gore at the White House during his current visit to Washington. 
During his last visit, President Clinton dropped by, and he may well do so again this time.
Tibetan exiles have said the Dalai Lama would like to meet the Chinese President, Jiang Zemin, at a holy Buddhist mountain in northern China. 
A secluded location where the Tibetan leader can technically travel as a monk, not as a political figure, may be conducive to quiet talks.
On the surface the political atmosphere in China seems more open to negotiations on Tibet than at any time in a decade. 
Within the conclave of Beijing's secretive politics, President Jiang has been steadily gaining power, giving him potential leeway to shift ground on China's most sensitive foreign policy problems, Tibet and Taiwan.
Hopes among Tibetan exiles lifted when Mr. Jiang seemed to respond with mild favor to a suggestion by President Clinton during his visit to Beijing last June that Mr. Jiang someday meet the Dalai Lama, who won the Nobel Peace Prize in 1989 for his nonviolent work to gain greater freedom for Tibet.
But China's position on Tibet has yet to soften. 
Chinese officials have reacted negatively to news reports about the Dalai Lama's new proposal, voicing irritation that it has been discussed publicly rather than sent to Beijing quietly through the informal back channels that Chinese leaders ordinarily prefer.
Essentially, Beijing's position is that it will not recognize the Dalai Lama as a religious leader of Tibetan Buddhists until he declares total allegience to Beijing, affirming that Tibet has always been an inseparable part of China.
For the last 40 years, China's main concern has been to keep a firm political and military grip. 
Even a one-time visit here by the Dalai Lama could set off utter pandemonium among worshipers, who uncontrollably mobbed delegations that included siblings of the Dalai Lama in the 1980's.
Chinese officials have often said they regard the Dalai Lama as an agent of anti-China forces who relies on political and financial backing from large foreign powers, namely India and the United States.
The Dalai Lama's calls for greater autonomy, Beijing insists, are a way to gain international support for his longer-term goal, making Tibet an independent nation, which is Beijing's greatest fear.
So Beijing insists on verbal declarations of allegiance to the Chinese nation by the Dalai Lama and insists on the same from other prominent Tibetan Buddhist lamas, who are considered ""living Buddhas,"" or reincarnations of deceased lamas.
""All living Buddhas have to be patriotic,"" said Ma Chongying, deputy director of the Minority and Religious Affairs Bureau in Tibet. 
""If you're not patriotic, there's no such thing as being a living Buddha. 
This is an unchangeable principle.""
Equally unchangeable, it seems, is the common reverence here for the Dalai Lama, despite relentless denigration by the Chinese authorities. 
A visitor to Tibet who mentions the Dalai Lama's name to a local resident is rountinely greeted with a toothy smile and a big thumbs-up.
No open worship of the Dalai Lama is permitted. 
A favorite practice, displaying his picture, is banned except in private homes. 
Monks and other worshipers sometimes ask visitors for a likeness of the Dalai Lama, but only out of earshot from the men and women in plainclothes who loiter around religious sites in large numbers.
In the long run, Chinese officials evidently hope that the Dalai Lama issue will disappear. 
Looming behind all the current efforts at negotiation is the critical question of succession, traditionally decided through a highly mystical procedure of locating the Dalai Lama's reincarnation in a young boy somewhere on the Tibetan plateau.
Chinese leaders are likely to prevent Tibetan religious leaders from choosing a new reincarnation of the Dalai Lama or to control the process so tightly that Beijing in fact determines the choice. 
The current Dalai Lama is 63.
""When the Dalai Lama dies, he dies,"" said Mr. Ma, the religious affairs official. 
""There will be no replacement.""
Yet at the Potala Palace, a 1,000-room mansion that majestically crowns the entire valley surrounding Lhasa, Tibet's holy capital, pilgrims come each day to worship the Dalai Lama, even if they do not mention his name too loudly while doing so.
Inside one room of the Dalai Lama's former living quarters, a small throne draped with green and white silk embroidery, offset by a long row of gold-encased cabinets filled with Buddhist statues and jewelry, is covered by thousands of white scarves brought by devoted pilgrims.
On a recent morning, an elderly couple dressed in the long black and maroon robes of herdsmen from the countryside stepped forward to prostrate themselves on the worn stone floor. 
Their two children followed suit on the floor behind, as did a granddaughter in a bright yellow parka.
A Lhasa policeman, with a mild paunch and dark sunglasses, watched silently from the back of the room. 
After the family moved on to the next room, he stepped forward and put a 10-yuan note, the equivalent of about a dollar, on a silver chalice.
Â 
Tibet at a Glance
Â 
GEOGRAPHY -- Bordered by the Himalayas, Tibet is often called the Roof of the World. 
It is more than twice the size of France, and has large deposits of gold, copper and radioactive ores.
Â 
POPULATION -- 2.4 million in the Tibetan Autonomous Region, which does not cover the whole of the Tibetan plateau. 
All told, there are 7 million Tibetans in China.
Â 
HISTORY -- A powerful kingdom for centuries, Tibet was ruled by a Dalai Lama from the 17th century, but fell partly under Chinese sway from 1720 until 1911, when Tibetans reasserted their independence. 
After the Communists took power in China in 1949, Tibet became a ""national autonomous region"" of China in 1951. 
The Chinese suppressed a revolt in 1959, during which the current Dalai Lama escaped to India. 
In 1965, the Tibetan Autonomous Region was formally established. 
During the Cultural Revolution, thousands of Tibetan monasteries were destroyed. 
The ban on the Tibetans' religion was lifted in 1978, but they continue to chafe at Chinese rule.
Â Â Â Â Â Â",6,tibet,CLINTON,Clinton (1993-2000),CATEGORY_4,"lama, dalai, tibetans"
Asia-Pacific Issue_Journey to a Sacred Mount.txt,"ï»¿
ALTHOUGH Mount Kailas, at 22,028 feet, is not one of the highest Himalayan peaks, it is among the world's most beautiful mountains. 
A delicately curved pyramid with a rounded top, its most striking feature is concentric bands of dark rock on which snow accumulates, forming stripes of black and white.
But it is something beyond physical beauty that, for more than a thousand years, has drawn pilgrims, who perform a kora -- a 32-mile walk around the mountain, ascending almost 5,000 feet along the way -- to pay homage to the gods. 
Kailas, the most sacred mountain in mainland Asia, is considered the home of gods of three faiths: Hinduism, Buddhism and Bon, the ancient religion predating Buddhism in Tibet.
Last May, my husband, Philip, and I drove across western Tibet to Mount Kailas (also known as Kailash) and nearby Lake Manasarovar, and to the splendid murals in the monasteries of Tholing and Tsaparang, capitals of the medieval kingdoms of Guge. 
Accompanied by three Sherpas provided by a trekking agency in Nepal, we rode from Katmandu to Zhangmu on the Tibetan border, a trip of seven hours. 
There we met our Tibetan crew and transferred our gear onto a large truck that also carried 10 55-gallon drums of gasoline, since there are no service stations in western Tibet. 
From there, we rode in a Land Cruiser (the terrain makes it essential to travel in vehicles with high ground clearance) with our Tibetan guide and driver.
Upon arriving in Tibet one is catapulted within a few hours to high altitudes. 
Our route lay across the Changtang, the wild, desolate plateau of northwestern Tibet, where on average we traveled and slept at altitudes equal to the more than 14,000-foot height of the Matterhorn.
As we drove across the Changtang I suddenly remembered a line of Pascal from my college French class, about the terrifying immensity of enormous spaces. 
Scoured by fierce winds, under a sky glowing from one horizon to the other with golden light, and set between snowy mountains that seem to float in the blue, the Changtang is an immense space made for the deities with which the Tibetans have populated it through religious beliefs. 
Nearly empty, inhabited mainly by nomads (and, these days, by clusters of Chinese soldiers and officials), the Changtang is alive with spirits.
In May its color was golden, but our guide said that during the summer rains its thin, sparse grass would turn green. 
Wildlife was abundant: kiang (wild asses) ranged in the distance, small, slender gazelles darted across our track and woolly hares bounded away from our vehicle. 
An eagle stood on the ground -- no trees to perch on here. 
Although the land is barren, we saw numerous lakes, each a slash of vivid turquoise, the color so bright it seemed to burn against the golden land.
Across the huge, empty space and in the clear, dry air even a solitary creature, however distant or small -- yak, horse or person -- is startlingly visible, a black shape against the yellow plain, arousing anticipation and excitement. 
At long intervals we would see a nomad in Tibetan dress -- sheepskin cloak, felt boots, fur cap (one man wore a wolfskin cap), perhaps alone on horseback, more often herding yak or sheep. 
We saw one man herding his yaks on a bicycle. 
A herd of the massive, shaggy creatures on the move was an impressive sight.
Occasionally we saw a single nomad's tent or a cluster of two or three, and stopped several times to follow our guide into one, where he would sit cross-legged on a rug on the ground, smoking, offering cigarettes and accepting cups of Tibetan tea (a brew made in a churn with salt and butter). 
The tents, some woven of coarse black yak wool, were held up by wooden poles, with a slit overhead to let out smoke from the open hearth.
In one tent we found only a child and his gaunt, bent grandmother, tending a metal pot steaming on the fire. 
A little portable shelf served as an altar, on which were laid the yak-butter lamps Tibetans use for worship, and an object covered with a white cloth. 
Glancing at her for permission, I raised a corner of the cloth and saw photographs of monks: I then clasped my hands and made the worship gesture of touching head, mouth and heart, evoking a smile from the old woman. 
At another encampment we saw women in spectacular jewelry: silver amulets, necklaces of turquoise and coral and long earrings. 
One had silver coins worked into her braided hair.
We averaged about 18 miles an hour and 156 miles a day, following traces of tire marks considered to be roads. 
We jounced, bounced, pitched and churned in the Land Cruiser; I sat on my down jacket to cushion the shocks, and sometimes posted as if riding a horse. 
Our Sherpas took turns in the extra car seat, otherwise riding in the open back of the truck. 
At day's end their bones hurt, and they were covered with dust.
The austere beauty and silence of the landscape are interrupted at intervals by clusters of square, squat concrete buildings sprouting antennas and satellite dishes -- Chinese Army and Government posts that our guide called ""administrative centers.""
Sometimes we camped, sometimes we stopped in an administrative center at a guesthouse, a kind of rough Tibetan motel. 
Rooms held a few cots, a little iron stove and a bucket of sheep-dung pellets for fuel; some had an outdoor latrine, some not even that.
The only town along our entire route was Gar (called Ali by the Chinese), with grandiose buildings lining a wide main street. 
We stopped at a large hotel with an imposing facade and a huge, cavernous lobby, where we had some difficulty finding a light bulb for our room. 
None of the toilets were functioning and guests had to use the latrine. 
Guests (who were mainly traveling government functionaries) often use a blowtorch to cook in their rooms, as did our Tibetan guide's cook.
A LONG, tough ride to the western edge of Tibet brought us to the monasteries of Tholing and Tsaparang, where despite severe damage during the Cultural Revolution, there are important murals from the 15th through 17th centuries in relatively good condition; the statues had fared worse. 
The murals depict deities and high lamas and scenes of court life, showing foreign emissaries in Islamic and central Asian dress paying respect to Tibetan royalty.
From there we turned southeast to reach Darchen, the small settlement at the base of Mount Kailas and the starting point for the kora. 
Here for the first time we met other groups of Westerners at the guesthouse, which offered camp beds in narrow concrete rooms and an unroofed latrine outside the gate. 
Strolling through Darchen, carrying a rock or two to ward off the fierce Tibetan mastiffs guarding the houses, we watched a group of nomads separating a large flock; the women, heads and mouths wrapped in huge shawls against the relentless wind and dust, swung ropes to drive the sheep.
Our guide hired a few Tibetan pilgrims to carry our gear for the kora and we started the next morning. 
On the first day we walked about six and a half hours through a long, deep valley between walls of sheer red rock. 
Along the kora route are numerous sites associated with spiritual masters and supernatural beings, where pilgrims perform devotions. 
The east face of Kailas loomed above: a forbidding, serious place, desolate, silent, swept by the wind -- a fit home for the gods.
We followed the orthodox Buddhists, who circumambulate in a clockwise direction, but occasionally we saw Bon pilgrims, who walk counterclockwise. 
In late afternoon we stopped at a little six-room guesthouse belonging to a small monastery, with walls and floors of dried mud and rough wooden planks for a bed, upon which some men in sheepskin cloaks and turquoise earrings, their hair in wild, tangled braids, laid out dirty cotton mattresses and covers for our crew. 
With intense cold and a wind that did not stop buffeting us until early in the morning, my husband and I slept in our tent.
The next morning we rose before 5 to make an early start for the pass one must cross to circle the mountain. 
In late May the pass was still covered with snow and icy patches. 
As we climbed, we passed a woman who was prostrating her way around the mountain, an act of the highest devotion, which can take 13 days or more. 
Making the prayerful gesture of touching clasped hands to head, mouth and heart, and then raising her arms high, she flung herself upon the frozen, rocky ground, then rose, walked the few steps to the place her fingertips last touched, and prostrated herself again. 
She wore a thick apron and canvas shoes on her hands to keep them from being scraped raw.
AFTER nearly four hours, reaching the pass at 18,600 feet, where prayer flags placed by pilgrims and monks fluttered atop a cairn, we shouted ""Lha Gyalo!""
(Victory to the Gods!) like all pilgrims. 
The snow and pile of rocks were strewn with colorful scraps of clothing left by the faithful as marks of devotion.
From the pass we descended to another long valley and after nine exhausting hours stopped to camp outside a shelter of mud rooms; we completed the kora at noon the next day. 
We took the standard two and a half days to walk the 32 miles, with an ascent of 4,920 feet, but some Tibetans can do the kora in one.
The weather cleared as we drove southward for 90 minutes to Lake Manasarovar, where we first visited Chiu Gomba, a little monastery (recently rebuilt) perched on a craggy knoll above the plain. 
A group of nomads about to start a circumambulation of the sacred lake were worshiping here, eyes bright with reverence. 
The women wore brightly colored cloaks on which were sewn applique in bold geometric patterns and contrasting colors, such as red and gold on a green background, and many necklaces, amulets and earrings.
From a ridge behind the gomba, we had a splendid view of the lake and of Kailas, rising high above the nearby mountains, an image of utter purity -- inviolate, unclimbed because it is sacred. 
There are no buildings, no hotels or guesthouses, no promenade walk along the lake shore to spoil the prospect, the integrity of this holy place. 
We had spent 16 days in Tibet, driving 1,380 miles. 
We continued on foot with our Sherpas for five and a half days, over 65 miles on some of the roughest trails in Nepal, to the airstrip at Simikot and a flight to Katmandu.
Three colors -- blue, gold and white -- linger in my image of Tibet: the blue of the sky and the unearthly azure of the lakes, the golden plain and golden light, the snowy mountains. 
Silent, often empty. 
Cleaned to the bone by the winds. 
A beautiful, wild place, where the human spirit feels it can stretch without limit. 
And where the Tibetans still believe in their beloved gods and in spirits that cling to the mountains and ride on the wind.
Â 
Arranging for the trek and getting equipped
Â 
Planning a Journey
Our trip for two was organized by Himalayan Explorers, Post Office Box 1737, Sanu Gaucharan, Katmandu, Nepal; telephone (977 1) 422-656, fax (977 1) 471-529, a trekking agency in Nepal that obtained our visas for Tibet and made all arrangements. 
The agency provided our food and sent three Sherpas who cooked, managed our camping and led our return trek through northwestern Nepal. 
We brought our own camping gear, but the agency will supply it if necessary for about $50 a person.
Above the Clouds Trekking, Post Office Box 398, Worcester, Mass. 
01602-0398, (800) 233-4499, is also reported to be another good organizer of similar trekking tours.
Our trip took 25 days (16 spent in Tibet) and cost $4,980 a person, including visas. 
The Simikot-Nepalgang-Katmandu flight at the end cost $180 a person extra. 
We spent about $400 on incidentals, including tips (about $50 for each Sherpa, more for the lead guide). 
Travelers should bring United States currency because traveler's checks are not accepted in Chinese banks in western Tibet.
Â 
Weather and Altitude
In May, the Tibetan plateau was mainly sunny and cool during the day, ranging from the upper 40's to the 60's. 
Temperatures at night were in the 20's or 30's.
Because of high altitude, sunglasses and sunblock for skin and lips are essential; ski goggles or industrial safety goggles and bandannas are helpful against wind and dust, as are eyedrops for irritation. 
The Mount Kailas region can be severely cold and windy. 
Travelers should take warm sleeping bags. 
To walk around the mountain, take warm, windproof clothing and good boots.
Medical care is not available, so a medical kit, including antibiotics, is necessary.
From Kailas you can return to Zhangmu by a four-wheel-drive vehicle. 
If you plan to trek out through Nepal, altitudes will decrease and temperatures will be warmer. 
The exceedingly rough and occasionally dangerous trails of the Humla district make a pair of collapsible trekking poles useful. 
M. R. L.",6,tibet,CLINTON,Clinton (1993-2000),CATEGORY_4,"lama, dalai, tibetans"
Birthday Party for Dalai Lama Draws Chinese Protest to India.txt,"ï»¿
The Chinese Government has expressed disapproval over a three-day 60th birthday party for the Dalai Lama here last week at which the exiled Tibetan religious and political leader spoke out against the Chinese occupation of his homeland.
""The birthday celebrations were more than a religious function or birthday reception,"" a Chinese Embassy spokesman said on Monday. 
""We regard it as political, and we will take up this matter accordingly with the Government of India.""
Last week, hundreds of people from Asia, the United States and Europe traveled here Delhi to express support for the Dalai Lama, who won the 1989 Nobel Peace Prize.
Thousands of followers as well as diplomats and officials thronged a reception in the state-run Ashok Hotel to greet him.
""In recent times, unspeakable misfortune has overtaken my country,"" the Dalai Lama told his supporters, praising India for enabling his refugee community to keep its traditions alive.
""The continued Chinese occupation of Tibet poses an increasing threat to the very existence of a distinct Tibetan national and cultural identity,"" he added.
He described his campaign as one to ""save my people and their unique heritage from total annihilation.""
The Chinese Ambassador to India, Pei Yuanying, said, ""What we are opposed to is political activity held under the cover of birthday celebrations.""
India and China fought a border war in 1962 and began renewing trade and political relations in 1976.
India's position is that Tibet is part of China. 
But it gives support to the Dalai Lama, regarded as the world's most beloved Buddhist monk, to preach Buddhism and speak about his traditions.
The Dalai Lama fled his homeland with tens of thousands of supporters in 1959 when an armed uprising against the Chinese failed, and has since lived in exile in India.",6,tibet,CLINTON,Clinton (1993-2000),CATEGORY_4,"lama, dalai, tibetans"
BUDDHA VS. BEIJING_ A special report._Booming China Threatens Spirit of Tibet.txt,"ï»¿
At daybreak, thousands of Tibetan worshipers march a path that circles this holy city, twirling prayer wheels and murmuring tributes of faith. 
Clad in dark Tibetan robes or silk tunics, they wind their way around a gold-roofed temple where the scent of smoldering juniper branches, a traditional offering, rises from a blackened shrine.
Past a dilapidated Chinese factory, down an ill-paved city street, their daily parade then takes the faithful right by a row of gambling houses and massage parlors that represent the gaudiest element of a growing Chinese presence here. 
Yet few Tibetans even glance into these places of imported debauchery as they walk by, keeping their focus on the sacred trail.
Tibet, a mountainous desert whose people have preserved a remarkably intense form of religious devotion despite decades of persecution by the Chinese, is now in the next stage of a grindingly long battle between Tibetan tradition and Chinese modernity. 
Today it is the onslaught of China's free-wheeling economic boom that most threatens Tibet's resilient Buddhist culture.
""They try to beat us, to silence us, to overwhelm us,"" said an elderly, dough-faced monk, whispering in a dark corner at Sera Monastery, a sprawling complex at the edge of town. 
""You can see they are not succeeding; just look at all the people who come to worship every day.""
Tibet's exiled leader, the Dalai Lama, is in Washington seeking support for his efforts to persuade Chinese leaders to allow more self-rule for Tibet, even under Chinese sovereignty. 
Apart from international pressure, however, Beijing has little incentive to negotiate.
China exercises firm military and political control over Tibet, as it has since 1959, when the Dalai Lama fled to India. 
In the last four years the authorities have sharply tightened restraints on Buddhist monasteries, seen as centers of dissent, and limited the number of monks allowed to worship.
No sign of protest or potential violence is evident in Lhasa today, and for a city that is ethnically divided -- there is a distinctly Tibetan half and a Chinese half -- there is little palpable tension. 
In open-air markets selling fruit, clothing and distinctive Tibetan jewelry, crowds of both groups mix easily.
The authorities still limit access to Tibet, but are cautiously allowing more Western journalists to enter, including the first reporter from The New York Times since 1990.
Yet after decades of trying, Beijing's political and now economic efforts to fully transform Tibet into another province of China still founder on Tibetans' extraordinary religious fervor. 
Religion and culture create such a deep gulf between Chinese and Tibetan ways of life that it is hard to foresee any easy resolution.
The most striking aspect of daily life in Lhasa today is the passionate worship by Tibetans of every station. 
One must rise at dawn to see the daily, two-hour march around central Lhasa that draws thousands of worshipers each day, but thousands more pilgrims who come from elsewhere in Tibet to pray at the region's holiest sites are evident everywhere in town.
All day long at the gate of the Jokhang Temple, the most revered structure in Tibet, dozens of worshipers carry out an act of prostration by lying face down on cold stone, only to stand up again, hands together, and repeat the motion hundreds of times. 
Dirt-poor pilgrims, filthy from weeks or even months of travel, pray next to well-dressed businessmen and women from Lhasa.
""The Chinese don't understand our religion,"" said Chuni, 25, a health administrator who came to the Jokhang to pray one recent evening, and who like many Tibetans uses only one name. 
""They think we are uneducated and inferior. 
They will never understand.""
Â 
The Resentment Wears a Mask
A layer of good-natured Tibetan fatalism, Ms. Chuni said, often shields the animosity that ordinary Tibetans feel toward Chinese. 
Underneath, she said, most Tibetans deeply resent the Chinese presence here.
Tibetans are unlikely to forget the relentless efforts to destroy their culture that came in the years after Chinese forces consolidated control in 1959. 
Calling it liberation, the Communist authorities banned religious worship, demolished monasteries and killed untold thousands of Tibetans who resisted.
Times change, as do methods. 
But China's aim in Tibet remains the same, to integrate it more closely with the rest of ""the motherland.""
In the 1960's that meant tearing down almost anything old and parroting fanatical political slogans; today it means building almost anything new in the name of economic development.
Officials in the Chinese Government point to the undeniable benefits built with Beijing money in recent years: roads and telephones that allow communication in previously impassable areas, hospitals and schools that offer care and general education in a land that had almost none during the centuries it was run by a theocracy.
Chinese authorities make much of the stubbornly medieval nature of Tibet's old society, where slaves of various grades were taught that they suffered for misdeeds in a past life.
But material gains have come on Chinese terms. 
All Tibetans are required to be literate in Chinese for the best jobs, in government or state industry; few Chinese ever learn Tibetan, even officials who have lived here for decades. 
Schools are theoretically bilingual, but in practice Chinese dominates.
Â 
The Economy: For Whose Benefit?
Many Tibetans, accepting the fact of Chinese dominance, push their children to study Chinese, because it broadens their chances for decent employment. 
Some send their children to study at schools in China proper. 
""I am sad that so many children cannot read or speak Tibetan well,"" said a 35-year-old employee at a state-run department store, and mother of a 9-year-old girl. 
""But I want what is best for my daughter.""
Like many other Tibetans, this woman complained that economic gains in Tibet have overwhelmingly benefited Chinese here, not Tibetans. 
It is hard to measure, since economic status is not measured by ethnic group, but Tibetans uniformly say that unemployment among Tibetans is many times that of unemployment among Chinese.
A senior Chinese leader, Hu Yaobang, deplored the colonial attitude that prevailed among Chinese officials here when he visited in 1980. 
Much has changed in Tibet since then, but perhaps not the mindset of the average Chinese official. 
In a small but telling example, Chinese officials still insist that Beijing time be observed throughout Tibet -- as it is elsewhere throughout Chinese-controlled territory -- even though this means sunrise in November here comes after 8, and sunset after 7.
Although Beijing clearly hopes a rising economic tide will draw Tibetans closer to the Chinese way, local officials assigned here often seem more interested in taking advantage of loose restrictions to make money in any way possible. 
As in most of China, a local official has wide latitude in economic matters, as long as his or her political patron is secure.
An attractive park called Sun Island, where the path of holy worship takes thousands of Tibetans each morning, was converted two years ago into a resort area of gambling halls that operate openly, even though they are technically illegal. 
Across the street is a long row of massage parlors with come-hither names, equally open and, because they are clearly fronts for prostitution, equally illegal.
""Gambling?
How could we allow gambling?"" asked Nima Tsering, a Deputy Governor of Tibet, in an interview. 
""No gambling is allowed in China.""
Asked if he was truly unaware of what happened on Sun Island, Mr. Tsering quickly backtracked.
""Maybe our supervision is not perfect,"" said Mr. Tsering, one of many ethnic Tibetans in the Chinese Government here. 
""Maybe this phenomenon does exist in some cases. 
We know about it. 
We're keeping an eye on it, and we'll decide what to do when the time comes.""
Many Tibetans are as disgusted by the crass presence of the Chinese here as they are by the fact that Chinese businessmen and workers keep arriving each day. 
Exactly how many Chinese live in Lhasa has become a matter of constant interest.
Official Lhasa statistics record that out of 198,000 current residents, including Chinese workers who have obtained a temporary residence permit, 55 percent are Tibetan and 45 percent are Han, China's dominant ethnic group. 
Yet Mr. Tsering conceded that this figure does not include the innumerable Chinese itinerants who fail to register.
Many Chinese and Tibetan businessmen estimate that at least 60 percent of the people in Lhasa at any given time are Chinese. 
Yet it is hard to know with accuracy because Chinese workers typically stay anywhere from five days to five years.
In addition, Chinese statistics do not include Chinese military personnel. 
International military experts say there are probably about 50,000 Chinese military personnel stationed in Tibet, as well as an unknown number of paramilitary police officers. 
After protests erupted here in 1987 and 1989, however, Chinese soldiers have been ordered to keep out of view as much as possible.
Although outside critics of China's Tibet policy denounce what they see as a monolithic Chinese plan to overwhelm Tibet, the day-to-day reality of Chinese expansion here appears to be relatively limited and haphazard.
Tibet's economy, though growing by 10 percent, reached only $927 million last year, a tiny amount considering that more than half of it came in the form of direct grants from Beijing. 
Yet Chinese businessmen here say there is a larger, unrecorded economy of trading in consumer goods and commodities that draws thousands of businessmen and workers from neighboring Sichuan Province, overflowing with 110 million people, compared with Tibet's 2.4 million.
In fact, several Chinese businessmen here complained that their biggest obstacles here lie not in Tibetan culture, but in the corruption among local officials, who often make money in the form of ""fees"" that are unlikely ever to appear in provincial balance sheets.
For all the attention and problems that the Chinese presence in Lhasa produces, it represents a small part of the larger picture in what is still a desperately poor region. 
More than 80 percent of the population in China's Tibetan Autonomous Region lives outside cities and towns as herdsmen and farmers with an average income of $10 a month.
The official population of the Tibetan Autonomous Region is only 2.4 million. 
Yet the larger Tibetan plateau, each corner carved into another Chinese province, includes a total population of roughly 7 million Tibetans.
One of the traditions that ordinary Tibetans very much keep alive is to save their meager earnings for years in order to make a pilgrimage to Lhasa. 
Virtually every Tibetan who can comes here to worship.
Â 
Herdsman's Family Who Came to Pray
One recent morning, Thondrup, 57, a herdsman from northern Tibet, described how he had prepared for years to bring his family to Lhasa.
For a total of 11 people, including his wife, 2 daughters and sons-in-law and 5 grandchildren, Mr. Thondrup rented a truck to make the journey. 
It took eight days and nights of terrible roads and volatile weather to reach the capital.
""We came to pray,"" said Mr. Thondrup as he sat outside the Potala Palace, the former residence of the Dalai Lama. 
""It is the most important thing we do in our lives.""
Offering a simple interpretation of the Tibetan belief that an act of worship brings good will that will pay off in a future life, Mr. Thondrup said his family members could improve their karma by visiting each of the main religious sites in Lhasa.
The only other time Mr. Thondrup came to Lhasa, 15 years ago, he came on a combination of horseback, truck and bus. 
It took three weeks each way.
New roads, Mr. Thondrup said, have greatly improved livestock trading in his area and fattened his wallet. 
Yet it has hardly made him more partial to Chinese officials, whom he regards as patronizing and bribe-hungry.
""All they think about is money,"" he said.
For all the material improvement in Mr. Thondrup's life, like most Tibetans he seems to care far more about prayer and devotion to the Dalai Lama.
""All Tibetans want the Dalai Lama to come home, more than anything else,"" he said.
In the end, here lies the unsolvable dilemma for the Chinese authorities in Tibet. 
Regardless of the physical improvements that have been made, the health care and the education, and the fast-growing economy, most Tibetans do not hesitate to talk about their religious attachment to the Dalai Lama.
Almost without exception, ordinary Tibetans here eagerly say that they would happily sacrifice all their own material goods, as well as all the modern advances in Tibet, if only the Dalai Lama would come home for a single day.
Asked to consider this quandary, Mr. Tsering, Tibet's Deputy Governor, took a deep breath and exhaled.
""Some people do have this ideal,"" he said. 
""But Tibet needs to be more modern. 
We need science and technology. 
That was the old society. 
We need a new society.""",6,tibet,CLINTON,Clinton (1993-2000),CATEGORY_4,"lama, dalai, tibetans"
Dalai Lama Finds China_s Threats A Subject for Humor and Anxiety.txt,"ï»¿
Among the pilgrims who flock to the Dalai Lama's home-in-exile in these Himalayan hills, many regard him as a living god -- some of them Buddhist monks like the Dalai Lama himself, others refugees from faiths and places far removed from his native Tibet.
Since he fled to India in 1959, the Tibetan leader has grown accustomed to the cult of reverence in which Tibetans and non-Tibetans have enveloped him, especially since his teachings on nonviolence earned him the Nobel Peace Prize in 1989. 
But when the veneration gets a bit too much, the 60-year-old Tibetan has a way of puncturing the balloon.
""In the 1960's, the Chinese Communists described me as a wolf in a monk's robe, as a murderer and a rapist,"" he said in an interview in an old bungalow here that is part of the compound given to the Tibetans by the Indian Government. 
""Then there are people who call me a Living Buddha.""
""But these are two extremes,"" he said, breaking into a throaty chuckle. 
""In reality, I am just an ordinary human being.""
If this were true, the Dalai Lama could contemplate a quiet retirement here, after a life that was never his own from the moment in 1940 when he was installed, as a 5-year-old peasant's son, on the Dalai Lama's throne.
But recent years have underlined his importance as the spiritual and temporal leader of Tibetan Buddhists, and Beijing's apparent determination to whittle away his influence among the six million Tibetans in China.
The Dalai Lama has rarely been more alienated from the Chinese leadership than he is now. 
In January 1995, 15 years of sporadic and ultimately unproductive contacts with Chinese intermediaries on Tibet's future were broken off by China. 
Since then, China has reverted to a bitter hostility, to the Dalai Lama and to Buddhist institutions in Tibet.
Amnesty International says China began a new wave of arrests among Tibetans monks, nuns and independence activists about the time it broke off talks with the Dalai Lama. 
The rights group has published detailed reports of beatings of those arrested, and Chinese officials warned recently that they would close monasteries and nunneries if resistance continued.
The crackdown is a return to patterns that China has followed for decades. 
Although the repression eased after 1979, when Deng Xiaoping began the dialogue with the Dalai Lama by saying everything was negotiable except Tibet's remaining part of China, the cumulative damage has been enormous.
According to pamphlets issued by the Dalai Lama's office, the Chinese have closed or destroyed more than 6,000 monasteries and killed 1.2 million Tibetans since Communist troops overran Tibet in 1950.
Along with the current crackdown, the old vituperation against the Dalai Lama has crept back. 
Official Chinese diatribes have described him as a ""splitist"" and a ""traitor"" for not accepting China's demands that he acknowledge Tibet as ""an inseparable part of China.""
China also demands that he dismantle the Tibetan government-in-exile in Dharmsala, and ""stop engaging in activities to split the motherland,"" including his frequent overseas trips to promote Tibet's cause.
In November, the confrontation took a turn for the worse when China engineered the installation of its own candidate for the position of Panchen Lama, Tibet's second most important religious official.
The move, seven months after the Dalai Lama announced his own nomineee, left Tibetans with two 6-year-old boys, each identified as the reincarnation of the former Panchen Lama, who died in Beijing in 1989 at age 50. 
The Dalai Lama's choice, Gendun Choekyi Nyima, has disappeared, apparently into house arrest in Beijing, along with his parents and 50 monks and Tibetan laypeople associated with his nomination.
Some Tibetan officials suggest there may even have been moves in the last year by China's security agencies to mount an attempt on the Dalai Lama's life in Dharmsala, or perhaps against senior members of his entourage.
In December, the Indian authorities arrested three young Tibetans who crossed into India from Tibet earlier in the year in the guise of refugees. 
According to Tibetan officials here, two men and a woman, all in their 20's, are being held in an Indian jail after telling investigators they were recruited by Chinese security agencies, trained in techniques of infiltration, intelligence-gathering and weapons-handling and sent here to keep watch on the Dalai Lama.
Tempa Tsering, information chief in the exile government, said diaries taken from the three showed they watched the Tibetan leader closely. 
""They told us that they had been ordered to settle in Dharmsala and wait for further instructions,"" he said. 
The Indian authorities have tightened the Dalai Lama's security, assigning additional policemen to keep a round-the-clock watch inside his compound in the village of McLeod Ganj, 6,000 feet up in the hills above Dharmsala.
In the presence of a man who bears the titles of Holy Lord, Gentle Glory and Ocean of Wisdom, there is an absence of the portentousness that often accompanies a meeting with a president or prime minister. 
But behind the jocularity with which he greeted a visitor, the Dalai Lama seemed like a man with his patience wearing thin. 
At one moment he was joshing about his chances of living another 20 or 30 years. 
The next he was discussing the possibility that China may have entertained the idea of having him killed.
From what he had been told, he said, the three young intruders had said they had instructions to keep a watch on him. 
But whether this meant they might have planned to kill him was something else.
""I don't consider that someone will want to threaten my life,"" he said. 
""Personally, I have no enemies.""
By discussing the possibility of an assassination attempt, he offered a measure of the distance he and his onetime interlocutors in China have traveled since the 1980's, when they held more than a decade of secret discussions on Tibet.
The talks culminated in 1988 in a speech by the Dalai Lama in Strasbourg, France, in which he offered publicly for the first time a formula he has called ""the middle way"" -- a future in which Tibet would remain part of China but with wide autonomy in all matters except foreign policy and defense.
China denounced the formula, calling it ""a disguised form of independence,"" but even making the offer came at a cost for the Dalai Lama. 
Tibetan exiles, especially the younger ones, saw it as a betrayal of Tibet's claim to independence.
China's return to a hard-line policy has found its clearest expression in the machinations over the new Panchen Lama. 
Behind arguments about the obscure procedures involved in divining which Tibetan child is the reincarnation of the spirit of the dead lama, the two Panchen Lamas -- China's, and the Dalai Lama's -- seem like an embodiment of the two Tibets, one favored by the Dalai Lama that would be semi-free, the other wholly a captive of China.
To Tibetans, China's willingness to hijack procedures that are at the heart of the mystique of Tibetan faith is almost the ultimate affront, the more so since Chinese statements in recent months have heaped contempt on the boy chosen by the Dalai Lama. 
The Chinese have asserted that he once drowned a dog, ""a heinous crime in the eyes of Buddha,"" and that his parents were ""notorious for speculation, deceit and scrambling for fame and profit.""
China's nominee, Gyaltsen Norbu, has been presented as a paragon of Buddhist virtues.
""My main concern is for the Panchen Lama himself,"" the Dalai Lama said, referring to Gendun Choekyi Nyima, his own nominee, of whose whereabouts Chinese officials have professed ignorance. 
The Tibetan leader said he feared that the boy could be subjected to brainwashing.
""It's a clear example of bullying and shortsightedness,"" he said of China's actions.
Under pressure to find ways of responding to China's assertiveness, the Dalai Lama has been confronted by Tibetan youths who have urged a return to the kind of armed insurgency that was mounted against Chinese rule in the 1950's. 
But these youths, he said, should think things through.
""It's very easy to see these mujahedeen in Afghanistan and the Middle East, but if we really put it in practice -- first of all, sufficient weapons, from where?
And how to send them to Tibet?
Through India?
Impossible. Through Nepal?
Impossible. One or two guns, maybe; nothing more.""
In any event, he said, if Tibetans stuck to nonviolence, they would find that things in China would change in ways that would make possible political concessions that are currently unimaginable. 
Behind the stern mask of the current Chinese leadership, he said, there are strong democratic stirrings in China.
""I always believed that the Tienanmen Square massacre was a temporary setback for the democratic movement,"" he said.
A visitor here does not have to go far to find people, some close to the Dalai Lama, and not all of them young, whose respect for him as a spiritual leader is accompanied by a sense that he is a dreamer. 
Among these people, it was a matter for black humor when the Dalai Lama was quoted recently as saying he expected to be back in the 1,000-room Potala Palace in Lhasa by the end of the decade.
While conceding that this may have been an exaggeration, the Tibetan leader said he still believed that a breakthrough would come within five years, and that he would live to sit once more on the Lion's Throne that is the Dalai Lama's traditional seat of power in Lhasa. 
If people think he is dreaming, he said, they should look at recent history, for example in the former Soviet Union and in South Africa.
""And so it will be in our case,"" he said. 
""We have had our own dark period for 40 years, but for us too, things will surely change.""",6,tibet,CLINTON,Clinton (1993-2000),CATEGORY_4,"lama, dalai, tibetans"
Dalai Lama Reassesses China Talks.txt,"ï»¿
The Dalai Lama warned today that pressures from Tibetans who are tiring of his efforts to negotiate with China for broader rights for Tibet may force him instead to seek international backing for an independent Tibet.
In a statement to mark the 35th anniversary of the Tibetan uprising against the Chinese occupiers in 1959, the exiled spiritual leader said he was reassessing his approach to the Chinese Government. 
His plan envisions extensive autonomy within China, including the right of Tibetans to choose their own government, with China retaining control of foreign relations and defense.
In New Delhi, a few hundred Tibetans, some hoisting banners calling for independence, protested Chinese rule. 
Among them were student leaders who have been increasingly critical of the Dalai Lama, faulting his commitment to nonviolence. 
Some militants have advocated a guerrilla war.
Although his statement marked a break with the conciliatory tone that has marked his pronouncements in the past, the Dalai Lama stopped short of embracing the policies urged on him by militants.
""I firmly believe that the day is close when our beloved land of snows will no longer be politically subjugated, culturally ravaged and economically and environmentally exploited and devastated,"" he said. 
""However, it is important that our struggle must be based on nonviolence.""",6,tibet,CLINTON,Clinton (1993-2000),CATEGORY_4,"lama, dalai, tibetans"
Echoes of a Fallen Kingdom.txt,"ï»¿
IN the remote badlands of far western Tibet lie the two remaining sites of the ancient Kingdom of Guge: Tholing, the 11th-century Buddhist monastery that was, in its time, the region's most influential lamasery; and Tsaparang, the old capital of Guge. 
At both sites, now largely in ruins, statuary and dozens of well-preserved murals in the brilliant West Tibetan style offer glimpses of a vanished age.
You are not likely to be jostled by fellow tourists as you move about these amazing remnants of a lost kingdom, since very few people get to this rugged area of Tibet. 
Tholing, near the isolated military town of Zanda, is on an escarpment above the Sutlej River. 
Tsaparang, about 15 miles away, is perched on a lonely crest of towering rock. 
Depending on road conditions, it takes about six days to drive here from Lhasa, the capital of Tibet.
It was in Lhasa last July that my friend Judy and I hired Dorje, a Tibetan guide, and Sonam, a driver, to take us by Land Cruiser to western Tibet. 
It was to be my second trip through the region. 
Along the way, we circumambulated the holy mountain of Kailash, and made a side trip to the monasteries of Tirthapuri and Gurugam. 
Near the village of Nabru we turned left onto a jolting dirt road and headed for Zanda, more than 100 miles away.
We drove through barren mountains in a fantasy of colors. 
On one side of our Land Cruiser was a pale lemon mountain spotted with dark green scrub. 
On the other, a formation of barren rock in mineral hues of green, fawn, red and ash. 
Among nomad tents, yaks browsed on a yellow-green scrim of vegetation. 
Often, we sent goats and sheep scrambling across the road. 
Dogs from the tents chased our wheels, but Sonam, a good Buddhist, was very careful.
We had lunch at a restaurant, which was a box without windows surrounded by black yak-hair tents. 
A man sold us delicious yogurt from the female yak, the dri, and tea to drink or mix with tsampa (ground roasted barley). 
Judy and I pulled out the dried salami I'd transported from Fairway in New York and lunched on yogurt, salami and tea, while Sonam and Dorje kneaded yogurt and butter tea into their tsampa.
After lunch, we descended into the badlands that surround Tholing and Tsaparang. 
From above, the terrain's colors were a tender green and ash. 
Down among the fantastic shapes -- castles, pinnacles, spires, citadels -- cut by tiny streams, they became rose-blush and beige.
Zanda, across a bridge over the Sutlej River, is the usual base for visiting Tholing and Tsaparang. 
As we approached, we could hear the sound of drilling Chinese soldiers from the nearby military garrison.
Once a Tibetan town full of nomads selling supplies from their tents and tables, Zanda is now a small Chinese military town with few ethnic Tibetans in evidence. 
There is one dusty main street lined with concrete-block shops whose goods tumble into the street. 
Shopkeepers sit at their doors playing mah-jongg with their neighbors.
We settled into a clean, inevitably dusty room in the new wing of the Chinese hotel on the main street, the only hotel in town. 
The toilet is an outhouse beside the building, next to the water spigot at which one does laundry. 
Such are the priorities that there was a TV in our room, as well as a pail of water for bathing and a thermos of hot water for tea. 
You are charged what the manager thinks you can pay. 
Bargaining is, therefore, in order. 
We settled on $10. 
The fee for foreigners for seeing Tsaparang -- about $40 at 8.28 yuan to $1 -- is steep. 
In the permit office, on Zanda's only street, the secretary, wearing a pantsuit and garden party hat and without a desk or chair of her own, answered the telephone. 
You receive 10 free postcards with your permit, but that lagniappe doesn't keep you from feeling taken.
The next morning we drove less than an hour on washboard roads to Tsaparang. 
Dorje and Sonam, excited at the opportunity to see Tsaparang for the first time, went off to find the guide who lives near the ruins while Judy and I gazed at the citadel towering above us. 
Except for a small structure at the top painted with traditional Tibetan designs and the gate at its base, the citadel was indistinguishable from the other rocky pinnacles in the badlands. 
It is a mountain among fellow mountains.
Our guide, an elderly man, was impatient at our desire to linger, so we headed up the stone path that led through the ruins.
Most of the buildings, which are either cut from rock or built of mud brick, are in ruins, destroyed during the Cultural Revolution. 
But the three primary chapels, which contain the treasures of Tsaparang, are intact. 
They lie along the path that climbs the mountain like gems strung on a necklace.
The Kingdom of Guge was founded in the ninth century after the assassination of King Langdarma, a persecutor of Buddhists. 
In the 11th century, King Yeshe O, working with the famous Sanskrit translator, Rinchen Zangpo, and the Indian master Atisha, reintroduced Buddhism to western Tibet. 
Soon Tsaparang, and Tholing, also made of mud brick, were built, along with other temples and monasteries. 
The influence of the Guge Kingdom, particularly the monastic center of Tholing, was felt from Kashmir to Assam.
In 1624 Father Antonio del Andrade, a Portuguese Jesuit, found his way to western Tibet. 
Within a few years, he had made so many Catholic converts that local Buddhists became alarmed and called in the neighboring kingdom of Ladakh to drive the new Christians from Tsaparang and the surrounding area. 
The Ladakhis were delighted to have an excuse to invade, and the end result was that the Guge Kingdom, which had tolerated the Christians, was essentially wiped out.
In 1948 a German Buddhist monk, Lama Govinda, came to Tsaparang and Tholing with his wife, Li Gotama, and photographed everything. 
That is the only reason we know what the temples looked like before the arrival of the Red Guards in 1967. 
They destroyed many of the statues and, in Tholing, a number of buildings, before closing down the sites and leaving them to the mercy of wind and weather throughout the years of the Cultural Revolution.
That morning we had Tsaparang's citadel to ourselves, with only the occasional hawk flying above us for company. 
At 14,000 feet, climbing was arduous, but the first site -- the White Temple, Lhakhang Karpo -- was not that far. 
The building is peaceful with slender, red wooden pillars ending in carved capitals, its ceiling composed of intricately painted geometric designs.
With our flashlights (a necessity, since the only illumination in the buildings is from skylights), we could make out the delicate features, fine noses and rounded chins of the Buddha statues on lotus pedestals. 
Two snarling guardians at the entrance, Tandrin in red and Dorje in blue -- their hard lacquered exteriors damaged so that the innards of straw are exposed -- are still vital in their aggressive poses. 
The brilliantly colored murals of gods and goddesses are rendered with great delicacy. 
All spaces are filled with rich painted ornamentation -- animals, flowers, trees, temples, imaginary beasts.
The Red Temple, Lhakhang Marpo, a short distance up the path, is entered through its original wooden doors. 
In the upper left panel a carved Buddha meditates between what appear to be two angels. 
To the left of the entrance, below deities in billowing scarves and elaborate jewelry, are panels depicting horses carrying timber for the construction of the temple, goats with panniers of dirt and the king and queen with visiting dignitaries, assembled for the consecration of the temple. 
Water damage and vandalism in this chapel have been repaired with stunning ineptitude. 
But at least there is no confusion as to what is original and what is attempted renovation.
The Dorje Jigje Lhakhang, a small temple farther along the path, is filled with painting of wrathful Tantric deities, but in small panels to the right of the entrance, is a scene depicting, in minute detail, people going off to market with woven baskets on their backs. 
Finally, at the top of the citadel, a lung-straining climb up stairs and through low-roofed tunnels, is the tiny, red Mandala Lha khang. 
It has no skylight. 
A platform in the middle of the room once was the setting for a three-dimensional mandala. 
Wrathful deities take up the large spaces on the wall, but beneath them are gory and macabre paintings of the eight great cemeteries of India.
We ate that night at a small Chinese restaurant near our hotel. 
We had looked into other restaurants along the main street, but found that most were really brothels for the Chinese military.
The Chinese couple who run this no-name restaurant were willing to let me go into the kitchen and assemble the raw materials for dinner or lunch -- noodles or rice, squash, any unknown vegetable I saw, onions, garlic, lamb or eggs or chicken. 
Sometimes this combination appeared as soup, sometimes as stir-fry. 
Sometimes Judy got all the lamb and I got the egg. 
Sometimes meat and egg were mixed up together. 
One day the wife showed us a potato and made slicing motions. 
We had potato chips with lunch that day. 
The plain meals were never more than $2.
The next morning we walked over to Tholing, which we could see from the second-story corridor of our hotel. 
The monastery, positioned above the Sutlej River, broad and swift-flowing at this time of year, is a complex of rectangular buildings, the most interesting of which is the Yeshe O Temple, with its open mud-brick work and red mud-brick towers. 
The complex is in the process of reconstruction, since the Red Guards tore down much of it, brick by brick.
THE admission fee for Tholing is $8.50, which you pay when you acquire your permit for both Tholing and Tsaparang. 
There is an additional $3.50 to be paid to the tiny, unsmiling caretaker, who is quite willing to let you wander at your own pace. 
Once again, we were the only people going through the buildings.
Rinchen Zangpo was responsible for building Tholing. 
The 15th- and 16th-century murals are like those in the Red and White temples in Tsaparang and represent a synthesis of Himalayan styles from Tibet, Kashmir and Nepal.
The Yeshe O Temple, with its handsome towers, is in the midst of renovation. 
New doors, with locks and brighter red paint, have replaced the rickety old ones through which I had seen, on a journey to Tholing in 1995, the row of holes from machine-gun bullets that had shattered the old images. 
In the shape of a mandala, the building used to contain several chapels. 
Other, reconstructed buildings in the complex were, like the Yeshe O, not yet open.
The Lhakhang Karpo and the Dukhang, however, were open. 
Once again, a powerful flashlight is essential. 
These temples are similar to Tsaparang's -- high ceilings, slender red wooden pillars and geometric decorations on the ceiling. 
The Lha khang Karpo is distinguished by two crudely carved deodar pillars on either side of its front door. 
The portraits inside of Tsong Khappa, Sakya Panchen and other Buddhist prelates, were painted in the 15th and 16th centuries, but still look fresh.
In the Dukhang, a single-story assembly hall, there is a series of portraits of important figures, including Yeshe O, the founder of the monastery, meticulously painted in the clothing of their time. 
Deities on the other walls sit serenely, garbed in magnificent textiles and jewelry.
Slowly our last flashlight batteries failed as we moved from picture to picture. 
Regretfully we left Tholing and wandered back to the hotel, past the watermelon seller and the dusty shops to our hotel and dinner.
After a terrible dust storm, so acute that our little restaurant had to close its door and light candles, a gentle rain fell during the night. 
The following morning we had a last glance at Tholing as we took our backpacks down to the Land Cruiser. 
We drove out through the badlands and into the mineral-colored mountains, washed in brilliant light.
Â 
If you go
The best time to travel in Tibet is from June to October. 
Trips to Tholing and Tsaparang can be arranged through travel agencies in Lhasa; we used the Shigatze agency, in the Yak and the Snowlands Hotels.
If you hire a Land Cruiser, you will also hire a truck. 
The latter is an emergency vehicle to haul you out of rivers and to carry extra fuel and baggage. 
The package includes the guide and the two drivers.
All of this plus the permits for each of the areas you will travel through will cost about $4,000 to $5,000. 
If you pack more people into the Land Cruiser it will cost less per person but you will be crowded under difficult conditions.
The pilgrimage to Mount Kailash is usually included in this trip. 
Returning by the shorter, smoother southern route might bring the price down a little. 
The cheapest way to go is hitchhiking (as a woman, I never felt threatened), preferably on China Mail trucks; you can bargain with the drivers, but the typical fee for a long trip is $20. 
You will also need a permit for Mount Kailash (travel agencies usually sell them). 
Other permits ($5 to $10) can be acquired in transit.
The government hotel in Tsaparang should cost around $10 a night. 
Like the restaurant, it is nameless. 
Meals cost about $2. 
Your guide will find a hotel and restaurant for you.",6,tibet,CLINTON,Clinton (1993-2000),CATEGORY_4,"lama, dalai, tibetans"
FILM_Once a Shangri-La Where China Now Dominates.txt,"ï»¿
WHAT makes the subject of Tibet such a tricky one for filmmakers is that the moral lines of right and wrong in the China-Tibet confrontation have become so tightly drawn in the popular imagination that there is little room left for ambiguity or subtlety.
This is not to say that China's savage treatment of Tibet has left great ambiguity, but simply that such a good-guys-versus-bad-guys relationship makes it hard for anyone to break free from the powerful field of presumptive gravity that surrounds the subject. 
No matter how authentic the sets and costumes or how ""big"" the director or stars, films about Tibet find themselves inescapably bounded by a determinism that grows out of what we Westerners unconsciously think about when we imagine Tibet.
We tend to see Tibet through one of the most powerful utopian mythologies of this century -- of a fabled, Shangri-La-like refuge from the outside world. 
When the Chinese People's Liberation Army marched into Tibet's capital, Lhasa, in the 1950's, it occupied not only a geographic place but this beloved Western fantasy as well. 
It violated not only Tibet but our yearning to believe that there was still a place on this shrinking planet where spiritual purity, physical isolation and natural beauty endured and where legions of Buddhist monks spent their lives meditating rather than making Buicks.
Then suddenly the specter of China, land of revolutionary violence, godless (and Buddhaless) Communism and crypto-colonial occupation, intruded on Tibet and our Western reverie. 
Where we saw a benign spiritualism, they saw an oppressive feudal theocracy and a backward serf class in desperate need of Communist ""liberation.""
So deeply rooted in the Western psyche is our version of Tibet that it has become virtually part of our mental DNA. 
One way or another every article, book or film on Tibet must contend with the political and cultural determinism of this myth. 
But, alas, when a film's conclusion is more or less foregone, it loses the kind of literary tension and mystery that gets us involved. 
Of course, we may feel outraged, an understandable feeling when contemplating Tibet's sad modern history. 
But outrage is rarely enough to hold our attention.
Because conclusions are incipiently imbedded in the very subject matter, Tibet presents a difficult artistic challenge for filmmakers, a headwind against which the spate of recent Tibet films -- Martin Scorsese's ""Kundun,"" Jean-Jacques Annaud's ""Seven Years in Tibet"" and numerous documentaries -- have had to sail. 
And the fact that Mr. Scorsese and Mr. Annaud could not go to Tibet to shoot only made their efforts more detached from the real place and more dependent on the ""imagined Tibet.""
Now comes ""Windhorse,"" a low-budget feature film (it cost a mere $300,000, while ""Kundun"" cost $30 million and ""Seven Years in Tibet"" $65 million), written, directed and produced by the documentarian Paul Wagner, who won Academy and Emmy Awards for his 1985 film ""The Stone Carvers,"" a portrait of the Italian-American craftsmen who work on the Washington Cathedral. 
With ""Windhorse,"" which opened April 30, Mr. Wagner wanted to pick up where these other films left off.
""No one had covered what had happened since then,"" he writes of the 1950's in his production notes. 
""To date, over a million Tibetans have been killed by the Chinese. 
There is no freedom of speech and no free press in Tibet, and I've heard of teen-agers being tortured with cattle prods just for wanting to practice their religion. 
That's the situation as it is, not 40 years ago.""
Mr. Wagner was determined to shoot at least some of ""Windhorse"" in Tibet itself. 
But realizing that the Chinese would never grant him permission, he set off in the grand tradition of other Western interlopers who have stolen into Lhasa. 
Posing as a tourist, he and a crew of nonprofessionals managed to film covertly with a Sony mini-DV (digital video) Handycam. 
He says he wanted ""to push the envelope in terms of the authorities,"" to get a sense of what it was like to live and work under China's domination.
Recognizing that certain production values would be lost by using a guerrilla mode of feature filmmaking, Mr. Wagner tried to turn this liability into an asset. 
Indeed, being forced to operate in the same politically supercharged and fearful atmosphere that permeates Tibetan life under occupation does give ""Windhorse"" an edgy cinema verite authenticity missing in the other, bigger-budget Tibet films. 
And the fact that actors speak Tibetan and Chinese gives the film a further feel of verisimilitude.
THE story centers on a Tibetan family that becomes ensnared in the struggle for freedom from China after a cousin, Pema, who is a Buddhist nun, is arrested and tortured to death. 
The sister, Dolkar, leaves her Chinese boyfriend and quits singing syrupy propaganda songs about ""the motherland"" in a Lhasa disco, while her ne'er-do-well brother gives up his dissolute life to join the resistance and help smuggle a tape of Pema's story out of Tibet.
Mr. Wagner got interested in Tibet after his own niece, Julia Elliott, who had been living in Katmandu, Nepal, was detained, stripped of her film and camera, interrogated and forced to sign a confession by Chinese police officers while on a trip to Lhasa. 
As Mr. Wagner learned more about Tibet's plight, he became increasingly incensed.
""Tibet has a kind of urgency about it,"" he told me. 
""It's classic David and Goliath stuff. 
And in my professional work, I love to deal with underdogs.""
With Ms. Elliott as his co-writer, Mr. Wagner set off in 1996 on an exploratory trip to Lhasa and quickly fell under the sway of Tibet's unique allure. 
""It is easy to become enamored of the incredible costumes, the intensity of religious faith, the elaborate culture and above all the mountains,"" he told me as he was editing his film. 
""Tibet has been a temptingly unreachable place. 
For us, it is wanting what we can't have.""
Mr. Wagner has captured an elusive piece of this intriguing place's history. 
Yet, as in other Tibet films, we know before we begin that Tibetans will be abused by Chinese subjugators and that there will be no cathartic moment for the victims. 
In this sense, Tibet films are something like Greek tragedies, except it is not a tragic flaw in an individual that brings about inevitable downfall, but the hopeless situation in which Tibetans find themselves.
Although old Tibet has all but vanished and Lhasa is turning into a charmless Chinese city, we Westerners still love to retreat into virtual versions reconstructed on film sets. 
As one of the characters in Frank Capra's 1937 film version of James Hilton's novel ""Lost Horizon"" presciently says when asked by a colleague if he believes that Shangri-La actually does exist, ""I believe it because I want to believe it.""
But films like ""Windhorse"" present such a somber vision of Tibet that it is ever more difficult to conjure up our old fantasies of this fabled land. 
China's reckless occupation has turned this dream, and Tibet's reality, into something of a nightmare. 
That nightmare binds every Tibet film into a strange, subliminal confinement, which makes it not only harder to believe in Shangri-La but also harder to make a film that surprises us with its originality.",6,tibet,CLINTON,Clinton (1993-2000),CATEGORY_4,"lama, dalai, tibetans"
FILM_What China Would Bury in Moroccan Sand.txt,"ï»¿
The Moroccans who were working on ""Kundun,"" Martin Scorsese's movie about the Dalai Lama's boyhood, seemed unimpressed by the transformation of their hometown into the capital of Tibet, complete with Buddhas painted on the hillsides and golden rooftops topping houses in the casbah below. 
Then again, Jerusalem was just down the road, where Turner Network Television had recently shot ""David,"" its latest work in the ""Bible"" series. 
Perhaps the locals are just inured to strange sights.
Into this town, where tempests are usually strictly of a meteorological variety, came the news that the Chinese Government had denounced ""Kundun.""
The Chinese have been anything but blase about the goings-on in this town, a gateway to the Sahara nestled in the foothills of the snowcapped Atlas Mountains.
On Nov. 
22, the news broke that the Chinese Government was complaining about the Walt Disney Company's involvement in producing ""Kundun.""
The movie chronicles the life of the Dalai Lama, who has called for Tibetan independence from China.
""We are resolutely opposed to the making of this movie,"" a Chinese official said last month. 
""It is intended to glorify the Dalai Lama, so it is an interference in China's internal affairs.""
Those on the set when China's denunciation of ""Kundun"" broke preferred not to discuss their reactions, though the movie's screenwriter, Melissa Mathison, said: ""I'm glad it's all out in the open. 
I'm sort of surprised at the dimensions, but I'm not surprised the Chinese would try to stop the movie.""
The story has raged on in newspapers around the world, with Disney saying that it will go ahead with the domestic distribution of ""Kundun"" next year. 
For those involved in the project, which will finish shooting by the end of the month, this is yet another chapter in what has been the long, incident-filled story of the movie's development.
That story begins with the Dalai Lama. 
In 1937, a 2-year-old boy was identified as the 14th reincarnation of the Dalai Lama, the spiritual and political leader of Tibet. 
The boy, Tenzin Gyatso, and his family were taken to Lhasa, the country's capital, where he grew up in the Potala Palace. 
He spent his childhood in study, cared for by other lamas and abbots from the country's greatest Buddhist monasteries.
In 1950, China, led by Mao Zedong, invaded Tibet, its neighbor and former trading partner. 
In response, the Dalai Lama was officially enthroned, at the age of 15. 
At first, the Tibetans thought the Chinese would be supportive, but in 1954, when the Dalai Lama made an official visit to Beijing, it was clear that this was not the case.
""Religion is poison,"" said Chairman Mao, making his intentions clear.
Despite Chinese occupation, the Dalai Lama and his Tibetan Government refused to make concessions. 
When he turned to the West for help, it did not come. 
When the Dalai Lama's summer residence was shelled, the cabinet decided that he had to leave the country.
In 1959, he crossed into Dharmsala, India, where he still lives, heading a Government in exile.
Ms. Mathison, a screenwriter best known for ""E.T.: The Extra-Terrestrial,"" first heard of the Dalai Lama when she was a student at the University of California at Berkeley. 
""Even before I wrote 'E.T.'
I had thought that this would be a great movie,"" she said.
""I am sort of famous for little-boy stories, and this was a fantastic little-boy story, a story of destiny and nurturing and tragedy, the idea of finding a 2-year-old child and then investing in him everything that is good about human beings, your people and about your beliefs, and then asking that he try to save your country.""
In 1990, she wrote a proposal and asked the actor Richard Gere, a well-known supporter of the Tibetan cause, for help in getting it to the Dalai Lama. 
The Dalai Lama himself wrote back to say he would be interested in discussing the project. 
A meeting was set up for April 1990, when he was to be in California to receive an award.
Ms. Mathison recalled that she and her husband, Harrison Ford, went to meet the Dalai Lama at the Red Lion Inn in Santa Barbara. 
""I did a pitch, basically,"" she said. 
""He said: 'Yes, you may do the movie. 
I'm going to Santa Cruz to rest for two days. 
Why don't you come up and we'll talk?'
""
They accepted that invitation, as well as the next one: to come to India.
A year after first meeting the Dalai Lama, with a draft of a screenplay completed, Ms. Mathison and Mr. Ford went to Dharmsala. 
For six days they talked, and Mr. Ford read the script aloud to him.
""His Holiness would make corrections, or his memory would be jogged and he'd say, 'This reminds me of something' and tell us a story,"" Ms. Mathison said. 
""And when Harrison got to the end of the script, his Holiness said: 'Good. 
Very good. 
Very strong. 
Very beautiful.'
""
Back home, she began the process of trying to interest a director in the project. 
The one she wanted was Mr. Scorsese, largely because she thought the issues would appeal to him.
""First of all,"" she said, ""it's the story of the male society. 
Secondly, the story of a loyalty to an idea and this man who had the strength, with all of the universe working against him, to stand up to that idea. 
The religious overtones I knew would appeal to Marty. 
I saw it as a story of a kind of wise guy, and I knew he would get what it was about.""
She was right.
""There was no doubt,"" said Mr. Scorsese. ""Whether I like it or not, a lot of my movies have religious elements or themes. 
But the key for me in this story is the concept of how you live a life of compassion. 
And I think that goes all the way back to the first lines of 'Mean Streets': 'You don't make up for your sins in a church. 
You do it in the streets. 
You do it at home.'
""These are things that have always fascinated me. 
I've always been torn between what is preached in church and what is acted upon, how people really live. 
And how does one answer such incredible violence and upheaval with nonviolence?
Why is the man who is nonviolent actually stronger?""
After he agreed to take on the project, Mr. Scorsese worked with Ms. Mathison on the script, which he describes as a ""story about a little boy who loses a lot in life and gains in other ways.""
In March, Mr. Scorsese, Ms. Mathison and others went to India to begin preparation for the film they assumed would be shot there. 
The complex task of casting fell to Ellen Lewis, who has cast all of Mr. Scorsese's movies since ""New York Stories,"" in 1989.
""To do it with people from Tibet is the only way you can do this kind of film,"" Mr. Scorsese said. 
""You go right back to the lesson of De Sica and Rossellini at the end of World War II. 
You just do it with the people in the street.""
He added: ""I've worked with a great many nonactors in the past 25 years, although I've never worked with nonactors from a different culture. 
Almost half the speaking cast in 'Casino' was nonactors. 
Many of the people in 'Goodfellas' were nonactors, including my mother.""
MS. LEWIS EMBARKED on an elaborate tour of rural India -- ""video camera in hand, cows mooing in the background,"" she said -- to gather people to play the 34 speaking parts, including four to play the Dalai Lama at various ages. 
From New Delhi, she went on to Dharmsala, where the largest population of exiled Tibetans now live.
She was accompanied by Namlha Taklha, the movie's chief technical adviser, who is the widow of Lobsang Samden Taklha, the Dalai Lama's brother. 
They traveled through India, visiting Tibetan enclaves. 
Since they needed Tibetans who spoke English, Ms. Lewis also visited a variety of American and Canadian cities. 
In the end, she cast 15 people from India and the rest from North America.
Although she found the Tibetans receptive to working on ""Kundun,"" which in Tibetan means ""the presence of a great incarnation,"" many were eliminated from consideration because they could not speak English. 
She also found casting difficult because ""Tibetans are not an emotive society, they don't show emotion, and that doesn't work for acting.""
Some of the cast were chosen solely on the basis of videotape auditions. 
Others had ties to the Dalai Lama's family. 
Mrs. Taklha's nephew, for example, plays the Dalai Lama as an adult. 
The Dalai Lama's niece plays his mother.
Ms. Mathison had already begun trying to get permission to shoot the film in India. 
""I did my stint in the ministers' office, sitting for hours, drinking cups of tea, hoping to talk to somebody,"" she recalled. 
When Mr. Scorsese became involved, he also tried. 
""We spent a year meeting with the Indian Government to try to get permits to shoot there,"" Mr. Scorsese said. 
""We met with practically everyone and tried everything. 
But when I went back this past April, we became aware that it was difficult for the Indian Government to give us permission for political reasons. 
China is on their border. 
Ultimately we were told that they 'could not make a decision at this time.'
""
Morocco was suggested as an alternative, partly because its high desert and mountains are extraordinarily similar to those of Tibet, and it is here that many members of the production staff have been working since May.
The production designer Dante Ferretti's journey, like Ms. Lewis's, began in India, where he met four times with the Dalai Lama, who made drawings of the layout of the interior of the Potala, which is controlled by the Chinese.
Mr. Ferretti also met with Mrs. Taklha, and benefited from her finds, including a tiny booklet about the enthronement and snapshots of the actual event. 
Fabrics for the sets and costumes were bought in India.
""I was overwhelmed to see the Tibetan civilization that no longer exists be re-created in Morocco,"" Ms. Mathison said.
Many of the Tibetans in the cast had seen Tibet only in photographs. 
Ms. Mathison said one young woman had said, on seeing the costumes, ""Was Tibet as rich as this?""
Then she hid herself in a corner and wept for what was lost.
Mr. Scorsese witnessed similar displays of emotion. 
""The first day, when many of them had just arrived, I showed them the set of the Potala. 
A number of them prayed, and a few of them were crying.""
About a 15-minute drive on the route to Marrakesh from Ouarzazate's hotel zone, the parking lot outside L'Hotel Oscar is filled with beat-up movie trailers. 
The hotel was built for a James Bond film and later appeared on an Egyptian street in ""The Jewel of the Nile.""
Lhasa rooftops have been affixed to existing structures. 
A sound stage has been built here, as has a replica of the facade of the Dalai Lama's summer palace in Norbulingka, near Lhasa.
Several tents are set up to house 1,600 costumes, including monks' robes and Chinese military uniforms, as well as elaborate Tibetan and Chinese headdresses, all made by hand. 
The budget for the film is $30 million.
On this brilliantly sunny November day, 550 extras were roaming around before the filming of the enthronement scene began on the sound stage. 
Draped in maroon robes, the 129 real Tibetan monks, some from the Dalai Lama's own monastery, were impossible to distinguish from 73 other Tibetans and about 350 Moroccans, who, with their shaved heads, had achieved a similar look.
Inside, the Palace's throne room was thick with the smoke of hundreds of yak butter candles (actually, honey-colored wax), which glinted off the ornate gilt Buddhas.
As the monks took their places, Mr. Scorsese headed for the set from his rickety trailer nearby. 
Despite his surgical mask and a hat to keep out dust from a sandstorm, he looked dapper. 
Tossing a maroon scarf around his neck, he announced wryly, ""We love these windstorms.""
Because of the intensity of the Chinese reaction to the project, a few of those connected with the film worry that there will be repercussions for some of the Tibetans involved. 
There has already been some discussion of altering their names in the credits, to conceal their participation. 
Even more troubling for the film makers is the fact that the parents of the man playing a main character still live in China.
Asked if there is a possibility that China would ban future Harrison Ford movies because she wrote the script for ""Kundun,"" Ms. Mathison said she was not at all concerned, and pointed out that they had not banned any movies starring Mr. Gere, perhaps the most vociferous advocate of the Tibetan cause in Hollywood.
""It's a wonderful movie, and it's going to be released no matter who releases it,"" she said in her apartment on Central Park West in Manhattan the day the story about China's reaction to the project was emerging in The New York Times. 
""Disney has said they're very high on it.""
Another movie being filmed in Argentina, ""Seven Years in Tibet,"" has apparently escaped censure by the Chinese. 
Based on a book by the mountain climber Heinrich Harrer, ""Seven Years in Tibet"" is being directed by Jean-Jacques Annaud for Columbia Tri-Star and stars Brad Pitt as Mr. Harrer.
""It's interesting that suddenly, in 1996, a number of these movies are being made,"" Mr. Scorsese said. 
""It's very good for the cause of Tibet. 
And hopefully, one doesn't take away from the other.""
Â 
North Africa's Tinseltown
THE MOROCCAN TOWN of Ouarzazate, 125 miles southeast of Marrakesh, bears a name that in Berber means ""city of silence.""
But this outpost, which was developed by the French as a garrison in 1928, is now anything but. 
First the tourists came, and then the movies. 
Ouarzazate (pronounced WAR-za-zat) has gone Hollywood.
dd French, Arabic and Berber are native tongues, and many film crews speak Italian or English. 
When Martin Scorsese scouted the location 10 years ago for ""The Last Temptation of Christ,"" Ouarzazate had two streets and no electricity. 
There were no cars. 
Today, many still live without electricity or plumbing.
The only movie theater in town, population 20,000, closed six months ago, so it is doubtful whether ""Kundun"" will be seen here until it is released on video. 
But it has already become a custom to declare an official holiday here when TNT's Biblical productions are shown via satellite, since televisions are plentiful. 
The local residents, many of whom work as extras, are eager to see themselves and their hometown on the screen.
Since 1951, more than 50 movies have been made here. 
The draw is a ready-made Biblical setting that looks more than 2,000 years old and cheap labor. 
A scene from Bernardo Bertolucci's ""Sheltering Sky"" was shot here, as were Elaine May's ""Ishtar,"" Franco Zefferelli's ""Jesus of Nazareth"" and David Lean's ""Lawrence of Arabia,"" as well as ""The Jewel of the Nile.""
An airplane from that film still sits in back of the soundstage where part of ""Kundun"" is being shot.
Over the past four years, TNT has made six films here; the fifth, ""Samson and Delilah,"" was shown this month. 
And filming for the network's ""David,"" with Jonathan Pryce and Leonard Nimoy, has just been completed.
While on location, actors and crew can stay at the 225-room Berbere Palace hotel, built in 1991. 
In recent weeks the call sheets for ""David"" and ""Kundun"" were posted in the lobby.Â Â Â JEAN NATHAN",6,tibet,CLINTON,Clinton (1993-2000),CATEGORY_4,"lama, dalai, tibetans"
"In Two Looks at Tibet, No Sign of Shangri-La.txt","ï»¿
FROM THE TIME Ronald Colman stumbled into Shangri-La in the 1937 movie ""Lost Horizon,"" Tibet in its various Hollywood manifestations has come to represent a kind of ultimate otherness, a golden-hued sanctuary teeming with a quiescent people too simple, too trusting, too good for this world.
For Mr. Colman's character, a disillusioned British gentleman yearning to escape a noisy and conflicted world, Shangri-La was a haven of peace, contemplation and unlimited reading time.
More recently, in ""The Golden Child"" (1986), Eddie Murphy rescued a Dalai Lama-like child monk from a band of demon kidnappers in a Tibet portrayed as a snowy, somewhat comical place full of chanting and special effects. 
In ""Little Buddha"" (1993), Bernardo Bertolucci told the improbable story of a young American couple who willingly surrender their child to monks who tell them that he is the latest manifestation of a Buddhist holy man.
Now, however, with two major films about to be released about Tibet and its exiled leader, the 62-year-old Dalai Lama, Hollywood seems to be trying to clear away some of that golden fog. 
Both ""Seven Years in Tibet,"" directed by Jean-Jacques Annaud, and ""Kundun,"" directed by Martin Scorsese, aim to present an exotic but more realistic version of Tibet's tragic recent history. 
The first film is opening on Oct. 
8; the second, on Christmas Day.
Both directors say they had no particular political motive in mind, but the release of these films is likely to focus popular attention on Tibet, coming at a time of growing international tension over China's behavior toward a land it has controlled since 1949. 
(The Dalai Lama, in India, said he did not want to discuss the films until he had seen them.)
Because of the political situation in Tibet, neither film could be filmed there. 
Mr. Scorsese's Tibet is actually the ragged peaks and arid plains of south-central Morocco; Mr. Annaud's is the sharp valleys and icy peaks of the Argentine Andes and the Canadian Rockies. 
Both filmmakers employed numerous Tibetan religious and political leaders to insure historical accuracy and realism. 
And both said their goal in such attention to detail was not the thrill of the exotic but the deeper feelings stirred by a sense of real life.
One afternoon last month, Mr. Scorsese peered between his outstretched hands as if they were an imaginary movie screen hanging in the air. 
""The idea,"" he said, ""is to make the story as human and as emotional as possible, right?
So I thought the way to do that was to do it, as much as possible, through the eyes of the little boy. 
Very subjective.""
Mr. Scorsese was describing the opening sequence of his straightforward, dreamlike evocation of the life of the Dalai Lama. 
The scene, which had just played on the screen in Mr. Scorsese's New York projection room, was replaying itself in his head as he spoke. 
He rattled off the sequence of shots, his small hands slashing through the air.
""We see what the boy sees: two parents talking,"" he said. 
""The boy turns and teases his brother. 
A door opens. 
We see someone's feet coming into the room, but it's sideways on the screen because the boy is lying in bed. 
A smiling face. 
We move across the room and the next thing you know----"" Smack!
He clapped his hands. 
""Bright white light!
We're out in the courtyard in the sunshine.""
Mr. Scorsese, 55, laughed nervously, occasionally plucking at his bushy eyebrows. 
""I wanted this to be a very human story,"" he said, ""About real, recognizable people who just happen to live in Tibet.""
Mr. Annaud, too, said he felt a very clear obligation to cut through some of the earlier Hollywood images of Tibet.
""YOU KNOW, I THINK for many people, Tibet is really a kind of fantasyland,"" said Mr. Annaud, 54, speaking from London, where he was putting together the final sound mix for his $65 million film. 
""What we really tried to do was to recreate Tibet, to bring it to life and to make it real.""
Becky Johnston, who wrote the script for Mr. Annaud's film, said her chief desire was to bring the country to life for a Western audience ""and for it not to be a glossy, laminated version of Tibet.""
Melissa Mathison, who wrote the script for Mr. Scorsese's film, agreed. 
""I think part of the tragedy of Tibet is that it's been Shangri-La,"" she said. 
""Nobody believed it existed in the first place, so its destruction was the destruction of a fantasy.""
In ""Seven Years in Tibet,"" Brad Pitt portrays an Austrian mountain climber who escapes from a British prisoner-of-war camp in India during World War II and makes his tortuous way over the mountains into Tibet, where he eventually befriends the young Dalai Lama. 
Based on a memoir by Heinrich Harrer, who became famous in the 30's as a member of the first team to conquer the north face of the Eiger, this film chronicles the real-life redemption of the arrogant mountain climber through his relationship with the young spiritual leader.
The film drew unwanted publicity earlier this year when it was revealed that Mr. Harrer had been not only a member of the Nazi Party when he went on his Tibetan expedition but a member of Hitler's SS, a fact that he had never revealed. 
Nevertheless, Mr. Annaud decided that his film did not need to be updated.
""It was not what our movie was about,"" Mr. Annaud said. 
""I had always suspected that -- how shall I say -- that Harrer had a sympathy or a connection with the Nazi movement.""
In the early scenes in ""Seven Years in Tibet,"" Mr. Harrer is portrayed as a selfish, obnoxious character who is only gradually humanized by his encounters with the Dalai Lama. 
""Our film is about guilt and redemption, so this latest issue does not really affect it,"" Mr. Annaud said.
""Kundun,"" Mr. Scorsese's $28 million movie, is less an adventure film than a contemplation of nonviolence through the life of the Dalai Lama. 
The director said he had been attracted to making a movie about the Tibetan leader because he wanted to explore the implications of the philosophy. 
""I felt I knew what a violent life was all about, after growing up in lower Manhattan,"" he said. 
""I wanted to explore the other side.""
The film follows Tenzin Gyatso from 1937, when he was discovered by Buddhist monks at the age of 2 and ""revealed"" to be the 14th incarnation of the Dalai Lama, the earthly manifestation of the Buddha of Compassion, to his final escape from Tibet in 1959 in the face of a Chinese invasion. 
(The word ""Kundun"" is an affectionate, reverent form of address used by those close to the Dalai Lama.) There are no Hollywood stars; everyone in the movie is either Tibetan or Chinese, all of them amateurs except for the Chinese actors who play Mao Zedong and one of his generals.
Tenzin Tethong, who works with Survivals International, a human-rights group in San Francisco that helps victims of torture and political abuse, is directly connected with both films. 
A former personal representative of the Dalai Lama in New York, Mr. Tethong acted as an on-set consultant during the filming of ""Seven Years in Tibet,"" and his son, Guyrme, now 11, plays the Dalai Lama as a young teen-ager in Mr. Scorsese's film.
""There is a considerable amount of sympathy for Tibet,"" Mr. Tethong said, ""but it is limited to people who are well informed, well intentioned or have some special connection to that part of the world. 
These two movies are obviously going to bring the stories directly to the ordinary person. 
I think the impact will be considerable.""
Mr. Tethong is concerned, however, that the films still may not be realistic enough to dispel the well-entrenched Western image of Tibet as an otherworldly place.
""I think it is still perhaps going to keep fueling this fantasy image of Tibet,"" he said. 
""When you see the movies, you will see Tibet in its very exotic colors, in a golden glow. 
Sometimes, that seems to help because it draws attention. 
But other times, it doesn't help, because it makes everything look like it's not in this real world, it's something in the imagination.""
Robert Thurman, a professor of Indo-Tibetan studies at Columbia University and a founder of Tibet House in New York, thinks that Tibetans like Mr. Tethong ""want to be thought of as real people who are suffering atrocities and genocide.""
""They make much of the fact that Tibet becomes a Western fantasyland,"" he said, ""which excuses Western people from taking action to stop the suffering.""
But Mr. Thurman believes that the inevitable benefit of having two such high-profile films about Tibet released around the same time should outweigh any concerns about perpetuating Western fantasies.
In the real world, Tibet's recent history has been anything but golden. 
Citing a 200-year-old document that they said proved Tibet was a part of China, Communist Chinese forces pushed into the once-secluded nation in 1949, first promising to respect Tibet's religious traditions but soon closing monasteries, sending monks to re-education camps, killing some, torturing others and resettling tens of thousands of Chinese farmers in the country, a process that continues today. 
When Chinese forces put down a Tibetan insurrection in 1959, the Dalai Lama and many of his followers felt they had no choice but to flee to India, keep their religious traditions alive and argue their case to the outside world.
IN 1991, THE DALAI LAMA WAS awarded the Nobel Peace Prize. 
The cause of the Tibetans has been adopted by many figures in the entertainment industry, including Richard Gere and Harrison Ford, Ms. Mathison's husband. 
But Western nations have been reluctant to embrace the Tibetan cause, in part because of concerns about alienating the Chinese leaders.
In November, while filming was still under way in Morocco on ""Kundun,"" Chinese officials complained about the film to the Walt Disney Company, which was to release it under a subsidiary, calling it an intrusion into China's internal affairs. 
But Disney officials said they intended to go ahead with the movie.
Mr. Scorsese said last month that he had heard nothing directly from either the Chinese Government or Disney about whether China continued to object to his film, though he had heard ""indirectly"" that Beijing was still very much concerned.
The Chinese may be right to be concerned. 
Mr. Thurman believes that these two films, coming out at around the same time, will succeed in raising the level of understanding of Tibet's recent tragic history.
""I think these films will be inspiring people, and they come at a very desperate time for Tibet,"" he said. 
""For the world to get a look at this, the reality of the Tibetan story, and for them to have a sympathetic perspective on Tibet from two sources, kindles a spark of hope in the Tibetan community.""
Ms. Mathison said she spent about two years researching the Dalai Lama's life, meeting with him and others and roughing out a first draft of the script. 
She and Mr. Ford then flew to India and Mr. Ford read the script to the Dalai Lama while Ms. Mathison sat, quietly watching.
""The Dalai Lama was very astute,"" she said. 
""It's really very difficult to talk about him without sounding like a Moonie. 
With the script, his concerns were often technical. 
How could I move from this room to that room?
Things like that. 
He was also very concerned about the way some Tibetan characters and ceremonies might be presented, such as the Dalai Lama's court oracle. 
He knows how that might appear to Western audiences.""
Mr. Scorsese also met with the Dalai Lama several times and particularly remembers one meeting at Mr. Ford's ranch in Wyoming. 
""The Dalai Lama came in,"" Mr. Scorsese said, ""and the first thing he said was, 'Does that bird have enough water?'
He also thought the dog wanted to go outside. 
He was more concerned about the animals than anything else.""
It was a rough shoot, Mr. Scorsese said, made none easier by the unskilled cast. 
""I'd come out of my trailer in the morning,"" he recalled, ""and there would be the assistant director with that day's problems. 
This person is sick. 
That thing is broken. 
The sandstorm is due to hit in an hour. 
And over at the side there would be these Tibetan monks bowing to me. 
It's far from downtown Manhattan, you know what I'm saying?""",6,tibet,CLINTON,Clinton (1993-2000),CATEGORY_4,"lama, dalai, tibetans"
"North to Ladakh, on a High-Altitude Adventure.txt","ï»¿
When my family and I planned an overland journey to Ladakh last summer, it seemed like the ideal conclusion to our assignment in India, where I had spent nearly five years as the South Asia correspondent of The New York Times. 
Our aim was to round out our travels with a trip so ambitious and compelling that it would ease the wrench of leaving a country that had entwined our hearts.
The plan was to make a two-week, 2,500-mile round-trip road journey northward from New Delhi -- first, across the north Indian plain to the foothills of the Himalayas, then up the deep valleys and over the mountains to Ladakh, a part of ancient Tibet that became a northern outpost of India when it was annexed by Britain in the mid-19th century. 
Along the way, we would cross several of the world's highest-altitude road passes, one of them at nearly 18,000 feet, close to the height of the base camp used by mountaineers planning ascents of Mount Everest.
In Ladakh, we would explore a territory that has been Buddhist since the third century B.C., and of special significance to Tibetan Buddhists for the past 40 years, when it became a safe redoubt for many of those fleeing the Chinese Communist brutalization of Tibet. 
For fun, we would camp in the mountains; shoot the headwaters of the Indus on a raft; browse the Tibetan markets in Leh, Ladakh's capital, and mingle with the Western back-packers who have trekked to Ladakh since India opened overland routes to foreigners in 1989.
I had traveled previously to Leh to interview the Dalai Lama, who has spent part of many summers visiting Ladakh since he left Tibet in 1959 to begin his exile in India. 
But I made that journey by air, gazing down from 30,000 feet as the Indian Airlines plane flew across the narrowing triangle of Indian territory that lies beyond Simla, the old British retreat in the Himalayan foothills north of New Delhi, which is a staging post for travels into what ancient Indians knew as ""the land beyond the mountains.""
We had, I thought, all we needed for the trip: A Japanese-made four-wheel-drive vehicle, an Isuzu Trooper; plenty of experience of the vicissitudes of driving in rural India, and a family mature enough to handle any trials the journey might bring. 
Our children, Jamie, 17, and Emily, 15, had traveled with us to assignments in Russia, China and Canada, before India, and would be home for our last weeks in India from their boarding schools in England. 
Jamie's girlfriend, Sarah, 16, the daughter of a New Delhi-based diplomat, had also volunteered to come along.
An added challenge came from making the trip in August, in the middle of the north Indian monsoon, when swollen rivers in the Himalayas burst their banks and landslides carry away entire villages in the regions we would cross. 
Once into Ladakh, though, with valley floors at 10,000 feet, we would be in the one part of India where we could escape the rains and the stifling humidity. 
Guidebooks promised us 75-degree days and cloudless skies.
A few nagging counterpoints came from Jane, my wife, whose innate skepticism has restrained many a harebrained scheme. 
""Do you know any foreigner who has driven over those passes?"" she asked. 
""And how will we fix the vehicle if anything goes wrong?""
Finally, a query inspired by Jane's lifelong passion for smoking: ""How do you suppose I'll cope at 18,000 feet?""
Any road journey in India begins against imposing odds: An official death toll of 65,000 a year almost certainly understates the losses in a country where record-keeping, even of road deaths, is haphazard. 
Statisticians have calculated that a fatal road accident is somewhere between 15 and 20 times more likely in India than in the United States, and we knew that medical help on the passes we planned to cross would be rudimentary to nonexistent.
We had driven shorter distances outside New Delhi many times, experiencing the kamikaze conditions. 
No journey, however short, had been free of mangled wrecks, mostly of trucks and buses that had collided in a never-ending struggle for possession of narrow, potholed, impossibly overcrowded roads. 
We knew, too, that many Indians subscribe to the karma school of driving. 
This holds that it is not crazed driving that kills you, it is an individual's karma, or destiny -- a concept that has the effect of diminishing any sense of personal accountability in drivers.
We trusted less to providence. 
Before we set off, we insured that the Trooper had heavy ""bullbars"" for added protection in front, imported radial tires for better road holding -- and new brake disks. 
For added assurance, we took on the services of an experienced guide, Shaukat Singh Sikand, who had accompanied other expatriates in New Delhi on overland journeys to Ladakh. 
A wiry, 38-year-old Sikh, Shockey, as he calls himself, or The Shocker, as we affectionately nicknamed him once our journey began to go awry, is the son of a highly decorated fighter pilot. 
With that pedigree, we reasoned, Shockey would be the ideal companion for the trip.
The journey north went well enough. 
With Shockey driving ahead to Simla in his Maruti Gypsy, a lightweight Indian jeep, to prepare our onward journey into the mountains, we made our first nightfall at the Glasshouse. 
This comfortable wood-and-glass hotel on the banks of the Ganges in the Himalayan foothills is an hour's drive beyond Haridwar, one of the holy cities on India's holiest river. 
There, we had paused to chat with the saffron-robed saddhus, or holy men, who gather along the river's banks, offering blessings in return for alms.
Our second day brought us a foretaste of the travails ahead. 
Skirting the Himalayan foothills, we tore a tire to shreds on an iron spike that road builders had left in the road. 
After we had struggled fruitlessly with the jack and the Trooper's spare wheel for about 15 minutes, things took an ugly turn with the arrival of a village woman, and soon afterward a group of sullen-eyed village men, demanding money. 
When we demurred, the men began circling ominously around the mountain of baggage, camping gear and food we had unloaded.
Just then, a passing vehicle stopped. 
The driver, a powerfully built Sikh, told us he was visiting from his adopted home in Australia. 
In heavy rain, he rolled up his sleeves, borrowed a jack from a passing minibus and replaced the tire; as he worked, the disconsolate villagers melted away. 
When we thanked our new friend, he shook his head. 
""People were kind to me when I arrived in Australia,"" he said. 
""I like to take any chance I have to repay.""
While new tires were forwarded from New Delhi, we paused in the plush comfort of Simla's Oberoi Cecil Hotel, savoring the fading elegance of a town that was once the summer retreat for Britain's viceroys. 
Then we set off again, running up the Kullu Valley to Manali, at the foot of the passes to Ladakh. 
The landscape was as impressive as anything we'd seen in India, with a mix of vegetation -- bamboo glades side by side with pine forests -- that seemed a metaphor for the semitropical region we were leaving and the mountains ahead.
Next day, with Jane driving, we headed up through thick mists onto the narrow, switchback road that runs more than 250 miles across the mountains into Ladakh. 
Ahead lay a succession of imposing passes, beginning with the 13,078-foot Rohtang, above Manali, and ending with the 17,582-foot Tanglang-la, said to be, after another pass near the Tibetan border, the second-highest drivable pass in the world.
The road from Manali to Leh, one of only two into Ladakh -- the other runs between between Leh and Srinagar, the Kashmiri city to the west -- was built by the Indian Army in the 1980's as a supply route for forces defending Ladakh's eastern frontier with China and its northern frontier with Pakistan. 
After four wars pitting India against its neighbors, one with China in 1962 and three with Pakistan in 1947, 1965 and 1971, Ladakh has become once more what it was in the 19th century, a cockpit of confrontation. 
Its borders with both Pakistan and China bristle with opposing forces, including some, on the Siachen Glacier north of Leh (contested by India and Pakistan) that, at 21,000 feet, represent the world's highest battlefields.
Winter snows close the passes from September to July, leaving only three summer months for the passage of supplies needed to sustain 150,000 Ladakhis and at least as many Indian troops.
Fifteen years after its completion, the road remains, in large sections, little better than a cattle track -- unpaved for dozens of miles on end, frequently too narrow to allow more than a single vehicle to pass, with bridges and culverts that are poorly constructed and liable to crumble away at any time. 
On the downhill side of the road, where the soft edge can subside without warning, there are sheer drops 1,500 feet or more to the river valleys below, and no walls or guardrails
Much of the traffic consists of trucks and buses, many of them driven in roller-derby mode. 
In an effort to calm matters down, the Indian Army has erected a series of warnings, but since these are in English, while most of the truck drivers speak only Hindi (and are illiterate,in any case), they have little effect. 
We liked, especially, ""Be Gentle on My Curves"" and ""Better to be Mister Late than the Late Mister.""
As we crossed the Baralacha-la, a 16,010-foot pass that follows the Rohtang River, we stopped for a picnic at a spot overlooking the wreckage of a fuel tanker that had rolled down the mountain. 
From the log at an Indian Army checkpoint nearby, we learned that five men died in the crash, two of them Israeli backpackers riding on the top of the tanker, and that the five were among 15 people who died on the Baralacha-la in the previous week.
Then there was the altitude. 
We had taken altitude-sickness pills before reaching the passes, but when we reached the top of the Tanglang-la, after camping at 15,500 feet, Jane was seized with a pounding headache and severe shortness of breath, Sarah was wracked with nausea and Emily had fallen unusually quiet. 
At this point, from the driver's seat, I had a growing sense of affinity with Lord Cardigan, the hapless commander who in the 1850's led the Light Brigade ""into the valley of death"" in the Crimea.
Shockey, driving blithely ahead, was deep in Jane's personal doghouse. 
At our first overnight camping stop, his promised ""American portaloo"" proved to be four poles wrapped with a burlap sheet that left a gaping space 30 inches above the ground, made decent -- in Shockey's view, at any rate -- by being erected 300 yards out into what amounted to a desert. 
His ""full-course"" dinner turned out to be beans on toast. 
And now, at a height where only aircraft fly, the ""bottled oxygen"" he had pledged to carry with him turned out to be wholly theoretical. 
At this point, he ceased to be Shockey, at least to the disconsolate Jane, and became The Shocker.
As we descended the Tanglang-la, the weather was superb, just as the guidebooks promised. 
The first Ladakhi village we came to, a cluster of flat-roofed houses built of mud and straw, was set in a typical Ladakhi moonscape, brown and ocher mountainsides bare of vegetation. 
But the village itself was aflame with color -- the green of ripening crops, the turquoise water and foamy whitecaps of a rushing river, the reds and yellows worn by Buddhist monks ambling home toward a nearby monastery. 
In the glow of a setting sun, groups of women and girls were at work harvesting in the fields. 
Others waved cheerfully from their houses, many of them dressed in the traditional finery visible everywhere in Ladakh -- high felt hats, richly embroidered red shawls, heavy necklaces of silver and turquoise and coral -- and with long, thick tresses plaited to their waists.
By dusk, we were comfortably installed in the Shambala Hotel on the outskirts of Leh, a city that seemed more like an overgrown village, sprawling flat-roofed across an ancient moraine that fills a space between two craggy mountains. 
The younger members of our party headed forthwith for the Tibetan markets and backpackers' hangouts in the cafes and restaurants that cluster in the lee of the ancient royal palace that dominates the town.
Jamie, Sarah and Emily were in teen-age heaven, save for a curious social pretentiousness they sensed among the backpackers. 
""They have their own hierarchy, and we aren't even on the ladder,"" Jamie said. 
""I don't have a beard, I don't have an earring and my boots aren't scuffed from trekking across the mountains, so I'm squat.""
But the sense of exclusion didn't stop our three from joining in the avid bouts of shopping in the markets, for Tibetan jewelry and shawls and other gewgaws. 
And the monasteries around Leh provided endless fascination. 
Ladakh has at least 100 active monasteries, with perhaps 15,000 monks and novices; hardly any town or village of any size is without one. 
Along with the snow-capped mountains, they provide Ladakh's dominant sights, most of them perched on cliffs and crags, the most ancient of them ruins that appear to grow from the rock.
Several of the best-known gompas, or monasteries, are close to Leh, including the Shey and Tikse monasteries that lie within a half-hour's drive south of the city. 
Our favorite was the Spituk monastery, improbably situated above the airport at Leh. 
While Spituk lacks the grandeur of better-known monasteries, with their candlelighted libraries of Tibetan scrolls and giant statues of the Buddha, it has an engaging informality. 
Twice, we drove up to the monastery for evening prayers, sitting cross-legged in a pillared hall while rows of wizened monks intoned their prayers, struck their gongs and sipped from tiny cups of a yak's-milk tea.
At regular intervals, their cups, and ours, were filled by a novice of 8 or 9, lugging a pewter kettle at least half his own size. 
As best we could divine it, the essence of Tibetan Buddhism resides in a sense of the insubstantiality of all material things, but we were relieved to find that the friendly monks of Spituk were not unapproachable ascetics. 
On the contrary, several appeared intensely worldly, watching us as closely as we watched them, scratching and shifting and snorting as they worked their way through their chants, one of them even winking at us -- or so we thought -- at each striking of the gong. 
We noticed, too, that the monks were eagle-eyed when it came to taking money for the tickets needed to enter the monasteries, and bold in soliciting donations.
We ended our stay in Leh with a visit to the city's polo field and a half-day's rafting on the fast-flowing, chilly waters of the Indus. 
The polo was hilarious, played in a bare-earth stadium at the upper end of town by teams of Indian soldiers and Ladakhi civilians with no regard for any polo rules I'd ever heard. 
""Free polo,"" one of the Ladakhis called it, after he and an opposing player had ridden their scrawny ponies full-tilt into the bleachers behind one set of goal posts, sending spectators running for their lives.
The rafting proved almost as rule free. 
In New Delhi, The Shocker had promised us an American-made raft, life jackets and helmets, and in this, at least, he was as good as his word, even if the ancient craft and battered life-jackets he unlimbered from his jeep looked as though they might have begun their working lives on the Colorado about the time that Wild Bill Hickok was raising hell in the West.
Jane took one look and begged off, but the rest of us, with The Shocker at the rear of the raft, imploring the Sikh gods when all seemed lost, went barreling 30 miles down the Indus, plunging into towering waves, passing within inches of rocky overhangs and shooting down rapids as if there were no tomorrow. 
We loved every soaking second of it, especially when Jane met us at the confluence of the Indus and the Zanskar with the kind of lavish picnic that The Shocker, God bless him, had only been able to summon up in his fevered imagination.
We had planned to return to New Delhi by driving west from Leh to Srinagar, in the Muslim heartland of the state of Jammu and Kashmir, of which Ladakh forms the eastern extremity. 
But the aftermath of the nuclear tests conducted by India and Pakistan earlier in the summer was still reverberating in heightened tensions between the two countries, and regular exchanges of artillery fire across the front line between the two armies at Kargil, midway between Leh and Srinagar, some of them killing passing truck drivers, had closed the road. 
This left no alternative to retracing our route over the passes back to Manali, a daunting enough prospect even before things began to go seriously wrong.
Even when they did, the problem came not from the cause we feared, the altitude on the passes, nor even from the madcap Indian driving, but from something closer to home, our Isuzu Trooper, hitherto the cynosure of every Indian truck and bus driver on the road. 
Later, we realized how lucky we had been to have the vehicle break down on us on the last of the passes before Manali, and not earlier, when we could have been stranded, impossibly, at somewhere close to 18,000 feet. 
As it was, the shuddering of the clutch as we descended the Rohtang at dusk on our second day out of Leh, followed by its complete failure, presented a seemingly impossible dilemma.
We made nightfall, just, at the Span resort near Manali, but after that it became distressingly clear that the Trooper was not going another foot. 
Calls on my satellite telephone to New Delhi, London and Tokyo, and inquiries at a local garage, determined that there were no new clutch plates available within 5,000 miles, and that even if we could somehow get the new parts to Manali, no mechanic in the Indian Himalayas had the necessary expertise or the equipment.
This left two options: Loading the Trooper on an Indian truck for the 500-mile journey to New Delhi, or towing it home. 
Fearful of a truck toppling on the narrow roads and passes still ahead, we took a family vote and settled on towing, aided by a second vehicle, an Indian-made Tata Sumo that we recruited in Manali, that helped to push from behind, against our spare wheel, while The Shocker pulled from in front. 
After a night of gloomy prognostications in Manali, we soon discovered that what looked like a nightmare -- 500 miles of being towed on Indian roads, a situation rendering us inert in the face of every driving outrage -- turned out to be the moment when an interesting journey turned into one that cemented our affections for India forever.
To begin with, there were The Shocker's heroics -- a veritable David-and-Goliath performance, his Gypsy with its motorcycle-sized engine outweighed a ton or two by our Trooper and its load. 
For five days, and much of five nights, at speeds that rarely exceeded 10 miles an hour, up passes that tested the Gypsy and its Japanese engine to the limit, The Shocker threaded his way, and ours, through the traffic madness. 
Not once did he complain, nor did he ever seek any guarantee of compensation for his own vehicle, his most valued possession, in case of disaster. 
""Never worry,"" he said, again and again, ""I'll get you home.""
But if The Shocker earned his stripes, the journey ended with still less- likely heroes: Indian truckers. 
As long as we were driving along in shiny, air-conditioned opulence, they were rarely our friends. 
But as underdogs, sitting forlornly at the end of a fraying towrope, we seemed to engage their better nature. 
At the worst moments, on steep, muddy inclines, with sheer drops to oblivion off the roadside, we found ourselves looking up at grinning drivers, thumbs raised, pulling over to make space, shouting encouragements, ever-ready to assist when the towrope snagged or snapped, pushing us up impossible slopes, or lifting us out of crater-sized potholes.
When we finally made it back to New Delhi, exhausted and dirty, but with the Trooper intact, we headed straight for the bar in the Oberoi Hotel, where our first toast was to the truckers of India, all 10 million of them, hardly a one earning more than $2 or $3 a day. 
But the most enduring epitaph came from Sarah. 
In the bar, I apologized for involving her in a ""holiday from hell.""
She laughed. 
""Not at all,"" she said, grinning from ear to ear. 
""I'll always think of it as the Indian fun run.""",6,tibet,CLINTON,Clinton (1993-2000),CATEGORY_4,"lama, dalai, tibetans"
"NYC_In the Name Of China, Not Peace.txt","ï»¿
IT was wondrously quiet at Tibet House yesterday morning, which hardly came as a surprise. 
The cultural center, on West 15th Street, is a place for study, for contemplating sacred art, for silent meditation.
Showing a visitor around, Kyra Borre, the administrative director, pointed out the Shrine Room, dominated by a clay Buddha covered in gold leaf. 
Offerings had been laid at its feet in small bowls. 
There were dried nuts, cookies, raisins, caramels and even a couple of Tootsie Rolls.
""It's just a neat place to be,"" Ms. Borre said. 
""Some people come to sit, some simply to look around.""
The noisy, fractious world of politics seemed far away indeed. 
That is how it is supposed to be, said Nancy Braxton, another Tibet House official. 
""We are a cultural organization, not a political branch, and we really believe in holding that line,"" she said.
But let's not kid ourselves. 
Politics can never be kept entirely outside the front door, and it has certainly been seeping into Tibet House with the latest dispute to swirl around Tenzin Gyatso, better known as the Dalai Lama, spiritual leader of Tibetan Buddhism.
You may have heard about the loftily named Millennium World Peace Summit of Religious and Spiritual Leaders, which is taking place in New York City this week and features ample amounts of pontification in conference halls at the United Nations and the Waldorf-Astoria. 
Yesterday's topics carried high-minded titles like ""The Role of Religion in Conflict Transformation"" and ""Towards Forgiveness and Reconciliation.""
There are more priests, rabbis, mullahs, monks and ministers in town than you can shake a scepter at -- all for a gathering largely underwritten by Ted Turner, whose theological positings once included the observation (later retracted with an apology) that Christianity was ""a religion for losers.""
One religious figure is conspicuously missing from the interfaith gabathon. 
You guessed it: the Dalai Lama, who only won the Nobel Peace Prize in 1989 and is arguably the best-known spiritual leader other than perhaps Pope John Paul II.
Why in the world leave someone like that off the guest list?
Because China, occupier of Tibet for four decades and destroyer of much of the Tibetan culture that the Dalai Lama represents, made clear that it would not accept his presence on the United Nations grounds. 
And the United Nations, displaying the fortitude that has made it such a universally admired organization, went into full kowtow.
THIS is the same body that had no problem in 1974 with letting Yasir Arafat speak to the General Assembly with a gun holster strapped to his hip. 
At least now we know the dress code for that stretch of the East River. 
Green military uniforms are O.K., but leave the saffron robes in the closet.
Almost as an afterthought, organizers of the ""peace summit"" invited the Dalai Lama to attend and address conference sessions being held today and tomorrow, all at the Waldorf and not the United Nations. 
Talk about too little, too late.
""The invitation, which comes at the last minute, this is not very sort of, as you say, smooth,"" the Dalai Lama told a CNN interviewer on Monday night. 
As you see, he is far more gracious than the average New Yorker when it comes to saying fuhgeddaboudit.
""The guy has been denied even a visitor's tour of the U.N.,"" said Robert Thurman, president of Tibet House and a professor of Indo-Tibetan studies at Columbia University. 
""He's been coming to this country since 1979 and he hasn't been able to set foot in there all these years for fear of offending the Chinese, poor dears.""
""His Holiness doesn't want to be pushy,"" Professor Thurman said. 
""He would not use this occasion to bad-mouth the Chinese. 
He would talk in general terms about world problems and avoid touching on his own problems. 
He's tactful -- excessively tactful, some of us think.""
Then again, snubbing the Dalai Lama to please China did not start just this week. 
""We feel the political effects,"" Ms. Borre at Tibet House said. 
""It's hard to get corporate sponsorship"" for her center's programs, she said. 
Of course it is. 
Trade with China is at stake.
One consolation is that, even if the politics may not be uplifting, the religious art on display at Tibet House is. 
One interesting item is a bronze stupa from the 13th century. 
An accompanying brochure says that the stupa, a dome-shaped shrine, represents ""enlightened mind.""
Sounds like it ought to be sent over to the United Nations.",6,tibet,CLINTON,Clinton (1993-2000),CATEGORY_4,"lama, dalai, tibetans"
Serthar Journal_A _Living Buddha_ Plants an Academy.txt,"ï»¿
Nearly every day, Tibetan monks and nuns wearing blood-red robes arrive at this distant outpost after a long trek through a forbidding range of mountains.
Drawn by word that a brilliant teacher lives here, they climb a twisting path up a narrow valley to find a freshly built metropolis of Buddhist worship.
It is a stunning sight in an otherwise barren setting, and a potent symbol of the revival in Tibetan Buddhism under way here, just one of many flourishing religious movements in China that is troubling officialdom more and more.
A vast assembly of log cabins, spartan inside and out, covers a pair of steep hillsides. 
At dusk, crowds of monks and nuns buzz in conversation, their hair shorn and their gazes serene, as they gather for evening prayers outside a ramshackle collection of meeting halls connected by a crisscross of muddy pathways.
In just a few years, Serthar has become one of the largest and most influential centers for study of Tibetan Buddhism in the world. 
Despite its remote location in an ethnic Tibetan region of Sichuan Province, more than 500 miles by dirt road from the nearest city, Serthar has attracted nearly 8,000 monks and nuns who live and study here.
Like countless sects of qigong, traditional meditative and physical exercises that have enjoyed popularity among Chinese who believe that they can enhance vital energies, Tibetan Buddhism seems to fill a spiritual void in the hearts of many adherents. 
A new variant of qigong, Falun Gong, which has attracted a wide following, was banned on July 22 in a high-profile crackdown.
Serthar is now the brightest star among a number of Tibetan Buddhist centers that are being built or rebuilt with private donations from Tibetans and reluctantly accepted by the Chinese authorities.
Economic growth has fattened the pockets of some Tibetans in recent years, and their generosity is paying for a gradual replacement of the thousands of temples and monasteries that were demolished by marauding Chinese leftists during the 1960's and 1970's.
Tibetans still bristle at the Chinese authorities' myriad restrictions on religious worship, in Tibet proper and in the Tibetan-populated regions in adjoining provinces like this one.
But at the same time that the Government take steps to tighten control over large monasteries that are wellsprings of political dissent, Serthar is an example of how difficult it is for officials to fully control places of worship where popular support is surging among the ordinary faithful.
At Serthar, set up as an institute for Buddhist study instead of a monastery, the principal magnet drawing so many fresh religious devotees is a master teacher, Khenpo Jikphun, known by followers as a ""living buddha"" and believed to be the reincarnation of a holy figure.
Khenpo Jikphun, 66, set up the religious center here in 1980 in an uninhabited valley. 
It began a haphazard way, with a handful of disciples gathering around the modest home he lived in. 
Spreading word slowly attracted more followers, and in recent years attendance has surged so fast that there is now a desperate shortage of living quarters.
Monks and nuns here say they were drawn by their teacher's reputation as a deeply insightful scholar who is devoted to reviving a rigorous study of Tibetan Buddhism that was devastated when monasteries were closed and monks defrocked in political campaigns directed by the Chinese authorities.
""We know our teacher is a great man,"" said Sonam, a 23-year-old nun, who arrived 18 months ago and who like many Tibetans uses only one name. 
""He has attained a higher level of knowledge than anyone in the nation, and what he cares most about is teaching.""
One of the most surprising elements of Serthar is that more than half of those who come to study are women. 
Entry is limited at the relatively small convents that exist in areas populated by Tibetans, but Serthar is open to virtually anyone who is a genuine student of Khenpo Jikphun's brand of Buddhism.
Another surprise at Serthar is the way it attracts ethnic Chinese as well as Tibetans. 
Of the nearly 8,000 students here already, roughly 800 are ethnic Chinese, who attend separate classes taught in Mandarin, while larger classes are taught in Tibetan.
It costs nothing to study here, but monks and nuns have to find their own housing. 
Wooden cabins are going up all over the place, but not fast enough to handle all the new arrivals.
Nearly everyone at Serthar seems to credit Khenpo Jikphun's ingenuity for the spectacular growth. 
Khenpo Jikphun maintains good ties with Beijing as well as the Dalai Lama, in part by discouraging political discussion and encouraging students to focus on Buddhist study alone.
""Khenpo's revival of the devastated Tibetan Buddhist systems of educational training has been nothing short of remarkable,"" David Germano, a Tibet scholar at the University of Virginia, wrote in a recent essay about Serthar in which he argued that emphasizing ethics over political activism was a powerful model for survival in today's environment.
On top of the intellectual and religious vigor that Khenpo Jikphun brought to Serthar is his mythic and charismatic presence. 
Followers believe he is omniscient and say he was born with the ability to speak and recite scripture. 
He even emerged from his mother's womb, they say, with the placenta wrapped over his shoulder like a monastic robe.
Khenpo Jikphun claims to be the reincarnation of a holy figure who taught the previous Dalai Lama, and who died early this century. 
Khenpo Jikphun's followers believe it gives him a special relationship with the current Dalai Lama, whom he visited in India in 1990.
Also eager to keep up good relations with the Chinese authorities, Khenpo Jikphun takes part in an advisory committee in the local government. 
He often travels, and even visited the United States in 1993.
Khenpo Jikphun is extremely popular in the region. 
Beyond religious devotees, many ordinary residents in the area display his photograph next to the Dalai Lama's in stores, homes and even in the cabs of the hefty cargo trucks that traverse rutted mountain roads.
Khenpo Jikphun declined a request for an interview. 
One of his top lieutenants, Sudaji, said there had never been any serious political problems at Serthar and pointed out that Khenpo Jikphun had never encouraged monks and nuns to come to Serthar but simply welcomed those who showed up.
Several monks here said the authorities in Beijing had expressed concern about the fast growth of the community at Serthar, apparently worried about the inherent threat posed by any organization they do not fully control. 
Yet suggestions that some of the new arrivals should be turned away appear to have been met by a gentle insistence from Khenpo Jikphun that it is not his role to police or discourage the faithful.
Enthusiastic monks and nuns here point to a rigorous curriculum of Buddhist study that encompasses a large body of texts in genres that include painting, medicine, history and poetry as well as philosophy.
Yet they are also inspired by Khenpo Jikphun's personal example of strict celibacy and ethical norms as the best path to spiritual revitalization. 
Although many Tibetan religious leaders have been seduced by modern comforts, they say, Khenpo Jikphun has consistently criticized moral lapses among others, which has created enemies among other Tibetan religious leaders.
""If everyone can learn from our teacher, there will be fewer problems in the world,"" said Tsering Gyaldyup, a monk who has studied here for eight years. 
""I want to stay here forever, because there is no better place to be.""",6,tibet,CLINTON,Clinton (1993-2000),CATEGORY_4,"lama, dalai, tibetans"
Tibet Crisis Centers on 6-Year-Old Living Buddha.txt,"ï»¿
On a terraced hillside overlooking the gilded temples of the remote Taer Monastery here in western China, a young monk implored a visitor: ""Would you please send me a photograph of the Dalai Lama?
We are always waiting for him.""
As he spoke, dozens of artisans were putting the finishing touches on an ornate guest residence for the Dalai Lama and the Panchen Lama, who serve as political and spiritual leaders for the Tibetan people.
The problem is that no one can say when these living Buddhas might ever get the opportunity to visit here.
The 14th Dalai Lama has lived in exile since 1959, and the latest reincarnation of the Panchen Lama, the 6-year-old son of a herder, has not been ""approved"" by the Communist Party leadership in Beijing.
For anyone traveling in western China, it takes little time to discover the depth of support here for the Dalai Lama in secular and religious matters relating to the six million Tibetans who populate the sweeping Qinghai-Tibetan landscape.
""Because the Dalai Lama is the highest figure of authority for our Yellow Hat Sect, all of the believers and we monks worship him,"" said one of the monks who moments before had been chanting from ancient scriptures in the Temple of Longevity, one of the many sacred halls among the labyrinth of courtyards and buildings that can be seen from the terraced hills. 
""Whatever is decided needs to have his approval.""
The monk then rose and moved nimbly around a tiny altar, on which he prepared an offering of lamb, yak butter and candy wrapped in colored foil to the memory of a 17th-century peasant named Luo Qi, who saved the life of the Panchen Lama by carrying him piggyback through the flood waters of the Yellow River.
Perhaps the most urgent matter for Tibetans now is the political standoff with Beijing over the reincarnation of the 11th Panchen Lama. 
The 10th Panchen Lama died in January 1989, and according to the tenets of Tibetan Buddhism, his soul has migrated to a new host.
In May the Dalai Lama announced from exile in India that after six years of searching, the 11th coming of the Panchen Lama had been found incarnate in the body of the boy, Gedhun Choekyi Nyima, in the Tibetan village of Nagqu.
Recognition of the reincarnation ""is a religious matter and not political,"" the Dalai Lama said, adding, ""It is my hope that the Chinese Government will extend its understanding, cooperation and assistance.""
The proclamation was denounced by the authorities in Beijing, who for the first time since 1949 have an opportunity to select the Panchen Lama and control his upbringing and education. 
They have attacked the Dalai Lama's ""split-ist"" behavior and ""illegal and invalid"" act -- accusing him of seeking to wreck the unity of the motherland and calling him every name secular leaders dare call a living Buddha without offending the Tibetan masses who worship him as a god-king.
But they have yet to challenge the religious verity of the Dalai Lama's choice: the boy with frost-reddened cheeks and an impish gaze who faces an uncertain future.
The struggle between the Communists and the Dalai Lama over who has the right to name the Panchen Lama is not just an arcane religious struggle; it is part of the collision of interests over who rules Tibet.
Since fleeing Tibet in 1959, when China crushed the most recent independence uprising, the Dalai Lama, 60, has built a worldwide campaign for return and for greater autonomy.
The Taer lamasery is in a valley 15 miles southwest of Xining, the capital of Qinghai Province, which was once part of Tibet. 
The lamasery was founded here in 1560 and today supports 560 monks and 11 living Buddhas, ranging in age from 7 to 80.
The 10th Panchen Lama visited the lamasery in 1987, and though he was greeted warmly, he was regarded as a collaborator by some Tibetans because he stayed after Chinese troops marched into Lhasa in 1959. 
He gave legitimacy to the Chinese occupation even as the Dalai Lama fled and fought for Tibet in exile.
But he also struggled for Tibetan interests, petitioning the Government to end torture, preserve Tibetan culture and stop the immigration of ethnic Chinese to Tibet. 
For his efforts, he spent a decade in prison in the Cultural Revolution of 1966-76.
The monks here want any new Panchen Lama to avoid political entanglement with the Chinese Government. 
Politics, another monk said, should be left to the Dalai Lama.
""The Panchen Lama should be a purely religious man and not a political figure,"" the monk said. 
""If the new Panchen Lama devotes himself solely to religion, then we would fully support him. 
But if he also concerns himself with politics, then we would be concerned.""
The struggle over naming the reincarnation of the Panchen Lama, if not a crisis yet, could still become one, as Beijing has yet to reveal how it will orchestrate the official steps to recognition.
After the 10th Panchen Lama's death at the age of 50, the search for his reincarnation began. 
Monks from the Tashilhunpo Monastery, the traditional seat of the Panchen Lama in Xigaze, scoured the countryside for six years, examining candidates and seeking omens.
It now seems likely that as the abbots narrowed the list, word leaked out to the Dalai Lama's exile home in Dharamsala, India. 
There, his proclamation and recognition of the boy pre-empted China's secular recognition by the State Council under Prime Minister Li Peng.
""If the Panchen Lama would have been enthroned only with the blessing of the State Council, that would have been a disaster,"" said Lodi Gyari, the Dalai Lama's representative in Washington.
A number of Western experts say they believe that the Dalai Lama's strategy is not to foment a crisis. 
Rather, they say, he seems to be building a negotiating position for a possible compromise over authority in Tibet after the death of Deng Xiaoping, the ailing Chinese paramount leader.",6,tibet,CLINTON,Clinton (1993-2000),CATEGORY_4,"lama, dalai, tibetans"
"To Pray in a Tibetan Temple, Buddhists Built One in California.txt","ï»¿
For years when Judith Leeper drove a back road near here, she was mystified by glimpses, first, of copper domes and pagoda-like structures shining through the trees, then of a towering golden monument that glimmered in the California sun.
The mystery was cleared up on a recent Saturday when she joined 1,500 other visitors at an open house at Odiyan, a newly opened Tibetan Buddhist temple and study center in the mountains overlooking the Pacific about 100 miles north of San Francisco.
As more than 800 orange, yellow and red prayer flags, silk-screened with passages from sacred texts, snapped gloriously in the breezes, the visitors filed between walls of hundreds of prayer wheels, their copper cylinders, covered with mantras, encasing miles of tightly rolled prayer scrolls.
Odiyan's profusion of colors and images can astonish: a 108-foot-tall temple contains a central monument with 108,000 small gilded statues of Padmasambhava, a founding figure of Tibetan Buddhism revered as a second Buddha and believed to have been born miraculously, in an earlier incarnation, from a lotus blossom.
But no less striking is the fact that this repository of Tibetan sacred symbol, art and form was created almost entirely by several dozen American volunteers who, for two decades, learned both the spiritual discipline of Tibetan Buddhism and the practical skills of construction.
What is happening at Odiyan -- and at a growing number of other Buddhist centers around the country -- is part of a new chapter in the 2,500-year-old history of Buddhism, which spread from the tree in northern India where a young prince, Siddhartha Gautama, is believed by his followers to have attained perfect enlightenment.
Not only has the Buddhism that arrived on these shores with Chinese and Japanese immigrants been augmented by new waves of immigrants from Vietnam, Cambodia, Thailand and Korea, but the interest in Buddhism among non-Asian Americans, once largely focused on the meditation and riddles of Japanese Zen Buddhism, has been reinforced by a diaspora of Tibetan Buddhist leaders, including the Dalai Lama, revered by his people as the incarnation of a compassionate heavenly being.
Buddhists now number at least 800,000 in the United States, according to a 1991 survey by the City University of New York, and some Buddhist organizations say that figure should be doubled or tripled. 
The number of Buddhist centers and publications is increasing rapidly.
Bruce Smith is part of this new chapter. 
Two decades ago, he was a geophysicist doing research on earthquakes. 
His pursuit of Japanese martial arts led him to take a course in meditation from Tarthang Tulku, one of the first prominent Tibetan lamas, or holy men, in the United States and the spiritual leader and organizer of Odiyan.
Now 51 years old, he has spent the last 17 years living and working at Odiyan alongside other volunteers -- an experience that he says has transformed his life even more than the regular practice of meditation.
Tarthang Tulku said Odiyan was part of an effort to preserve a form of Buddhism ravaged in its homeland by Chinese Communist rule and to implant its wisdom in a new land.
For the Buddha -- or Enlightened One, as Prince Siddhartha came to be known -- wisdom involved the realization that life is an endless cycle of birth, death and suffering, from which one can escape by compassionate living and disciplined insight into the impermanence of reality.
Spreading, over a thousand years, from India to Southeast Asia and then to China, Korea and Japan, Buddhism developed a wide variety of spiritual practices, subtle philosophical schools and forms of monastic living. 
And once Tibet became thoroughly Buddhist, between the 7th and 11th centuries, the country's isolation in the Himalayas made it a treasure chest of ancient teachings and elaborate beliefs and practices.
That body of teaching and way of life was threatened with extinction after the Chinese Communists occupied Tibet in 1950 and suppressed a rebellion in 1959, destroying monasteries, books and religious objects and detaining, executing or driving into hiding numerous monks and scholars.
Tarthang Tulku went into exile in India, to which the Dalai Lama, revered as a living god by Tibetans, later escaped. 
Then, in 1968, he came to the United States. 
He organized projects to preserve, print and distribute in both the West and Tibet 755 volumes of sacred texts. 
He also helped rebuild his original monastery in Tibet. 
Carrying out these tasks were individuals drawn to the meditation centers and classes he established in Berkeley, Brazil, Germany and the Netherlands.
The lama, who is now 60, praises Americans and the nation's religious liberty. 
""Americans in some way are very religious, generous and ethical,"" he said sitting and sipping tea in Odiyan's central temple, ""but at the same time they are more neurotic and chaotic in their heads,"" something that he believes the disciplines of Buddhism could repair.
Odiyan -- the name comes from Oddiyana, a mythical land of Padmasambhava's birth -- is not designed to become a traditional monastery for celibate monks who take vows but rather a center where 15 to 50 serious lay students of Buddhism can live and work for short retreats or even years.
The buildings preserve a kind of nonwritten sacred text: images and objects vital to Tibetan Buddhism.
Tarthang Tulku designed the area as a replica of Samye, Tibet's first Buddhist monastery, and as a ""mandala,"" a symbolic representation of cosmic forces.
At Odiyan, a simple one-story structure of rooms and living areas runs around the edge of a square approximately 100 yards on each side, which is surrounded in turn by a moat-like lagoon with swans and edged with formal gardens.
At the center is an 80-foot-tall temple with a bright copper dome. 
Smaller temples stand over the east, west, north and south gates. 
At some distance is a shimmering gold-leafed stupa, a 113-foot-high multitiered monument.
Built in accordance with sacred specifications and arrayed with texts, symbols and works of art, the structures are meant to convey multiple levels of Buddhist teaching in thousands of details. 
All of the physical patterns, as well as the natural beauty of the flowers, darting swallows and jasmine-scented air, are meant to gradually transform a person's consciousness. 
The fluttering prayer flags and prayer wheels powered by electricity, an American innovation, are believed to radiate multitudes of blessings and healing energy to counter harmful natural forces and human designs.
This luxuriance of image, color and celestial beings put Tibetan Buddhism into sharp contrast with the austerity and simplicity of Zen Buddhism, the form of Buddhism familiar to Americans.
Tibetan Buddhists believe that enlightenment can be achieved in one lifetime rather than through the series of reincarnations in which adherents of some other forms of Buddhism believe. 
Tibetan Buddhists say this can be done by rigorous chanting, and praying, by participating in ceremonies and by visualizing sacred beings. 
These complicated techniques demand, more strongly than in many other strands of Buddhism, submission to the guidance of a guru or teacher.
The question of the teacher or master's authority is one area of tension with American culture, according to American Buddhist leaders.
Tarthang Tulku agreed. 
Americans believe that ""if you follow someone, you are brainwashed,"" he said. 
""That's the negative side, but the positive side is that if there is a good teacher, someone who has compassion, there will be genuine respect.""
Not all the visitors to Odiyan last weekend were equally impressed. 
Ms. Leeper, the visitor from Sea Ranch, a few miles to the north, praised the effort to preserve Tibetan Buddhism but felt that the center had a slightly inauthentic aura and ""didn't quite fit the land.""
But a friend, Rosemary McGinnis, quoted her son-in-law as saying, ""I don't believe in God, but I felt I had walked into a prayer.""",6,tibet,CLINTON,Clinton (1993-2000),CATEGORY_4,"lama, dalai, tibetans"
