file,text,topic_cluster_id,topic_label,era,era_label,topic_category,topic_category_label
A BREAKTHROUGH FOR NERVOUS HU NA.txt,"ï»¿
She played her first match of the 1982 Federation Cup tournament on a July evening in Santa Clara, Calif., and wasn't seen again in public for eight months. 
Hu Na hid in the homes of sympathetic Chinese families on the West Coast during that time, hoping one day to be granted asylum in the United States. 
Her second wish was to pursue a professional tennis career.
Miss Hu's defection caused an international incident and her whereabouts had all the intrigue of a spy novel. 
The Chinese Government suspended several cultural exchanges with the United States, which eventually granted Miss Hu asylum on April 4, 1983, in Washington. 
She played her first professional match two months later.
Hu Na, who defected to United States from China in 1982, defeats Annabel Croft of Britain in first-round match at Wimbledon; photo (M)
But Miss Hu was not to become another Martina Navratilova, who defected to the United States from Czechoslovakia when she was already one of the highly ranked players in the world. 
Miss Hu was a champion in China but only a qualifier on the women's tour.
''It was very hard because the players were so good,'' she said. 
''I got discouraged because every time my game went up, I'd get injuries.''
Miss Hu is ranked 150th in the Women's Tennis Association rankings but has made the biggest tournament in the world the site of her professional breakthrough. 
She qualified for Wimbledon by winning three difficult matches last week and today became the first Chinese-born player to win a match in the main draw, defeating Annabel Croft of Britain, 6-3, 7-5, in a first-round match.
Â 
'Cracks Under Pressure'
Although Miss Croft may not be well known herself, she is ranked 40th and was the favorite of the hometown crowd. 
It earned her a place on Court One, which is adjacent to Centre Court and usually draws the second- biggest crowd. 
''I was nervous,'' Miss Hu said. 
''There were so many people who came out to see us.''
Miss Hu is 22 years old but her game is just developing. 
The lack of top quality competition in China is one reason, and the customary slow progress made by serve-and-volley players is another. 
At times, it seems as if she has disappeared once again. 
''I think she's improved a lot,'' Miss Croft said. 
''I've been told by other players that she cracks under pressure.''
Any pressure she may face on the tennis court, however, would not begin to compare to what she encountered when she defected. 
She received letters that were reportedly written by her parents, pleading for her return to China. 
She was homesick and did not speak English.
''My English wasn't very good,'' Miss Hu said. 
''I watched 'Three's Company' and 'The Love Boat.'
Jack Tripper was my first teacher.''
Â 
Potential in Question
Jack Tripper is the character played by John Ritter in the television show ''Three's Company.''
Miss Hu has since had other instructors. 
She is attending the United States International College in San Diego, where she lives in a Chinese community with several families, spending a few months with each. 
She speaks English well enough to face her interviews without the aid of an interpreter.
She said she never questioned her decision to leave China. 
Newspaper accounts at the time said that Miss Hu was reluctant to join the Communist Party, as her coach in China requested. 
She said she preferred not to talk about those things today.
Her potential as a player remains in question. 
She has been tutored by such notable coaches as Vic Braden, Harry Hopman and Nick Bollettieri, but has advanced as far as the quarterfinals only three times in 23 tournaments, and those were on the satellite tour. 
She has earned $7,000.
At this point, however, she appreciates some things that most players take for granted. 
It was a thrill for her, she said, to be able to play a match without braiding her hair.",3,team,REAGAN,Reagan (1981-1988),CATEGORY_3,"nba, won, league"
"All Is Forgiven, Peking Tells a Tennis Defector.txt","ï»¿
A Foreign Ministry spokesman said today that a 19-year-old Chinese tennis player who defected to the United States last summer would not be prosecuted if she returned home.
The player, Hu Na, said last week that threats from Chinese Communist Party officials frightened her into seeking asylum.
PEKING, March 25 (AP) - A Foreign Ministry spokesman said today that a 19-year-old Chinese tennis player who defected to the United States last summer would not be prosecuted if she returned home.The spokesman said that if Miss Hu returned to China, she would be sent soon to play in an international tournament in Switzerland. 
Miss Hu is still awaiting formal United States approval of her application for political asylum. 
She said earlier this week that just before she left China to play in the Federation Cup tournament in Santa Clara, Calif., last summer, high-ranking party officials told her she was ''embarrassing'' the Communist Party by refusing to join.
The Foreign Ministry spokesman said in a statement: ''In recent years Hu Na frequently went abroad to take part in international competition after she was trained as a tennis player. 
The Chinese Tennis Association has declared that so long as Hu Na makes up her mind and returns home, the association will still send her to participate in an international tournament to be held in Switzerland in June this year. 
Therefore the question of prosecuting her did not exist in the past nor will it arise after her return to China.''",3,team,REAGAN,Reagan (1981-1988),CATEGORY_3,"nba, won, league"
Bridge_ 2 Women Are First Chinese In Major International Event.txt,"ï»¿
In this decade, bridge has boomed in China, but its players have never taken part in a major international invitational event. 
That barrier will be broken when Gu Ling and Zhang Yalan of Canton play tomorrow and Sunday in the prestigious Invitational Charity Pairs at the Cavendish Club, at 105 East 73d Street in Manhattan.
Gu and Zhang were members of the team that won the Far East women's championship in Kuala Lumpur, Malaysia, six months ago.
In the 1986 world championships in Miami Beach, they finished 12th in the women's pairs, the best result by players outside North America and Europe. 
They were aided by the diagramed deal, which began with a Precision one-club bid, strong and artificial, and landed Zhang in six clubs.
The diamond queen was led and the dummy proved slightly disappointing. 
South was hoping to ruff a major-suit loser but that was not possible. 
There were only 11 tricks in sight, and a squeeze was needed for the 12th. 
The key move in such situations is to concede quickly the tricks you are willing to lose, so after winning the diamond ace, South entered dummy with a trump lead to the ten, led a heart and played low from her hand.
West won and fell into the trap by leading the diamond jack. 
South ruffed in her hand and led all her trumps to reach this position:
When South cashed the spade king and led to the ace, West was forced to throw a heart to preserve the diamond guard. 
Then the play of the diamond king ruined East, who had to unguard one of the major suits and allow the slam to succeed.
Zhang had brilliantly executed a ''non-simultaneous double squeeze,'' and West was left to discover that she had missed a chance for a fine counterstroke. 
A heart return at the fourth trick would have removed a vital entry to the South hand and no squeeze would have been possible.",3,team,REAGAN,Reagan (1981-1988),CATEGORY_3,"nba, won, league"
"Bridge_ Brother, Sister and Father Have Sought World Titles.txt","ï»¿
To have two members of the same family, related by blood rather than marriage, qualify for world championship play with different partners is quite rare.
A notable American example is B. Jay Becker and Michael Becker, a father-son combination who qualified as teammates, but not partners, in 1973. 
The late Oswald Jacoby won a world title in 1935 and was the nonplaying captain when his son Jim won one of his three world titles 35 years later. 
And a brother-sister combination, Bill Seamon and Edith Kemp, have international credentials.
A recent example is the Gu family from Canton, China. 
Gu Xing was a member of the Chinese team at the 1984 world championships in Seattle. 
His sister, Gu Ling, playing with Zhang Ya-Lan, finished 12th in the 1986 World Women's Pairs in Miami Beach, the highest position for any pair not coming from Europe or North America. 
And their father, Gu Xuenan, was the nonplaying captain of one of the Chinese teams in Miami Beach.
Â 
City College Student
Gu Xing is currently a New York City resident, studying at City College for a master's degree in mathematics. 
In a recent duplicate game at the Beverly Club, he held the South cards and landed as shown in six clubs. 
The opening no-trump was the intermediate variety, promising 14-16 high-card points, and the response of two diamonds was game-forcing Stayman.
Six clubs appears to need an even trump split, slightly against the odds. 
But as South demonstrated, there is a secondary chance. 
He won the opening spade lead with the ace and cashed two trump winners. 
When these failed to break, he took all his winners in the major suits and led a club. 
This end-played West, who had to give a ruff and sluff or lead a diamond away from the king.
South was probably relieved that the enemy trump trick was on his left. 
If it had been on his right, he would have a difficult guess, with nothing to guide him, when East eventually led a diamond. 
Notice that six no-trump would have failed, for West would have been able to lead a heart when he gained the lead.
Preliminaries in the Grand National Team Championships will be played at these clubs in Manhattan: Academy, Nov. 
20 and Nov. 
21, evenings. 
(Information: 212-988-1542) Beverly, Nov. 
23, all day; Dec. 
5 and Dec. 
12, afternoons; Dec. 
14, all day; Dec. 
16 and Dec. 
17, evenings. 
(212-486-9477) Manhattan, Tomorrow and Nov. 
15, evenings; Nov. 
16 and Nov. 
23, afternoons. 
(212-799-4242)",3,team,REAGAN,Reagan (1981-1988),CATEGORY_3,"nba, won, league"
Bridge_ New Yorkers to Compete In Niagara Falls and China.txt,"ï»¿
Players from New York City will compete in two rather unexpected places a month from now. 
For the Spring Nationals, starting March 19, a large group will visit Niagara Falls, N.Y., where the scenic splendor will be available for the first time to participants in a national championship.
Some critics have expressed doubts about the adequacy of the hotel accommodations. 
Normally, such events are held in a large hotel, and the players stay there; in this case, there is no hotel big enough and the players will stay in various places.
Bridge column discusses how New York players will compete in Spring Nationals in Niagara Falls (NY) and in ChinaA Smaller Group in China
A much smaller group will be in Hangzhou, China, at the same time, competing in a tournament that is likely to attract players from many parts of the Far East. 
Leading the group will be Barbara Metselaar of Scarsdale, N.Y. 
For information, call (914) 472-6200.
In a recent duplicate game in Larchmont, N.Y. 
Mrs. Metselaar held the South cards. 
She decided reasonably enough to open one no-trump on the basis that her 15 points were ''good.''
In such cases the possession of some aces and tens, or the lack of them, is usually the deciding factor.
An opening one-club bid might have led to a two-heart contract (1 C, 1 D, 1 H, 2 H) but a Stayman auction carried the partnership quickly to game.
After the opening lead of the club king there were two obvious plans. 
South could have tried to ruff all her club losers in dummy, or she could have attempted to develop dummy's diamonds.
Â 
Adopts a Less Obvious Plan
Both these plans would have led to difficulties and likely defeat. 
South adopted a third and less obvious plan. 
She ruffed the opening lead in dummy and immediately attacked spades, leading to the ten. 
Spades had to be attacked sooner or later, and sooner was better.
There was a risk, of course, that the defense would be able to take two spade tricks and a spade ruff, but that would leave South in control if the defender with three trumps did the ruffing.
The defenders might not have found their spade ruff even if one was available. 
As it happened, there was not. 
When West won with the queen she shifted to a trump in an attempt to stop ruffs. 
This did not hurt South at all. 
She won, ruffed a club and drew trumps. 
By driving out the spade ace she was able to maneuver to discard her remaining club loser on the spade jack. 
She had made an overtrick in a contract that failed at several other tables.
The North Jersey Winter Tournament begins today in the auditorium of the Guardian Angel Church in Allendale, with this schedule: Today - Men's pairs and women's pairs, 1:30 P.M.; mixed pairs, 8 P.M. Tomorrow - Flighted pairs, 1:30 P.M.; open pairs and novice pairs, 8 P.M. Sunday - Flighted Swiss teams, 1 P.M. and 7 P.M.
Â 
NORTH S J 8 4 2 H 6 4 3 2 D A K 9 6 3 C -
WEST EAST (D) S Q 9 5 S A 7 3 H 9 7 H Q 10 5 D J 8 D Q 10 7 2 C K Q J 7 4 2 C 9 8 5
Â 
SOUTH S K 10 6 H A K J 8 D 5 4 C A 10 6 3
Both sides were vulnerable. 
The bidding: East South West North Pass 1 N.T. 
Pass 2 C Pass 2 H Pass 4 H Pass Pass Pass
West led the club queen.",3,team,REAGAN,Reagan (1981-1988),CATEGORY_3,"nba, won, league"
Bridge_EAST MEETS EAST.txt,"ï»¿
The recent emergence of the People's Republic of China on the bridge scene inevitably raised the delicate question: Would the players of Taiwan meet their mainland cousins over the table?
The answer appears to be that they will do so next month in a tournament beginning in Hong Kong on Aug. 
27. There will be teams from Beijing, Shanghai and Canton, and two teams from Taiwan that include several players who have done well in world championships. 
This will be the first face-to-face encounter between the two Chinas in any sport or recreation. 
Perhaps head-to-head would be a better term, since the players will be at 90-degree angles.
Teams from China and Taiwan will meet at bridge tournament starting in Hong Kong on August 27; diagram of US-Chinese bridge game from March 1981
The People's Republic has shown great eagerness to test its newly developed bridge skills against world-class players. 
A group headed by Jimmy Ortiz Patino, president of the World Bridge Federation, and including world champions Christian Mari and Michel Perron of France visited China in May, playing in Beijing, Shanghai and Hangzhou.
In March, a large American contingent organized by Precision star Kathie Wei played in Shanghai in the first Chinese international tournament. 
The diagrammed deal, played in a match between one of the American teams and one of the Japanese teams, gave opportunities to both declarers in six diamonds. 
It was furnished by Zhou Qi of Shanghai, an enthusiast who not only studies the game deeply but also directs Shanghai tournaments with great efficiency.
At one table, as shown, the slam was reached without interference. 
The two-diamond opening bid by the Tokyo South, Kanazawa Masaji, showed a powerful distributional hand with at least eight playing tricks.
The opening lead by Judi Radin of New York was the club jack, and this was covered with the queen, king and ace. 
Not having X-ray vision, South led the diamond jack to the king in dummy and found himself facing a sure trump loser. 
He threw his club loser on the spade ace and ruffed a spade.
South now cashed the diamond ace and played another trump, leaving West on lead in this position:
Â 
NORTH S 9 4 H K 10 9 D - C 9 3
WEST EAST S - S Q 10 H J 8 3 H Q 7 5 D - D - C 10 8 6 4 C 5 2
Â 
SOUTH S - H A 6 2 D 10 9 7 5 C -
Mrs. Radin was now endplayed. 
She could not afford to lead a club, and tried the heart jack, the best chance. 
She hoped to convince the declarer that she was making a cunning falsecard from a queen-jack holding, but South played with the percentages by winning in dummy and finessing against East's queen. 
West was about twice as likely to have begun with one honor as with two. 
It might seem that South was lucky to find that West had no more spades. 
But if West had held a third spade, it would not have helped to lead it in the diagrammed position. 
South would have run out all his trumps, executing a double squeeze. 
Each defender would have to protect a black suit, and the heart six would score the last trick in the closed hand. 
In the replay, the Japanese East player crowded the auction by opening three spades. 
When South's overcall in diamonds was raised, he continued to slam, a sequence that was certainly appropriate here, although it sounds like a double-cross. 
West now led the spade king, and the South player, former world champion Michael Lawrence, was able to adopt a slightly different procedure. 
He won in dummy with the ace, throwing a heart rather than a club from his hand. 
A small diamond was led to the ace, leaving the king as an entry to dummy. 
When East discarded, there was still work to be done. 
The ace and king of hearts were played, and a heart ruff established a trick in the suit and permitted a club discard later to make the slam. 
If West had produced an honor on the second round of hearts, Lawrence would have had to think hard about the location of the other honor.
Â 
NORTH S A 9 4 3 H K 10 9 4 D K 8 C Q 9 3
WEST EAST(D) S K J S Q 10 8 7 6 5 2 H J 8 3 H Q 7 5 D Q 6 3 D - C J 10 8 6 4 C K 5 2
Â 
SOUTH S - H A 6 2 D A J 10 9 7 5 4 2 C A 7
Both sides were vulnerable. 
The bidding: East South West North Pass 2 D Pass 2 S Pass 3 D Pass 4 D Pass 4 H Pass 5 H Pass 6 D Pass Pass Pass
West led the club jack.
ADD TO BRIDGE COLUMN
In the bridge column that appeared last Sunday the final bid shown in the diagram should have been six spades, not four spades, and West should have been shown with the club queen, not the king.",3,team,REAGAN,Reagan (1981-1988),CATEGORY_3,"nba, won, league"
Bridge_KEEPER OF THE FLAME.txt,"ï»¿
The most dedicated lover of the game to compete in the recent Fall Nationals in San Francisco was surely Dr. C.P. Chang of Shanghai, a physician of great professional distinction. 
For almost half a century he has been the only resident of the Chinese mainland to be a member of the American Contract Bridge League. 
He learned the game in 1924 as a student at the Peking Union Medical College. 
His medical career took him to the United States in the 30's, where he played with success in Philadelphia and Chicago.
He has been a principal force in keeping the game alive in Shanghai during the past 30 years, in the face of official discouragement. 
As a result, the switch three years ago, which gave bridge not only tolerance but encouragement, left Shanghai in the lead, and their players are now by far the best in China.
Bridge column diagrams plays by Dr C P Chang, of Shanghai (China), who is only resident of China to be member of American Contract Bridge League
At the age of 76 this cheerful and indomitable man, brushing aside the handicap of two artificial legs, traveled from Shanghai to San Francisco to take part in the Nationals.
The diagramed deal, played in Shanghai, is an example of his considerable ability. 
He sat South and had a difficult rebid when his partner responded one spade; one d iamond would have been better and would not have created a problem. 
The two-club rebid was not entirely sati sfactory, but neither was anything else.
When North continued by bidding two diamonds, Dr. Chang took a shot at three no-trump, satisfied that he was well-armored in the unbid heart suit.
Dummy's second suit is often the one for the defense to attack, and West decided to lead diamonds. 
But instead of the three he selected the queen, a mild eccentricity that came close to luring South to defeat.
The diamond queen was captured with the ace, and the club queen was led for a finesse. 
West held up his king, and did so again when the ten was led around to him. 
But he naturally took his king when a club was led to the jack. 
Meanwhile, East discarded two hearts.
A diamond was led to the jack, removing South's nine. 
East was now on lead in this position:
Â 
NORTH S A J 8 4 H 4 3 D 10 7 C -
WEST EAST S K 7 3 S 10 9 6 5 H K 8 6 H 10 9 D 2 D K 8 C 9 C -
Â 
SOUTH S Q 2 H A Q J 2 D - C A 8
When East now shifted to the heart ten, it was very tempting to finesse. 
If West had made a normal opening lead, this would be safe, for he would have no more diamonds to lead. 
But Dr. Chang suspected that West had made a tricky lead. 
Instead of finessing - and suffering immediate defeat after another diamond play -he put up the heart ace and cashed two club winners. 
This put some pressure on East, who gave up one spade and, reluctantly, his remaining heart. 
If he had thrown another spade, South could have made three tricks in that suit by force. 
And if he had parted with a diamond, it would have been safe for the declarer to lead a heart honor. 
As it was, the stage was now set. 
The spade queen was led, and West was forced to cover. 
The ace won, the jack was cashed, and another spade lead end-played East. 
He was left with two diamonds, and the ten in dummy won the last trick to fulfill the game. 
Instead of diamonds being South's downfall, they turned out to be his salvation. 
This was a fine playing effort by a remarkable man. 
And when at some future time, as is very likely, the Shanghai players make their mark in world bridge as representatives of the People's Republic, Dr. Chang will deserve at least some of the credit.
Â 
NORTH S A J 8 4 H 4 3 D A 10 7 3 C Q 10 2
WEST EAST S K 7 3 S 10 9 6 5 H K 8 6 H 10 9 7 5 D Q 5 2 D K J 8 4 C K 9 5 4 C 7
SOUTH(D) S Q 2 H A Q J 2 D 9 6 C A J 8 6 3
North and South were vulnerable. 
The bidding: South West North East 1 C Pass 1 S Pass 2 C Pass 2 D Pass 3 N.T. 
Pass Pass Pass
West led the diamond queen.",3,team,REAGAN,Reagan (1981-1988),CATEGORY_3,"nba, won, league"
BRIDGE_SHANGHAI PREVIEW.txt,"ï»¿
The international bridge scene will be marked in 1981 by the full emergence of the People's Republic of China. 
After many years of banning bridge as a bourgeois activity the Chinese government, perhaps influenced by Deng Xiaoping who is himself a player, indulged in a complete volte-face at the beginning of l979.
Within a year there were hundreds of teams taking part in competitions, indicating perhaps that the game had flourished in secret. 
Three months ago the Chinese joined the World Bridge Federation on terms that allowed the continued membership of Taiwan. 
Late this year they will compete in the Far East Championship, but before that happens they will have organized the first major tournament on Chinese soil, scheduled March 6-11.
Bridge column discusses full emergence of People's Republic of China into international bridge scene in 1981
The site will be Shanghai, which has repeatedly shown itself to be the strongest of China's bridge-playing cities. 
Invitations have been sent to 20 cities, mostly in Asia. 
A special invitation has been sent to Taipei, and its acceptance would be a historic landmark: the first direct meeting of players from Taiwan and the People's Republic in any sport or recreation.
Since some cities may send more than one team, and there will be several Chinese cities taking part, the total entry is likely to be between 40 and 50. 
Since the organizers are inexperienced there may be some problems, and there will be surprises for the American participants. 
The boards will consist of plastic wallets rather than metal trays, and the bidding will be written down in order to minimize language problems.
There will be four American teams including some famous players: Kathie Wei and Judi Radin of New York, the reigning world women's pair champions; Dorothy Hayden Truscott, the world's top-ranked woman player and reigning world women's team champion; Mike Lawrence of Berkeley, Calif., a former world team champion; and Ron Andersen of New York, whose score in winning the l980 McKenney Trophy, awarded for overall tournament performance, set a new record.
Also in the American party will be Jim Zimmerman of Shaker Heights, Ohio, President of the American Contract Bridge League for 1981. 
He is one of the strongest players to have held that office, and he demonstrated his skill in cardplay on the diagramed deal from a recent Regional Swiss Team Championship in Detroit.
Most players holding the South cards shown would be content with a game invitation after one heart had been raised to two hearts. 
But the good distribution and possession of three aces made Zimmerman's jump to game a reasonable gamble. 
North might well have declined an invitation, in which case a sound game would have been missed. 
It would be easy to make ten tricks if either red suit lay favorably, and although they did not, South survived.
West led the king of clubs and continued the suit. 
South ruffed and cashed the ace and king of hearts, discovering that East had a trump winner. 
The diamond queen was led for a finesse, losing to West's king. 
West should now have returned a diamond, but he helped South on his way by playing a third round of clubs.
Now South was able to ruff, lead to the diamond ten and ruff the last club in dummy. 
He then played his diamond winners and it did not matter whether or not East ruffed. 
He refused to do so, postponing the evil day, and Zimmerman led his last trump at the 11th trick. 
East had to win and lead from the spade king to give the declarer his contract.
Â 
NORTH S Q 7 3 H K 10 4 D Q 10 8 C 7 6 3 2
WEST EAST S J 9 6 2 S K 8 5 4 H 9 H Q J 3 D K 7 5 4 D 6 2 C K Q 10 8 C A J 9 5
Â 
SOUTH(D) S A 10 H A 8 7 6 5 2 D A J 9 3 C 4
North and South were vulnerable. 
The bidding: South West North East 1 H Pass 2 H Pass 4 H Pass Pass Pass
West led the club king.",3,team,REAGAN,Reagan (1981-1988),CATEGORY_3,"nba, won, league"
BRIDGE_TRICKY DEALING.txt,"ï»¿
The large group of American players, including many internationally known stars, competing in China's first international tournament that began last week are due for some surprises. 
The Shanghai Bridge Association will no doubt be gracious hosts but will inevitably suffer from organizational inexperience and a lack of equipment. 
For the following information I am indebted to Dr. Steven Fox of the Beijing Children's Hospital, Peking.
When the game of bridge became not only legal but officially encouraged in China two years ago, the result was an explosion of team play with hundreds taking part in each major city. 
Foreigners are barred, however, and there are no women players.
Bridge column discusses style of play used by Chinese bridge players as China hosts its first international tournament
There are no pair games, perhaps because the necessary organization and scoring are relatively sophisticated. 
One Chinese player offered a different explanation: ''No international competitions are matchpoint events, so why bother?''
This half-truth suggests that China will not be represented in the world pair championship in Biarritz, France, next year, and we may have to wait until 1984 to discover how well they can do in a world championship.
Since manufactured boards were not available, the first competitions were organized with an expedient used by many before: four small envelopes, one for each hand, in a large envelope. 
Now there are boards made of wood, with rubber bands holding the cards in place. 
In Shanghai there will be ''written bidding,'' a concept that will be new to the Americans.
This will take care of the language problem in bidding, but it will not help when explanations are needed. 
Chinese players do not 'alert' and consider it ungentlemanly to ask for explanations, so there is likely to be confusion and difficulty.
For the last six months the Peking Evening News has published a weekly bridge column. 
One of these included the venerable trick deal shown in the diagram, showing that a declarer may be able to make a small slam with a 2-2 trump fit if the defense slips on opening lead.
Exactly how South comes to play six hearts was not explained by the Peking journalist, but the auction shown in the diagram has some logic up to a point. 
South makes a waiting bid of three hearts at his third turn and then launches into Blackwood.
At the six-level he must decide whether or not to bid a grand slam in no-trump. 
He decides in the negative, since North could bid it himself with solid diamonds. 
But his negative takes the form of a pass, and he finds himself, to his horror, in a foolish contract of six hearts.
Thirteen tricks are available, as it happens, in no-trump, spades or diamonds, and six clubs is safe. 
But six hearts hinges on the opening lead.
Any expert worthy of his salt would lead a trump from the West hand; but West, perhaps confused by the auction and dazed by his trump length, produces the diamond queen. 
South happily takes eight winners in the side suits ending in his hand in this position
Â 
NORTH S - H K 7 D 8 7 6 C -
WEST EAST S - S - H 6 5 4 3 2 H Q J 9 8 D - D - C - C J
Â 
SOUTH S 2 H A 10 D - C 7 6
A club is led from the closed hand and dummy's seven overruffs West. 
On a diamond lead East does his best by playing a heart honor and is overruffed. 
A black card is ruffed with the heart king, and the heart ten in the closed hand scores en passant to bring home the slam.
Â 
NORTH S 5 4 3 H K 7 D A K 8 7 6 5 4 C 2
WEST EAST S J 9 8 S 10 7 6 H 6 5 4 3 2 H Q J 9 8 D Q J D 10 9 C 5 4 3 C J 10 9 8
Â 
SOUTH(D) S A K Q 2 H A 10 D 3 2 C A K Q 7 6
Both sides were vulnerable. 
The bidding: South West North East 1 C Pass 2 D Pass 2 S Pass 3 D Pass 3 H Pass 4 D Pass 4 N.T. 
Pass 5 D Pass 5 N.T. 
Pass 6 H Pass Pass Pass
West led the diamond queen.",3,team,REAGAN,Reagan (1981-1988),CATEGORY_3,"nba, won, league"
"China, Italy, U.S. Win Gold Medals.txt","ï»¿
Pat Spurgin of the United States shattered the American record and came close to a world mark today as she won the gold medal in the women's air rifle competition.
Li Yuwei won China's second shooting gold, taking the men's running game target.
Pat Spurgin of US shatters American record and comes close to world makr as she wins gold medal in women's air rifle competition; Li Yuwei wins China's second shooting gold, taking men's running game target; Luciano Giovanetti wins Italy's first gold medal, taking Olympic men's trap shoot title (S)
Luciano Giovanetti won Italy's first gold medal, taking the Olympic men's trap shoot title in a three-man shootout. 
Peru's Francisco Boza won the silver, and Don Carlisle of the United States took the bronze in trap shooting.
''I performed well,'' said Miss Spurgin, who lives in Billings, Mont. 
''I just wanted to come in and shoot well and have a little fun. 
I guess I did both.''
Miss Spurgin, 18 years old, scored a 393 out of 400. 
Italy's Edith Gufler won the silver, and the bronze went to Wu Xiaoxuan of China.
The American record in the event had been 391, while the world record is 395. 
Miss Gufler scored 391 and Miss Wu 389.
The silver in the running game target went to Helmut Bellingrodt of Colombia and the bronze to China's Huang Shiping.
Bellingrodt scored 584, and Huang was tied with West German Uwe Schroder at 581. 
The Chinese shooter won the bronze on the basis of more perfect rounds.",3,team,REAGAN,Reagan (1981-1988),CATEGORY_3,"nba, won, league"
CHINESE CREW IS FIRST IN DRAGON BOATS.txt,"ï»¿
China, to no one's surprise, captured first place today - for its fifth consecutive victory - in the 11th annual Hong Kong international dragon boat races. 
But to everyone's surprise, the False Creek Canoe Club of Vancouver, British Columbia, placed second.
The Canadian team, with Olympic canoeists among the crew of its dragon-headed racing canoe, handled the choppy water of Victoria Harbor's waterfront course easily, which allowed it to beat a fast-closing Indonesian team by five-tenths of a second. 
The Indonesians were slowed when their portside No. 2 paddler missed two strokes and lost control of his paddle in the final few yards of the race.
''It was a killer of a race,'' said Mike Flesher, one of the Canadians. 
''We were flat out in the end with nothing left. 
It's a good race when it goes like that.''
The Chinese, with their 20-man crew employing a choppy stroke, drove their cadence - kept by a drummer aboard the canoe - to 110 beats to a minute at various stages over the 640-meter distance of the race. 
The Canadians used only 19 paddlers in an effort to lighten the boat.
Don Irvine, another of the Canadians, believed that with calmer water and an equally manned canoe, his team could beat the Chinese. 
''The Chinese are well disciplined and fine athletes, but not unbeatable. 
With 20 people we could have a really good race with the Chinese. 
As it was, it was primo close.''
The Chinese won in the time of 2 minutes 34.01 seconds, 3.24 seconds ahead of Canada.
The Chinese women's team won its race in the time of 2 minutes 52.12 seconds, with Australia second and Hong Kong third.
The United States' entry, from Norfolk, Va., finished sixth, 9.17 seconds behind the winner.
''We're a little disappointed,'' Frank Havens, the American coach, said after the race.
This was the fourth year the United States has raced here, and its sixth-place showing was its worst showing yet.",3,team,REAGAN,Reagan (1981-1988),CATEGORY_3,"nba, won, league"
Chinese Wins Title.txt,"ï»¿
Guo Yuehua of China, the defending world champion, captured the third World Cup table tennis title today, defeating the European champion, Mikael Appelgren of Sweden, 22-20, 21-5, 21-9.
HONG KONG, Oct. 
9 (AP) - Guo Yuehua of China, the defending world champion, captured the third World Cup table tennis title today, defeating the European champion, Mikael Appelgren of Sweden, 22-20, 21-5, 21-9.",3,team,REAGAN,Reagan (1981-1988),CATEGORY_3,"nba, won, league"
Christmas in China For Hockey Team.txt,"ï»¿
Harbin, Manchuria, is an unlikely place to spend a Christmas vacation.
An industrial city of 2.5 million people in northeastern China, Harbin is also China's winter-sports capital. 
The Brown University hockey team spent its Christmas vacation there, playing five games in nine days. 
The last game signaled the formal opening of China's National Ice Festival.
Brown had accepted the invitation extended by the New York-based People to People Organization on behalf of the Chinese Government. 
China has a national hockey team, which has had limited international exposure to date, and is looking for more.
Â 
Captain Lost to Injury
Brown won 2, lost 2 and tied 1 game during the team's stay. 
Two of the games, a 7-6 loss and a 3-3 tie with the Chinese national team, were televised throughout China. 
Three others were against club teams, sprinkled with players from the national squad. 
Brown also lost its captain, Tom Wallack, for the rest of the season with a knee injury suffered during one of the games.
Coach Herb Hammond, now in his fourth year at the Providence school, compared both the city and the hockey to his visit to Moscow in 1972.
''They've had 25 years of hockey in China, but only recently have they gone in an Olympics direction,'' he said. 
''They have a couple of coaches from Czechoslovakia in to help out. 
They want to go to Calgary in 1988 and play in the B or C pool.
''The Chinese play a noncontact type of hockey. 
They were very impressed by our desire to win. 
They called a lot of penalties, and we played short-handed almost all the time just because they haven't been exposed to our kind of play.
''Their equipment was really inferior, too, much like the Russians had 10 or 15 years ago. 
But they'll improve. 
They were all interested in trading pieces of equipment with us.''
Â 
Impressed by a Goalie
The Chinese national team was roughly comparable to a mediocre major United States college team, according to Hammond. 
Four or five of its players, including one of the goalies, would be capable of playing at that level, he said.
The cultural differences were striking and unforgettable. 
''We all lost weight,'' joked Hammond, recalling banquet dishes such as bear claw, sea slug and moose nose. 
As the only Westerners in the city, team members drew curious onlookers wherever they went. 
The Chinese were particularly intrigued by the Western modes of dress of Hammond's and the wife of an assistant coach, Mark Trivett.
Hammond said the crowds were quiet. 
''There was no emotion, no cheering at our games, even though there were 6,600 fans at each one,'' he said.",3,team,REAGAN,Reagan (1981-1988),CATEGORY_3,"nba, won, league"
FIGHTING THE ODDS IN TABLE TENNIS.txt,"ï»¿
After a long climb out of the American basement rec room, the game of Ping-Pong is spinning toward acceptance as a sport in this country.
The impetus is the decision to include table tennis as a game in the 1988 Olympics. 
The American effort to compete against the two national teams that dominate the sport, China and Sweden, will be helped by a $1.2 million grant from the United States Olympic Committee, one of 37 full shares of the profits from the Summer Games last year in Los Angeles.
As the United States Open Table Tennis Championships got under way in this resort's cavernous convention hall this week, with more than 600 players from 30 countries rocketing shots at each other across dozens of green tables, promoters were savoring the chance to boost the game from summer-camp obscurity to the hot-ticket mass following it enjoys in other nations.
China's 'Most Popular Sport'
One of the first things the United States Table Tennis Association did with the Olympic money was to hire a Chinese couple to coach the American men's and women's teams.
Ai Liguo moved to the United States last year from Peking with his wife, Li Henan. 
Ai, 43 years old, was a player on the Chinese team that won the world championship in 1961. 
Miss Li was the coach of the world championship Chinese women's team.
''We had good jobs and high social position in China,'' Ai said during a break from his scrutiny of the strokes of the hundreds of American players participating in the Open. 
Ai was chief editor of Sports News, which he described as the leading sports publication in China.
''My wife was very famous because table tennis is the most popular sport in China,'' he said.
Â 
Second Behind Soccer
The top-rated American player is Eric Boggan, a 21-year old New Yorker who is ranked 33d among the best male players in the world.
''Our problem in America,'' said Tim Boggan, Eric's father and a vice president of the International Table Tennis Federation, ''is that there are something like 19 million Americans who play table tennis, but only a few thousand take it seriously. 
In China there are two million officially registered players - players who compete seriously at the sport - and the unofficial figure is probably more like 12 million.''
The game is the only livelihood of about 40,000 Chinese players, he said.
By contrast, he pointed out, only a few American players are able to squeeze a living from it. 
Eric Boggan plays for a club team in West Germany, said his father, a professor of English at Long Island University whose other son, Scott, 23, is ranked the third-best American player.
Ping-Pong is estimated to be the second most popular participatory sport in the world behind soccer, but it has never attracted much of a following in the United States, even though most Americans have played the game.
Until the 1950's, when Europeans dominated the game, table-tennis competition was seen as battle between players with special offensive or defensive skills. 
Long battles over points tended to pitch two players ranging far from the table, one killing the ball while the other returned the smashes with unerring, looping shots. 
Or else the opponents engaged in an exchange of chopping, spinning shots and single points could involve dozens of individual strokes.
''Now techniques have changed and the game is much faster,'' said Tim Boggan. 
''The Japanese introduced a racket in the 1950's with a sponge layer that rocketed the ball. 
In the 1960's the Chinese used a sponge paddle with a layer of rubber that gave their shots both speed and spin.
''With the new rackets the day of long rallies came to an end and now the game is attack, attack, attack,'' said Boggan, smiling. 
''The quality of the rubber paddles allows for so much speed and hop on the ball that the defensive player doesn't have a chance.''
The International Federation is studying ways to slow down the game, he said. 
One proposal is to raise the net by a half-inch; another is to force single players to serve cross-court as doubles players are made to do.",3,team,REAGAN,Reagan (1981-1988),CATEGORY_3,"nba, won, league"
FIVE AMERICANS AND A CHINESE REACH FINALS IN CLIBURN PIANO COMPETITION.txt,"ï»¿
Six pianists, all males, five of them Americans and one from China, were chosen last night as the finalists of the Van Cliburn International Piano Competition. 
They are the survivors of the 39 pianists from 17 countries who started competing on May 17 for the richest prize that any musical competition in the world has to offer - a $12,000 cash award, a recording contract and two years of solo and concerto appearances in the United States, Europe and the Far East.
The judges, aided by a computer, selected the finalists shortly before midnight last night. 
They are: Zhu Daming, 29 years old, from China. 
Jeffrey Kahane, 24, from Piedmont, Calif. 
Andre-Michel Schub, 28, from New York. 
Santiago Rodriguez, 29, from Columbia, Mo. 
Christopher O'Riley, 25, from Jamaica Plain, Mass. 
Panayis Lyras, 27, from New York. 
Over a hundred people waited patiently at the Ed Landredth Auditorium
Eighth in series on Van Cliburn International Piano Competition notes 1981 finalists and briefly describes their playing styles
This is the eighth of a series of occasional articles on the Van Cliburn International Piano Competition. 
The world-famous piano contest will end Sunday with the winner on the way to a major career.
of Texas Christian University until John Giordano, chairman of the jury, read the names of the finalists. 
In the audience were all 39 of the competing pianists and their host families. 
The families were more excited than the contestants, who received the news of success or failure with stoic professionalism. 
The six finalists were brought to the stage, where they embraced one another. 
A photo session followed, climaxed by pictures of the contestants in Texas hats. 
Mr. Zhu, for one, was obviously amazed at this example of American folk ways.
In reading the names of the finalists, Mr. Giordano emphasized that the order in which the pianists were called to the stage had no relation to the actual scores the jury had given. 
The pianists were called forth by the number that they originally had drawn, starting with the lowest. 
Before the competition started, each pianist had drawn a number, giving him the order in which he would play. 
Mr. Zhu had the lowest number of the finalists (No. 5) and Mr. Lyras was highest (No. 36).
Â 
How Judges Operated
Each of the 11 judges had submitted a ballot with a numerical rating for each contestant, with 100 being the top score. 
The computer averaged the scores, breaking down the results to four decimal places. 
When the printout was studied last night, it was clear that four pianists were well above the other eight semifinalists. 
But for the fifth and sixth places there was a triple tie. 
According to the rules of the competition, a less than twopoint difference between two contestants is considered a tie. 
Three pianists were within two points of each other for the last two places.
Thus a vote was taken and fed into the computer. 
The judges were asked to list the three names in order of preference, No. 1 being the highest rated. 
''Don't forget,'' Mr. Giordano emphasized. 
''No. 1 is the best, No. 3 is the worst.''
When the votes were put into the computer, the last two finalists emerged. 
It was close. 
Each of the three was within a single vote of the others. 
The two-point rule does not apply to a tie-break.
The selection of the finalists was greeted by the public and the professionals around here with general approbation. 
It is when the winner is named on Sunday that there may be howls of outrage. 
Each of the three leading contestants has a fervent following.
Among the young pianists in the competition who did not make it to the finals, the favorite by far is Mr. Kahane. Seven or eight of them were discussing the level of talent in the competition the other day, and it was unanimously agreed among them that Mr. Kahane is the most poetic and elegant of all. 
They will be terribly disturbed if he does not win first prize.
Â 
Judges Leaning Toward Two
But it is believed, on very good authority, that the judges are leaning toward Mr. Shub and Mr. Rodriguez, who are neck and neck. 
The next three days will of course decide the issue. 
With solo recitals and chamber music out of the way, the finalists now have to play concertos. 
With the Texas Little Symphony, all will be heard in a concerto by Mozart or early Beethoven. 
With the Fort Worth Symphony, they will play a major 19th-century concerto. 
Leon Fleisher will conduct.
Each of the finalists has a sharply etched style, and they differ considerably from one another. 
Mr. Zhu, trained entirely in China, does lack experience in Western music, but his instincts are remarkably sure and he learns with incredible speed. 
He has a blazing technique, draws a resonant sound from the piano and approaches music in a very serious manner.
Mr. Kahane is indeed the poet that his colleagues believe him to be. 
A prize-winner in the 1977 Clara Haskil International Piano Competition in Vevey, Switzerland, and high up in the 1980 American National Chopin Competition in Miami and the Chopin International Piano Competition in Warsaw, Mr. Kahane studied at the San Francisco Conservatory and the Juilliard School. 
He does not rely on powerhouse technical effects, though he has a glittering technique. 
It was characteristic of his style that in his recital he played a perfect performance of Chopin's Variations Brillantes (Op.12), and later he received a deserved standing ovation for his performance of the Dvorak Piano Quintet. 
But he did have a bit of trouble with the big sonorities of the Schumann Fantasy. 
Many believe him to be the most sensitive, refined pianist in the finals.
Â 
Self-Described Romantic
Mr. O'Riley has been a finalist in the 1975 Three Rivers Competition in Pittsburgh and second-prize-winner in the 1980 Montreal International Piano Competition. 
He grew up in Pittsburgh and was trained at the New England Conservatory. 
He describes himself as a Romantic pianist. 
Mr. O'Riley likes big sonorities, and attacks the keyboard energetically. 
When he played the Brahms F-minor Piano Quintet, he all but made a little concerto out of it. 
He is a pianist with temperament and a big style.
The one pianist who went out of his way in his programming was Mr. Lyras. Greek-born, he came to the United States when he was 12, and attended the High School of Performing Arts in New York and the Juilliard School. 
He has won first prizes in the 1976 University of Maryland International Piano Competition and the 1978 Three Rivers Piano Competition. 
In 1980 he won the Silver Medal at the Arthur Rubinstein International Piano Competition in Tel Aviv. 
Where everybody else stuck close to repertory staples for their recitals, Mr. Lyras played such things as three Medtner ''Fairy Tales'' and the ''Islamey'' of Balakirev. 
His inclusion of the Balakirev piece suggested a pianist with virtuoso instincts, and Mr. Lyras did play the old warhorse with technique to burn. 
He is a well-schooled, utterly dependable pianist who brings logic and power to his playing.
Of the two front-runners, it is a classic case of Apollo and Dionysus. 
Mr. Schub was born in Paris but came to the United States as an infant. 
He started to play the piano at 4, studied at Princeton University and the Curtis Institute of Music, won the 1974 Naumburg Competition and was awarded the Avery Fisher Prize in 1977. 
Mr. Schub is an Apollonian player. 
He is an elegant pianist and, as his performances of two of the Paganini-Liszt etudes showed, a supreme technician. 
His fingers have been well brought up and have been taught never to associate with a wrong note.
Â 
Plays With Immense Authority
He plays with clarity, intelligence and immense authority. 
Yet he is a cool pianist. 
Proportion to him is more important than color. 
He refuses to make a play for the audience, and he performs miracles of virtuosity in a detached, aloof manner.
Mr. Rodriguez is the Dionysian pianist. 
He was born in Cuba, came to the United States at 9, received a degree from the University of Texas at Austin, and studied at Juilliard. 
In 1976 he won the Maryland International Piano Competition and took second place in the Naumburg Competition. 
In 1977 he was a finalist in the Leventritt Competition.
Mr. Rodriguez is a crowd-pleaser, a virtuoso, a colorist, a dashing, cocky performer who has thought out every element of his interpretations. 
Fortunately he is much more than a technician. 
His interpretations have had taste at all times, and his virtuosity is always employed for legitimate musical devices. 
In the Preliminaries, he played the first book of the Brahms ''Paganini'' Variations, and it was a stunning performance, one of the best this listener has ever heard. 
He was also remarkably effective in the Stravinsky ''Petrushka.''
On Sunday the last 45 minutes of the Van Cliburn Competition will be telecast from the Tarrant County Convention Center over the network of the Public Broadcasting Service.
The live coverage is part of a 90-minute special on the competition, made possible by International Business Machines Corporation. 
In New York, the telecast will start at 7:30 P.M.",3,team,REAGAN,Reagan (1981-1988),CATEGORY_3,"nba, won, league"
FOLLOW-UP ON THE NEWS_Fleeing China.txt,"ï»¿
Two Chinese on cultural missions to the United States defected last year and asked this country to let them live here. 
One was Hu Na, the 19-year-old star tennis player who sought political asylum in July and received it last week amid widely publicized protests by China.
Two Chinese on cultural missions to the United States defected last year and asked this country to let them live here.The other defector was Ling Jian-wei, a 24-year-old ballet dancer, about whom little has been heard since he quit a ballet competition in June in Jackson, Miss.
Mr. Ling did not seek political asylum; he asked for permanent residence based on his occupation as a dancer. 
His request has also been granted, but China has not made an issue of his case, according to the Immigration and Naturalization Service. 
''I received no contact from the Chinese Government, and I'm not aware of any other contacts,'' says William J.
Chambers, the district immigration director in Dallas who processed Mr. Ling's application. 
Mr. Ling, who now spells his name John Wey Ling, is principal dancer with the City Ballet in Fort Worth, Tex., and is on the faculty of the Southwest Ballet Center in Fort Worth, says the director of both organizations, William Martin-Viscount. 
In addition Mr. Ling performs independently.
''He just got back from London,'' Mr. Martin-Viscount says, ''and I know he's also negotiating a contract to go to Hong Kong very soon.''
''He's sought after,'' the ballet director says.",3,team,REAGAN,Reagan (1981-1988),CATEGORY_3,"nba, won, league"
Hu Na Is Ready For U.S. Debut.txt,"ï»¿
Hu Na, the 20-year-old tennis player whose defection last summer stirred tension between the United States and China, will face Claudia Hernandez of Mexico here Monday night in her first tournament since being granted political asylum in April.
Miss Hu, who plays a serve-and-volley game, was granted a wild-card position in the draw in the First National Bank-Michelob Light tournament, the fourth stop on the United States Tennis Association's women's satellite circuit.
ERIE, Pa., June 26 - Hu Na, the 20-year-old tennis player whose defection last summer stirred tension between the United States and China, will face Claudia Hernandez of Mexico here Monday night in her first tournament since being granted political asylum in April.Her opponent is the second-ranked player in Mexico,
Today, Miss Hu practiced on the indoor hardcourts at the Westwood Racquet Club and participated in a brief news conference with her coach and interpreter, Bob Huang, the women's tennis coach at DePaul University. 
''We're glad to be with you today,'' she said in halting English before accepting a bouquet of roses and baby's breath, presented by a Chinese-American television station.",3,team,REAGAN,Reagan (1981-1988),CATEGORY_3,"nba, won, league"
NEW JERSEY JOURNAL.txt,"ï»¿
WHEN a baseball game is rained out, there is always a chance that it will be made up as a double-header, thus giving fans double their money's worth. 
Not so with an air show. 
Officers at McGuire Air Force Base in Wrightstown say they would rather break tradition than have aviation devotees disappointed again. 
The base's traditional air show and open-house program on Memorial Day have been rained out a number of times, and so in the hopes of guaranteeing sunny skies, this year's events have been scheduled for Sunday, Aug. 
18.
''It was a big choice to make, but one that had to be made,'' said Lieut. 
Col. Suzanne Phillips, the base's public-affairs director. 
''Overall, we think it's best for everybody concerned. 
Rain on Memorial Day just tends to dampen everybody's spirits - no pun intended, of course - and we don't want to press our luck with it happening again.''
Last year, base officials were expecting 500,000 people for what the Air Force calls its largest show in the Northeast. 
An early morning overcast developed into a downpour by early afternoon, canceling a majority of the day's activities for the 100,000 visitors who ignored the weather.
Officers at McGuire Air Force Base, Wrightstown, NJ, reschedule traditional air show and open house to August 18, instead of Memorial Day, in order to try to avoid rain out as has happened number of time on Memorial Day (S)
''As much as it is an annoyance for our guests, it can also be a bit dangerous to fly in that kind of weather,'' said Colonel Phillips, referring to the stunt flying traditionally performed by either the Thunderbirds or the Blue Angels, the Air Force and Navy precision-flying teams, respectively, and an exhibition by the Golden Knights, the Army's precision parachutists from Fort Bragg, N.C.
Also because of the weather last year, the Confederate Air Force, an association of Air Force veterans based in Holligen, Tex., that restores and flies vintage military aircraft, was unable to appear.
''The rescheduling gives us a chance to take part in Memorial Day services presented by our neighboring communities,'' Colonel Phillips said. 
''Our honor guard and marching band are going to get a good tour of the countryside this year.''
Flying got the Newark Boys Chorus there, song and good will are keeping them there and when they return to New Jersey from China on Friday, their experiences abroad are sure to be remembered for a long time.
However. a burglary in late March almost prevented the chorus from making the trip. 
Thieves broke into its school - it is next to Symphony Hall on Broad Street - and made off with nearly $12,000 worth of typewriters, computers and cameras, equipment that needed to be replaced for the school to continue operating. 
School administrators feared that the replacement money would have to be diverted from funds donated for the trip.
But, reports Joy Pierce, the school's director of development, and Larry R. Emery, its principal, the community came to the rescue.
''People were enraged when they heard of the burglary,'' said Miss Pierce. 
''Everyone had worked so hard for this goal, and then the unexpected happened. 
A couple of people donated typewriters, and A.T.& T. has promised to donate a number of computers. 
Everyone is pitching in to help.''
School administrators expect to have everything back to normal by July. 
Meantime, two juveniles from the area have confessed to the break-in.
The 19-year-old school - it has 55 students from Newark, East Orange and Irvington in grades 5 through 8 - sent 32 students, accopanied by parents and teachers, to China. 
(The trip was financed primarily through a $55,000 state grant.) ''Their Chinese lessons have helped a great deal,'' said Miss Pierce, referring not only to a crash language course but also a special screening of the 1937 film, ''The Good Earth,'' which was adapted from the Pearl Buck novel. 
''A few of the students sounded a bit tired on the phone the other day, but they're pleased and excited at the places they're visiting and the new friends that they're making. 
What they're seeing today is a far cry from the inner-city scenes that they're used to.''
In addition to giving tours in various cities in China, the chorus is scheduled to appear Thursday in Tokyo.
When the plight of hundreds of thousands of starving Africans became clear to New Jersey residents in recent weeks, many communities in the state's 21 counties began fund drives. 
The fund-raising has taken on many forms, and the goals are all the same: Cash buys sacks of wheat that can keep the inhabitaants of a drought-devastated village alive for a few more days.
Rock stars have recorded a song to raise such funds, and in the Passaic County community of Wayne, concerned residents are roller-skating to the music.
''The talk around here for weeks has been of Ethiopians who look more like skeletons than people,'' said Michael Picciallo of Hackensack, assistant manager of Skaters World on the Hamburg Turnpike. 
''You see pictures day after day of people with hopelessness in their eyes and hands begging for food, hands that seem to reach out of the TV set at you. 
We decided to stop talking about it and do something about it.''
And so from 7 to 10 P.M. on May 20, the $3 admission fee will be donated to the U.S.A. for Africa campaign. 
Funds raised through T-shirt sales also will be donated, Mr. Picciallo said, adding:
''All of us want to do our part, but with all of the problems going on over there, pople start thinking that what they can do is just a drop in the bucket. 
But if enough people put drops in that bucket, it gets full after a while, and you can feel proud to have been a part of it.''
Part of any reporter's job is to disseminate information through experience, a kind of learning process that increases with each new story. 
Craig Wirth of WOR-TV says that he recently learned a lesson at the Brendan Byrne Arena in East Rutherford - the hard way, that is.
The 32-year-old Mr. Wirth, an Emmy Award-winning reporter who lives in Ridgewood, was injured at the arena recently while filming a series on wrestling.
''I've wrestled with some stories in the past, but this one kind of got knocked out from under me,'' he said.
While interviewing members of the Fabulous Freebirds, a wrestling tag-team comprised of Michael Hayes, Terry Gordy and Buddy Roberts, Mr. Wirth said, Roberts offered to demonstrate a particular hold.
''I thought to myself, 'What the heck, it can't hurt,' '' recalled Mr. Wirth, who was then asked to lie down on a concrete floor. 
''Before I knew it, he [Roberts] had hooked his legs around mine and flopped me over onto my belly.''
.
Not only was his left leg ''wrenched in a direction that was never intended by nature,'' Mr. Wirth said, but he also left the arena in a wheelchair. 
Also, although he had not realized it, he had gone into shock.
The incident was taped by Mr. Wirth's camera crew, and a spokesman for WOR-TV said that the wrestling series would be shown this week, beginning tomorrow, during the 8 P.M. news broadcast.
Meantime, Mr. Wirth's physician maintains that he suffered torn cartilage around the kneecap, and has advised the reporter to use crutches.
Has the experience soured Mr. Wirth's concept of professional wrestling?
''I'm still a fan,'' he said. 
''But I'll tell you one thing: my wrestling days are over.''",3,team,REAGAN,Reagan (1981-1988),CATEGORY_3,"nba, won, league"
OLYMPIC PROFILE_CHINA_S MASTER TECHNICIAN OF THE ART OF HIGH JUMP.txt,"ï»¿
China's best prospect for the Olympic gold in track and field hardly looks like a world- class athlete. 
With his Nike shirt worn inside out, wire-rimmed spectacles and hunched back, 21-year-old Zhu Jianhua is plugged into his Sony Walkman, nonchalantly watching a pre-Olympic competition from the bleachers, as he waits for his event.
Nicknamed ''Bean Pole'' in his native Shanghai, Zhu's frail, long- legged 6-foot-4-inch, 152-pound frame marks him as a high jumper. 
In a backward flop style that combines the agility of a gymnast with the speed of a runner, his featherweight body sails across the 7-7 1/4 (2.33- meter) bar with the ease of an airplane at takeoff.
Profile of Zhu Jianhua, China's master technician of art of high jump, who is competing in Olympic games; photo (M)
Though he has set the world record three times - at 7-9 1/4 (2.37 meters) and 7-9 3/4 (2.38) in China's preliminaries and national championship last year, and 7-10 (2.39) at a West German track meet in Eberstadt in June - the ultimate test of Zhu's athletic prowess will be the men's finals in the high jump on Aug. 
11.
Can he handle the pressure of international competition, particularly against the two-time United States Olympic bronze medalist, Dwight Stones?
As the leading athlete of the first full Chinese team to join the Olympic Games, Zhu bears the additional pressure of ''winning for the motherland.''
For a nation with a weak sports tradition, once dismissed as the ''sick man of Asia,'' Olympic medals carry the symbolic weight of China's struggle for recognition as a world economic power.
''We have three objectives,'' Hu Hongfei, Zhu's 59-year-old coach, said in his native Shanghai dialect. 
''First, to bring in at least the bronze, second, to bring in the gold, third, for Zhu to break his own world record.''
Â 
Has Stones's Respect
According to Stones, now 30, Zhu is ''technically the best high jumper around; he'll probably be the first to clear 8 feet.''
But, Stones added, world-record high jumpers don't necessarily perform well in the Olympics.
''The Olympic record was significantly below the world record in 1972 and 1976,'' Stones explained. 
''Every time Zhu broke the world record, the competition was held under ideal conditions. 
Eberstadt was a synthetic environment with only 4,000 spectators; a fantastic facility, where high jumping was the only event. 
The Olympics is a one-time competition with special pressures. 
There will be distractions - the 1,500 final, 400 relay final and other premier track events that same day, the crowds; it will be a long competition that could last five hours.''
Stones emphasized the importance of mental preparation in managing the lengthy hours between jumps.
''Zhu is 21 years old; this will be his first Olympics,'' Stones said. 
''This is my third Olympics on the facility where I made my best mark - 7-7 3/4.''
Â 
Zhu's 'Bad Luck'
Once before, Zhu buckled under pressure. 
At the first international track and field championship in Helsinki last year he finished third, clearing 7-6. 
Only two months before he had set his first world record on his home turf in Shanghai.
''It was bad luck,'' Zhu said of the world championships. 
''I was nervous and did not know how to handle the psychological pressure of international competition.''
Â 
Is he nervous about the Olympics?
''No. I've paid my dues,'' he said in a conversation conducted in his Shanghainese dialect.
''Comparing oneself to others increases anxiety,'' Hu said. 
''When Zhu was a child, I told him that the goal was to raise his own personal record among the best high jumpers in his age group; I never pushed him to be first in competition. 
I tell Zhu that he must aim high, keeping in mind his own record and the world record. 
The opponent is the bar, not the competitor.''
Â 
'Long Lower Limbs'
Hu, a former middle-distance runner who describes himself as a ''so-so athlete determined to succeed as a coach,'' first spotted the 10-year-old boy's ''long lower limbs, the stuff of a high jumper,'' at a school playground, and has been training Zhu since.
''The unity of their coach-athlete relationship is remarkable,'' said Harry Sneider, Stones's coach, who also has plaudits for Zhu's technique. 
''Zhu's speed conversion, the ability to convert horizontal speed into vertical lift, and his use of the swing leg are marvelous. 
He's also got the best flexibility of any jumper. 
Zhu has maximized the use of his physique to achieve extraordinary results.''
''Zhu needs to develop endurance, though, through weight lifting,'' said Stones.
''Stones has his technique and I have mine,'' said Zhu, who only takes 10 rapid-fire steps to the bar, before his speedy flight up and over.
The competitive styles of both Zhu and Stones are as dissimilar as their personalities, perhaps a reflection of the dichotomy between East and West. 
Stones is outgoing and talkative, with a reputation for ''psyching out'' his competitors, whereas Zhu appears introspective and mellow as he competes against his own standard.
Mobbed by reporters after he had won the pre-Olympic competition, Zhu handled the press with aplomb, and simply walked away when he'd had enough.
''For every half-hour I speak, Zhu only says two words,'' said Hu.
Fans come up to Zhu and say ''Youre No. 1,'' or ''Good luck,'' and Zhu understands and looking genuinely pleased, murmuring a humble ''thank you,'' the only two words he knows in English.
Zhu's public reserve masks the determination of a professional athlete, which was evident at a young age. 
At one time suring his childhood, Zhu continued to high jump, despite a painful wound from a splinter on the sole of his foot. 
Zhu was a sickly youngster who suffered from frequent fevers and respiratory problems, and as the pampered youngest son of five children, he was discouraged from sports by his parents.
He also suffered from ''fear of height,'' ducking the bar instead of going over it, whenever the height was raised, not an uncommon phobia among high jumpers, said Hu. 
How Zhu performs on that one day of the Olympic competition, however, will depend on his ability to handle the distractions and his detractors; how he manages his energy level; whether he can endure the August heat, all while carrying the weight of Chinese and world expectations.
Can he put it all together?
''Only Zhu himself knows,'' said Hu.",3,team,REAGAN,Reagan (1981-1988),CATEGORY_3,"nba, won, league"
OLYMPIC PROFILE_TIMING WAS FINALLY RIGHT.txt,"ï»¿
Before the Olympic Games began, many gold medals were predicted for China in men's gymnastics. 
The Chinese were favored to win the team gold medal; their star, Li Ning, was favored to win the individual all-around gold medal; and Li, Tong Fei and Lou Yun all were expected to win medals in various of the individual apparatus finals.
Once the competition began, the raves for China were tempered by the entirely unexpected performance of the men of the United States team. 
They not only won the team gold medal, but their Peter Vidmar took the lead, just ahead of China's Li, in the preliminary standings for the individual all-around medals.
Profile of Japanese gymnast Koji Gushiken, who has won gold medal in all-around individual competition despite fact that he placed fifth before start of event; Gushiken's career and background traced (M)
With all the hubbub about Vidmar and Li, not much notice was paid to the little man with the ancient-looking face who stood in fifth place as the all-around competition began Thursday night. 
Koji Gushiken of Japan was known as one of the world's best gymnasts, but there were four other world-class performers ahead of him - not only Vidmar and Li, but Tong and Bart Conner of the United States.
And in this sport where thousandths of a point can make a difference, there is very little margin for error for someone in fifth place trying to move up. 
So Gushiken gave six very nearly error-free performances, scoring a 10 on his vault, 9.95 on his horizontal bar and rings routines, and 9.90 on the other three events, and overtook Conner, Tong, Li and Vidmar to win the gold medal.
Â 
Vidmar Not Surprised
Most observers were astonished. 
They thought that if anyone was going to overtake Vidmar in the finals, it would be Li. 
But Vidmar wasn't surprised.
''No, no,'' said Vidmar, whose silver medal was the first medal for an American in Olympic all-around competiton. 
''I remember at the '81 world championships, everyone was talking on and on about the Russians and the Chinese, and Koji got third in the all-around. 
At the '83 world championships, everyone was talking about the Russians and the Chinese, and Koji got second in the all-around.
''He just moved up to the right spot today,'' Vidmar said. 
''He has good timing.''
Gushiken might dispute that. 
He is 27 years old, aged by the standards of his grueling sport. 
And good timing hasn't been a highlight of his 16-year career, judging by what he said, through a translator, in the interview session after his victory.
Gushiken, who is from Osaka and now lives in Tokyo, where he teaches at the Nippon Physical Education College, would have been at a prime age for Olympic competition during the Montreal Games, in 1976. 
But in each of the two years before those Olympics, he suffered a serious injury - first a ruptured Achilles' tendon, then a broken ankle. 
Each time, he said, it took him six months to recover, and another six months to reach top competitive form.
''I was only ranked 13th in Japan when the Montreal Olympics came,'' he said. 
''So I could not go.''
Â 
Disappointment in 1980
When it was time for the Moscow Games, he was back at the top, but his country joined the boycott led by the United States.
''I was very disappointed in Japan's boycott of the 1980 Olympic Games because I was a member of that team, and I had trained so hard and perservered through so much for that,'' he said.
''I left Japan this time with determination to win sort of double gold, making up for the one I missed in Moscow.''
He also made up a bit for the lost glory that once belonged to Japan in men's gymnastics. 
After winning their first team medal, a silver, in 1956, the Japanese went on to dominate Olympic gymnastics from the 1960 Games, in Rome, through the 1976 Games in Montreal. 
Japan won each of those five team gold medals, and Japanese men won 10 of the 15 individual all-around medals - three golds, four silvers and three bronzes.
Since then the Soviet Union, which had been Japan's closest competitor ever since 1956, has dominated men's gymnastics. 
The Russians won the team gold in Moscow and were heavily favored to win the world championships last October, although the Chinese slipped past them by a fraction of a point.
In those world championships, Gushiken took the silver all-around medal behind the Soviet Union's celebrated 17-year-old, Dmitri Bilozerchev. 
But the relative youth of the Chinese men, and the relative old age of Gushiken, were considered strikes against him here.
And fifth place after the preliminary scores (computed from each individual's scores in the team competition) was not the best place from which to launch a medal run. 
''I knew I was in fifth place but the difference was only 17-hundredths of a point,'' he said. 
''So if I take each exercise very carefully and do it my best, I knew I could win.''
Gushiken did not edge into first place until the fifth rotation, when he earned a 9.95 on the horizontal bar while Vidmar earned a 9.90 for his vault, putting Gushiken .025 of a point into the lead.
Either man could have won on the sixth and final rotation. 
Up first on the floor exercise, Gushiken scored a 9.90, which meant that Vidmar needed a 9.95 or 10 on the parallel bars to beat him. 
Bit Vidmar bobbled his dismount slightly and got a 9.90.
As soon as he saw that score, Gushiken burst into tears, knowing he had won.",3,team,REAGAN,Reagan (1981-1988),CATEGORY_3,"nba, won, league"
OLYMPIC VISAS ASSURED.txt,"ï»¿
The State Department has assured the Los Angeles Olympic Organizing Committee that foreign athletes and officials traveling to the 1984 Summer Olympic Games will be allowed into the country without visa problems.
Peter V. Ueberroth, the president of the L.A.O.O.C., said Friday that he had received ''reassurance'' on the sensitive question from Secretary of State George P. Shultz at a meeting in Washington Thursday. 
During the course of his visit, Mr. Ueberroth said he had also had met briefly with President Reagan (''It was a social thankyou visit''), whom he described as being ''very helpful'' with plans for staging the first Summer Olympics in the United States since the 1932 Los Angeles Games.
No Federal funds are being used to assist Los Angeles's $500-million effort, but Mr. Ueberroth said the Reagan Administration had assigned Michael K. Deaver, deputy chief of staff in the White House, to work with the organizers on law enforcement.
The State Department has assured the Los Angeles Olympic Organizing Committee that foreign athletes and officials traveling to the 1984 Summer Olympic Games will be allowed into the country without visa problems.
The biggest expense problem to be resolved between now and the opening ceremonies on July 28, 1984, remains negotiating contracts with 54 independent police departments and protecting thousands of athletes, officials, members of the media and visitors, Mr. Ueberroth added.
Â 
Several Topics Addressed
During a luncheon meeting with editors and reporters of The New York Times, Mr. Ueberroth answered questions on a variety of sports and political issues related to the Los Angeles Olympics. 
Some of the more significant were these:
- China's decision to cut off all cultural and sports exchanges with the United States for the remainder of this year in response to the United States having granted political asylum to the Chinese tennis player, Hu Na, had left the Los Angeles organizers ''vulnerable'' to a possible Chinese boycott in 1984. 
''The Olympics are a political event,'' Mr. Ueberroth said, describing the Chinese situation as ''very sensitive.''
He said he is hopeful that the People's Republic of China and Taiwan, which is to send athletes and officials to the Games under name Chinese Taipei Olympic Committee, would both compete. 
From an original plan to send only 30 athletes, mainland China's most recent estimate for 1984 is now at 385, Mr. Ueberroth said.
- The international governing body for soccer, the Federation Internationale de Football Association (FIFA), last week approved the sites proposed for the Olympic soccer tournament (including stadiums at Harvard University, Annapolis, Md., Stanford University and the Rose Bowl in Pasadena). 
But because of an eligibility dispute with the International Olympic Committee over the definition of amateur players in soccer, Mr. Ueberroth indicated there was still a possibility that FIFA could withdraw its sanction for soccer in the 1984 Olympics, and perhaps even stage a substitute tournament.
- A site for the shooting events still has not been found, since the I.O.C. rejected Las Vegas, Nev., as an alternative. 
''We're trying to find a solution,'' Mr. Ueberroth said. 
The possibility of the Olympic shooting events being staged outside the host country has precedence. 
''If worse comes to worse, they won't hold it anywhere,'' he said.
- The Los Angeles Raiders of the National Football League have until April 28 to decide whether they will build luxury boxes in the Coliseum, for which the Los Angeles Olympic Organizing Committee will pay the Raiders $3 million.''My guess is he won't build them,'' Mr. Ueberroth said, referring to Al Davis, the Raiders' managing partner.
- The United States is ''dead last'' in understanding that sports can influence young people in a positive way. 
''It hasn't dawned on us,'' Mr. Ueberroth said, citing the 1980 boycott of the Moscow Olympics and the reluctance to ''share our athletes'' with less developed countries as examples of recent United States negativism at the international level.
- Even without government assistance, the L.A.O.O.C. still envisions finishing in the black, with income from television ($210 million), cash ($140 million), tickets ($90 million), interest and a coin program covering its commitment. 
Mr. Ueberroth, however, has cut his original estimate of a $21 million profit to $8 million.
Mr. Ueberroth said a nationwide ticket policy that would give individuals 60 days in which to file their requests would be announced soon. 
Historically, many Olympic events are not sold out; but in the event of any sellout, a computer will select winners randomly from requests.
Appointed in March 1979, after being recruited at the last minute by the search firm of Korn-Ferry, Mr. Ueberroth left the financial comforts of the second-largest travel corporation in North America, First Travel, which he founded 20 years ago, to head the 360-member organizing committee. 
Committed to financing the games privately for the first time made Mr. Ueberroth an early target in I.O.C. circles, particularly after the administrative and financial foulups at the 1980 Winter Olympics in Lake Placid and Denver's aborted plans to stage the 1976 Winter Games.
Â 
Lake Placid Is Recalled
Foreign delegations are most seriously concerned about such matters as security, transportation and their treatment upon their arrival here. 
Some delegations had criticized the housing, transportation and services provided by the organizers in Lake Placid.
Mr. Ueberroth said his trip to Washington was designed to explain to Administration officials ''the Olympic Games and what they're about.''
''I just want to be sure as we move along we're not passing up chances for international friendship,'' he said. 
John Caulfield, of the visa affairs department, said making entry to the United States easier for foreign Olympic athletes had been discussed. 
''In general, it is quite reasonable that we would take steps to facilitate the entry of members of foreign delegations,'' Mr. Caulfield said. 
''The Olympics is different from an occasional golfer or player from the North American Soccer League.''
The success or failure of the Los Angeles Olympics, Mr. Ueberroth said, would be measured not in dollars and cents, but in how well the city embraced the games. 
''Things go better when people like it,'' he said.
''I think the best sporting event in this country is the New York City Marathon, because the people embrace that event,'' said Mr. Ueberroth, a San Jose State University graduate, who tried out for and failed to make the United States Olympic water polo team in 1956.",3,team,REAGAN,Reagan (1981-1988),CATEGORY_3,"nba, won, league"
OLYMPICS_301 on Chinese Team.txt,"ï»¿
China will send 301 athletes, its largest delegation ever, to the Seoul Olympics and will compete in 20 of the 23 sports, the official Xinhua News Agency said today.
China sent 225 athletes to the 1984 Games in Los Angeles, the first Olympics in which it participated in more than three decades, and won 32 medals, 15 of them gold. 
The team was announced at a joint meeting of the All-China Sports Federation and executive committee of the Chinese National Olympic Committee. 
Accompanying the athletes will be 142 officials.",3,team,REAGAN,Reagan (1981-1988),CATEGORY_3,"nba, won, league"
SCOUTING_Going to China.txt,"ï»¿
The People-to-People Sports Committee, the nonprofit organization that shipped the Brooklyn College soccer team to Nepal not long ago, announced yesterday that the C. W. Post baseball squad would tour Peking and Tianjin in a 10-day, five-game series against university teams there. 
The Chinese seem to believe that baseball stands a good shot at becoming an official Olympic sport in 1988, and, given their inexperience at it, they want to start learning a thing or two.
The Post players leave May 31, but first they have a thing or two to learn themselves. 
Yesterday they were having some problems at the plate: At a Chinese restaurant on the East Side, where the tour was announced, most of them had to be shown how to handle the chopsticks.",3,team,REAGAN,Reagan (1981-1988),CATEGORY_3,"nba, won, league"
"SPORTS OF THE TIMES_Graceful, With Strength_.txt","ï»¿
LOS ANGELES First they made history, then they
were history. 
The American
women's volleyball team won a silver medal Tuesday night and yesterday began planning a reunion, when all of them will have scattered to the corners of the earth.
The players talked about their plans with tentative optimism, but their coach, Arie Selinger, spilled out his doubts about the future of volleyball in America, his decision to step down as American coach, and his bitterness with some people's perception of him as a tyrant.
While an all-star collection of players was celebrating America's first gold medal in women's basketball, the close, cohesive 10-year volleyball effort (''I've got 11 sisters,'' Debbie Green had said) came up one medal short.
In these Summer Games, we have seen a few Americans sulk over not setting world records and brood about silver medals, but there was no all-or- nothing bravado from Arie Selinger and his players, no cheapening of America's first volleyball medal.
''We did our best, we gave it our all,'' Flo Hyman said yesterday. 
''The competition was intense. 
We accomplished a lot. 
We're proud of our silver medal.''
Volleyball's Team America brought a beautiful sport to the public consciousness, but in the end it was defeated by a deserving Chinese team in three crushing games Tuesday night.
History will make them one of the most unusual teams in American sports history. 
They came together in a suburb of Houston nearly a decade ago, and they moved to Colorado Springs and then to Coto de Caza, Calif., becoming the Jeannie Appleseeds of a sport that flourishes in the Orient.
Since 1975, they traveled to China
and Japan and the Soviet Union,
they trained together to the exclusion of college degrees and full personal lives, and as their era ended yesterday, they proudly said it had all been worth it.
''Nobody put a ball and chain on us,'' said Sue Woodstra, the captain, who is 27 years old, has been playing volleyball 11 years, and will never wear the national colors again.
They are old now - 9 of the 12 players at least 24 years old, well into the age when the body no longer thinks it's fun to dive onto the floor, landing on one shoulder, while trying to flick a hard rubber ball back into the air with the fingertips.
''The Chinese have 10 million players,'' Miss Woodstra said. 
''You see what you're up against.''
On Tuesday night they were up against Lang Ping, the best Chinese spiker, an athletic combination of lace and steel. 
Flo Hyman, the worldly and talented American spiker, has described volleyball players as ''graceful, with strength,'' and Lang Ping and her always-positive teammates were more graceful, more strong, than the Americans.
The Chinese work 358 days a year, with a national volleyball program extending into every province, since the government decided to join the world sports powers in the mid-70's.
''Friendship first, competition second,'' the Chinese used to say, but in the regime of Deng Xiaoping they changed their motto to ''Break out of Asia and advance on the world.''
On Tuesday night they advanced on the net of Team America - more agile, more subtle, more aggressive than the home team. 
The scores were 16- 14, 15-3, 15-9.
The two teams had met last Friday in the final match of the first round, with the loser knowing it would meet Japan in the semifinal round. 
Selinger admitted yesterday that he had wanted to avoid Japan, and that he had motivated his players for the supreme effort against China the first time, ''to go at least for the silver.''
If Selinger was working with his players' minds, his counterpart from China was no ''Ned-in-the-third-reader,'' as Casey Stengel used to call novices. 
After losing to the United States, Yuan Weimin had accused his players of being ''qing xu bu wen ding'' - emotionally unstable in Mandarin.
''The players felt regret on our part,'' Miss Lang said Tuesday night through an interpreter. 
''Afterward, the coach did not criticize us. 
He told us last Friday was important but this one is the tough match.''
After the victory over Peru in the
semifinals, Selinger and Miss
Hyman said they felt an important part of their mission had been accomplished. 
They had brought volleyball to national television, they had interested new fans and even some new journalists, who hadn't known a spiked shot from a spiked drink. 
But if their mission was accomplished, a second-guesser asked, didn't that detract from their gold-medal effort?
''I didn't want to make it too hard,'' Selinger said. 
''Had we won the first game, I think the Chinese would have been in a tense situation. 
Maybe, it could be, that when we lost the first game, maybe at that particular time our players said, 'We've already won the silver,' but I doubt it.''
They were proud of their silver yesterday, the last trophy this team will win. 
The team is breaking up. 
The older players will become coaches, get their degrees, stay with the game in some capacity. 
Selinger said he would step down as coach and try to gain funding for a private, amateur volleyball base, rather than work through the United States Volleyball Association. 
He defended the ''conscious decision'' to build this team ''at the top of the pyramid'' for the 1980 Summer Games that America never attended, at the risk of not building a junior program, and he acknowledged that behind the disbanding team, the cupboard is bare.
''I think at this point, we should not maintain a national team but look for the future,'' Selinger said. 
''It will be difficult to come up with a team for four or eight years. 
I'd look to go back to basics. 
We have very little at the younger ages.''
Then some bitterness surged out of Arie Selinger, a 47-year-old Polish Israeli-American, who was rescued from a ''death train'' on its way to a Nazi camp in 1945. 
He criticized articles by one Los Angeles reporter who, he claimed, had made him sound more driven, more intense, than he deserved.
''It was working on the minds of my players,'' Selinger said. 
''They found themselves in an emotional bind.''
Yesterday the players admitted the team had willingly worked
four or five hours a day with few weeks off for the past decade. 
Sue Woodstra said: ''Arie is very determined. 
If you know his background, you know what he's been through. 
He demands a lot from his players - but no more than we can deal with.''
For Arie Selinger to be the Captain Queeg of Coto de Caza, the Darth Vader of volleyball, he would have had to show some kind of mania for a gold medal, but it never surfaced, not in victory, not in defeat.
He talked about the social value of a sport that encourages athletes to be ''graceful, with strength.''
And when the time came to accept a loss to a deserving Chinese team, in the last time these 12 women will ever be together as a unit, volleyball's Team America was graceful and it was strong.",3,team,REAGAN,Reagan (1981-1988),CATEGORY_3,"nba, won, league"
SPORTS OF THE TIMES_THE CHINESE ARE HERE.txt,"ï»¿
LOS ANGELES
It was a short, short time ago, the
way history is measured in China,
that sports were relegated to providing exercise and an example of social propriety. 
In the time when China was closed and turbulent, the sports slogan of the cultural revolution of 1966 was ''Friendship first, competition second.''
Such a short time later, China has brought 227 athletes to these Summer Games, and Lu Jindong, the assistant chef de mission of the Chinese delegation, was able to tell a news conference yesterday: ''If we win 10 gold medals, I'll be a happy, happy man.''
This is a great leap forward for a nation that has not participated in an Olympics since 1952 and has never won a medal, but China is one of the emerging nations of the Olympic movement. 
Its ambitions were clear yesterday when Mr. Lu revealed that China would consider applying to be host for the Summer Games of 2000.
Mr. Lu also said that athletes who win gold medals will be given a grant of approximately $2,000, hastening to add that it would be ''an award, a scholarship,'' and that ''it's more important that they not think of the rewards, however.''
From outsider to would-be Olympic host in a few decades would be a staggering turnaround, but China has questioned many other values. 
Since the reign of Deng Xiaoping began in the late 1970's, the sports slogan has been: ''Break out of Asia and advance on the world.''
In advancing on the world, they have sent a team that includes their best-known athlete, Zhu Jianhua, the world-record holder in the high jump, as well as Wu Shude, a weight lifter, Li Ning and Tong Fei, two gymnasts, Li Kongzheng, a diver who has rebounded from laser surgery for a detached retina, and volleyball and gymnastics contenders.
The Chinese appearance here is
part of the great upheaval of the
1980's that has brought in western culture and technology, including the news report from Peking the other day that blue jeans are now acceptable in China.
''Critics say that blue jeans represent the bourgeois life style,'' commented the English-language China Daily of Peking. 
''This really is farfetched because blue jeans used to be worn by hard-working American cowboys who had little to do with the bourgeoisie.''
It was only 18 years ago that intellectuals were sent into the countryside for re-education. 
At a reception for the Chinese team in General Lee's Restaurant in Chinatown the other day, Minnie Gan, a Chinese national who was educated in Christian schools and is now living in this country, recalled how she was sent to a farm in the late 60's to correct her thinking ''because I was an intellectual.''
Competitive sports was never a high priority for the Chinese yet it was further diminished during the Cultural Revolution. 
Xin Yun-Zhang, a 23-year-old physicist student from Peking who is now studying at the University of California at San Diego, drove up to cheer the arrival of the Chinese team in Chinatown last week. 
In very good English, he recalled how values had changed since he was young.
''Under the rule of friendship first, competition second, sports was a meeting, a party,'' he said. 
''That's not bad, that's good, people came together, but it wasn't encouraging the quality of sports.''
There were examples of teams or individuals being declared the winner because of superior attitude, or results being ignored for fear of embarrassing the losers.
He recalled a childhood when according to official teaching, ''the United States was imperialist and the Soviet Union was, how do you say it, revisionist.''
He only vaguely heard of the Olympics and said ''I didn't know that Chinese could send a team.''
But not long after the death of Mao Zedong in 1976, the young student recalled, ''they taught us about the Greek soldier who ran so far that he died after delivering his message'' - the origin of the marathon race.
Since rejoining the Olympic movement in 1979, China has entered world competition, learning technique and attitude. 
The other day at a workout of the Chinese male volleyball team at the Long Beach Arena, the dozen players wore varied outfits and smiled often and patted each other on the back. 
The body language was of friends or comrades, not of teammates expected to bring home a medal or face disgrace.
Every so often, Shen Keqin, an
older player at 26, gave a few
slap handshakes to teammates, and once, after plunking a serve for a point, he did a little strut and a wiggle that reminded a couple of American observers of Jimmy Connors.
''We get used to these expressions maybe more from the Japanese than from Americans,'' Shen said through a translator.
Asked whether he had yet observed an American-style high-five, he smiled and replied: ''That is the ultimate expression of a wonderful job, when you are very satisfied. 
Therefore, most of the time, we do not do it.''
Shen was asked if his view of competition had changed since his childhood in Maoist China. 
He said: ''Friendship and competition are in first place but friendship is still the most important.''
Later, after Shen had left, a Chinese journalist based in the West, who had translated the interview, offered another view of the shift in sports values: ''Friendship is still more important,'' he said, ''but the best way to show respect for somebody is to compete hard in sports.''
The role of athletes is still evolving. 
Zhu Jianhua is given larger portions of meat to sustain energy in his tall, slender frame, yet Zhu feels the need to share his rations with his fellow dormitory students. 
Zhu is allowed to train in his home of Shanghai rather than in the sports centers in Peking.
Xin Yun-Zhang, the young physicist from Peking living in San Diego, said ''all China will watch closely to see what happens here.''
He said he thought his homeland was becoming more expectant of results, but he added: ''The difference is expression. 
Here, the athletes are making more money, they are millionaires. 
In China, you are valued more that people will respect you. 
There is privilege in a different sense.''
Now there are rising expectations, the prospect of small grants for winning gold medals, and the hope from Mr. Lu, the assistant chef de mission:
''Friendship and understanding, peace through the world Olympic movement,'' he said, adding, ''This is a chance to learn from other nations.''
Also, he said, ''our athletes have been preparing in order to win glory for our nation.''",3,team,REAGAN,Reagan (1981-1988),CATEGORY_3,"nba, won, league"
SPORTS PEOPLE_Chinese Start Tour.txt,"ï»¿
The reorganized Chinese national soccer team, with Nian Weisi as its new coach, left for Papua, New Guinea, and its first international competition since the team was disbanded last May 19, following the worst soccer riot in China since Communist rule began in 1949. 
The riot began after a 2-1 loss to Hong Kong that eliminated China from World Cup play. 
One Hong Kong player was cut, cars of foreign spectators were damaged and several policemen were injured during the glass-smashing melee after the game.",3,team,REAGAN,Reagan (1981-1988),CATEGORY_3,"nba, won, league"
SPORTS PEOPLE_Good Behavior.txt,"ï»¿
China played Bolivia to a 1-1 tie, and Guinea scored a 1-0 victory over the United States team coached by Angus McAlpine, but the most important competition in the 16-nation youth soccer tournament being held in four Chinese cities may not be taking place on the field but in the stands. 
In an effort to head off the kind of violence that marred a World Cup match in Peking in May, the Chinese Government is sponsoring a contest among the four host cities with a prize for the one that produces the most decorous crowds.
China, in effort to head off kind of violence thar marred World Cup match in Peking in March, sponsors contest among four cities hosting 16-nation youth soccer tournament with a prize for one that produces the most decorous crowds (S)Under the rules of the contest, a city wins points when its fans engage in such model behavior as ''civilized clapping'' and loses points for such fan transgressions as ''jeering in unison.''
The fans were generally docile at the opening match between China and Bolivia at Workers Stadium in Peking, but the chance to win a Government trophy may not have been the only factor in the crowd's calm. 
In addition to sponsoring the contest, the Government also searched the spectators and surrounded the stadium with thousands of policemen.",3,team,REAGAN,Reagan (1981-1988),CATEGORY_3,"nba, won, league"
SPORTS WORLD SPECIALS_Globetrotters.txt,"ï»¿
Artis Gilmore of the Chicago Bulls, wearing a yarmulka, has prayed at the Wailing Wall in Jerusalem. 
In Tangiers, Wes Unseld rode a camel. 
In Monaco, Walt Bellamy, while being photographed with Princess Grace, was asked to put his arm around her. 
He refused, saying, ''That would not be protocol.''
Teams from the National Basketball Players Association are playing games and putting on clinics in foreign countries
Teams from the National Basketball Players Association, playing games and putting on clinics in places like Monaco, Israel, Mexico, Italy, Spain and the Ivory Coast, have been commonplace for 14 years.
''We started this to expose our players to something more than the day-to-day basketball life,'' said Larry Fleisher, the general counsel of the players association.
Next month, in China, Kareem Abdul-Jabbar of the Los Angeles Lakers, who stands 7 feet 2 inches, or Marvin Webster of the Knicks, 7-1, or Bob Lanier of the Milwaukee Bucks, 6-11, might be playing against Mu-Tieh-chu. 
Known as Mr. Mu for short, he is 7 feet 7 inches tall. 
He weighs over 300 pounds.
A contingent of 27 N.B.A. players, composed of player representatives from each of the league's 23 teams and the association's officers, will leave July 8 for China. 
Accompanying as coaches will be Oscar Robertson, John Havlicek, Paul Silas and Lenny Wilkens. 
For the first time, the players have asked Larry O'Brien, the N.B.A. commissioner, to join them, and he has agreed.
The players will stage clinics and play five games in Peking, Hangzhou and Shanghai. 
Two of the games will be against the Chinese national team, which features Mr. Mu.
''I saw that Mr. Mu on television,'' said Lanier, the president of the players association. 
''He's big and slow, something very mechanical about him.''
Mr. Mu was not Lanier's immediate concern, however. 
The beds were.''Do they have big beds in China for us?'' asked Lanier. 
Fleisher and Robertson, who went to China to arrange the tour, said: ''Wherever we have gone, the problem has been the beds. 
They are not used to people the size of N.B.A. players, and there are usually eight or nine big beds. 
The big guys are always fighting over who gets them. 
What we have had to do in some places, is extend the beds by adding tables.''
''I wonder where Mr. Mu sleeps?'' said Lanier.",3,team,REAGAN,Reagan (1981-1988),CATEGORY_3,"nba, won, league"
"STAKES HIGH, CHINESE TENNIS DEFECTOR SPEAKS OUT.txt","ï»¿
Hu Na, a 19-year-old Chinese tennis player who defected here last summer, says one of the reasons she decided to act was her feeling that Chinese officials were trying to coerce her into joining the Communist Party.
Miss Hu, who spoke in her first interview since seeking political asylum last July, also said she feared becoming caught up in a factional political struggle in China.
She recalled that on one occasion she became particularly upset when her team captain told her that whenever she lost a tennis match it would be a sign ''I had not sufficiently studied Marxist-Leninist thought.''
Until this week Miss Hu had remained in seclusion in San Francisco since her defection during the 32-nation Federation Cup tournament in Santa Clara, Calif.
Â 
Leader Demands That She Return
In the interview, which was conducted in Washington, Miss Hu expressed frustration over what she said was the Reagan Administration's delay in deciding whether to grant her asylum, and indicated she was worried that the Government might bow to pressure from Peking to block her request.
SAN FRANCISCO, March 19 - Hu Na, a 19-year-old Chinese tennis player who defected here last summer, says one of the reasons she decided to act was her feeling that Chinese officials were trying to coerce her into joining the Communist Party.
Miss Hu's case has become a serious issue in United States-Chinese relations, which have already been strained by Peking's unhappiness over United States arms sales to Taiwan, quotas on Chinese textile imports and restrictions on the sale of American technology to China. 
China's paramount leader, Deng Xiaoping, has taken the unusual step of personally demanding Miss Hu's return in meetings with several United States officials, according to a ranking State Department official, and the Chinese Foreign Ministry has warned that cultural exchanges between the two countries could be adversely affected if she is granted asylum.
To add to the pressure, this week the Chinese Consulate here made public the texts of two letters from Miss Hu's parents pleading for her return. 
One was addressed to Miss Hu, the other to Secretary of State George P. Shultz. Both were originally delivered to Mr. Shultz while he was in Peking last month for talks.
Miss Hu, a tall, graceful woman, suggested in the interview that one reason for Peking's intense efforts to obtain her return was that she had often played tennis with Wan Li, a member of the Standing Committee of the Chinese Communist Politburo and a close associate of Mr. Deng. Mr. Wan, she said, liked to play doubles with her and had often lectured her on Communist ideology after their matches.
Â 
Effect on Family Feared
Edward C.Y. 
Lau, Miss Hu's lawyer in San Francisco, said Miss Hu did not want to hurt relations between China and the United States and was worried about the effect her actions would have on her family. 
Her father is an army basketball coach and her younger brother is a star junior tennis player.
But Mr. Lau said that because of the Government's procrastination over her efforts to gain asylum, he had decided to let Miss Hu end her seclusion and tell her story. 
Last weekend he took her to Washington, where she met with several senators and represenatives who have expressed interest in her plight. 
These included Representative Stephen J. Solarz, Democrat of Brooklyn, chairman of the House Foreign Affairs Subcommittee on Asian and Pacific Affairs, who invited her to play tennis at his house with Zbigniew Brzezinski, President Carter's national security adviser, last Saturday.
Miss Hu is not sure what she will do if she is finally granted asylum. 
She says she recognizes she is not nearly as good a tennis player as Martina Navratilova, the Czechoslovak defector, and though she has been offered tennis scholarships to two small colleges she speaks only a few words of English and has not been to school since she began playing tennis full time at the age of 14.
In the interview Miss Hu said she had decided to defect after the Communist Party leader of the tennis camp where she had trained wrote her a letter virtually demanding she join the party. 
She said he had frequently advised her, ''The Communist Party has raised you and you owe your success to the party.''
Â 
'I Didn't Feel Safe'
But she was afraid he only wanted to use her as a model for other young Chinese and as a pawn in his own factional battles in the party. 
She recalled that China's world champion table tennis player, Zhuang Zedong, who had risen to be Minister of Sports during the Cultural Revolution, was sent to a labor camp after the downfall of his sponsor, Jiang Qing, Mao Zedong's widow, in 1976.
''So I didn't feel safe,'' Miss Hu said. 
''You never know when one faction is going to be replaced by another.''
Miss Hu's case presents an embarrassing situation for the Reagan Administration, which risks offending either the Chinese or the President's conservative supporters in the United States. 
Her application for asylum also raises the question of whether the United States has one standard for dealing with defectors from the Soviet Union and another for those from China.
A State Department official familiar with Miss Hu's case said it had touched off prolonged wrangling between the China desk, which opposed the request, and the Bureau of Human Rights and Humanitarian Affairs, which favored it. 
The Human Rights Bureau won the argument and made a favorable recommendation to the Immigration and Naturalization Service last November. 
But some officers on the China desk have continued to lobby out of channels with the Immigration Service, the official said. 
By law, the Immigration Service makes the final determination on requests for asylum, though it usually follows the recommendation of the State Department.
Mr. Lau said the Immigration Service had repeatedly assured him since early January that a decision on Miss Hu's request was imminent. 
But last week, Mr. Lau said, the Immigration Service submitted further questions to the State Department about Miss Hu, and the State Department official said the Immigration Service itself was now divided over what to do.
Â 
Other Requests Pending
The Immigration Service appears to be worried that granting Miss Hu asylum would set a precedent that could affect the more than 1,000 pending applications from other Chinese citizens now in this country. 
That figure is about 10 percent of the 10,000 or so Chinese on extended visits here, mostly students and scholars. 
So far fewer that than a dozen of these requests have been approved.
Last July, at a hearing before an Immigration Service judge in San Francisco for a Chinese meteorologist, Xia Yuren, a State Department official advised the judge that the Chinese scientist would not be in danger of persecution if he was deported to China. 
Mr. Xia, who had come to the United States to conduct research at the New Mexico Institute of Mining and Technology, had applied for asylum after jumping out of a window at the Chinese Consulate in San Francisco, where he had been taken by the Chinese authorities.
The State Department official, Lawrence L. Arthur, chief of the Asylum Division of the Bureau of Human Rights and Humanitarian Affairs, said in written testimony that he was sure Mr. Xia was in no danger because the State Department had checked with the Chinese Embassy in Washington.
In response, Chalmers Johnson, a professor of political science at the University of California at Berkeley and a specialist on China, told the judge that if a Foreign Service officer gave similar assurances about a Soviet defector after getting in touch with the Soviet Embassy he would probably be ''fired on the spot.''",3,team,REAGAN,Reagan (1981-1988),CATEGORY_3,"nba, won, league"
THE SEOUL OLYMPICS_ Diving_Gold and Silver to Chinese Women.txt,"ï»¿
Gao Min and Li Qing, teen-age symbols of China's rise toward diving supremacy, won Olympic gold and silver medals in women's springboard competition today.
Kelly McCormick won the bronze in a battle with Li that went to the next-to-last of the day's 120 dives.
Gao, 18 years old and the only woman to score more than 600 points in a springboard event, led after each of the last five rounds of the 10-dive event and won comfortably with 580.23. 
Li, 15, had to sweat out her silver.
McCormick, 28, already had received 66.99 points for her final dive, a reverse 1 1/2-somersault with 2 1/2 twists, with a 2.9 degree of difficulty, and had finished with 533.19.
Li needed a strong dive on a back 2 1/2-somersault in the pike position with a 3.0 degree of difficulty to hang on to second and she did. 
Barely. She received scores ranging from 6.5 to 7.5 of a possible 10 from the seven judges to get 64.80 points and edge McCormick with 534.33. 
Chinese and Americans Dominate The Chinese and Americans continued their domination of diving.
In the platform event last Sunday, Xu Yanmei of China won the gold medal and the Americans Michele Mitchell and Wendy Williams finished second and third. 
In the men's springboard last Tuesday, Greg Louganis of the United States won and was followed by Tan Liangde and Li Deliang.
The remaining diving event, the men's platform, is scheduled for Monday and Tuesday.
Today, McCormick, of Long Beach, Calif., stubbornly fought four teen-agers throughout the day. 
Irina Lachko, 15, and Marina Babkova, 18, both of the Soviet Union, finished fourth and fifth. 
Lachko had 526.65 points and Babkova 506.43.
The other American, Wendy Lucero of Denver, was sixth with 498.81.
In the ninth round, McCormick dropped from second to fourth, behind Gao, Li and Lachko.
McCormick received scores ranging from 6.5 to 7.5 of a possible 10 from the seven judges for a reverse 2 1/2-somersault in the pike position. 
Lachko's scores ranged from 7.0 to 8.0 for the same dive and Li nailed a reverse 2 1/2-somersault in the tuck position and received all 8.0's and 8.5's.
After the first five rounds, in which the total degree of difficulty was limited to 9.5, Li led with 233.46 points. 
Gao was second with 227.82 and McCormick third with 223.83. 
Lachko was a close fourth at 223.53 and Lucero fifth at 218.25.
There was no limit on the difficulty of the dives in the last five rounds.
In the sixth round, Gao moved from second to first and McCormick from third to second, while Li fell from the top to third.
But McCormick faltered in the next round when she did a backward 2 1/2-somersault in the pike position with a 3.0 degree of difficulty. 
Her scores ranged from a relatively low 6.0 to 7.5.",3,team,REAGAN,Reagan (1981-1988),CATEGORY_3,"nba, won, league"
THE SEOUL OLYMPICS_ DIVING_Louganis Wins In Final Round.txt,"ï»¿
Greg Louganis became the first man to earn two diving gold medals in consecutive Olympics when he won a dramatic battle with Xiong Ni today by overtaking the Chinese teen-ager on the final dive of the 10-meter platform competition.
The 28-year-old Louganis, who won his first Olympic medal when Xiong was 2 years old, needed 85.57 points on the last attempt to pass the 14-year-old, who pushed the competition to the limit with an outstanding 82.56 on the next-to-last dive of the day.
Louganis did a reverse 3 1/2-somersault in the tuck position. 
Its degree of difficulty is 3.4, the highest in platform diving. 
He received 86.70 points for a winning margin of 1.14 points, then rushed into the tight embrace of the American diving coach, Ron O'Brien, and burst into tears.
Louganis finished with 638.61 points to 637.47 for Xiong. 
A week ago, Louganis won the springboard event one day after he banged his head on the board and needed five stitches to close the gash.
Â 
'Had to Hit Last Dive'
''I knew I had to hit the last dive,'' Louganis said. 
''I knew it was going to be tight. 
Like in '84, I reminded myself that my mother's still going to love me no matter what happens, which makes it easier. 
I think this is the closest finish I've been in, in a major international competition.''
Louganis said he probably would compete again, but might not dive in any more world-class events.
In the 10th and final round, Xiong had tried an inward 3 1/2-somersault in the tuck position with a 3.2 degree of difficulty.
''I felt the pressure was very great going into his last dive,'' said Xiong. 
''I thought that if I didn't do it well, I would not walk away with the gold medal. 
I know I'm very young. 
It's an honor for me to compete with Louganis. 
I always considered him one of my idols.''
Xiong went into the 10th round with 554.91 points. 
Louganis had 551.91. 
In the round, Xiong received two 9.0s, four 8.5's and one 7.0 from the seven-judge panel. 
Louganis's scores included one 9.0, five 8.5's and one 8.0.
Â 
Another Record
Louganis, who won a platform silver medal in 1976, also matched the record of Klaus Dibiasi of Italy, the only other diver to win five Olympic medals.
''That was probably the biggest dive of his career, the most pressure, the most difficult,'' O'Brien said. 
''To hit it like that, under those circumstances certainly proved that he was a champion.''
Louganis had taken the lead in the seventh round with an inward 3 1/2-somersault in the tuck position that moved him from third.
He was awarded 82.56 points for the dive, compared with 69.12 for the same dive in that round in Monday's preliminaries which also moved him into first place. 
Xiong moved from fourth to second.
But in the eighth round, Xiong outperformed Louganis as they switched places in the standing. 
Xiong received scores ranging from 7.5 to 9.0 for a reverse 2 1/2-somersault in the pike position, while Louganis's scores ranged from 6.5 to 8.5 for a forward 3 1/2-somersault in the pike position.
With two rounds left, it was Xiong with 470.76 points and Louganis with 468.75. 
Jesus Mena of Mexico was third with 449.43.
In the ninth round, Xiong again outscored Louganis, 84.15 to 83.16.
Louganis first moved from second to first in Tuesday's third round. 
He fell to fourth in the fifth round on a dive that had a relatively low 2.6 degree of difficulty.
Â 
Another Medal Battle
In another fight to nearly the finish, Mena won the bronze medal with 594.39 points. 
Going into the last round, Mena had 520.47 and Jan Hempel of East Germany 520.41.
Mena's last dive, a backward 1 1/2-somersault with 3 1/2 twists, earned 73.92 points. 
Hempel received 63.36 for 583.77 and dropped to fifth behind Gueorgui Tchogovadze of the Soviet Union with 585.96.
Mena's bronze medal broke a stranglehold the Chinese and Americans had on diving medals. 
In the first three events, China had two gold medals, two silvers and one bronze. 
The United States had one gold, one silver and two bronze.
The other American, Patrick Jeffrey of Madison, N.J., finished 12th and last with 483.54 points after coming in sixth in Monday's qualifying.
Li Kongzheng of China, the 1984 bronze medalist, had been in second heading into the fifth round but plunged all the way to 11th on the same dive Louganis tried, an armstand cut-through to a reverse 1 1/2-somersault. 
Li had trouble steadying his armstand, then landed short of the vertical plane. 
Li finished sixth with 543.81 points. 
Halfway through the 10-dive competition, Tchogovadze led with 260.82 points and was followed by Hempel with 257.19, Xiong with 255.96 and Louganis with 247.95.
But Louganis seemed in good shape with higher degrees of difficulty than the three midpoint leaders in the last five rounds.
He has 47 national titles, finished lower than second just seven times in 143 meets since 1975 and has been on every United States Olympic team since 1976, although he didn't compete in Moscow in 1980 because of the American boycott.",3,team,REAGAN,Reagan (1981-1988),CATEGORY_3,"nba, won, league"
THE SEOUL OLYMPICS_ Roundup_Finn Misses Chance For 4th Rowing Gold.txt,"ï»¿
Pertti Karppinen, the Finnish singles sculler who is a three-time Olympic champion, won his race in the consolation finals of Olympic rowing Friday. 
It placed him seventh in the competition.
The 35-year-old Karppinen was eliminated from medal consideration Thursday when he finished sixth and last in his heat of the semifinals.
He won the Olympic single-sculls gold at Monteal in 1976, at Moscow in 1980 and at Los Angeles in 1984.
Karppinen rowed past Iouri Iaanson of the Soviet Union to win the consolation finals by a half-second in the last 50 meters. 
His time, 7:34.37, was far off the pace of 7:03.25 for 2,000 meters turned in by the heat leader, East Germany's Thomas Lange, and Karppinen's repechage time of 7:14.91.
Karppinen said that rowing has been hard for him this year, but that he will continue to train for the world championships and the next Olympics if he can ''regain the gladness'' of sculling.
Karppinen finished last in a semifinal heat Thursday that was won by Peter-Michael Kolbe, a four-time world champion. 
Kolbe's time was 7 minutes 1.76 seconds.
The Finn's reclusive manner and the lack of a common language have killed most conversations in the past. 
But as Karppinen contemplated his future after the defeat, Kolbe dug deep into his weak Norwegian for words of consolation.
''I managed to get a message over in Norwegian,'' said Kolbe, also 35. 
''I felt very sorry for him finishing last. 
It really does feel like a tearful goodbye.''
In other the consolation finals, Kurt Bausback of San Diego, Calif., and Ed Ives of Hamilton, Mass., were ninth in men's coxless pair. 
Angie Herron of Alpena, Mich., Sherry Cassuto of Seattle, Wash., Jennie Marshall of Boston and Anne Martin of Cambridge, Mass., were ninth in women's quad sculls. 
Dan Lyons of Wayne, Pa.; Robert Espeseth of Philadelphia, and Jon Fish of Bellmore, L.I., the coxswain, were 11th in coxed pair.
Â 
Soccer
U.S. Eliminated By Soviet Union
TAEGU, South Korea, Sept. 
22 (AP) -The United States lost to the Soviet Union, 4-2, today and was eliminated from the tournament.
The Soviet Union and Argentina, which beat South Korea by 2-1, advanced from the Group C pool to the quarterfinals.
Lothar Osiander, the American coach, said he thought his team did quite well. 
The United States tied Argentina and South Korea before the loss today.
''We had weak moments here and there but we are getting better,'' he said. 
''We will rearrange our priorities and get ready for 1994.''
The World Cup will be played in the United States in 1994.
Â 
Water Polo
China Is Routed By U.S., 14-7
SEOUL, South Korea, Friday, Sept. 
23 (AP) - Terry Schroeder scored four goals and the American team overpowered China, 14-7, today.
''The Chinese aren't as strong physically as some of the other teams. 
We were able to move them around,'' said Schroeder, the team captain and a veteran of the silver medal-winning 1984 team.
He said the United States team was recovering emotionally from Thursday's loss to Spain.
The Americans (2-1) started slowly against the Chinese (0-3), showing flashes of brilliance and then allowing their opponents to score easy goals.
Â 
Wrestling
Hungarian Wins Gold by Default
SEOUL, South Korea, Sept. 
22 (AP) -The Soviet Union collected four gold medals in the five-day Greco-Roman tournament, which ended today.
Italy, Bulgaria, Norway, South Korea, Poland and Hungary each earned one gold. 
The United States had one bronze.
In the final matches at Sang Mu Gymnasium, Andras Sike of Hungary won the gold when Stoyan Balov of Bulgaria withdrew because of an injury with 2:22 remaining in the second period in the 126-pound class.
Balov took the silver. 
Charalambos Holidis of Greece won the bronze, beating Yang Changling of China, 6-1.
Levon Djoulfalakian of the Soviet Union led Kim Sung Moon of South Korea, 8-1, in the first period and scored a 9-3 triumph for the gold medal in the 150-pound class.
''I am glad to capture the gold medal as every athlete competing in the Olympics tried his best for the medal,'' Djoulfalakian said, Kim earned the silver. 
The bronze went to Tapio Sipila of Finland, who beat Petrica Carare of Rumania, 7-4.
The Soviet Union took the day's second gold when Mikhail Mamiachvili, unleashing quick and powerful throw techniques, easily beat Tibor Komaromi of Hungary, 10-1, in the 181-pound class. 
Komaromi won the silver. 
In the day's most fiercely fought match, Kim Sang Kyu of South Korea overcame a 0-5 first-period deficit to win 6-5 and earn the bronze.
Aleksandr Kareline took the the Soviet Union's fourth gold, the third of the day, when he defeated a Bulgarian, Ranguel Guerovski, 5-3, in the 286-pound class. 
Ranguel took a 3-0 lead with a quick throw and led by 3-2 after the first period.
Tomas Johansson of Sweden took the bronze with a 3-0 victory over Hassan Elhadad of Egypt.
Â 
Cycling
American Qualifies In Match Sprint
SEOUL, South Korea, Sept. 
22 (AP) -Connie Paraskevin-Young would just as soon not carry the hopes of the United States team on her shoulders. 
The expectations she has for herself are heavy enough.
The three-time world champion moved a step closer to earning a medal when she qualified tonight for the semifinals of the match sprint.
Standing between her and a shot at the gold is the 1987 world champion, Erika Salumiaee of the Soviet Union.
Paraskevin-Young and Salumiaee have been rivals for a long time but they have not faced each other since the world championships in 1986. 
She lost to Salumiaee, 2-0, in a two-of-three semifinal match.
Christa Rothenburger-Luding of East Germany, is in the running for the Olympic gold. 
The American lost to her, 2-0, in the world meet last year.
Â 
Tennis
Edberg and Mecir Advance in Singles
SEOUL, South Korea, Sept. 
22 (AP) -Stefan Edberg of Sweden and Miloslav Mecir of Czechoslovakia advanced to the third round today, edging closer to a repeat of their Wimbledon semifinal 10 weeks ago.
Edberg, the men's favorite in the first Olympic medal competition in tennis since 1924, swept Augustin Moreno of Mexico, 6-2, 7-6, 6-0. 
Mecir took four sets to beat Jeremy Bates of Great Britain, 6-3, 4-6, 6-1, 6-4.
Moreno took the Swede to a tiebreaker in the second set, but Edberg won it, 7-2, and blazed his way through the third set.
Mecir was his usual mixture of waywardness and brilliance against Bates, dropping the second set and almost letting the Briton back into the match in the fourth after taking a 4-1 lead.
Â 
Equestrian
New Zealander Wins 3-Day Event
SEOUL, South Korea, Sept. 
22 (Reuters) - Mark Todd of New Zealand retained his Olympic three-day event equestrian title today and said he would like to win a third Olympic gold.
He also announced that his 16-year-old mount, Charisma, would be retired.
Todd took a comfortable lead into the final round, jumping, and was able to afford 5 penalty points for dislodging a pole in the first jump of the triple, finishing with 42.60 points.
Ian Stark of Great Britain, riding Sir Wattie, finished with 52.80, capturing the silver. 
His teammate, Virginia Leng, won the bronze.
Leng was second going into the jumping and came 0.35 of a point from dropping out of the medals when she knocked down two fences. 
She had 62 points.
West Germany took the gold medal in the team event with 225.95 points, ahead of Britain with 256.80 and New Zealand with 271.20.",3,team,REAGAN,Reagan (1981-1988),CATEGORY_3,"nba, won, league"
THE SEOUL OLYMPICS_ Roundup_U.S. MEN_S VOLLEYBALL TEAM OVERPOWERS JAPAN.txt,"ï»¿
The United States men's volleyball team kept its unbeaten string intact against Japan today as the Americans opened their quest for a second consecutive Olympic title.
The United States pulled away after a slow start for an easy 15-13, 15-2, 15-2 victory, the 38th consecutive victory over Japan since 1983, and the 28th in succession over that country since Marv Dunphy took over as coach in mid-1985.
''Streaks are made to be broken, but we didn't let it happen today,'' said the captain, Karch Kiraly, who ignited the team with his brilliant all-around play.
''Once we got over the jitters and setled down and won that first game,'' Kiraly said, ''they knew they were in for their 38th loss.''
The Japanese squad took leads of 4-0 and 10-6 in the first game, while the Americans had trouble adjusting to the setter Ricci Luyties, substituting for the injured Jeff Stork.
But the United States team fought back, taking the lead at 13-12 on a high-flying spike by Steve Timmons. 
A kill by Timmons ended the game 3 points later.
''I was kind of surprised we were as nervous as we were in the first game,'' Kiraly said. 
''After that, we played a lot better and the Japanese were visibly down. 
Once they didn't get the first game, it really let the air out of their sails.''
The Americans then went on to overpower Japan with a front line anchored by Craig Buck, a 6-foot-8-inch middle blocker. 
The Japanese defense wilted under the onslaught of spikes by Kiraly and Timmons.
On Monday, the United Staes team will face the Netherlands, which upset France, 15-8, 7-15, 15-11, 15-7, on Saturday.
In the only other game Saturday night, Sweden rallied to beat South Korea, 10-15, 5-15, 15-12, 17-15, 15-4.
Â 
Boxing
Â 
Johnson Wins 112-Pound Bout
SEOUL, South Korea, Sept. 
18 (AP) - Arthur Johnson of the United States defeated Andrea Mannai of Italy today in a 112-pound bout.
''I'm very happy to have it under my belt,'' said Johnson, of Minneapolis, the first American boxer to see action. 
''I wanted to get the first win for the team.''
With the majority of the crowd at the 7,500-seat Chamshil Students Gymnasium rooting against him, Johnson boxed his way to a 5-0 decision over Mannai in the three-round bout.
The 22-year-old Johnson, who was caught by a good left hook and backed up by a couple of flurries in the second round, was very effective with his left jab in the third round and also scored several hard head shots late in the round.
Johnson's second-round opponent in the 440-boxer, 428-bout tournament will be Bishnubahadur Singh of Nepal on Wednesday. 
Singh scored a 5-0 verdict over Sixto Vera Espenola of Paraguay.
In another of 12 112-pound bouts on the morning card, Kim Kwang-sun of South Korea, the gold medal favorite, stopped Tyeyen-oidov Tserennyam of Mongolia.
Kim forced the Mongolian to take two standing 8-counts with barrages of head punches in the second round. 
The bout was stopped when Kim sent Tserennyam reeling with a right to the head.
Â 
Taekwondo
Â 
South Korean Is the Winner
SEOUL, South Korea, Sept. 
17 (AP) - The first victory of the Summer Olympics went to a South Korean woman in the demonstration sport of taekwondo.
Choo Nan Yool outpointed Maria Angela Naranjo of Spain, 3 to 0.5, today to win the women's flyweight division.
Choo outpointed her three opponents by 6 to 0.5. 
Naranjo placed second and Pai Yun-yao of Taiwan and Mayumi Pejo of Binghamton, N.Y., tied for third.
Â 
Shooting
Â 
Soviets Win Gold, Bronze
SEOUL, South Korea, Sept. 
18 (AP) -Irina Chilova of the Soviet Union won the Games' first medal event, the women's air rifle today. 
Chilova had 498.5 points after 10 shots. 
Silvia Sperber of West Germany took the silver medal with 497.5 points, and Anna Maloukhina of the Soviet Union won the bronze with 495.8 points.
Launi Meili of Colorado Springs, Colo., was sixth with 493.3 points.
Â 
Cycling
Â 
East Germany Takes Trial
SEOUL, South Korea, Sept. 
18 (AP) - East Germany won the 100-kilometer team trial today.
Poland won the silver medal and Sweden the bronze.
Â 
Soccer
Â 
West Germany Tops China
SEOUL, South Korea, Sept. 
17 (AP) -West Germany took advantage of an inexperienced Chinese soccer team, and Italy scored four quick goals against Guatemala as the European teams posted first-round victories today.
In other matches on the opening day of the Summer Games, Tunisia played Sweden to a 2-2 draw and Zambia held on for a 2-2 tie with Iraq.
Hennes Loehr, the West German coach, took a tired team into the match against China in Pusan. 
Loehr's team finished league play on Tuesday and then departed Thursday for the long flight to South Korea.
''Taking everything into account, we played well and should be pleased with the result,'' Loehr said after the West Germans won, 3-0. 
''We wanted a fast breakthrough early in the match, which we got, and from then on we controlled the match. 
That was our main tactic.''
The breakthrough came in the 30th minute, when a midfielder, Wolfram Wuttke, capitalized on a defensive error by the Chinese side. 
He took a deep pass from Roland Grahammer and kicked a low curling shot out of reach of the goalie, Zhang Kuikang.
China rarely threatened after that in the Group A contest. 
This is the first time China has qualified for Olympic soccer competition.
The West Germans, led by veterans from the country's 1984 Olympic team, got two goals from a forward, Frank Mill, one capping a powerful run on the right in the 61st minute. 
The other came on a last-minute tap into the net off a pass from Jurgen Klinsmann, who is also a rising star on West Germany's regular national squad.
In the other Group A game at Taegu, Tunisia jumped to a surprising edge over favored Sweden and ultimately held for a 2-2 draw.
Tarek Dhiab put the North Africans ahead in the 15th minute, and Nabil Maaloul made the score 2-0 on a penalty kick in the 43d.
Sweden stormed back with two goals just before halftime. 
Jonas Thern connected in the 44th minute, and Jan Hellstrom evened the score a minute later.
In Kwangju, Ciro Ferraro scored in the 12th and 38th minutes to lead Italy to a 5-2 victory over Guatemala in Group B. Italy's other goals came from Andrea Carnevale in the 2nd minute, Pietro Paolo Virdis in the 34th and Stefano Desiderio in the 75th.
Carlos Castaneda scored for Guatemala in the 7th minute and Adan Paniagua added another goal in the 79th.
Iraq's hopes of advancing dimmed when it was held to a 2-2 draw by Zambia in the other Group B contest, in Taejon.
Iraq's Ahmed Radhi Amish opened the scoring with a goal in the 36th minute off a penalty kick.
Zambia tied the score on a goal by Stone Nyirenda in the 44th minute and went ahead in the 66th minute with a goal by Kalusha Bwalya. 
Karim M. Alawi saved Iraq from defeat with a 71st-minute strike.
Each team plays three matches in the first round, which consists of four groups with four countries each. 
The top two teams from each division advance to the quarterfinals.",3,team,REAGAN,Reagan (1981-1988),CATEGORY_3,"nba, won, league"
THE SEOUL OLYMPICS_CHINA PRODUCING NEW WAVES OF YOUNG DIVERS.txt,"ï»¿
A GENERATION gap has formed in diving; the age of world-class talent has been dropping precipitously, so that suddenly veterans with two decades of training - and the maturity and grace that come with it - are finding themselves upset by tiny acrobats barely half their age.
The authors of this innovation are the Chinese, who in the last two years have loosed a childrens' brigade of spinning, grinning - and winning - divers.
They include 14-year-old Chen Xiaodan, who in May at the McDonald's International meet in Boca Raton, Fla., upset the defending Olympic silver medalist, Michele Mitchell of the United States. 
The year before at the same meet, Mitchell had just barely held off two other 14-year-olds.
''When I saw these little girls for the first time I said, 'What is this?''' said Mitchell, who is 26 and on the 1988 American Olympic team. 
''Every meet we go to they send different teams.''
Diving is one of the sports in which China has made dramatic progress since returning to international sports in the late 1970's. 
The three medals - I gold, I silver and I bronze - that Chinese divers pocketed at the Los Angeles Games contributed to the 32 medals over all the nation wona fter a three-decade absence from the Olympics. 
Since 1984, Chinese divers have only grown stronger. 
The program that produces them offers a paradigm of Beijing's emergence as the newest sports power.
In the four Olympic events (men's and women's 3-meter springboard and 10-meter platform), Chinese are favorites to sweep both women's gold medals; to strongly contend for both men's golds, and to take home the majority of silvers.
When people ask how have they done it, they are usually asking, What is their secret?
As far as any one factor has made the difference, it is the sports system that Beijing has put in place since the close of the Cultural Revolution, which is similar to that in many Communist nations.
The Chinese sports system is wide-cast and elitist, designed to net promising athletes from the largest talent pool on earth - a population of more than one billion - then measure progress in training, promoting the best and rejecting the average.
In the United States, if a youngster wants to learn an ''amateur'' Olympic sport like diving, his or her parents seek out a private program, like Ron O'Brien's Mission Bay club in Boca Raton, Fla. 
As long as parents can pay, O'Brien, who is the Olympic diving coach this year, and his staff presumably continue to train a youngster.
In China, diving coaches fan out from 3,400 part-time sports schools to recruit their charges. 
It is a rigorous meritocracy, beginning with strength and flexibility tests to detect aptitude in kids who have probably never seen a swimming pool. 
There is also some preselection based on the body type coaches believe makes good divers; short, compact, perhaps with hyperextended elbows, that is, elbows that touch when the arms are raised above the head, making for a less splashly entry in the water.
''We have set up selection criteria for most sports: the average height, weight, ratio of upper body to lower body, and circumference of various limbs,'' said Dr. Gao Chongxuan of the National Research Institute of Sports Science in Beijing. 
''In the West, your primary schools have pools, a gymnasium, even their own tennis courts. 
We don't have enough facilities, so we have to select athletes who've never played sports before.''
The ultimate sign of success is that there are fresh faces among the Chinese at nearly every meet. 
It's hard to highlight the country's top candidates for Seoul (who will be chosen by coaches rather than at trials) because there's no guarantee last year's world champion hasn't been shocked in training by a youngster who only began climbing the diving tower a few season ago, Tong Hui, who won the men's 10-meter World Cup in 1987, witnessed the same year as 13-year-old named Xiong Ni move up from the provinces to joint the national team in Beijing. 
That year, Xiong finished sixth in the McDonald's International. 
This year at the same meet he upstaged American Matt Scoggin for first.
Xiong, whose dives have nearly the same degree of difficulty as those of Greg Louganis, is one of a crew of Chinese putting pressure on the double-gold medal-winner of 1984. 
Early this year, China's top springboarder, Tan Liangde, ended a six-year victory streak Louganis had enjoyed. 
And he has since beaten Louganis again.
It takes one's breath away to see 5-foot-3-inch, 105-pound Xiong in a handstand at the very lip of the 33-foot platform, as tall as a three-story building, before the plummets into a blue abyss. 
This does not seem like a sport for kids. 
In the United States it is unheard of for divers of such tender age to perform the complex somersaults and twists of top-notch dives. 
Wendy Lian Williams, a 20-year-old University of Miami junior who finished fifth on platform at the McDonald's meet and will compete in the event at Seoul, said, ''I'm young for American diving, but I get to these meets and I feel old.''
Much of the credit for introducing extreme youth to the sport belongs to Xu Yiming, the head national coach in China, whose system emphasizes fast spinning and clean entries. 
Small bodies seem to have an advantage in both areas, and small means young. 
The Chinese are masters of the ripped entry, an almost splashless finale that sounds like fabric being torn, which is created when a diver locks his wrists and hits the water with hands flat, drilling a hole through which the entire body follows.
In the late 1970's, Xu, who had been a national champion in the arly 1960's before his career was idled by the Cultural Revolution, became a fixture at international competitions, along with his video camera. 
He focused the camera on the world's top divers, as well as on modern pools, weight training gear, even locker rooms. 
Back in Beijing, Xu, an authorization, nuts-and-bolts coach, had his athletes analyze and imitate the techniques of the world's best divers.
But at big international competitions the Chinese for years did not live up to their potential. 
They lacked mental intensity, or just the confidence that comes from international experience.
The Chinese have learned from their competitive misfires. 
Beginning at the 1986 world championships, the current crop of female prodigies began maturing. 
Gao Min, then 16, won the springboard title and has remained the world's best ever since. 
In the 1987 Xu Yanmei, 16, won the World Cup platform title. 
Both World Cup women's silver medals went to Chinese.
Photos of Tan Liangde with Greg Louganis; Gao Min celebrating a victory (John Zich)",3,team,REAGAN,Reagan (1981-1988),CATEGORY_3,"nba, won, league"
"THE SEOUL OLYMPICS_The Games, From Archery to Yachting_ Diving.txt","ï»¿
Gymnastics can be pretty and figure skating can be elegant, but for many people, no sport matches the esthetic and athletic beauty of diving. 
A good dive is easy to recognize, and television's slow-motion replays make a good dive even more enjoyable.
For years, the best divers were Americans. 
Now the best, or most of the best, are Chinese. 
They should dominate the four Olympic events, the men's and women's 3-meter springboard and 10-meter platform.
Of the 12 medals in the 1984 Los Angeles Olympics, the United States won 8 and China 3. 
Of the 12 in the 1986 world championships in Madrid, China won 7 and the United States 4. 
Ron O'Brien, the United States Olympic coach, said he would be happy if his team won five medals in Seoul. 
Look for the Chinese to win seven or eight medals, the United Sates three or four and the Soviet Union one.
Of those American medals, two (probably gold) should come from Grey Louganis, who won both men's events in 1984. 
Now, at the age of 28, he is no longer unbeatable and his motivation and physical soundness have wavered, but he usually dives well when it counts and he remains the best diver in history. 
His main opposition will come from the Chinese: Tan Liangde on the springboard and 14-year-old Xiong Ni off the platform.
In the women's springboard, Kelly McCormick, the American silver medalist in 1984, must face 18-year-old Gao Min and Li Qing of China. 
In the women's platform, Michele Mitchell, the 1984 silver medalist, and Wendy Lian Williams, the other American, will contend for medals with Xu Yanmei of China and Elena Miroshina of the Soviet Union.
In springobard, the men do 11 dives, the women 10. 
In platform, the med do 10, the women 8. 
About half the dives are more or less basic and required.
Each diver does all his dives in the preliminaries. 
Then the 12 leaders in each event advance to the final, where preliminary scores are thrown out and all dives are repeated.
The diver tries to fill all requirements of his dive (somersaults, twists, body position, etc.) and finish with a vertical entry and minimal splash. 
Scoring is done by seven judges from different nations. 
After watching a diver's approach, takeoff, action in the air and entry, they give him from 0 points to 10 (for a perfect dive).
To minimize prejudicial scoring, the high and low score on each dive are thrown out. 
The five remaining scores are added, then divided by three-fifths, then multiplied by that dive's degree of difficulty.
The dives are clustered into six groups: forward, back, reverse, inward, twisting and (from the platform only) armstand. 
Four body positions are used; straight (body not bent, like a swan dive), pike (body bent only at the waist, like a jackknife), tuck (knees tight against the chest) and free (no restrictions).",3,team,REAGAN,Reagan (1981-1988),CATEGORY_3,"nba, won, league"
TRANSLATING BASEBALL INTO CHINESE.txt,"ï»¿
When C. W. Post's baseball team opened a six-game exhibition series with Chinese squads here last week, something happened that the American players didn't expect: They lost.
In fact, the Pioneers, the regular-season champions of the New York Metropolitan Conference, lost twice - by 6-4 on June 3 to Peking, and by 4-3 the next day to a Sichuan Province team.
Since then, Post has bounced back with three victories. 
The final game, against Peking, will be played here Tuesday.
C W Post College baseball team, playing exhibition series with teams in China, lost first three games but bounced back with three victories; final game is to be played on June 11; American team members comment on difficulties they have in using Chinese-made baseballs; photo (M)
Aside from the surprising skill shown by their hosts, especially in base-running, the Post players have advanced many reasons for their defeats in a country where baseball is hardly the national passtime. 
These range from jet lag and overconfidence to questionable umpiring and strange ball parks.
However, perhaps the most interesting problem cited by the Americans in their first two games was a bagful of slippery, lumpy, seamless spheres of varying sizes: Chinese baseballs.
''This is a weird feeling, especially if your hands are wet with sweat,'' said Rick Wohlmacher, a C. W. Post pitcher from New Hyde Park, L.I., squeezing one of the Chinese balls in his palm. 
''I couldn't grip it, I had no control.''
Wohlmacher, one of the team's top pitchers the past two seasons, walked five and gave up four hits and five runs in 5Y innings before being relieved in the first game against Peking.
Â 
American Baseballs Used
The Chinese approved a switch to American baseballs in the third game, at Tianjin. 
C. W. Post responded by scoring four runs in the first inning on back-to-back home runs by the captain, Mike Alfano, and Joe Cioffi. 
Post went on to punch 11 hits in the 7-4 victory at Tianjin, 137 kilometers east of Peking.
The second game at Tianjin was played with a Chinese ball, which Alfano, the third baseman, said ''doesn't really carry - it''s softer.''
Nevertheless, Alfano, who has been drafted by the Atlanta Braves, hit two home runs, and his team won, 10-6.
The next day Ron Lupo, a pitcher from Commack, L.I., got a return match against Sichuan. 
In his first outing against that team, with the Chinese ball, Lupo, noted for his control, walked nine. 
The second time, with an American ball, Lupo went the distance in an 8-3 victory, walking only three and throwing five strikeouts.
Â 
Chinese Aggressive Runners
Apart from the controversy over the Chinese balls, which clearly seems to have generated more humor than hostility here, the Post players say they are highly impressed with the Chinese style of play. 
In particular, their hosts are extremely aggressive on the basepaths, and appear to get their way. 
The Chinese teams have stolen 26 bases in 35 attempts over the 5 games played so far. 
Post has stolen only three bases in nine attempts. 
In the 8-3 loss to Lupo, they stole 12 bases in 13 attempts.
''They run no matter what the score is,'' said Coach Dick Vining of C. W. Post. 
''There''ll be a man on second with no outs and they'll try to steal third.''
Post's sports information director, Bill Huffman, noted that the Chinese ''love to build runs,'' and are fond of bunting and sacrifice hitting. 
''They think of their baserunner as a resource,'' Huffman said. 
''They think, 'We've got to get this guy across the plate.'
There are no ego trips.''
Â 
Hitting Is Limited
On the other hand, the Chinese are simply not long-ball hitters. 
They have not hit any home runs in the series; their American opponents have hit six.
The fences at Peking's all-dirt Fengtai Field, one of the few baseball diamonds in China, are a Ty-Cobb distance from home plate - about 400 feet down the line and 450 feet to a billboard in left-center field that reads in Chinese, ''Friendship first, competition second.''
The games at Peking have each drawn no more than a few hundred onlookers, but this appears to be because the field is in the southwest suburbs and is difficult to reach by public transportation. 
At the more centrally located stadium in Tianjin, last Thursday's game drew 2,000 spectators.
Baseball once enjoyed some popularity in this country, but was banned at the start of the cultural revolution in 1966. 
It is now being officially encouraged, and Liang Youde, an official with the Peking Institute of Sports research, said China has ambitions to turn out a good team for the 1986 Asian Games or 1988 Olympics at Seoul, or at least in time for the 1990 Asian Games, which are being hosted by Peking.
Â 
Kuhn Is Encouraged
''You can look at the Taiwanese, the Japanese and the Koreans, and you don't have to use your imagination to think that the Chinese will do sensationally at baseball if they just hang in there for a while,'' said the former major league commissioner, Bowie Kuhn, who was sitting in the stands last Saturday with the president of the Los Angeles Dodgers, Peter O'Malley.
Kuhn said his interest in promoting baseball in the world's most populous country dates back to 1974, when the head of the United States Mission in Peking, a former Yale baseball player by the name of George Bush, saw a game and contacted the commissioner.
''George called and said, ''They're playing baseball over here,'' Kuhn said of Bush, now the Vice President.
As C. W. Post prepares for its final match, team members have alluded to one other possible reason for their resurgence after such a slow start here. 
Two Pioneer pitchers who have had problems this past season with tendinitis, Lou Burmester and Mike Juman, have experimented with acupuncture treatments here and both say they are very pleased with the results.
''It was painless and pretty effective,'' said Juman, who is from Merrick, L.I. 
''After acupuncture, I pitched pretty well, as a matter of fact.''",3,team,REAGAN,Reagan (1981-1988),CATEGORY_3,"nba, won, league"
U.S. TEAM WINS GYMNASTICS IN MAJOR UPSET OVER CHINESE.txt,"ï»¿
The United States men's gymnastics team, alternately cautious and daring, won the team gold medal in tonight, upsetting the reigning world champions from China.
''This is certainly comparable to the U.S. hockey team winning the gold medal in 1980,'' said Abie Grossfeld, the team's head coach, as a near-capacity crowd of 9,356 at Pauley Pavilion waved American flags and chanted ''U.S.A.!
U.S.A.!'' behind him.
The startling victory capped a day of competition in which the United States continued to dominate swimming, winning all five finals including a victory by Rick Carey of Mount Kisco, N.Y., in the men's 200-meter backstroke. 
The United States also won a gold in shooting as 18-year-old Pat Spurgin of Billings, Mont. took the women's air rifle competition. 
The Americans won seven gold medals yesterday to bring their total to 16 gold - 11 in swimming - in three days. 
In addition, the American men's and women's basketball teams looked impressive in winning their second games in the round-robin competitions.
US men's gymnastics team wins team gold medal at Los Angeles Olympic Games, upsetting reigning world champions from China; photo of Mitch Gaylord and James Hartung, team members; Americans win seven gold medals on July 31, bringing their total to 16 gold in three days (M)
''It's the best feeling I ever had in my life,'' said Mitch Gaylord, who successfully completed his risky and dangerous stunt on the horizontal bar that is known as the ''Gaylord II.''
The stunt received a score of 9.95 and helped helped preserve the American victory over the the Chinese by the score of 591.40 to 590.80.
''And it's great for our sport,'' he added, ''it's a whole new era for gymnastics,.''
It was the first team medal in gymnastics for the United States since it won a silver in the five-team men's competition of 1932.
The Americans took a 1.05 point lead into the evening's competition, built in the compulsory exercises on Sunday. 
That lead had been whittled to .60 of a point by the time the teams faced their final exercise - the horizontal bar for the Americans and floor exercise for the Chinese.
The high bar is usually the Americans' best event. 
But just one fall from the bar would mean an automatic deduction of .50 of a point. 
So with such a slim lead to protect, they felt pressure to tone down the difficulty of their routines and go for more modest but more perfectly-executed performances, including less difficult dismounts.
''We saw the Chinese doing easier dismounts and gettings 10's,'' said Peter Vidmar, who had the best individual all-around score, edging China's Li Ning by .05 of a point. 
The Chinese were in the rotation just ahead of the United States team, and had scored two 10's on the rings using relatively simple dismounts, brilliantly executed.
Each of them did take out certain more difficult moves from their still rings and high bar routines, to be a bit cautious. 
But when the time came to take risks, in the last event and with the gold medal on the line, they were game.
''Jim Hartung came up to me and said, 'This is the Olympic Games - let's go for it,' '' said Vidmar. 
''and so Scott Johnson did his double-double, and Tim Daggett did his triple back, and I did my double-double and landed on my feet.''
Daggett hit his triple back somersault dismount perfectly, and got a perfect 10 as his reward. 
Vidmar hit his double-double - a double somersault with two twists - and got a 9.95 score. 
But those two were the last Americans to perform, and before they jumped onto the bar, the situaion had gotten very uncertain.
Although Johnson decided, like his teammates, to keep his tough dismount in his routine, he missed it - and his off-balance landing cost him badly, as he got a 9.50 score.
The lowest score of the six team members is always discarded. 
But that put a lot of pressure on Gaylord. 
He could not afford to get a low score, too, and he and the coach wondered if he should risk trying the Gaylord II. 
It is a supremely difficult maneuver done in midair above the bar, in which he does a one-and-a-half somersault with a half twist, then recatches the bar. 
More often than not, he misses the bar.
''And we already had one miss from Scott's performance,'' said Bart Conner, who had gotten a 10 on the parallel bars in the previous rotation, ''so Mitch was really up against the wall.''
Gaylord didn't miss. 
He soared above the bar, the crowd collectively caught its breath, he caught the bar, and the crowd gasped and then cheered. 
The score: a 9.95.
''He's been trying that move for the last six months with the intention of using it in the Olympic Games - he's not going to take it out now,'' said Gaylord's older brother, Chuck, who is also his coach. 
''It was a case of Mitch's style of gymnastics. 
He's never settled for a 9.9, he's always gone for the 10.''
Even his teammates were impressed.
''I told Mitch, 'You did the trick and you did it when it had to be done,' '' said Conner. 
''That's tough. 
My hat's off to him.''
Gaylord had given the American team a boost early in the evening, too. 
On the second rotation, while the Americans were having some problems on the pommel horse, the Chinese were wowing the judges on the rings. 
Both their stars, Li Ning and Tong Fei, scored perfect 10's, the first such scores of the evening.
Â 
A 10 on the Rings
But the Americans were on the rings next, and Gaylord earned a 10 on them, too.
''We felt like we showed 'em right there we can be as perfect as they can,'' said Vidmar.
There will always be a question about how well the Americans would have done if the Soviet Union team had been here. 
The Soviets won the gold medal in 1980 in Moscow, although they were upset by .10 of a point by the Chinese at the world championships in Budapest last October.
''The Chinese beat the Soviets and we beat the Chinese,'' said Conner, the 26-year-old veteran of this team, who has been on the American gymnastics scene for a decade and remembers the days when Americans were always at the bottom of the international heap.
''I could've been up in the stands watching, after having been part of all the momentum that built up over the years,'' he said. 
''And I'm so glad I'm here, and I'm performing, when we finally reached our goal.''
Not only is he here, he's in fourth place in the individual all-around standings. 
Each man's scores from the team competition, compulsories and optionals, are averaged to obtain a preliminary score. 
Compulsories are a set of identical routines with certain required elements, performed by all competitors. 
Optionals are routines devised by each contestant and varying in difficulty and style.
The top 36 athletes advance to the all-around finals, on Thursday, where they will do another round of optional exercises to determine the individual all-around medalists.
Vidmar has the lead in preliminary scores, with 59.275 points to the 59.225 of Li. 
Tong is third with 59.20, and Conner has 59.15 points.
For Vidmar, the excitement was so much that, as he walked away from the victory stand in the center of Pauley Pavilion after getting his medal and hearing his national anthem, he almost fainted.
''I suddenly got very, very light- headed and almost passed out,'' he said. 
''I think it was from all the shouting and yelling we were doing. 
I got real dizzy, but then I figured, so what if I pass out?
I've still got this medal around my neck.''",3,team,REAGAN,Reagan (1981-1988),CATEGORY_3,"nba, won, league"
"VIEWS OF SPORTS_IN CHINA, A NEW PASTIME, THOUGH NOT QUITE NATIONAL.txt","ï»¿
THE North China air was a cool 55 degrees and the silver poplar trees were budding. 
A slight breeze puffed swirls of dust up from the athletic field. 
The players were already warming up, woolen winter underwear peeping out from under the cuffs of their baggy pants. 
Their movements were awkward and a constant laughter belied their nervousness.
This was the first baseball game to be played in rural Shanxi Province, several hundred miles west of Peking, since the sport was banned following the 1949 revolution. 
Some baseball equipment had been found locked in a closet in the field house of the agricultural university where I was teaching.
''Must have been left here by some American missionaries,'' said the student who had brought the equipment to my office. 
Several cloth softballs, their wrappings yellow with age, rocked gently on my desk. 
The dry climate had also preserved the stubby baseball gloves and kept the slim bats from rotting.
First we talked about getting up a game. 
But, as so often happens in China, politics threatened to get in the way. 
Baseball had been introduced to China by American missionaries in the 19th century. 
Because of this association with the West, the Chinese Communists had denounced baseball as a bourgeois and decadent sport. 
Although the Chinese government was now seeking rapprochement with the West, change comes slowly to backwater regions like Shanxi Province. 
The student hemmed and hawed, unwilling to take responsibility for organizing the game. 
And so it fell to me. 
I scheduled the game for the following Sunday, telling only selected friends. 
If threatened by the authorities for playing baseball, they could always say they did it to please me, a visiting American English teacher who could not be punished for political mistakes.
So it was that one nippy afternoon a few years ago, baseball returned to Shanxi. 
Two dozen players gathered on a rutted yellow dirt field at the back of the small campus. 
A major road cut by the field, leading to a college store and a gate, beyond which peasants sold their produce in an open market.
One elderly player, a retired gym teacher, had umpired a few games in the 1940's, and could still say ''ball'' and ''strike'' in English. 
He explained the rules, or what he remembered of them, to the other players. 
And by dribbling lime powder from a paper bag, he marked off a rough diamond on the school athletic field.
My team batted first. 
A powerful tractor driver named Zhang from Manchuria stepped into the batter's box. 
He swung hard at an inside pitch and met it squarely. 
The bat, brittle with age, split in two and rifled back over our heads. 
Zhang stared at the stump of wood left in his hand and then took off for third.
''No!
No!,'' we screamed from the sideline. 
''Run to first!''
Zhang wheeled sharply and charged diagonally across the diamond. 
He collided with the pitcher. 
But scrambling on his hands and knees, he made it to first and stood up triumphant, yellow dust billowing from his once blue clothing.
The next batter, a graduate student named Liu, sauntered up to the batter's box. 
He spat on the ground and mashed the spittle into the earth. 
Then he deliberately twisted his blue Mao cap around so the brim covered the nape of his neck. 
''I saw an American player do this on television,'' he said.
Liu hit a grounder. 
He rounded first just as the first baseman caught the ball. 
Liu headed for second, the first baseman chasing after him with the ball. 
Meanwhile, Zhang had stopped at second, probably assuming that players progress only one base at a time. 
Liu barreled into him. 
They took the first and second basemen down with them.
A wheat specialist named Mei was up next. 
He said he was an old hand, having played baseball in missionary school in the 1940's. 
He was very short, and by crouching down he practically eliminated his strike zone. 
He got to first on a walk.
By now the game was attracting quite a crowd. 
Peasants and students were swarming onto the field. 
In China, when people see a line, they stand behind it. 
So here they stood on the edge of the infield. 
When our team took the field, I played shortstop. 
I tried to explain to the hundreds of people standing between second and third that this was dangerous. 
But the sight of a tall foreigner waving his arms and speaking Chinese only caused the crowd to swell.
A line drive was hit to third. 
I dove into the crowd, knocking over bicycles and trampling on feet in a frenzy to get the ball. 
But it seemed to have vanished. 
Finally someone tapped me on the arm. 
It was an old peasant woman tottering on bound feet, her cracked lips spread wide in a toothless grin. 
Her hands were raised to me as if offering tea. 
But she was proffering the softball instead.
The old woman was luckier than a student who was beaned a short time later by a pop fly. 
As the ball plummeted down, the crowd in the outfield scattered as if being strafed by a fighter plane. 
But one student hesitated for a moment and the ball thudded down on her. 
She fell to the ground clutching her head to ward off any further attacks. 
After that, people decided that maybe it was wise to move to the sidelines.
The game continued for four more innings. 
The most dramatic play was made by a boiler repairman playing right field who stopped the ball from rolling into the outhouse cesspool. 
The final score was 10-10; all the runs scored on errors.
For several days afterward, we nervously awaited a reaction from the authorities. 
But no wall posters appeared condemning baseball. 
At the weekly political study session, the game was not mentioned. 
In China, no reaction means tacit approval. 
We began playing baseball every Sunday afternoon.
Soon, the workers in a nearby herbal-medicine factory organized a team and challenged us. 
Then a chemical fertilizer plant got up a team and joined the competition. 
By summer, 10 teams were battling each other. 
And with each game, more baseball equipment kept turning up. 
It was like the equipment I had seen on my desk in the early spring, old and worn after having been locked away, presumably forever.",3,team,REAGAN,Reagan (1981-1988),CATEGORY_3,"nba, won, league"
VOLLEYBALL_U.S. Women Beat China in Volleyball.txt,"ï»¿
The United States women's volleyball team remained undefeated, beating China tonight in four games.
The United States won the match, 15-13, 7-15, 16-14, 15-12.
US women's volleyball team remains undefeated, beating China in four games; Japan trounces Canada to finish pool play with perfect 3-0 record; South Korea finishes with 1-2 record; Canada finishes at 0-3 (S)The Americans overcame a 13-9 deficit in the crucial third game. 
It was China's first loss.
Japan trounced Canada, 15-6, 15-6, 15-6, today to finish pool play with a perfect 3-0 record in the women's volleyball competition at the Olympic Games.
Japan needed only 59 minutes to beat Canada and finish as the Pool B champion. 
Peru (2-1) earned the other Pool B medal round berth by outlasting South Korea, 15-8, 15-6, 7-15, 6-15, 15-13.
South Korea finished pool play with a 1-2 record. 
Canada finished at 0-3.
The setting of 18-year-old Kumi Nakada and the hitting of Yuko Mitsuya and Kimie Morita sparked the Japanese team to its convincing victory.
Japan scored the first 6 points of the match and was never in trouble after that.
Asked about his team, Japan's coach, Shigeo Yamada, said, ''Right now, our cooperation and level of play is definitely headed in the right direction.''
In Sunday night's medal round, Japan will play China. 
Peru will meet the United States.
The winners of Sunday's night's matches will play for the gold medal Tuesday night after the losers compete for the bronze.
South Korea took a 5-1 lead in the fifth game, but Peru came back and got the match-ending point on a kill by the 20-year-old left-handed standout Cecilia Tait.
In a Pool A match played tonight before the United States and China met, West Germany (1-2) defeated Brazil, 15-9, 16-14, 15-11.",3,team,REAGAN,Reagan (1981-1988),CATEGORY_3,"nba, won, league"
Yugoslavia Takes Table Tennis Title.txt,"ï»¿
Yugoslavia regained the men's double title from China today at the 37th world table tennis championships. 
Dragutin Surbek and Zoran Kalinic defeated China's Xie Saike and Jiang Jialiang, 21-15, 19-21, 20-22, 21-17, 22-20.
TOKYO, May 8 (UPI) - Yugoslavia regained the men's double title from China today at the 37th world table tennis championships.Yugoslavia won the doubles title at the 35th championships held in Pyongyang, capital of North Korea, in 1979. 
But China took back the title in 1981 in Novi Sad, Yugoslavia, in the course of its unprecedented clean sweep of all seven championships at stake.
Eric Boggan, the 19-year-old North American champion from Merrick, L.I., who had the best performance for the United States in 25 years, was eliminated by the top-seeded defending champion Guo Yuehua of China, 19-21, 14-21, 16-21, in the fourth round of the men's singles.
The Chinese women won the doubles competition as Shen Jianping and Dai Lili defeated Geng Lijuan and Huang Junqun, 23-21, 21-12, 15-21, 10-21, 21-16, in an all-Chinese final today.
Earlier, China retained both men's and women's team titles.",3,team,REAGAN,Reagan (1981-1988),CATEGORY_3,"nba, won, league"
_84 OLYMPIC EFFORT A GREAT LEAP FORWARD FOR CHINA.txt,"ï»¿
PEKING WHEN China went to its first Olympic Games, in Los Angeles in 1932, its squad consisted of a 100- meter sprinter, who was eliminated in the trials, and his coach.
Fifty-two years later, China is returning to Los Angeles with an Olympic squad of 200 athletes and 100 coaches, doctors and other officials. 
''So after a half-century, the number of people has increased 150 times,'' Wu Zhongyuan, the spokesman for the Chinese Olympic Committee, quipped recently.
The Chinese admit that they do not expect to do very well. 
But their participation in the 1984 Olympics marks the most significant step yet taken toward Peking's announced goal of developing into a major sports power by the end of the century.
China's hopes for a respectable showing, and maybe even a gold medal, are focused on the Summer Games at Los Angeles. 
Only 40 Chinese are going to the Winter Games next month at Sarajevo, Yugoslavia, to compete in the Alpine and Nordic skiing, speed and figure skating and biathlon. 
The hockey team is being kept home. 
The Chinese sports newspaper has conceded that in winter sports ''China is still a long way from the advanced world levels.''
China intends to compete in 15 events at Los Angeles, with selective strengths in track and field, weight lifting, gymnastics and women's volleyball. 
It will be the first time that the Communist mainland will be represented at an Olympics by a full contingent of athletes.
Some Chinese swimmers showed up late at the Helsinki Olympics in 1952 to put in a desultory showing. 
China was readmitted to the Olympic movement in 1979, and it sent a small team to the 1980 Winter Games at Lake Placid, but it joined the boycott of the subsequent Summer Games in Moscow to protest the Soviet intervention in Afghanistan.
With its propensity for slogans, China has coined a militant challenge for sports: ''Break out of Asia and advance on the world.''
It has already come a long way. 
China had a weak sports tradition and was debilitated by famine, war and revolution well into the 20th century. 
After the Communists took over in 1949, they began developing organized sports, but the effort unraveled when radical politics took priority during the 1966-1976 Cultural Revolution.
''Before the Cultural Revolution, we were doing quite well,'' recalled Li Pingta, an official of the All-China Sports Federation. 
''Our weight lifting, track and field and swimming were all good. 
Due to the cultural revolution, some of these were dragged back down again.''
Sports have been revived under the pragmatic regime of Deng Xiaoping, China's current leader. 
The Government claims that 300 million Chinese, nearly a third of the population of 1 billion, now engage in some kind of physical training.
Children are being selected early for their potential and sent after classes to thousands of ''spare-time'' sports schools, a less intense version of the Soviet sports-training machine. 
And the five proficiency grades for athletes, borrowed from the Russians in 1956, and dropped 10 years later, have been restored for 37 sports categories.
Li Menghua, the minister in charge of the State Physical Culture and Sports Commission, told a conference last March that the goal of China's physical culture in this century was to produce athletes with both sportsmanship and outstanding skills who would rank China among the major world sports powers by the year 2000.
Some of the sports that China does best, like table tennis, badminton and kung fu, are not yet recognized as Olympic events. 
Mr. Wu said that Chinese athletes had reached world competition levels in only a third of some 40 popular sports.
''Except for a few events, our track and field is weak,'' Li Pingta said. 
''Swimming on the whole is weak. 
Of course, everyone knows our soccer team cannot break out of the pack in Asia. 
This is something everybody is concerned about.''
Ironically, China, which has the most bicycles in the world, also does poorly in cycling. 
''In China, we take cycling as a means of transport,'' Mr. Wu explained.
The Chinese have not been hesitant about importing foreign expertise. 
An American skier quietly helped coached the ski team. 
A Bulgarian has taught rhythmic gymnastics, and a Brazilian is being brought in to coach the lackluster soccer team.
In the race to catch up, China has joined 46 international sports organizations, according to Mr. Wu. Chinese athletes began to dominate regional competition by capturing 61 gold medals at the 1982 Asian Games in New Delhi. 
China has applied to hold the 1990 Asian Games in Peking, and plans to build new sports facilities if it is chosen.
China used to denigrate the importance of winning with the old Maoist motto, ''Friendship first, competition second.''
Now its athletes are taught that victories are necessary to earn respect for China in the eyes of the world.
''We'll require our sportsmen to get the best achievements and win honor for the motherland, and our players are determined to do so,'' said Li Pingta, in discussing China's attitude toward the Summer Olympics.
China's best chance for a gold medal at Los Angeles is Zhu Jianhua, a lanky Shanghai student who broke the world record for the high jump twice in 1983. 
The 20-year-old Zhu cleared 2.38 meters (7 feet 9 3/4 inches) at the National Games last September in Shanghai. 
The Chinese press has treated the Shanghai Games as a dress rehearsal for the Olympics.
Although Zhu remains the world champion high jumper, it is uncertain how well he will do under the pressure of international competition, since he took only a bronze medal at the world track and field championships in Helsinki last August.
Another hopeful is Wu Shude, a 24- year-old weight lifter in the 56-kilo class who set a world record by snatching 128 kilos (281.6 pounds) at Shanghai. 
China also has some strong divers, like Li Yihua and Tan Liangde. 
Li Qiaoxian, a 16-year-old diver, was recently identified as a new star by the Chinese youth newspaper.
With Li Ning and Tong Fei, China is fielding its best men's gymnastic team, which beat the Soviet team to capture the team title at the world gymnastics championships in Budapest last October. 
The women's volleyball team, which took two world championships in a row, is also a serious contender. 
Its strongest player, Lang Ping, has been nicknamed The Hammer for her powerful spikes.
But the Olympic committee has played down the likelihood of a strong showing. 
Wu Zhongyuan told reporters: ''We predict that we will not get good results. 
We predict that we will do better in shooting, women's volleyball, diving, some track and field, weight lifting, fencing and gymnastics and maybe in archery. 
As for the other events, we still have quite a distance to catch up.''
China's Olympic team theoretically still has to be selected, but the principal criteria are the performances at Shanghai last September. 
Mr. Wu said that the athletes chosen would meet in Peking next April to begin final training. 
''There is a half- year left before the Summer Games, so our athletes will still have a lot of international competition,'' he said.
China expects to spend 3 million yuan, about $1.5 million, on its participation in the Winter and Summer Olympics, according to Li Guochang, the director of the secretariat of the Chinese Olympic Committee.
Mr. Li said that this covered training, accommodation and travel expenses for the athletes. 
He did not specify whether this budget included services supplied by state-run organizations such as China's airline, C.A.A.C. 
(Civil Aviation Administration of China). 
By comparison, the United States Olympic Committee budget is $80.1 million.
Chinese athletes have not been exempted from ideological obligations. 
A Peking newspaper reported not long ago that the swimming team was studying the writings of Deng Xiaoping as part of its preparation. 
Mr. Wu explained: ''Every day the swimmers will take a half hour or an hour. 
That's not the whole day.''
Mr. Wu said that the Olympic athletes would be educated in Socialist spiritual civilization, a patriotic concept of behavior that rejects Western values, before they went to Los Angeles. 
He recalled that the high jumper Zhu Jianhua has undertaken political study.
This is intended partly to discourage embarrassing defections. 
After the tennis player Hu Na was given political asylum in the United States in 1982, China angrily suspended official bilateral sports and cultural exchanges for the next year.
Mr. Wu insisted that ''we are not afraid,'' because China held the United States responsible for preventing such incidents as part of the security measures for the Summer Games.",3,team,REAGAN,Reagan (1981-1988),CATEGORY_3,"nba, won, league"
A Hint of Doubt In Every Shiny Medal.txt,"ï»¿
Anybody who follows sports has long become inured to the-dog-ate-my-homework stories emanating from athletes whose bodily fluids have yielded a trace of one substance or another. 
It tends to make us all a tad suspicious.
Back in 1998, for example, an Olympic snowboarder from Canada who tested positive for marijuana vaguely remembered walking into a party weeks earlier where somebody might have been smoking. 
The authorities took away his gold medal -- mostly for not being able to come up with a better story than that. 
(The snowboarder, Ross Rebagliati, eventually got his medal back after it was determined the rules were not specific enough about the consumption of marijuana.)
America's career home run leader, Barry Bonds, once reportedly tested positive for amphetamines and explained that he had borrowed them from a teammate's locker. 
The teammate called him on it and, fine fellow that he is, Barry recanted.
Some soccer countries lop a few years off players' ages so they can ace a junior tournament. 
Make the guy shave three times a day and hope he doesn't get caught.
The Beijing Games have had minimal drug busts, so far -- except for the traces of illegal chili pepper on four horses competing in Hong Kong, that is -- but the big question is whether the Chinese gymnasts were under age.
The gymnastics chickens still may come home to roost. 
On Friday, the International Olympic Committee said it was looking into accusations that a few medal-winning Chinese gymnasts might have been younger than 16. 
This minimum exists to keep little children from being exploited by manipulative coaches and twisting their bodies out of kilter. 
Over 16, it's fine.
At the end of July, The New York Times reported the possibility of evidence that He Kexin and Jiang Yuyuan were really 14 and not 16. 
One could argue that they both look 12, but the documents submitted by the Chinese federation says they are 16. 
There are also doubts about Yang Yilin.
After the gymnastics competition ended, the I.O.C. requested more information from the Chinese about the gymnasts. 
This is not an inquiry or an investigation, the I.O.C. insisted. 
Just a request.
''We have asked the gymnastics federation to look into a number of discrepancies,'' said Giselle Davies, the I.O.C. spokesperson, who said the federation was cooperating in the matter.
James Scherr, the chief executive officer of the United States Olympic Committee, said, ''We believe in fairness to all athletes.''
He said he did not know if there was a statute of limitations on potential chicanery, and he said the U.S.O.C. certainly had no plans to hire a gumshoe to pull birth certificates from town halls in rural China.
From the Chinese perspective, Wang Wei, a spokesman for the Beijing organizing committee, said: ''The athletes have been cleared. 
If they hadn't been, they would not have been allowed to compete.''
All well and good, but Beth Tweddle of Britain, who finished fourth in the uneven bars final, could theoretically be given a medal if He, who won gold, or Yang, who won bronze, should ever be busted for being under age. 
Ksenia Semenova of Russia finished fourth in the all-around finals, with Yang third. 
And the United States women finished second in the team competition, behind the Chinese team, which included He, Jiang and Yang.
Meanwhile, the Olympic sport that has generated the most bans, suspension and lost medals -- track and field -- has been thrilling this last week mostly because Usain Bolt of Jamaica broke world records in the 100- and 200-meter sprints.
There is no suggestion that Bolt, who has been tested a minimum of five times, is under suspicion of having used drugs. 
But in that sport, just about anybody who improves drastically is under suspicion.
Some of the Jamaican women, who have come from nowhere in recent months, train on their island, which does not have an international testing laboratory. 
Gaps like that leave everybody, including the innocent, under suspicion.
''I think we can never stop cheating, but I think 99 percent, or 99.9 percent, are clean,'' said Frankie Fredericks of Namibia, a member of the I.O.C. and chairman of the athletes' commission. 
Fredericks, who won double silvers in the sprints at the 1992 and 1996 Games, said, ''I'm happy with the testing.''
Most definitely not happy with the testing are four riders whose horses tested positive for chili pepper at the Olympic equestrian center in Hong Kong. 
The four horses and their riders were suspended from Olympic show jumping Thursday after preliminary tests indicated the presence of capsaicin, a mild stimulant widely used in ointments for horses. 
More tests are scheduled in the next month.
The imaginative explanation -- I can see a few cyclists I know coming up with this one -- is that the horses accidentally got downwind from a large tray of curry. 
But the more prosaic excuse is that the portion of capsaicin was slightly higher than normal in ointment used on the horses.
In past Olympics, athletes have been disqualified because of asthma or cold medicine they said they had used innocently, but lately the testing has been upgraded, with the support of many of the athletes.
Ramped-up testing is a good sign. 
Skeptic that I am, I am waiting for the ramped-up alibis as well.",4,team,GWBUSH,GW Bush (2001-2008),CATEGORY_3,"nba, won, league"
A Journeyman_s Most Harrowing Trip.txt,"ï»¿
THE bus was old, hot, cramped and slow as a herniated snail. 
A ride that should have taken 3 to 4 hours took a harrowing 13.
An international journey embarked on more than a quarter century ago, ignited by a young boy's fascination with round objects, mainly a basketball and the globe, took an unscheduled detour last month through a Middle East war zone.
''Only the most optimistic person alive would have called it intimate,'' that boy, now 57, said earlier this week during a telephone interview from a hastily arranged sanctuary in Amman, Jordan. 
Meet Paul Coughter, coach of the Lebanese national basketball team and citizen of the world, by way of Flatbush, Brooklyn.
Meet the American who engineered his players' escape from the mountains outside besieged Beirut, through a convoluted and imperiled passage north, to Syria, then south, to Amman, on the way to the World Championship of Basketball beginning next week in Japan.
''The crisis began five days after we started our training camp,'' Coughter said. 
''After two days, we sent the players home to be with their families. 
Then we realized if we didn't get out, we never would.
''I think we got the last bus in Lebanon. 
We were in our own mini-world, trying to block out everything, barely anything to eat, stopping at gas stations, places where people would say, 'Ten minutes ago, a bomb landed over there.'
They'd say, 'Look at that, it's still smoldering,' and then we're back on the bus, trying to convince ourselves that because one had already landed, it couldn't happen again.''
Do you think Larry Brown has had a peripatetic career?
Over 27 years, Coughter has coached on six continents, has stalked professional sidelines from Australia to Saudi Arabia to Taiwan, has also run the national teams of South Africa, Pakistan and Wales.
Do you believe Brown faced prohibitive odds with last season's Knicks?
Coughter's manager and trainer both stayed behind last month to tend to their families, and his American-born center, Paul Khoury, was marooned in Idaho, unable to renew his Lebanese visa, when the Beirut airport was bombed. 
His best player, Fadi El Khatib, wouldn't leave the country unless there was room on the bus -- which was made -- for his wife and young child.
Want to hear the N.B.A. soldiers of fortune whine about the wider lane and mysterious refs when the Lebanese are dealing with the rules of war?
For a team with aspirations normally no more grandiose than winning a game or two at the gathering of the world's basketball powers, there have been scant practices and serious sleep deprivation and incalculable stress.
Even Coughter, the globetrotting bachelor, the avowed adventurer who promises to retire soon and sail the world for the rest of his years on a custom-built yacht, called this latest chapter of A Coach's Life ''beyond bizarre.''
Lucky for him, he has never evaluated his career by the number of championships won, by the size of his paycheck. 
Ask for personal highlights and he tells of exploring an exotic island in New Zealand, of bunking with a Chinese family in Zimbabwe, of sipping coffee while gazing at the Mediterranean from the balcony of his most current address, the Zouk Hotel, 20 minutes from Beirut.
Coughter was born into a large Irish Catholic, basketball-loving Brooklyn family, his father having played at Erasmus Hall High School and his older brother for Joe Mullaney at Providence College. 
He remembers launching his first shot from his father's shoulders in Prospect Park, learning the game and using it to facilitate the ultimate road trip.
''It's like Larry Bird once said: 'Don't tell anyone, but I'd do this for free,' '' Coughter said. 
''For me, the whole thing is experiential.''
How else to describe the itinerary, from Lebanon to Syria to Jordan to Turkey to Slovenia, back to Jordan, on the way to the Philippines this week and then Japan to, as Coughter put it, ''carry the Lebanese flag at a time the country needs to be seen''?
When the United States is perceived in the Middle East to be the power behind the invading Israelis, here is an American at a helm, with an Iraqi assistant, Koussay Hatem, who is married to a Lebanese woman and said in a telephone interview that he ''must call home three, four, five times a day to see if everyone is O.K.''
In every direction is a political tinderbox that a wise and wandering Yankee, dependent on the kindness and employment of strangers, knows enough to leave alone. 
As Coughter said, ''One of my best friends in Beirut is from a family that is Hezbollah. 
We talk about basketball and women.''
On the road, the Lebanese players and even Joseph Vogel, an American who has played professionally in the country long enough to become nationalized, discuss the war, but mostly as it relates to the future beyond Japan.
''The way it's going right now, who knows if Lebanon will even be open when the world championships are over?'' said Vogel, a former player at Colorado State. 
''For me, it's a career at stake. 
For most of these guys, it's a country.''
The coach recommends focus on the task at hand, on the journey, always the journey.
Coughter, in fact, will leave Japan the day after the last game to meet the country's junior team, which he also coaches, for the Asian championships. 
He will take three flights to reach a Chinese city near the Mongolian border. 
The way things are going in Lebanon, he may not get paid, but don't tell anyone, he'd do it for free.",4,team,GWBUSH,GW Bush (2001-2008),CATEGORY_3,"nba, won, league"
A Stumble and a Lost Opportunity for Ohno to Defend His Gold Medal.txt,"ï»¿
It was a lighter Apolo Anton Ohno who stepped onto the ice at the Palavela on Sunday to defend his Olympic 1,500-meter title. 
A strict diet was the tool he used to chisel his body, but in the four years since the Salt Lake Games, Ohno had also shed his bad-boy image and lost his appetite for celebrity.
He had one thing left to shed, and that was the label of disputed Olympic champion. 
If Ohno could sidestep controversy and claim another gold medal by beating a field that included the three-time world champion Ahn Hyun Soo of South Korea, his Olympic legacy would be incontestable.
It did not happen. 
In a semifinal, Ohno stumbled on the last curve before the bell lap and failed to advance to the ''A'' final.
In 2002, Ohno crossed the finish line after Kim Dong Sung of South Korea but was awarded the gold medal after Kim was disqualified for illegally blocking Ohno as Ohno tried to pass him toward the frenetic end of the 13 1/2-lap race.
The South Koreans reacted strongly to Kim's disqualification and tried to have it overturned. 
For a long time afterward, enmity for Ohno simmered in South Korea.
Ahn has succeeded Kim as the fastest skater in the world's foremost short-track speedskating nation. 
Ahn and Ohno going for the gold promised to be an intriguing storyline. 
At Salt Lake City, it was contact by Ahn that sent Ohno sprawling in the 1,000-meter final and cost him the gold. 
He slid across the finish line on his side to salvage the silver.
There would be no controversy Sunday, because there would be no showdown. 
Ohno won his qualifying heat with ease and had looked satiny smooth in his semifinal right up until the moment he jostled with Li Ye of China.
The top two finishers would move on to the ''A'' final. 
Ohno was second, behind Li, but decided not to play it safe. 
Some people thought he had skated too tentatively in the 1,500-meter final in 2002 after his spill in the 1,000. 
Determined to rewrite his Olympic history, Ohno went for broke. 
He skated wide to overtake Li, and they bumped. 
Ohno's left hand became tangled with Li's skates, and he nearly went sprawling.
''I thought I was in great qualifying position,'' he said. 
''I had a bit of contact with the Chinese skater, and it caused me to go too far forward on my skates. 
I lost a lot of speed, and that was pretty much the end of it.''
Ohno somehow regained his balance and finished fourth out of six skaters. 
Ahn went on to win the gold medal. 
Another South Korean, Lee Ho Suk, who has not finished lower than third in the event in World Cup competition this season, claimed the silver medal. 
Li JiaJun of China was third.
The 23-year-old Ohno was left to contemplate what might have been.
''I wanted to make that final,'' he said. 
''I've brought everything to the table at these Games. 
I've prepared myself physically and mentally the best I can. 
I was really looking forward to trying to get on the podium for the United States.''
Ohno's result was the final flake in a snowballing day of disappointment for the United States, which saw the skiers Daron Rahlves and Bode Miller finish out of the medals and the figure skater Michelle Kwan withdraw from the competition with a groin injury.
Ohno thought his night was over, but he was wrong. 
He was among the skaters who qualified for the ''B'' final. 
He almost missed the race, appearing on the ice as the skaters were being introduced. 
He frantically shed his blade guards and skated to a third-place finish in the ''B'' final and an eighth-place finish over all.
''I didn't even know I was racing,'' Ohno said. 
''I came sprinting out of the locker room with my skates on. 
They weren't even sharpened.''
He was held up near the entrance to the ice by an extra-vigilant security guard.
''They see some crazed skater come onto the ice, they're like, who is this guy?''
Ohno said. 
''It could have been a fan or something.''
No, just a former Olympic champion.
''What happened today doesn't change anything that happened four years ago,'' said Ohno, who will race in three more events. 
''I still feel like I'm a great skater and an Olympic champion.''
His girlfriend, Allison Baver, watched his race from the wings. 
She had just advanced to the quarterfinals of the women's 500 meters but was in no mood to celebrate.
''It really breaks my heart to see,'' she said when asked about Ohno's semifinal stumble. 
''Because I know he's the best skater in the world.''
Alex Izykowski of the United States had been eliminated in the semifinal immediately before Ohno's. 
He watched the race and felt, he said, ''the same as the whole country.''
And how would that be?
''A little disappointed,'' he said. 
''He's such a good skater, and he should be on the podium no matter what.''
He added: ''But I don't know. 
It's short-track. 
That's what they always say.''
(Photo by Goh Chai Hin/Agence France-Presse -- Getty Images)",4,team,GWBUSH,GW Bush (2001-2008),CATEGORY_3,"nba, won, league"
A Third Chinese Gymnast_s Age Is Questioned.txt,"ï»¿
With the start of the women's gymnastics competition less than one week away, questions are again being raised about the age of a Chinese gymnast scheduled to compete at the Beijing Games.
Yang Yilin, a top contender for gold in the all-around and the uneven bars, could be 14 instead of the minimum age of 16, The Associated Press reported Sunday.
She is the third of six Olympians on the Chinese women's gymnastics team whose age has been questioned in the lead-up to these Olympics.
Registration lists from 2003 to 2006, previously posted on the Web site of the General Administration of Sport of China, said Yang was born on Aug. 
26, 1993, which means she will turn 15 later this month. 
Gymnasts must turn 16 during the year of the Olympics to be eligible to compete in the Games.
On the 2007 registration list, Yang's birthday changed to Aug. 
26, 1992, suddenly making her old enough for the Olympics, The A.P. said.
Chinese gymnastics officials have not yet addressed the question of Yang's age. 
Jacques Rogge, the president of the International Olympic Committee, said in a news conference Saturday that age eligibility was not an I.O.C. issue, and that the International Gymnastics Federation, known by the acronym F.I.G., is in charge of making sure gymnasts are old enough to compete.
The F.I.G.'s secretary general, Andre Gueisbuhler, told The A.P. that he would not comment about Yang's age because he had not seen the paperwork.
Just last week, questions were raised about the ages of two of Yang's teammates. 
The New York Times reported that online records listed the gymnasts, He Kexin and Jiang Yuyuan, as being too young for this Olympics, perhaps as young as 14.
A national registry of gymnasts, which had been blocked online but was viewable through Google cache, listed He's birthday as Jan. 
1, 1994. 
That date was also listed for her on a registration for an intercity competition in Chengdu, China.
Jiang was born on Oct. 
1, 1993 and is not yet 15, according to a listing of junior competitors from the Zhejiang Province sports administration. 
The list of athletes included national identification card numbers into which birth dates are embedded. 
Chinese officials have produced passports showing that He and Jiang are 16, making them old enough to compete at the Games.
Giselle Davies, an I.O.C. spokeswoman, said on Saturday that the I.O.C. had been in touch with the F.I.G. and the Chinese Olympic Committee. 
''From our perspective, this has been cleared up,'' she said.
METS MINOR LEAGUER LEADS U.S. 
The Mets minor leaguer Brandon Knight struck out 10 batters and the United States Olympic baseball team hit four home runs in a 9-1 win over Canada in an exhibition game in Durham, N.C.
Knight, who at 32 is the oldest player on the United States roster, allowed two hits in five innings. 
He struck out six in a row before Emmanuel Garcia -- the last batter he faced -- flied out to center. 
(AP)
MEMMEL INJURES ANKLE The United States gymnast Chellsie Memmel hurt her right ankle while training on the floor exercise Sunday but is still expected to participate in the Olympic team competition next weekend.
The USA Gymnastics president, Steve Penny, said in a statement that Memmel's status was being monitored daily. 
The United States women will start team qualifying Sunday. 
(AP)
BRYANT SAVES U.S. 
MENKobe Bryant provided the offense in the United States men's basketball team's first defensive struggle of the pre-Olympic season, scoring 11 of his 19 points in the third quarter of an 89-68 victory against Russia in Shanghai.
The capacity crowd of 14,523 clearly favored the United States, and Bryant was clearly was the fans' favorite player. 
They chanted ''M-V-P'' when he went to the free-throw line and booed when he was called for an offensive foul in the second quarter.
Carmelo Anthony added 17 points in what was by far the United States' most competitive tuneup for the Olympics. 
(AP)
WOMEN STRUGGLE IN WIN Sylvia Fowles scored 8 of her 13 points during a late fourth-quarter run to lead the United States women's basketball team to an 84-74 victory over Latvia in the FIBA Diamond Ball tournament in Haining, China.
Unlike past United States women's teams, this group has not had much playing time together because of injuries, overseas commitments and the W.N.B.A. season.
''We're still a work in progress,'' United States Coach Anne Donovan said. 
(AP)",4,team,GWBUSH,GW Bush (2001-2008),CATEGORY_3,"nba, won, league"
Adoptee Returns to China And Helps U.S. Team Win.txt,"ï»¿
SuGui Kriss always wanted to return to China to rediscover her roots and perhaps leave her mark on the country.
She marched into the Bird's Nest last weekend for the opening ceremony of the Beijing Paralympics, representing the United States as a member of its sitting volleyball team.
Her early life in southern China was that of an abandoned infant who was raised in an orphanage in Kunming until she was adopted at age 8 by the Americans Charles and Marilyn Kriss.
''SuGui goes from a forsaken situation to marching into the Bird's Nest in front of 90,000 fans,'' Charles Kriss said. 
''It's a great testimony.''
If Paralympic organizers were looking for an exemplar among the 4,000 athletes in these games, the 21-year-old SuGui Kriss would be among them. 
She has overcome her share of problems -- and she has a powerful serve.
According to her coach and parents, the Paralympics have taken a slightly shy girl and given her confidence, a more outgoing personality and a chance to return with a Paralympic medal to her home in Albany.
The United States team finished with a 2-1 record in pool play and will face the Netherlands on Friday in the semifinals. 
The Americans won the bronze four years ago in Athens, and a victory against the Dutch would put them into the gold medal game -- probably against China. 
The Americans' only loss was to China, the defending Paralympic champions.
In Wednesday's 25-12, 25-17, 25-11 victory over Latvia, Kriss had 4 points serving, her first of the tournament.
In other action Wednesday, Britain won three gold medals in track cycling, solidifying its spot behind China, the leader, in the medal standings.
China leads the medal table with 24 gold and 77 over all. 
Britain has 21 gold and 43 over all, followed by the United States with 15 and 34.
Britain has earned 12 gold medals in cycling, the most of any team. 
Sarah Storey of Britain won the individual pursuit cycling race for her disability class, and the American Barbara Buchan won in her class.
Britain's Anthony Kappes, Barney Storey and Ben Demery won the sprint final, and Darren Kenny, Mark Bristow and Jody Cundy took the team sprint.
Of the 12 medal events in swimming, Russia, Britain and the United States each won two gold medals.
TWO BARRED FOR DRUGS The German wheelchair basketball player Ahmet Coskun failed a doping test that was conducted before the Games.
German officials said Coskun's urine test on Aug. 
23 showed the presence of the banned substance finasteride. 
The substance is used as a treatment for baldness, but it can mask steroids.
Earlier this week, the Pakistani powerlifter Naveed Ahmed Butt was barred for two years after testing positive for steroids.",4,team,GWBUSH,GW Bush (2001-2008),CATEGORY_3,"nba, won, league"
Australia_s Track Team Will Skip Ceremony.txt,"ï»¿
Australia's track and field authorities announced they will not allow their team to march in the opening ceremony at the Beijing Olympics because of fears the city's smog may harm the athletes.
Instead, the team will spend the first week of the Games in Hong Kong because track and field events do not begin until the second week, The Associated Press reported Monday. 
Australian authorities portrayed the decision as a logistical rather than a health issue, but nevertheless expressed their concerns about the smog.
''Anything more than five or six days and they inevitably end up with some sort of respiratory problem,'' the Athletics Australia performance manager, Max Binnington, said of his athletes.
The Chinese press, including the official government news agency Xinhua and the official Olympics Web site, has so far kept mum about Australia's decision.
Some Australian athletes are unhappy about missing the opening ceremony.
''It would have been nice to come to some intermediary solution,'' the heptathlete Kylie Wheeler told The Sydney Morning Herald.
Slow Time for Pistorius
At the German International Championships for Disabled Athletes in Berlin on Saturday, the South African double-amputee sprinter Oscar Pistorius ran the 400 meters in 49.16 seconds. 
That was more than three seconds slower than the 45.95 he needs to qualify for a provisional spot at the Beijing Games, and well short of his personal best of 46.34, set last year.
Pistorius, who uses special carbon-fiber blades, last month won the right to compete for an Olympic berth. 
He said after the race that he was not discouraged by the result.
''This is normal at this stage of training,'' Pistorius said, referring to his push to return to form after devoting several months to his successful appeal after track and field's governing body barred him from competing for an Olympic spot.
''My Olympic effort may be postponed, but it won't be ended,'' he told Reuters. 
''If I don't make it in 2008, I'll go for 2012.''
An American for Russia
The decision of the American W.N.B.A. star Becky Hammon to play for Russia at the Olympics is causing a ruckus.
The United States Olympic team coach, Anne Donovan, told ESPN, ''If you play in this country, live in this country, and you grow up in the heartland and you put on a Russian uniform, you are not a patriotic person in my mind.''
And yet, Donovan had not listed Hammon as a prospect for the United States team, even though Hammon was a runner-up for the Most Valuable Player award in the W.N.B.A. last season.
In the summer, Hammon plays for the San Antonio Silver Stars of the W.N.B.A., but in the winter, she plays for a Russian pro team, CSKA Moscow.
Earlier this year, she applied for and received dual American and Russian citizenship so that CSKA would not have to use one of two allotted ''import'' spots on its roster, a common move in international sports.
United States sports federations routinely allow foreign-born and -trained athletes to apply for citizenship and compete for Olympic spots.
Donovan said she found Hammon's switch ''unfathomable.''
Hammon told The Seattle Times: ''I know how I feel about my country. 
I'm very proud of what America represents to the world. 
But this is a basketball game. 
This is not life or death.''
Israeli Tests Positive
One of Israel's top hopes for a medal at the Summer Games, the sailor Udi Gal, faces a possible suspension from the International Sailing Federation after testing positive for finasteride, the main ingredient in the antibaldness drug Propecia. 
To receive a waiver, athletes must seek permission in advance from the World Anti-Doping Agency.
The Israeli newspaper Yedioth Ahronoth reported Gal's test result. 
If a follow-up test is also positive, Gal would face disciplinary action that could include suspension from the Games.
Gal, 29 , is also head of Israel's Olympic Sportsmen Committee. 
Although finasteride is not classified as a performance-enhancing drug, it is restricted because it can mask steroid use. 
Gal said he was taking the drug to treat hair loss.",4,team,GWBUSH,GW Bush (2001-2008),CATEGORY_3,"nba, won, league"
Awards In Ballet To China And U.S.txt,"ï»¿
Chinese and American dancers were the top medalists in the 2002 USA International Ballet Competition, which ended on Sunday in Jackson, Miss.
In the senior category, for dancers aged 19 to 26, the winners were Wu Haiyan of China (women's gold); Li Jun, China (men's silver); Sarah Lamb, United States (women's silver); Mikhail Ilyin, Russia (men's bronze); and Katia Carranza, Mexico (women's bronze).
In the junior category, for dancers 15 to 18, the winners were Joseph Phillips, United States (men's gold); Danny Tidwell, United States (men's silver); Sarah Kathryn Lane, United States (women's silver); Yudai Fukuoka, Japan, and Jiao Yang, China (men's bronze); and Sang Yi Han, South Korea (women's bronze).
No gold medals were awarded in the men's senior and women's junior divisions. 
The medals carry cash awards ranging from $500 to $8,000.
Professional dancers from 25 nations took part in the competition, which is held every four years.
Eight special awards and scholarships were also announced. 
Among them were the award for best senior couple, won by Eve Andre and Sergei Upkin of Estonia. 
The Robert Joffrey Award of Merit went to Emi Hariyama of Japan. 
The Jury Award of Encouragement went to Agnieszka Szymanska of Poland and Troy Schumacher of the United States. 
Jury Awards went to Melisa Hough and Ashley Canterna, both from the United States.",4,team,GWBUSH,GW Bush (2001-2008),CATEGORY_3,"nba, won, league"
Bush Puts on a New Hat_ Cheerleader for the U.S. Team.txt,"ï»¿
President Bush always said he wanted to attend the Olympics in Beijing to celebrate sport and American sportsmanship, and on Saturday, he did so with zeal.
He hit the sand with the American women's beach volleyball team, dropped in on softball practice and took his own ride through the Olympic mountain biking course -- all before attending his first event, the American women's basketball game versus the Czech Republic on Saturday night.
''Mr. President, want to?'' said Misty May-Treanor, half of the dominant American beach volleyball team, turning her backside toward the president for the sport's traditional method of encouragement: a slap.
Bush complied, though with a discreet flick of the back of his hand on her lower back. 
Dressed in a casual blue shirt, khakis and a visor, he was even enticed to try a few volleys himself, quickly working up a sweat in the Beijing swelter (and comporting himself rather well).
The president -- college cheerleader, baseball team owner, sports enthusiast -- is clearly enjoying his immersion in the American Olympic effort.
''I wasn't exactly sure what to say to you, except to start with, God, I love our country and I love what we stand for,'' he told the team during a greeting at the Fencing Hall, where he mugged and posed for pictures for a full hour on Friday. 
(His daughter Barbara scored a picture with LeBron James.) ''And I love being with you.''
The morning after attending the opening ceremony, Bush managed his typical weekend workout on his mountain bike, only this time at the Laoshan Mountain Bike Course. 
It was his second time on the course, having ridden it with the Chinese team during a visit in 2005. 
''Biking was really, really difficult,'' he acknowledged. 
''That's why they call it an Olympic course.''
At a practice of the women's softball team, Bush expressed his support for keeping the sport in the Olympics.
''It's good for the world to have girls playing softball,'' Bush said, his back marked by a chalk handprint, a prank by the center fielder, Laura Berg, ''and these women are going to show girls how to win.''
Bush strolled into the arena for the women's basketball game about midway through the second quarter of the United States' easy victory. 
He briefly wore a navy USA Basketball hat and chatted with USA Basketball's president, Val Ackerman.
On Sunday, he is scheduled to attend men's and women's swimming and the men's basketball game against China, after squeezing in a bit of work: meetings with President Hu Jintao and other Chinese leaders.
NBC GETS HIGH RATINGS NBC can feel satisfied that it carried Friday's opening ceremony on a 12-hour tape delay rather than streaming or broadcasting it live. 
The 21.5 overnight rating was the best on record for a nondomestic Summer Games opener, with the closest being an 18.5 from Sydney in 2000.
Twelve years ago, the ceremony that opened the Atlanta Games produced a 27.2 overnight rating for NBC. 
In other foreign-based Summer Games, NBC's overnights were an 18.0 in Athens in 2004, a 16.5 for Barcelona in 1992 and an 18.3 for Seoul in 1988.
Each overnight rating point currently equals 787,659 television households. 
But overnight ratings, a quick snapshot from urban metered markets, usually go down when the national ratings are calculated. 
So the 21.5 rating from Beijing may fall 2 or 3 points.
NBC also reported that its Web site, NBCOlympics.com, had 70 million page views on Friday, 10 times the figure for Athens's opening ceremony, with 4.2 million unique users, nearly 500 percent above Athens. 
NBC will subsequently announce how long each unique user stayed on the site. 
NBC will subsequently announce how long each unique user stayed on the site.
RICHARD SANDOMIR",4,team,GWBUSH,GW Bush (2001-2008),CATEGORY_3,"nba, won, league"
"Cast Off, Characters!.txt","ï»¿
If everything proceeds as planned - not that it ever does - late on the afternoon of July 7, in the Mediterranean waters fronting the ancient Spanish city of Valencia, one middle-aged man's $100 million, four-year-long campaign to win the America's Cup will explode in his face. 
Precisely to whom this will occur has yet to be decided. 
Word along the waterfront identifies several good candidates. 
Larry Ellison, the billionaire software magnate behind the American entry, BMW Oracle, is a popular choice. 
Another is Patrizio Bertelli, the head of the Italian effort and the C.E.O. of the design house Prada, his boats's main sponsor. 
Then there is Ernesto Bertarelli, an elegant 41-year-old billionaire from Geneva who is the current holder of the Cup, which his team, Alinghi, wrested away from New Zealand in 2003.
One man happily exempt from this specter of sudden heartsick, however, is Xavier de Lesquen, a former French naval officer who, as the executive manager of China Team, oversees that nation's fledgling effort to win the oldest trophy in sports. 
Cup dreams tend to sour swiftly, with stunning, tearful finality, and it is considered bad juju to prognosticate. 
Even so, several outcomes are already certain. 
By the time you read this, China Team will have taken its lumps and been eliminated from the competition, transforming de Lesquen's role from that of participant to interested observer. 
China's departure will have surprised no one, not even de Lesquen. 
The campaign started tardily and was woefully underfunded; for every dollar that a superteam like Alinghi or BMW Oracle had to spend, China had only a dime. 
Lacking the wherewithal to build a team from scratch, the Chinese absorbed a French team, taking possession of most of its assets. 
These included an America's Cup-class racing yacht, a support staff, several French crew members and de Lesquen. 
Because China is home to few world-class yachtsmen -- and those who might be said to qualify were focused on the Beijing Olympics -- it took some effort to assemble the 17-man crew required to sail an America's Cup yacht. 
Officials of the Chinese Yachting Association fanned out across the country and plucked unsuspecting sailors from provincial teams. 
After congratulating the young men for having achieved their theretofore unknown dream of competing in an America's Cup, the officials hustled them off to Valencia, where they bivouacked in communal flats and communicated with their teammates, who are primarily French, via translators. 
''I think our Chinese friends are a little bit homesick, yes,'' de Lesquen admitted when I visited Spain in April. 
''It's a very strange thing for them.''
De Lesquen is fair-skinned for a sailor, with a nest of peach-colored hair and the bemused look of a man uncoupled from all expectations. 
This is his third go-round in the America's Cup, and he exudes a charming (and useful) Continental unflappability. 
During its first months in competition, China Team was comically inept: snapping spars, ripping sails and bungling the most basic racing strategy. 
Once, while enjoying a rare lead, the boat's bowman tumbled over the side and vanished, prompting the race announcer to cry, ''There he goes!''
Of late, though, de Lesquen's men had begun to find an awkward rhythm. 
''Every day we gain a lot,'' he said. 
''They are learning.''
Though he wasn't expecting any victories in the upcoming Louis Vuitton Cup, the round-robin tourney that would decide who challenges Alinghi for the Cup, de Lesquen could report to his Chinese backers that their campaign was proceeding well, all things considered.
De Lesquen led me on a brief tour of China Team's base, which sits at the southwest edge of Port America's Cup, the venue built by the city of Valencia for the event. 
Each team maintains a base, in which they work, eat, train and entertain. 
China's is the most humble: a latticework of iron scaffolding shrouded in plastic sheeting. 
Within this greenhouse are a series of stacked metal shipping containers, of the type used on ocean freighters and by international smugglers, although in this instance they serve as the team's lockers, offices and kitchen. 
Atop the base is an outdoor terrace with a dragon-themed bar -- an homage to the team yacht, which they call Longtze, or ''son of dragon.''
The name, the team literature says, evokes ''speed and elegance at the same time.''
Perhaps the kindest thing that can be said of China Team's facility is that it commands a fine view of the other bases. 
After we had climbed to the roof, I joined de Lesquen in gazing out over the harbor. 
Directly across the water stood Alinghi's base. 
Had it not pre-dated China Team's base, the Alinghi facility would seem to exist simply to mock it. 
Approximately the size of a small urban mall, it contains a basketball court, cinema, bandstand, gymnasium, gift shop and multilevel hospitality area known as Club Alinghi, which is furnished in a Euro style familiar to anyone who has ever received a catalog from Design Within Reach. 
The base cost almost as much as China Team's entire budget.
In hopes of winning the 32nd America's Cup, which begins on June 23, Ernesto Bertarelli and his Alinghi syndicate will spend an estimated $135 million. 
Larry Ellison and BMW Oracle will spend $175 million, much of which comes from Ellison personally. 
Patrizio Bertelli's Prada team, known as Luna Rossa Challenge, will spend $135 million, and Emirates Team New Zealand will spend a relatively modest $100 million. 
By July 7, one of these four teams will hoist the America's Cup, having expended a combined $545 million -- almost $100 million more than it costs NASA to mount a space shuttle mission.
De Lesquen turned from the view. 
An afternoon breeze had arrived, lofting a flock of cocktail napkins toward the sea. 
China Team's base was not yet complete; the thin plastic walls kept peeling free, and base security remained a strand of rope clipped to a plywood desk. 
But de Lesquen appeared untroubled. 
He stood smiling on the roof in the sun. 
''At the end of the day,'' de Lesquen announced, ''this is a nice place to be.''
The America's Cup has always been about money, even before it was the America's Cup. 
Origins of the contest trace to a taunt, made in 1850 by a now forgotten English merchant, which asserted that British boats were better than American boats. 
The merchant, so the story goes, dared anyone to prove otherwise. 
When this challenge reached the ear of John Cox Stevens, a millionaire and the first commodore of the New York Yacht Club, he assembled a syndicate of peers and hired a 31-year-old boat builder named George Steers to build the swiftest yacht possible. 
Seeking to stoke Steers's competitive fire -- or perhaps simply out of sheer deviousness -- Stevens's syndicate shifted its economic risk onto the naval architect. 
Payment for the $30,000 yacht, the contract stated, was conditional upon the boat's being ''faster than every vessel brought against her,'' in the United States or in England.
Undaunted, Steers fashioned a yacht unlike any seen before. 
At the time, design theory held that a ship should have ''a cod's head and a mackerel's tail,'' meaning that the bow should be round and blunt and the stern narrow to a point. 
Steers reversed these conventions. 
His ship -- which would be christened America -- showed first as the blade of a sword, thickened gracefully at its midpoint, then fattened to a well-balanced finish. 
Also, British yachts of the era were typically rigged with a multitude of small, squarish sails made from flax, a troublesome material that required continual dousing with seawater to tighten the weave. 
America, in contrast, sported massive, asymmetrical sails constructed of machine-woven cotton duck, which more easily caught and held the wind, supplying the boat with astounding power. 
When Steers's masterpiece glided into English waters, the reaction of the British fleet was, as The Times of London reported, like one that ''the appearance of a sparrowhawk in the horizon creates among a flock of woodpigeons.''
On August 22, 1851, America entered the Royal Yacht Squadron's annual regatta, challenging 14 boats on a 53-mile race to circumnavigate the Isle of Wight. 
It was hardly a contest. 
Though America became entangled in its anchor chain at the start, within 90 minutes it had outdistanced the field -- at one point building a seven-and-a-half-mile lead. 
America crossed the finish line alone, untested, as a band played ''Yankee Doodle Dandy.''
Almost before the music faded, however, the unsentimental syndicate sold America to a British Army captain, earning a $1,750 profit. 
The trophy that Steers had won for them -- a homely silver ewer that would become known as the America's Cup -- was carried to New York and unveiled at a celebration in Astor House, where it was displayed among roast quail and dessert crafted in the shape of the America. 
No one bothered to invite George Steers.
In the years to follow, the trophy remained mostly forgotten. 
The syndicate's members discussed melting it down and recasting it as medals they might wear while lounging in their club, but the scheme never developed. 
Eventually, the surviving members gave the trophy to the New York Yacht Club, yoked to a deceptively clever document known as the Deed of Gift, which stated that ''this Cup is donated upon the conditions that it shall be preserved as a perpetual Challenge Cup for friendly competition between foreign countries.''
A variety of other reasonable-sounding requirements were set forth, none of which seemed especially onerous until it dawned on the careful reader that the Deed's net effect was to rig the game in favor of whoever holds the Cup -- a wily bit of odds stacking that enabled the N.Y.Y.C. to retain the trophy for 132 years.
''The reason this sport is so unfair -- and there's nothing fair about it -- is because it's a winner-take-all game,'' explained Bill Koch, a self-described nerd from Kansas who spent $68 million to win the Cup in 1992 aboard America3. 
''The winner gets the Cup, gets to set the venue, gets to pick the racecourse, gets to select the umpires and gets to select the judges.''
The rules have been made slightly more fair since Koch's campaign, but he does have a point. 
If the Deed of Gift was bound to the Lombardi Trophy, for instance, then the Indianapolis Colts could demand that the next Super Bowl be played in 2011, at Yankee Stadium, using flag-football rules, and be officiated by members of the Manning family.
An M.I.T. grad, Koch once did the math and determined that any one challenger has only a 5 percent chance of stealing the Cup from the defender. 
(''It's just crazy!''
Koch shouted.) Yet despite these odds, a certain class of people will seemingly spend anything, and endure anything, in the attempt. 
Ted Turner, who won the Cup in 1977 aboard Courageous, described the experience as ''the closest I shall ever get to heaven.''
Sir Frank Packer, another media titan who sought the Cup -- twice, without success -- blamed his costly quest on ''alcohol and delusions of grandeur.''
Baron Marcel Bich, the inventor of the Bic pen, spent an estimated $4 million of his fortune, only to end up as the lone competitor ever to become lost during a race. 
(After being towed to safety, Bich punched a cameraman documenting his rescue.) The baron made three more runs at the Cup, losing ingloriously every time, but he reportedly considered his investment well spent, as it offered a nifty branding opportunity for his line of disposable pens and razors. 
(Such marketing tactics do have their limits. 
Yves Rousset-Rouard, who headed a French campaign in 1983, likely saw little benefit to his signature product, a series of soft-core motion pictures featuring an adventuresome young woman named Emmanuelle.)
In the end, the rationale for competing in the Cup remains personal and even egotistical -- which, fortunately, tends to ensure the presence of oddballs in the mix. 
One favorite among Cup cognoscenti is William Henn, whose Galatea sailed in 1886 with a crew that included a raccoon, dogs, cats and a monkey named Peggy, who assisted in the lowering of sails and also served as team cheerleader, racing to the bowsprit and screeching and jumping with delight whenever Galatea took the lead.
If one thing is missing from this America's Cup, it's the enlivening presence of a truly eccentric character like Turner or Bich or Henn. 
The person who comes closest is Ellison, a complex man with an intriguing irascibility. 
(During the lead-up to the 2003 Cup, his skipper actually booted him off the yacht.) But he's too seldom seen around Port America's Cup to truly engage the masses. 
A week after I departed Valencia, Ellison finally joined his team for its stretch run. 
Precious few locals ever got a good look at him, though. 
''Larry's feet never touch the ground,'' a BMW Oracle team member explained. 
''He goes right from the chase boat to the yacht and then back onto his own yacht.''
(His own yacht being the $200 million Rising Sun, which at 453 feet is too long to dock in Port America's Cup.)
As reigning champion, Ernesto Bertarelli is more visible. 
To date, however, he has failed to exhibit any memorable quirkiness, beyond, perhaps, being married to a former Miss United Kingdom. 
Bertarelli is slender and fine-featured, with perfect skin and a tan deep enough to touch bone. 
In 1996, he took over Serono, his family's pharmaceutical firm, which had grown rich by developing the fertility drug that enabled the birth of Louise Brown, the world's first test-tube baby. 
Bertarelli steered the company into the American market, doubled its sales and then, earlier this year, sold the company to Merck for more than $13 billion. 
He is personable and polite. 
But he has never caught fire in the public imagination the way some of his flamboyant predecessors did. 
People magazine covered Bill Koch's rollicking chase for the Cup. 
Bertarelli's 2003 campaign was the subject of a case study by Babson College's William F. Glavin Center for Global Management.
''You gotta be willing to spend your last penny,'' Koch told me, explaining how to make a splash. 
''And you gotta be willing to put every conceivable effort in it and be willing to sacrifice everything to win. 
It led to my divorce, and it led to my 6-year-old son hating sailing. 
And it's basically a silly sailboat race, and its only importance is in the minds of the participants.''
Like many sports subcultures -- curling comes to mind, as does biathlon -- professional yachting can seem inscrutable and slightly ridiculous to outsiders. 
It's a sport lacking a fan base, failing even to command the attention of the approximately one million amateur sailors in the United States. 
Few people wake in the morning with the thought, I need to see some sailing. 
When the Outdoor Life Network (now Versus) aired portions of the 2003 America's Cup preliminaries, the broadcast garnered a dismal rating of 0.1: fewer than 60,000 people. 
(Although, to be sure, that tiny audience is very wealthy and a desirable demographic to team sponsors and to advertisers.)
Even before he won in 2003, Bertarelli was contemplating ways to increase the Cup's popularity. 
One bothersome aspect of the sport was that it vanished from the public eye for years at a time before magically reappearing, like a cloud of cicadas. 
Working with Larry Ellison, Bertarelli began to systematically modernize the sport, in part by remaking it in the image of other, more visible professional sports. 
He added 13 regattas, known as ''acts,'' to serve as a sort of four-year-long regular season. 
(And also to keep the yachts, which function as floating billboards, in front of the cameras.) These 13 acts lead to a playoff, called the Louis Vuitton Cup, from which a challenger emerges to duel the champion in the America's Cup. 
(The Louis Vuitton Cup is taking place now, and will end no later than June 12.)
Just as the N.B.A. and the N.F.L. administer all aspects of their respective sports, Bertarelli created A.C.M., America's Cup Management, to coordinate promotion of the America's Cup, strike television deals, arrange revenue sharing and oversee the venue, which, for the first time, was put out to bid. 
(Valencia beat out Naples and Marseille, among others, by promising to spend 500 million euros on the event.)
It is said that Bertarelli won his Cup -- and with it the ability to reconfigure the sport -- mainly by hiring the best match racer in the world to be his skipper. 
This was Russell Coutts, a lantern-jawed New Zealander who had won the trophy in 1995 (skunking Dennis Conner in the best-of-nine event) and again in 2000. 
Following Coutts's second victory, Bertarelli reached out to him, saying he was interested in buying one of New Zealand's yachts. 
The two hit it off and soon after met in a New York City hotel room, where Bertarelli offered Coutts a job. 
By checkout time, Coutts had agreed to skipper Alinghi, for a salary reported to be $5 million a year. 
New Zealanders responded to Coutts's career move by branding him a traitor, plastering anti-Coutts billboards in Auckland and issuing death threats. 
Coutts answered with a five-nil thrashing of his former team.
Though the two men have since had an ugly falling out -- reportedly over control of A.C.M. 
-- the poaching of Coutts rearranged the economics of the sport. 
''All of a sudden it became the big leagues,'' explained Peter Isler, BMW Oracle's navigator and a veteran of four campaigns. 
''And not just for the Russell Coutts and Dennis Conners and those types of folks, but for the grinders, who were all of a sudden in six figures.''
America's Cup sailors now command as much as $1 million a year, a pay scale that allows wealthy campaigns to corner the market on elite talent, while handicapping poor campaigns.
In theory, such concentration of free-agent skill makes for better racing (at least in matches between wealthy teams). 
But it also dilutes a campaign's identity. 
Should they face each other in the America's Cup, BMW Oracle, the American boat, will likely have only three Americans aboard, including Ellison, and Alinghi, representing Switzerland, will probably have only one Swiss sailor -- Bertarelli. 
Meanwhile, more than half of the remaining crewmen on the two boats will hail from New Zealand. 
''For most teams here the national image is less than the sponsor images,'' said Isler, an American. 
''But I would say to all those who cry, 'Crass commercialism, nationalism is gone,' you'll be the first one on the parade when the Cup comes home.''
The type of Cup fever that manifests as a parade, however, is rare. 
Most people simply understand too little about the sport to become infected. 
The teams, well aware of this dilemma, put a premium on newbie education. 
In Valencia, BMW Oracle maintains a sort of classroom at its base, where visitors receive instruction in boat building, match racing and the various responsibilities of the crew. 
(Quick lesson: imagine the team as characters in a Pixar film, with the nimble bowmen scampering the foredeck and shinnying the mast; mammoth grinders cranking the winches; and alert and clever members of the afterguard, the boat's brain trust, driving the yacht and orchestrating it all.) The atmosphere is intended to be one part Epcot and one part ESPN Zone, although the kid-pleasing experience suffers when it's time to learn more about Larry Ellison. 
''As client/server computing becomes increasingly popular,'' we are told, ''Oracle rolls out Oracle Version 5 . . . one of the first RDBMSs to operate in the server mode.''
At this point the class usually abandons Larry and makes for the Alinghi base, where the educational offerings include an America's Cup arcade game and a full-scale simulator yacht that bucks and pitches and yaws.
And for most spectators, Alinghi's simulator is as near as they'll get to the action. 
Last month, in a charity auction, a Chicago businessman paid $102,600 for the right to ride aboard the BMW Oracle yacht during an America's Cup race (if the team makes it that far). 
As this suggests, proximity to the sport's central drama is usually determined by the thickness of a person's wallet. 
For $750, fans can purchase seats on one of the spectator boats operated by A.C.M., which bounce along in the distant wake of the competitors. 
A private yacht ensures a better spot in the spectator flotilla, and one can be chartered for the duration or, of course, purchased outright -- although berthing fees at the Port America's Cup ''superyacht'' marina can approach a million dollars.
The easiest route to a decent vantage point is to own or be employed by a sponsoring corporation, which can land you on a team's hospitality boat. 
One afternoon, I finagled my way aboard Alcor, the 115-foot yacht that BMW Oracle uses for entertaining, and spent an impossibly pleasant day on the water, eating tournedos of Argentine beef and drinking champagne, while the captain kept us within spitting distance of the racers. 
Such plums are portioned out to high-powered executives or to whatever celebrity ambles through Valencia -- Demi Moore was a recent recipient. 
On other teams they serve as management perks, used by a sponsor to reward star performers. 
After scoring an invitation to the Alinghi hospitality boat, I found myself surrounded by several dozen mid-level managers from UBS, the Swiss financial-services firm that sponsors Alinghi.
To prepare the bankers for their role as America's Cup fans, Jochen Schuemann, Alinghi's sports director and one of its helmsmen, gave a seminar on match racing. 
Schuemann, a commanding three-time Olympic gold medalist, loomed over a small whiteboard, carefully diagramming match strategy and the tactical geometry that a skipper might employ during a race. 
Fifteen minutes into this tutorial, one of the bankers shot up his hand.
''Which is starboard again?'' he asked.
''Alinghi'' is a nonsense word, invented by Ernesto Bertarelli as a child. 
In past interviews he has said that he simply enjoyed the sound it made. 
Of late, he claims the word is a brand, connoting freedom, determination, partnership and cutting-edge technology. 
(As you might suspect, Bertarelli is a business school graduate.) Because brands require visuals, Bertarelli commissioned a logo in the form of a stylized letter ''a,'' its serif stretched into a pair of circling yachts, representing the portion of a match known as a pre-start. 
America's Cup racers attach an almost mystical importance to the pre-start. 
Often described as a boxing match, it more closely resembles a game of musical chairs with mixed-up rules: rather than sprinting to the center when the music stops, the boats break frantically for the starting line, each hoping to nab the side with the better wind.
As the current champion, Alinghi did not participate in the Louis Vuitton Cup, having earned a sort of bye. 
Thus its last opportunity to compete one-on-one against the competition was in a series of races held in Valencia almost a year ago, known as Act 12. 
In one of Alinghi's last matches of this act, it happened to face New Zealand. 
Most veteran Cup handicappers I spoke to in Valencia believed that New Zealand would win the Louis Vuitton Cup, and thus meet Alinghi in a rematch of 2003. 
Should New Zealand win back the America's Cup -- and with it the Deed of Gift -- the speculation is that the team will undo the many changes made by Bertarelli over the past four years. 
This subtext injects a certain zing into contests between the two teams, and the Act 12 pre-start featuring the two boats was typically dramatic.
Dean Barker, a 34-year-old Tom Brady look-alike, skippers New Zealand. 
In 2003, Barker helmed the New Zealand boat when it lost the Cup; lately, however, he has had success, winning half of his races against Alinghi. 
With less than 60 seconds remaining in the pre-start, and the boats circling warily, Barker abruptly tacked, taking Alinghi by surprise. 
He swept behind the Swiss boat, timed the starting gun perfectly and secured the favored side of the course. 
Alinghi broke for the line as well. 
Soon the boats, as the race announcer described it, were ''stuck together like a piece of bungee.''
Brad Butterworth, an avuncular New Zealander who had been Russell Coutts's second-in-command and is now Alinghi's skipper, inched closer to Barker. 
(Bertarelli, by the way, is a runner/grinder on the boat -- a situation roughly analogous to Mark Cuban playing power forward for the Dallas Mavericks.) The skippers carved their way upwind, pursued by a chaotic armada of spectators. 
When they rounded the windward marker, New Zealand held a lead of eight seconds.
In racing, the object is not to go fast, exactly, but to make your opponent go slow. 
One weapon skippers use to achieve this is their boat's wind shadow: the pie-shaped wedge of disturbed air that spills off a yacht. 
On upwind runs the leading boat uses this weapon to spoil the trailing boat's air. 
On downwind legs the advantage flips, and the trailing boat tries to steal the leading boat's wind. 
What typically follows in such situations is a tacking duel, a spectacular stretch of action in which one boat veers wildly, attempting to break free of the other. 
A duel can require as many as 50 tacks in a single leg, rocketing grinders' heart rates to 200 beats per minute and severely testing a crew's stamina. 
Boats also suffer horribly, struggling to remain intact as their massive sails fight the 20-ton keel. 
Yachts signal their distress with a loud array of cracks and pops, and with long, mournful moans. 
''They really cry for help, these boats,'' said Christoph Erbelding, an engineer with BMW Oracle. 
(After a ride aboard an American boat in 2003, Robin Williams remarked that the sound was like that of ''an old man trying to have sex.'')
Races are 14 miles, with four roughly equal legs. 
They last about 75 minutes. 
Alinghi and New Zealand clashed for almost an hour, speeding down the course, rounding and fighting their way upwind, then rounding a final time. 
In theory, an America's Cup race tests the skill of the crew (on the upwind legs) and the speed of the boat (on the downwind runs). 
But the reality is more simple, as Koch explained: ''Only fast boats win. 
And the team that wins is not the most brilliant, but the one that makes the fewest mistakes.''
As it prepares to defend the Cup, Alinghi drills six days a week, on the water and in the classroom, learning how to react to every conceivable racing situation. 
Team members practice a method of speaking on the boat, using specific syntax and shifts in tone to signal changes in tactic or an increased level of urgency. 
They codify a system of making decisions, so that if the strategist clinging to the mast 90 feet in the air spots a stain moving across the water, his message that the wind is about to shift will speed without error through the crew's nervous system and arrive at its brain. 
''Nothing's taken for granted,'' Alinghi's John Russell, a boat builder, told me. 
''Everything's checked off, everything's looked at, everything's investigated. 
It's a pretty clinical kind of a team.''
All the while, Alinghi's scientific advisers -- a Ph.D.-laden bunch from Geneva's renowned Acole Polytechnique Federale de Lausanne -- works to replicate George Steers's feat from 146 years ago. 
(''It's a technology contest,'' one Cup veteran said. 
''As it has been since 1851.'') The trick is to build a boat forever on the verge of breaking. 
''To make it as light as possible,'' BMW Oracle's Erbelding explained, ''but as strong as possible, too.''
Teams construct their boats to suit the conditions that historically prevail at the venue. 
But weather is increasingly fickle and forecasting imprecise. 
In 2003, New Zealand staked the Cup on a boat designed to sail best in light wind and flat water. 
Conditions, however, turned out to be atypically harsh. 
During the first race, New Zealand's boat took on so much water it almost sank. 
In the fourth race, the mast snapped. 
In the fifth race, the spinnaker broke. 
Alinghi arrived in Auckland with a boat that happened to be better for the conditions as they existed at that fleeting moment. 
Because of this good fortune, Bertarelli won his Cup.
Ten minutes offshore of Valencia, Alinghi and New Zealand entered the final leg of their match. 
Barker had fought Alinghi through three-quarters of the race, and still held a boat's length advantage. 
Both crews struggled to find hidden speed. 
''Expect kitchen sinks and all sorts to be thrown!'' the announcer said.
The boats had sailed far to the opposite sides of the course, hunting clear air. 
Now they turned toward each other, roaring at full power toward a likely collision.
''Last-chance leg!'' the announcer cried. 
''What happens now?''
Bertarelli was poised at his station, calmly focusing his breath before the final charge.
''Here they go!''
Alinghi bore down on New Zealand from the starboard side, the boats almost close enough to touch, Butterworth pressuring Barker to make a move. 
New Zealand jibed to block, but Alinghi countered perfectly and slid smoothly past. 
New Zealand's crew scrambled to regain its advantage. 
Races hinge on the most minor of miracles -- a shift of wind, a slip of a hand. 
Barker's boat began to slow.
''Crew error!''
A moment later New Zealand's spinnaker spilled its air, sagging sadly from the mast. 
Alinghi sped across the finish line. 
''That's the first time the pressure has gotten to the New Zealand team,'' the announcer said. 
''Brilliant sailing by Alinghi.''
The America's Cup is the only sport in which a team, if it fails to win the championship, often ceases to exist. 
(Imagine 31 N.F.L. teams disbanding after the Super Bowl.) Historically, only about one in 10 campaigns continues after a loss. 
The others vanish, their accounts emptied and syndicates dismantled. 
Cup historians speak of a ''curse of the America's Cup.''
Men who failed in their quest have lost their families and their fortunes. 
At least two have committed suicide. 
''It's such a public event,'' Bill Koch explained. 
''And when you lose, it breaks you.''
Larry Ellison has said, ''All these guys are not exactly having fun. 
This is extremely stressful stuff. 
It is a lot more fun to watch than it is to do.''
One team's psychologist told me, ''It's four years of their lives. 
And it all comes down to whether you win a race or not. 
That's a terrible thing.''
Early one morning in Valencia, I went to see Bertarelli at the Alinghi base. 
He was seated at a low white table set with fresh strawberries and cream, orange juice and croissants. 
Bertarelli didn't eat anything, merely sipping his coffee while he piloted a strawberry on a plate.
''The last time,'' he said, ''winning the Cup was a bonus. 
This time there is no other alternative but winning. 
No matter how well we would have done in regard to many other aspects of our campaign, we would still be judged a failure. 
It's what makes sports what it is. 
It's binary -- you win, you lose. 
Here, you win, you're on top of the world. 
You lose, you're nothing. 
You're gone. 
You don't exist anymore.''
Bertarelli's summary seemed a little dire, as did the other all-or-nothing sentiments voiced by those teams who truly expected to win the Cup. 
It got me wondering. 
A few weeks after I left Valencia, I sent an e-mail to Xavier de Lesquen, to see how he and his Chinese friends were faring. 
His reply arrived in the middle of the night. 
''Part of the team has left,'' he wrote. 
''We keep at Valencia a core team of people to operate the base and welcome the guests. 
Maybe some days of sailing on Longtze with guests. 
. . .
''As far as I am concerned -- In Valencia until end of the AC, then jump to Brittany, my home place, to enjoy the life in my small house in front of a lonely beach with my old wooden dinghy. 
. . .
''Kind Regards!
Xavier.''",4,team,GWBUSH,GW Bush (2001-2008),CATEGORY_3,"nba, won, league"
CHESS_Chinese Come a Long Way_ Then Take On the Russians.txt,"ï»¿
In recent years, China has made the most impressive, admirable advances in chess. 
The women's world champion is their Xie Jun, although it must be kept in mind that she ranks well behind Judit Polgar of Hungary, who ranks among the top 30 players in the world, men as well as women.
From Sept. 
7 through Sept. 
12, China contested the Riverside Weicheng Estate Cup with Russia in Shanghai. 
But since Bobby Fischer's defection from the game in 1972, the Russians have recovered their dominance and this match confirmed it once again. 
The final score was Men: Russia 21 1/2-China 14 1/2; Women: Russia 9-China 9; Juniors: Russia 11-China 7.
The big Russian guns, Vladimir Kramnik and Garry Kasparov and Anatoly Karpov, did not participate, but the second-level Russians did their job well. 
Aleksandr Khalifman, who held the World Chess Federation championship for a year, showed that the great stars were not missed.
In the sixth round, he demonstrated the fine points of a popular remedy for the King's Indian Defense against China's Peng Xiaomin.
The Bayonet Attack, 9 b4 in the Classical Variation King's Indian Defense, is an attempt to attack quickly on the queenside. 
It permits Black to counter with . . . a5 to break up the solid line of white pawns, but White's point is that because of his superior control of terrain in that sector, he will sooner or later find breakthrough chances.
In a Milov-Gofstein game, Israel 1997, after 9 . . . Nh5 10 Re1 Nf4 11 Bf1 a5 12 ba Ra5 13 Nd2 c5 14 a4 Ra6 15 Ra3 h6 16 Nb5 Kh8 17 g3 Nh5 (avoiding 17 . . . Nh3?
18 Bh3 Bh3 19 g4! trapping the bishop) 18 Bb2 Bd7 19 Be2 Nf6 20 f4, Milov had strong pressure in the center as well as attacking chances on both the queenside and even the kingside.
In the Main Line of the Classical Variation, White starts a regrouping with 9 Ne1, but in the Bayonet Attack, after 9 b4 Nh5 10 Re1 f5, White has the exciting option of whirling to an attack on the kingside with 11 Ng5!? to exploit the weakness of the e6 square. 
Not much fun for Black.
After 15 Nb5, Peng could not snatch the b4 pawn because on 15 . . . Qb4?, 16 Ba3 traps the black queen.
After 23 Ne6, Khalifman established a thorn-in-the-flesh knight outpost. 
Peng could not exchange with 23 . . . Be6 because after 24 de, the white king bishop comes into its own and the black d6 pawn becomes a glaring weakness.
Khalifman could have obtained a clear advantage by 28 Qb7but his 28 Qd7! was devastating. 
After 28 . . . Bf6 29 Rb7 Qa8 30 Nf4!, the black fortress was crumbled. 
If 30 . . . ef, then 31 Qe6 Kg7 32 Re7 Be7 33 Qe7 Kh6 34 Bd4 g5 35 Qg7 Kh5 36 Qh7 Kg5 37 h4mate.
After 32 Qe6, Peng saw that 32 . . . Kf8 33 Re7 Be7 34 Qc8 Kg7 35 Qd7 Kf8 36 Rc1 Qd3 37 Rc8 Kf7 38 Qe6 Kg7 39 Qe7 Kh6 40 Qh4 Kg7 41 Rc7 forces mate, so he gave up.
GRAPHIC: Table: ""KING'S INDIAN DEFENSE""
White
Black
K'lifman
Peng
1
Nf3
Nf6
2
c4
g6
3
Nc3
Bg7
4
e4
d6
5
d4
0-0
6
Be2
e5
7
0-0
Nc6
8
d5
Ne7
9
b4
Nh5
10
Re1
f5
11
Ng5
Nf6
12
f3
Ne8
13
c5
a5
14
cd
Qd6
15
Nb5
Qb6
16
Kh1
Nd6
17
ba
Ra5
18
Nd6
cd
19
Bd2
Ra8
20
Rb1
Qa7
21
Bc4
Bd7
22
Be3
Qb8
23
Ne6
Rc8
24
Qd3
f4
25
Bg1
Ra4
26
Bb5
Bb5
27
Qb5
Ra2
28
Qd7
Bf6
29
Rb7
Qa8
30
Nf4
Bh4
31
Nd3
Qa3
32
Qe6
Resigns",4,team,GWBUSH,GW Bush (2001-2008),CATEGORY_3,"nba, won, league"
China Tries to Avoid the Negative Of a Positive Drug Test.txt,"ï»¿
Every day, many times a day, a specialized team of workers on a mission leaves a building in the shadows of the National Stadium.
Equipped with identical empty navy-blue rolling suitcases, they hop in cars, catch planes, ride in buses and trains, and occasionally squeeze onto three-wheeled scooters to reach their assignments. 
Some head to the nearby national sports training center. 
Others are off to far-flung locations in China, like the high-altitude training camps on the Tibetan plateau.
The workers, about 300 of them, are employed by the China Anti-Doping Agency to collect urine and blood samples from the country's best athletes. 
The samples are placed in the suitcases and transported here to China's main drug-testing lab, a $10 million facility that opened in November.
The job is not glamorous, but, to the Chinese, the mission is critical to the success of the Beijing Olympics; the opening ceremony is Friday. 
The International Olympic Committee has been in charge of the testing since July 27, and will be through the end of the Games, but officials here have gone out of their way to weed out cheats before they compete for China.
It would be devastating to the entire nation, high-level sports officials here said, if an athlete from the home country were to fail a drug test while the world was watching.
''From every level of our government, we have a very clear goal for our Chinese athletes, and that is for no positive doping cases to occur during the Olympics,'' Du Lijun, the director of the antidoping agency, said at the lab in Beijing. 
''This agency doesn't care about how many gold medals we have. 
We've been working very hard to cleanse China's name after some really bad situations ruined China's image.
''The most important thing for us is to maintain a good image.''
Four years ago, the Athens Games were marred by scandal when the Greek sprinters Katerina Thanou and Konstantinos Kenteris evaded drug testers by faking a motorcycle accident on the eve of the Olympics. 
They were barred from the Games.
Leading to the Beijing Olympics, 11 Greek and 11 Bulgarian weight lifters tested positive for banned substances. 
Seven Russian track and field athletes, including five Olympians, were suspended for substituting someone else's urine for their own for drug tests.
In January, Russian rowing federation administrators, coaches and medical personnel were barred from the sport for one year after nine rowers in the previous 12 months had been suspended for doping violations.
''I don't think any country is immune,'' David Howman, the director general of the World Anti-Doping Agency, said. 
''China went through periods of doping problems in the '90s. 
In the old days, it was East Germany. 
The U.S. has had its problems lately. 
No country wants a national athlete to test positive and spoil it.''
In the 1990s, several Chinese athletes virtually came out of nowhere to produce spectacular performances. 
More than 30 swimmers failed tests at international competitions. 
A Chinese swimmer headed to the 1998 world championships was caught with 13 vials of human growth hormone, a banned drug for which there will be widespread testing for the first time at these Games.
About the same time, a group of female runners coached by Ma Junren raised eyebrows. 
Ma said he fed his runners turtle soup and caterpillar fungus to increase their endurance, resulting in startling, world-record performances. 
But in 2000, six of his runners were kicked off the team for the Sydney Games because blood tests indicated they were using the blood-boosting hormone EPO. 
A test for that drug made its debut at those Olympics.
More recently, an investigation into steroids production led to more than 120 arrests in September in the United States, with law enforcement officials saying that they had traced 99 percent of the confiscated raw drugs to Chinese manufacturers.
The Chinese say they are redoubling their efforts to rebuild their reputation. 
After the swimmer Ouyang Kunpeng and the wrestler Luo Meng tested positive for banned drugs in the weeks before the Games, China warned other athletes. 
Ouyang, Luo and their coaches were barred for life from their sports, a much harsher penalty than called for by China's antidoping code or the World Anti-Doping Code, both of which mandate a two-year ban for a first violation. 
Chinese officials said the severe penalty was meant to deter potential cheats.
In fact, the Chinese may have been too strict. 
Howman said the World Anti-Doping Agency would consider appealing the bans of Ouyang, Luo and their coaches because the punishment did not comply with the agency's code.
''We owe a duty to all the athletes to come under the jurisdiction of the code to make sure the rules are followed,'' he said. 
''I would suggest that China is doing everything possible to ensure everything is clean, but we don't want to have different penalties per country.''
The Chinese government signed antidoping regulations into law in 2004. 
It made agreements with athletes and provinces, putting in writing that everyone involved in doping -- including athletes, doctors and manufacturers -- would pay a heavy price.
The China Anti-Doping Agency said it conducted 5,007 tests this year on China's top athletes; eight athletes, including six on the provincial level, tested positive.
''The Olympics are a lifelong opportunity for every athlete, so I'm sure someone is trying to cheat on us, no matter how harsh the punishment,'' Zhao Jian, the deputy director of China's antidoping agency, said. 
''Our job is to spare no effort in being even smarter in our testing schemes to catch people.''
About 70 percent of China's tests were done out of competition, when athletes are most likely to use banned substances. 
But China allows athletes an hour's notice, agency officials said, which could be enough time to manipulate a sample.
''Dopers would know very well how to escape detection in this amount of time,'' said Christiane Ayotte, the director of the laboratory outside Montreal that will help run the drug-testing program for the 2010 Vancouver Games. 
She added that the athletes could drink enough water to dilute their urine sufficiently to avoid testing positive.
Chinese officials are trying to prevent athletes from doping in the first place. 
The State General Administration of Sport has an education and propaganda office, which tells athletes and coaches about the dangers of performance-enhancing drugs. 
The Beijing Games organizing committee also financed an exhibit about doping that has toured China since January 2007. 
The program was to educate people involved in sports, but also regular citizens -- particularly the parents of athletes -- about doping.
''Sometimes, the parents say, 'You look really good, you have more muscles,' when their children may be doping,'' Zhao, of the antidoping agency, said of athletes' families. 
''They just don't know the signs.''
Yet athletes and coaches still cheat, and some do so on a wide scale. 
In a case reported worldwide, officials at a track and field school in Anshan, in northeastern China, were charged with doping their athletes in August 2006.
The headmaster and the staff were fired after the staff was found injecting drugs into athletes ages 15 to 18. 
More than 450 vials of steroids were found at the school. 
Authorities were tipped off by an anonymous caller to China's antidoping hotline.
The antidoping agency said this case showed that those who cheat would be caught. 
But the scandal also shed light on the seedy side of athletics in China, andthat wound is still raw.
In Anshan, a depressed iron and steel town dotted with billowing smokestacks, sports officials and the school's new administration bristle at the mention of doping.
This spring, when reporters at Anshan's stadium asked athletes about the scandal, a guard growled, ''No!'' and slammed a gate.
Li Gang, the owner of a sports shop across the street, spoke before a city sports official arrived to tell people not to talk to reporters.
''The doping here has embarrassed this city and the entire province,'' Li said. 
''Anyone related to it lost face and disappeared from here. 
It is so bad for us because we are the heart of track and field in this country.''
The Chinese are crossing their fingers that their athletes will give them no reason to be ashamed during the Olympics. 
Antidoping experts like Dick Pound, the former chairman of the World Anti-Doping Agency, seem hopeful.
''I told them that they had to go the extra mile, and they did,'' Pound said of his visit to China last year to discuss the country's antidoping plan with officials. 
''I said: 'You have to do more than other countries. 
You have to dispel the myths that you are hiding your athletes in Mongolia somewhere, out of the reach of the drug testers.'
''If a bunch of athletes no one has ever heard of show up at the Olympics and win gold medals, that's going to be the worst thing for China's reputation. 
I told them to fix it, and I think they did.''",4,team,GWBUSH,GW Bush (2001-2008),CATEGORY_3,"nba, won, league"
"Chinese Hockey Players Make Islanders_ Ice Theirs, for a Period.txt","ï»¿
TWO youth hockey teams gathered at center ice at Nassau Coliseum to pose for a photograph before a game one morning last month. 
The players and coaches were told to holler, ''Let's go, Islanders!'' and they did, though a little too softly.
They tried again, and again, and their voices finally carried through the virtually empty arena to where the Islanders' owner, Charles B. Wang, was seated with the coach, Ted Nolan, and the general manager, Garth Snow. 
Mr. Wang smiled at the teams and nodded.
These were not two hometown youth teams who got to play a game in a National Hockey League arena. 
They were from China and had been invited by Mr. Wang to Long Island as part of a four-year-old initiative, Project Hope.
The teams, from Harbin and Qiqihar, both in China's most northeastern province, Heilongjiang, play on rinks built as part of the program. 
There are 17 Project Hope rinks at schools in China, and plans to complete about 10 more by the end of this year.
Yao Ming, a native of China, is a star in the National Basketball Association, but hockey is virtually unknown there. 
N.H.L. games are not televised, although the Islanders are working on that. 
Mr. Wang, 63, the founder of Computer Associates, who bought the Islanders in 2000, is part of the league's push to sell the game to China, where he was born and lived for eight years.
But Project Hope may be more than a way to get Chinese youth to tune in. 
''Perhaps, one day, we'll have a Yao Ming out of China for hockey,'' Mr. Wang said after the team from Qiqihar had defeated the Harbin team, 6-0.
Or maybe, Mr. Wang suggested later, the president of China will be interviewed one day and talk about how much he enjoyed playing hockey, or how hockey helped him focus on his studies in school.
Mr. Wang is thinking big. 
Last month, two New York-based announcers, Alex Peng and Justin Chang, began broadcasting Islanders games in Mandarin. 
The eventual hope is to televise the team's games in China, perhaps by the end of this season.
''We've got that bridge built where we are able to expand those opportunities,'' said Chris Dey, the Islanders' vice president for sales, marketing and operations.
The two Chinese teams, each with 13 boys ranging from 9 to 13 years old, competed in the four-team International Division of the Lighthouse Tournament, played at several rinks throughout Long Island.
More than 60 teams participated altogether. 
But the Chinese teams, which also competed in their division against a team from Finland and a team from the faraway land of Westchester County, were not on Long Island just to play hockey. 
They also watched two Islanders games and toured Manhattan.
''The memories that are created outside hockey are what make these moments special,'' Mr. Snow said.
The Chinese teams climbed on a bus after their plane touched down at Kennedy International Airport on Jan. 
17 and scoured the horizon for the Empire State Building, not realizing the bus was headed the other way.
''Pretty much when everybody got here, we were very happy,'' Liu Qing, an 11-year-old defenseman for Qiqihar, said through an interpreter.
He was making his first trip to the United States; Qiqihar's other top defenseman, Zhang Shuchao, was making his second.
Chinese teams have clearly improved; the Islanders' management was raving about Qing's skating skills.
''They're just overwhelmed that their skills are noticeable,'' said the players' interpreter and chaperone, Joseph Fu, who works at the Islanders' practice facility in Syosset.
Shuchao and Qing scored all six goals in their team's lopsided victory over Harbin, but were careful not to celebrate too vigorously after scoring. 
''It's not a meaningful game,'' Shuchao said through Mr. Fu.
The teams lined up, just as their N.H.L. counterparts do at the end of Stanley Cup playoffs, to shake hands afterward. 
Then they shook the hands of the two officials before facing each other and tapping their sticks on the ice -- the way any glove-wearing hockey player applauds.
''There are more kids who want to play hockey in China,'' their coach, Baichang Qing, said through an interpreter. 
''There is a great base, and we can choose the excellent ones.''",4,team,GWBUSH,GW Bush (2001-2008),CATEGORY_3,"nba, won, league"
Chinese Men Fulfill Expectations_ U.S. Takes Bronze.txt,"ï»¿
BEIJING -- With the pressure of the host country weighing heavily upon them, the Chinese men's gymnastics team came into the Beijing Games knowing full well what was expected of it: a gold medal and nothing less.
On Tuesday in the team finals, the team delivered.
China had finished a disappointing fifth at the 2004 Games in Athens, after arriving as the defending Olympic and world champion. 
But the team was not about to let a medal slip from it fingers this time, not in front of a capacity crowd at the National Indoor Stadium, not when the eyes of China were watching on television.
China started slowly before making its way to the top of the scoreboard after four events.
By the end of the competition, as all of the gymnasts had dreamed for so long, the gold medal rested in their hands. 
With a score of 286.125 points, the Chinese were more than seven points better than Japan, the defending Olympic champion, which took the silver with 278.875 points.
The United States men's team, weakened by the loss of its top two gymnasts to injuries, won an unexpected bronze medal. 
Throughout the competition, the Americans pumped their fists and gave each other bear hugs, as if the day was a continuous celebration.
But it was the Chinese who dominated on their home soil, as expected.
Their routines on the vault and the parallel bars, where they all scored in the 16s, were breathtaking. 
Each routine was more complex than the one before it, with the gasps of the crowd growing louder.
On vault, all three China's scores were above 16.0, with the vault expert Li Xiaopeng scoring a sky-high 16.775 for his performance on arguably the most difficult vault. 
He did a round-off and half twist onto the table, then twisted two and a half times in the air with one full flip.
The other teams, including the United States, were left to fight for silver and bronze.
At the 2004 Athens Games, the Chinese crumbled in the finals.
Japan won the gold. 
The United States team, led by Paul Hamm, was second. 
Romania was third.
The Chinese went home and had four years to think about their failure. 
They had won the team title at the 2006 and 2007 world championships, but the Olympics in Beijing loomed.
The new scoring system in gymnastics was on their side. 
That system, which two years ago replaced the system based on a top score of 10.0, rewards more difficult routines. 
And the Chinese had them.
If the Olympics had been contested on paper, the Chinese would have won even more convincingly. 
Their routines were so difficult and so far ahead of the other teams' that even before the first event it seemed no one would be able to catch them.
But mistakes are costly in the new system. 
And in the team final, there is no room for error.
In the team final format, three gymnasts from each country compete on each event, and every score counts.
And when the Olympics arrived, the Chinese men were ready.
They delivered in qualifying, finishing first, with Japan in second. 
Only 1.025 points separated the next four teams -- Russia, Korea, Germany and the United States -- making it seem as if the bronze medal was up for grabs.
The United States team seemed to have nothing to lose. 
Without its veterans, Paul and Morgan Hamm, the American team wanted to prove that it could contend for a medal.
Paul Hamm, the reigning Olympic champion in the all-around, had not healed in time from broken bone in his right hand. 
Morgan Hamm withdrew two days before the Olympics with an injured left ankle.
The United States team was hoping to perform better in the finals Tuesday than it had in qualifying. 
The Americans finished in sixth, and seemed happy to secure a spot in the final.
The first gymnast up in the finals was China's Chen Yibing, who stepped out of bounds on his final tumbling pass of his floor routine, scoring a low 14.575.
Yang Wei, the defending world champion in the all-around, was next, with 15.425. 
Then Zou Kai, who seemed to nearly hit the rafters during his tumbling, scored 15.925.
After the first rotation, though, China was fifth, behind the first-place Romanians, who had competed on the vault. 
That event, however, generally lends itself to higher scores. 
France, which also competed on the vault, was second after the first rotation. 
The United States, on the still rings, was third.
In the second rotation, the Chinese scored two lower scores -- 14.750 and a 15.1 -- on the pommel horse. 
They remained fifth after that round. 
France was in the lead, followed by the United States.
But the Chinese were not about to fret. 
They knew they were on the cusp of their highest-scoring events.
They began to shine on the still rings -- their third event -- and the crowd began to marvel.
Yang scored a 16.3, but it was Chen who was the star. 
He performed his routine as if the rings were painless, flowing from one move to another without even looking strained. 
He stuck his landing, then pumped his fists, his biceps rippling.
When his score of 16.575 popped up, a deafening cheer followed.
After three rotations, the Chinese had leaped to second from fifth. 
The United States, after making no major mistakes, was momentarily in first.",4,team,GWBUSH,GW Bush (2001-2008),CATEGORY_3,"nba, won, league"
"Despite Slip, Chinese Respond to Big Expectations.txt","ï»¿
BEIJING -- Chinese reporters, each fighting with their elbows for the best position, clamored around Cheng Fei as if she were a movie star after the first session of gymnastics qualifying on Sunday at the Olympics.
Questions flew at her in rapid succession: ''What was it like out there?
How was the team?
Will China beat the Americans on Wednesday?''
Cheng, 20, remained cool as the rest of her team -- four 16-year-olds and one 15-year-old -- scurried from the arena. 
Their coach, Lu Shanzhen, had just shooed them away, telling them to refuse interviews.
Cheng, the team captain and China's most decorated gymnast, would represent the athletes, he said.
''We had a bit of nerves, but the team was quite unified,'' Cheng, sounding like a statesman, told reporters through an interpreter after the qualifying session. 
''We encourage each other.''
As pressure to win a gold medal for their home country weighed on them, the Chinese female gymnasts were in need of some encouragement Sunday, in their first competition at the Games. 
Their fans obliged them.
A packed crowd here at the National Indoor Stadium wildly waved Chinese flags. 
They chanted, ''Jia you!''
-- pronounced JA-YO -- which means ''Come on!'' or, literally, ''Add oil!''
They yelled, ''Cheng Fei!
Jia you!''
And Cheng responded.
She finished first in the floor exercise with a score of 15.750 and first on the vault, her specialty. 
Her vault, one of the most difficult in the world, was given a score of 16.150.
The Chinese team members, dressed in red velveteen-like leotards with yellow flowers and the emblem of China on their chests, also finished first over all. 
The United States was in second, 1.475 behind.
Gymnasts from China finished first in all four events, setting them up for a possible wealth of Olympic medals. 
Li Shanshan was first on the balance beam with a score of 16.125. 
Yang Yilin was first on the uneven bars with a 16.650.
''Whoa, it sounds like they were pretty amazing, but team finals is another day with even more pressure than today,'' said Nastia Liukin, who qualified for the all-around and for the final in every discipline but the vault for the United States. 
''It's going to come down to who can handle that pressure the best.''
China also qualified two gymnasts, Yang and Jiang Yuyuan, for the all-around. 
Yang was third, and Jiang seventh. 
Another teammate, Deng Linlin, was ninth, but only two gymnasts from each country are eligible for the all-around final.
Yang and Jiang -- and their teammate He Kexin -- have been at the center of age falsification questions leading up to this Olympics. 
Some Chinese sports registration lists have shown that they may not be old enough to compete at the Games. 
All Olympic gymnasts must turn at least 16 this year.
In the days before qualifying, Shanzhen said that all team members had met that age requirement.
Speaking of the team's performance on Sunday, he said that the team was ready, but that it did not give its all.
''Today's performance was about 70 percent,'' he said through an interpreter. 
''I am very satisfied with their performance. 
If I can give them a score, I would say 70 percent, mainly for He Kexin falling off the uneven bars. 
It's a big pity for her.''
He is normally China's uneven bars star. 
In qualifying, she was dazzling for most of her routine, twisting and turning her body as if she were a windup toy. 
Then she met disaster.
As she moved from one bar to another, her grip slipped and she tumbled to the ground. 
She finished the routine, but failed to hold back tears. 
Her thickly applied purple eye shadow quickly turned shiny and wet.
''The error was because of some problems with the smaller moves,'' Shanzhen said. 
''This is quite common for the young athletes, maybe because they have less experience.''
After He's disappointing routine, Cheng gave her encouragement. 
The support went only so far. 
They exchanged no big hugs or high-fives.
''I felt a little surprised, but everything is possible in competition, so failure is normal,'' Cheng said, without emotion, of He's routine. 
''I hope she can adjust her feelings as soon as possible because we will have other competitions.''
Correction: August 12, 2008, Tuesday
This article has been revised to reflect the following correction: An article on Monday about China's solid performance in the first qualifying session in women's gymnastics at the Olympics described a patch on the team's uniforms incorrectly. 
It is the emblem of China, not ''the official Chinese Communist Party patch.''",4,team,GWBUSH,GW Bush (2001-2008),CATEGORY_3,"nba, won, league"
Early to Bed.txt,"ï»¿
YAO MING, the 24-year-old Houston Rockets All-Star center from Shanghai, isn't your typical National Basketball Association player. 
He doesn't have tattoos, and he doesn't party with groupies after games. 
Instead of living in a bachelor's pad with women in skimpy bikinis lining the infinity pool, he lives with his parents.
But when Mr. Yao, who is 7 feet 5 inches tall and wears a size 18 shoe, walked into Blue Smoke, a barbecue restaurant on East 27th Street, at 7:30 on a recent Tuesday night with an entourage that included his girlfriend, his translator and Team Yao -- several businessmen who work for him -- all heads turned. 
Mr. Yao, accompanied by a bodyguard about half his size, narrowly missed colliding with a chandelier hanging from the high ceiling.
Basketball is in Mr. Yao's blood. 
His parents played basketball for the Chinese national teams and when their son was 10, doctors X-rayed his hands and predicted he would grow to be over 7 feet tall. 
He worked his way up through the ranks of the Shanghai teams and in 2002 became the N.B.A.'s No. 1 draft pick, the first foreigner to do so.
''The Chinese government doesn't force tall people in China to play basketball but they can suggest it,'' he said. 
Though he is becoming proficient in English, he often relies on his translator, Colin Pine. 
(Mr. Pine doubled as Mr. Yao's driver until Mr. Yao got his license and a customized BMW 745 last year.)
Mr. Yao, who lives in Houston, came to Manhattan to promote his autobiography, ''Yao, A Life in Two Worlds'' (Miramax Books). 
In addition, a documentary, ''The Year of the Yao,'' is coming out about his first year in the United States.
His idea of a perfect evening in Manhattan included a feast of barbecued spare ribs and a performance by the Blue Man Group. 
But Mr. Yao and his friends, who were staying uptown at the Trump International Hotel, were an hour late. 
The van they had ordered didn't show up, and Mr. Yao, who is too large to fit comfortably in a taxi, had to wait for another van.
Team Yao sheltered the celebrity in a banquette facing the back of the room. 
''It's impossible for him to go outside and not attract attention,'' Mr. Pine said, stating the obvious. 
Mr. Yao ordered a platter of ribs. 
''Do you have any orange cream soda?'' he asked. 
(Mr. Yao said he rarely drinks alcohol.) His girlfriend, Ye Li, who is 6 feet 3 inches tall and lives in Shanghai, where she plays basketball for the women's national league, sat at his side. 
''I met her when I was 17 and have never dated anyone else,'' he said.
A few fans walked over to ask for autographs but Mr. Yao's bodyguard, in a black suit and slicked-back hair, intercepted them. 
''It's easier to guard someone tall 'cause people's eyes are focused on his face and they don't notice me down here,'' the bodyguard said.
Mr. Yao does not seem fazed by his celebrity. 
He has sponsorship deals with more than eight multinational corporations, including Gatorade, Pepsi and Reebok. 
He is the face for McDonald's new ad campaign.
''I have to give a percentage of my earnings to the Chinese government but it's not that much,'' he said. 
He makes $25 million to $30 million a year. 
''I don't mind because ever since I was a child, the government paid for my schooling and training. 
I owe the people of China.''
Mr. Yao said he preferred playing video games and going out for steak to night-crawling with his teammates. 
''Actually, I'm not that different than those people,'' he said referring to other N.B.A. players. 
''We're all trying to find what's comfortable and I've found that I like a quiet life.''
After polishing off his ribs, he decided to go back to the hotel and sleep. 
He would skip the Blue Man performance. 
It was only 9, but he had to get up early the next morning for an appearance on ''Live With Regis and Kelly.''
Driving back, one of the Team Yao businessmen suggested a detour, a pass through Times Square. 
As they snaked up Sixth Avenue, Mr. Yao and Ms. Li gazed out at the buildings. 
The driver pointed down a street. 
''That's Madison Square Garden,'' he said. 
''Oh, yes,'' Mr. Yao said, brightening. 
''Now I know where we are.''",4,team,GWBUSH,GW Bush (2001-2008),CATEGORY_3,"nba, won, league"
Ex-Chinese Star Guides U.S. to Win in Volleyball.txt,"ï»¿
Even before the opening serve, the long-awaited women's volleyball match Friday night between the United States and China had a title fit for a summer blockbuster: The Battle of Peace.
It was an invention of the Chinese news media, based on a play of words combining the first names of the coaches on the two teams, Lang Ping of the United States and Chen Zhonghe of China.
Years ago, Lang coached the Chinese national team, and Chen worked under her. 
Lang, once an ace spiker known as the Iron Hammer, is a legend in China, having played on the Chinese women's Olympic team that won a gold medal against the United States at the 1984 Los Angeles Games.
But on Friday night, Lang had different loyalties -- it was her job to shepherd the Americans through the preliminary round. 
And the United States drew closer to a berth in the quarterfinals with a five-set victory.
The mostly Chinese fans in the packed stadium did not seem to mind that Lang was taking on her home country. 
She was introduced to thunderous applause, and so iconic is Lang that Hu Jintao, the Chinese president, even attended the match, a rare appearance for him at these Games.
The match came down to the final set, which the Americans dominated, spiking at will and staying ahead throughout to take the match, 23-25, 25-22, 23-25, 25-20, 15-11. 
The United States improved to 3-2 in pool play while China, the defending gold medalists, fell to 2-2.
''I tried to be very concentrated on the game, not to be more emotionally involved,'' Lang said. 
''I've been coaching with the U.S. team for the last four years. 
This is not the first time we've played against China.''
Before the game, Lang said, she told her players that ''every point for our team is very important. 
Don't think about the result. 
Even if we lose the game, every point is important. 
We have to fight for the result.''
Each point did turn out to be a fight. 
Several times, the United States pulled ahead in a set, only to lose it to China. 
The Americans had an 18-14 lead in the first set, only to see the Chinese inch back and then win the set with a soft lob.
Midway through the third set, China built a 5-point lead but could not close out the set until a hard spike by Ma Yunwen made it 25-23. 
Just one set away from a losing record, the Americans battled back.
''The players played very brave and played very aggressively, especially when we were down, 1-2, after the third set,'' Lang said.
Kimberly Glass led the United States in scoring with 20 points, followed by Danielle Scott-Arruda with 19, and Logan Tom and Heather Brown with 18 each.
China's Liu Yanan said she had noticed a change in the American team under Lang's guidance.
''Lang Ping is the role model for every Chinese female volleyball player,'' she said. 
''She's now coaching the U.S. team and she has helped them improve and change their style.''
Lang said the Americans were more fiery than the Chinese but that it was not necessarily an advantage.
''I think our players are more emotional, very passionate, sometimes too much'' she said. 
''I need to balance it. 
If it gets too high, I have to settle it, or if too low, I have to raise it, like a cheerleader.''
The Chinese fans showed that they can reach an emotional pitch too. 
The crowd worked itself into a frenzy, yelling ''Go China!'' and waving flags. 
But they were also here to lay eyes on a Chinese heroine who had once dazzled with her lightning serve, and to see how far she would take the team of her adopted homeland.",4,team,GWBUSH,GW Bush (2001-2008),CATEGORY_3,"nba, won, league"
"For Schilling, A Premier Pitching Line.txt","ï»¿
YEARS from now, when Curt Schilling looks back on his Hall of Fame credentials, he may well consider it the most important one-game pitching line in his career: 7 innings, 4 hits, 1 run, 0 walks, 4 strikeouts.
Schilling wasn't wearing the special Reebok shoe designed to support the dislocated tendon in his right ankle while working those seven sturdy innings that enabled the Red Sox to win, 4-2, last night and create a decisive Game 7 with the Yankees tonight in the American League Championship Series.
''I don't think people have any idea what Schill went through out there,'' Terry Francona, the Red Sox manager, said later. 
''Our medical staff actually sutured that area with stitches, but his heart and his wanting to compete made this happen.''
Schilling had twice tested hightop shoes over the weekend while throwing in the bullpen at Fenway Park, but he wore the same shoes he had worn in the series opener on Oct. 
12, when he was shelled for six runs and six hits in three innings as the losing pitcher in the Yankees' 10-7 victory.
''I couldn't wear the hightops,'' he said, ''because they put too much pressure on the ankle.''
Schilling dismissed the idea that he had pitched through tremendous pain for seven innings.
''I don't know if pain was the thing,'' he said. 
''Seven years ago I became a Christian, and tonight God did something amazing for me. 
I just prayed for the opportunity to go out there and compete, and he did it for me.''
Francona was asked if he had considered letting Schilling pitch to the Yankees in the eighth inning.
''When you see Schill tell the umpire, 'Good job,''' he replied, ''I'm not sending him out there.''
With the weary Red Sox bullpen needing several strong innings from Schilling, he had to be effective into the late innings. 
And he was more effective than any Red Sox loyalist could have hoped for, leaving with a 4-1 lead.
''I couldn't push off,'' Schilling said of his ailing ankle after the opener. 
''It affected both my command and my velocity.''
Schilling questioned whether he would be able to pitch in the series again, but Reebok quickly assembled several new shoes.
''When Curt aggravated his tendon in the division series against Anaheim, I was in Hong Kong when I got a phone call that he wanted a more substantial shoe,'' Don Gibadlo, the director of promotional footwear for Reebok, said yesterday in a telephone interview from the company's Canton, Mass., headquarters. 
''That's when I got our people in China working on a hightop shoe to give him more support.''
Another hightop shoe was assembled at the Canton plant and in the hours before Game 3 at Fenway Park was rained out Friday night, Schilling threw in the Red Sox bullpen.
''That night Curt wore both the shoe that Don Jones, our pattern enginer, made here and the one that arrived from China,'' Gibadlo said. 
''Curt's been wearing our shoes since 1995 when he was with the Phillies, and we give him 10 pairs a season. 
We took components from shoes similar to what he was wearing, then we opened up the heel area to make it higher and to have more support for the ankle. 
We put foam all around the ankle and even above the ankle.''
Even though Schilling threw Friday night without as much discomfort, he was not completely satisfied with the new shoes.
''He wanted a shoe that was half a size larger,'' Gibadlo said. 
''He wears size 12, so Dan Jones made one in about six hours that was size 12 1/2. 
After Curt threw in the bullpen Sunday night with the larger shoe, I talked to him at his locker in the clubhouse and he told me, 'This is exactly what I needed.'''
In the end, he didn't need it at all.
Schilling's injury was described in June as a ''bruised ankle joint,'' but it gradually worsened. 
The dislocated tendon diagnosis didn't develop until after Schilling was hit hard in the A.L.C.S. opener. 
Before Game 2, the Red Sox' orthopedist, William Morgan, said that Schilling will need ankle surgery after the season.
Ever since Schilling, who helped the Arizona Diamondbacks surprise the Yankees in the 2001 World Series, joined the Red Sox last November as a free agent with a two-year $25.5 million contract extension, he has been considered the difference-maker in Boston's quest to win a World Series for the first time since 1918.
''There is a history of misery here that they want to get rid of so bad,'' he said in June. 
''They want to win a world championship. 
You can feel it. 
You can feel it when you take the ball and walk on the field. 
I think it's a huge plus. 
For me it is anyway.''
And last night Curt Schilling replaced that history of misery with a vision of hope.",4,team,GWBUSH,GW Bush (2001-2008),CATEGORY_3,"nba, won, league"
Goal in Injury Time Makes U.S. Men Wait to Clinch.txt,"ï»¿
The United States was within seconds of a major victory and a quarterfinal berth in Olympic men's soccer. 
Now the team is a tie away.
The Americans allowed a goal on a free kick by Gerald Sibon in the third minute of injury time, forcing them to settle for a 2-2 tie with the Netherlands on Sunday night in Tianjin, China.
''We were very close to being in the quarterfinals, and now we are very far,'' United States Coach Peter Nowak said. 
''Before the game, nobody gave us a chance. 
And I think we played pretty good. 
You can look at this as half empty or half full.''
The result left the United States with 4 points, tied atop Group B with Nigeria and 2 ahead of the Netherlands. 
Japan has none. 
Two teams advance.
The United States team faces the Nigerians on Wednesday in the final group game for both in Beijing. 
The Dutch will need a victory against Japan while the United States, with a superior goal difference to Nigeria, will require only a tie to advance.
''I'm still really bummed,'' United States midfielder Robbie Rogers said. 
''That's the best I've seen us play.''
The Americans fell behind in the 16th minute on a goal by Ryan Babel.
After a tactical change, Sacha Klejstan and Jozy Altidore scored eight minutes apart to give the United States a 2-1 lead by the 72nd minute.
As the game wore on, caution was no longer an option for the Dutch. 
Sibon entered in the 75th minute.
The United States fought off all chances until the Dutch earned a free kick 25 yards from the goal. 
Jonathan de Guzman and Urby Emanuelson were unsure who should take it.
''When I came in, they said they weren't sure, and so I said, 'I'll take it,' '' Sibon said. 
''You just blast it on goal and see where it lands.''
CYCLIST FAILS DRUG TEST The Spanish cyclist Maria Isabel Moreno became the first athlete to fail a doping test at the Beijing Games, the International Olympic Committee revealed Monday.
Moreno, 27, tested positive for EPO in a test conducted July 31. 
She left the athletes' village that evening before she knew the results of the test. 
(AGENCE FRANCE-PRESSE)
RECORD FOR ARCHERY TEAM The South Korean women started Sunday by smashing the world record and then got what they always come to the Olympics to get: the archery team gold.
Through wind, rain and noisy spectators, Yun Ok-Hee, Joo Hyun-Jung and Park Sung-Hyun delivered South Korea's sixth straight gold in the event. 
The streak is six because this is only the sixth time the women's team competition has been held.
For the first time, the Olympic team competition is using a 24-arrow format. 
Each side takes eight turns firing three arrows, one by each archer. 
A shot hitting the 12.2-centimeter (4.8-inch) inner ring earns a 10, and a perfect total score would be 240. 
So when the Italians finished with 217 points against South Korea in the quarterfinals under hazy but still conditions, it was an impressive score and the third highest by any team all day.
Yet they were pulverized. 
The South Koreans hit the center ring with 15 of 24 shots. 
Their nine other arrows were all in the next ring for 9 points, for a total of 231 points, beating their own world record of 228. 
PETER BERLIN
VOLLEYBALL IN RAIN The American pair of Kerri Walsh and Misty May-Treanor began their bid for another beach volleyball gold medal with a decisive victory over the Japanese team of Mika Teru Saiki and Chiaki Kusuhara. 
They needed only 36 minutes in an intermittent rain.
''We're in bathing suits,'' May-Treanor said, adding that the 87 percent humidity was more of a problem. 
''We're bound to get wet.''(AP)
MORE CHINESE CREWS ON TOP Three more Chinese crews finished first in their heats, boosting the total to five top spots in the first two days of Olympic competition and increasing the host nation's chances of winning its first gold medal in rowing. 
Rain postponed competition right before the women's eight and the men's eight. 
(AP)",4,team,GWBUSH,GW Bush (2001-2008),CATEGORY_3,"nba, won, league"
Good Guy Is Forgotten In Bad Week for Sports.txt,"ï»¿
In a little-noticed variation on a widely examined theme, a well-known sports figure stalked the authorities last week as opposed to the other way around. 
This time, a government played defense while the voice of the people was heard through the mouth of the athlete.
More than 42,000 signatures were delivered to the Chinese Embassy in Washington on behalf of an organization called the Save Darfur Coalition. 
He went to the front door. 
Put his finger to the bell.
''Yes?'' a voice from the other side said.
''My name is Joey Cheek,'' he said. 
''I am on the U.S. 
Olympic team. 
And I am here to deliver petitions that we have collected over the last week imploring China to continue to act strongly to protect the civilians in Darfur.''
That was last Thursday, when Michael Vick was in a Virginia courtroom, beginning his most vital scramble, trying to elude stomach-churning charges brought by federal prosecutors of sponsoring a dogfighting operation that a co-defendant said yesterday was mostly financed by Vick.
Cheek, the American speed skater who won the gold medal in the 500 meters at the 2006 Winter Games in Turin, Italy, was holding his ground that day with a message -- stop the slaughter in Sudan -- to the host country of next summer's Olympics in Beijing.
''Only you can come in,'' the embassy gatekeeper told Cheek, instructing the coalition members with him, along with a Darfuri refugee named Daoud Hari, to retreat.
Clutching thick binders with signatures collected around the United States, Cheek waited as 5 minutes became 10, 10 became 20, 20 became 30. 
Just leave them, one of his colleagues suggested.
Not yet, Cheek said, and after more than a half-hour, the front door opened. 
Into the lobby, to a brief audience with embassy officials, he went to make his drop and propose leading a group of American and Chinese athletes on a trip to Darfur, the violence-racked region of Sudan, a country with which China wields considerable economic clout.
''They didn't dismiss it,'' Cheek said in a telephone interview. 
''They seemed interested.''
Granted, the timing of his embassy mission wasn't good, if attention was the desired goal -- not in a week when professional sport on so many levels was reeking of malfeasance, from one side of the Atlantic to the other. 
But shame on us if we can't take a few moments to applaud Cheek's patience, conviction and cause.
Today, in this space, the now hounded quarterback Vick, the home run antihero Barry Bonds, the suspected rogue N.B.A. ref, the chemically aided cyclists and even poor, misunderstood Michael Strahan must wait while Cheek explains why mixing politics and sport -- specifically the international version -- does not violate any sacred, time-honored code.
''The Chinese say, 'Don't politicize the Olympics,' but that's ridiculous,'' Cheek said. 
''The only reason they wanted it was political, to prove they are a great power on the world stage.''
For the record, he does not support calls to boycott Beijing, only using the Games as leverage to move the Chinese government on Darfur. 
If his two Olympic experiences have taught him anything, it is that the Games -- rampant commercialism and scandals notwithstanding -- are as good a stage as any ''to fight for an ideal that you believe in.''
More than his medals, Cheek is no doubt remembered for donating his 2006 Olympic prize money to a sport and humanitarian organization championed by Johann Olav Koss, the Norwegian speed-skating legend. 
For the standard post-Games period, Cheek was the face on the Wheaties box, America's feel-good Olympian. 
He became a regular on the corporate speaking circuit, admittedly cashing in to fund a Princeton education he deferred for one year.
Retired from skating, Cheek resumed giving back, formed his own charitable campaign -- called it ''Where Will We Be?''
-- to galvanize Olympians and raise money to fund worthy causes.
He began by stepping onto the Darfur soapbox, but the more he learned about displacement and genocide, the more he couldn't get off it. 
He spoke at a Washington rally with Barack Obama and Hollywood activists, targeting, in part, Bush Administration policy. 
He testified before Congress. 
He traveled to China, Egypt and the troubled area in Chad near its border with Sudan.
He would like to work with Ira Newble, the journeyman basketball player who last spring collected signatures from his Cleveland Cavaliers teammates on a letter to China protesting Darfur -- absent, most notably, was the young superstar, LeBron James.
''Most Olympians are nowhere near that level of fame,'' Cheek said. 
''But if it's a choice between standing up for something I believe in or not because I'm worried about celebrity or money, it's a no-brainer.''
If only that were the rule, not the exception, a breath of fresh air in the dog days of an uncommonly depressing sports summer.",4,team,GWBUSH,GW Bush (2001-2008),CATEGORY_3,"nba, won, league"
Hong Kong Warns of Strong Storm Ahead of Games.txt,"ï»¿
The Hong Kong Observatory, the local government's meteorological agency, on Monday issued an early warning of a strong storm arriving in the days before the Olympic equestrian events start here.
After a tropical depression formed nearby over the weekend in the warm waters of the South China Sea, the observatory forecast that it would soon strengthen into a tropical storm. 
The observatory meteorologists forecast that it would pass about 50 miles south of Hong Kong on Wednesday morning, with wind speeds of 52 miles an hour.
The storm is expected to pass even closer to Macau, a former Portuguese colony 40 miles southwest of Hong Kong that is being used by many Olympic teams as a staging area before sending athletes to smoggy Beijing. 
While the United States basketball team has already left Macau, as previously scheduled, the British and other teams still have athletes there.
The slow-moving storm, which has not yet been given a name, is forecast to move well into southernmost China by Thursday morning, two days before the first of six Olympic equestrian events begins in Hong Kong on Saturday morning. 
The storm is not likely to affect the opening ceremonies in Beijing on Friday evening.
All six Olympic equestrian events are being held in Hong Kong because mainland China was not able to satisfy international veterinary authorities that it could prevent valuable Olympic horses from being exposed to equine influenza and other livestock diseases.
The Hong Kong Observatory issued hourly bulletins on the tropical depression Monday, in what could become a training exercise for how Hong Kong would respond if a full-fledged typhoon, and not just a tropical storm, arrived during the Olympics. 
An elaborate drainage system has been installed at the main Olympic venue for dressage and show jumping. 
Drainage has also been improved at the cross country venue, a modified golf course scheduled to be used next Monday.
When 16 inches of rain fell in two days in June, the equestrian course there remained usable, although the rest of the site became muddy, said Dr. Leo Jeffcott, the senior international veterinarian for the Hong Kong events. 
''We could have run the horses around, but the spectators would have been in a bit of a mess, and the officials,'' he said in an interview last week.
Lam Woon-Kwong, the chief executive of the Hong Kong Equestrian Company, which was set up to manage the Olympic events here, said at a news conference Monday that if any events are postponed, they might be rescheduled, but possibly without spectators, as it would be difficult to arrange on short notice. 
The equestrian events are scheduled to be held from Aug. 
9 to 21. 
That leaves two days, Aug. 
22 and 23, before the closing ceremonies in Beijing in case a typhoon forces a suspension of equestrian events in Hong Kong.",4,team,GWBUSH,GW Bush (2001-2008),CATEGORY_3,"nba, won, league"
Internet-Age Detective on the Trail of Gymnasts.txt,"ï»¿
Mike Walker does not care much about gymnastics, and he did not pay much attention to the Olympics.
But when he heard stories about electronic records reportedly bearing the disputed ages of Chinese gymnasts vanishing from the Internet, he saw an opportunity to test his computer hacking skills.
''I didn't get excited until I read about documents being available and then blocked,'' said Walker, a 32-year-old computer security specialist who lives near Washington. 
''That set all kinds of alarm bells in my head in terms of going and finding records. 
It is something I like doing.''
After about three days of on-and-off cyber-sleuthing last week, Walker found copies of a spreadsheet that had previously been posted on a Chinese government Web site. 
It listed the age of the Chinese gold-medal gymnast He Kexin as 14, not 16, as it says on her passport.
Walker promptly started a blog, and his first post was titled ''Hack the Olympics!''
It included copies of his find and details of how he uncovered the information. 
The attention his post garnered -- it received a total of 1,500 comments on his blog and on the technology news site Slashdot -- helped revive the debate over whether He, who won an individual gold medal on the uneven bars, and other Chinese gymnasts were old enough to participate in the Olympics. 
Since 1997, rules have required that a gymnast turn 16 in the year of the Olympics to compete in those Games.
Chinese officials have insisted that all the country's gymnasts were the appropriate age. 
On Sunday, they blamed a paperwork error for the conflicting records of He's age. 
The International Olympic Committee has asked the international gymnastics federation to investigate.
Giselle Davies, a spokeswoman for the I.O.C., said in a phone interview Thursday that the federation had not yet completed its inquiry. 
She would not go into details about the documents involved in the analysis.
Federation officials said last week that they had asked the Chinese Gymnastics Federation for passports, birth papers, national identity cards and family residence permits for five of the six members of the Chinese women's team. 
Four Olympic medals, including the team gold in women's gymnastics, are at stake.
''I don't think there's any update just yet because they got documents that were in Chinese and they were seeking to verify them,'' Davies said of the international federation's investigation of the Chinese women's team. 
''We don't have a specific time limit or timeline set for it.''
Phone calls to the federation's headquarters in Switzerland went unanswered Thursday.
Walker said he believed that the documents he found belied the latest claims of Chinese government officials. 
And for the last 10 days, he said he had been playing a sort of cat-and-mouse game with people he believes are trying to erase digital tracks that may point to further evidence that some Chinese gymnasts were under age.
On Sunday, Walker posted a link to another file that suggested that the Chinese gymnast Jiang Yuyuan was also under age. 
Suspecting that the file would disappear, he titled the post ''Ready, Set, Censor!'' and challenged readers to be ''faster than the delete button.''
By Wednesday, the file had disappeared, but not before Walker and others made copies on sites that included the Internet Archive, a San Francisco-based nonprofit, which takes periodic snapshots of the Internet and stores them.
Walker is not the only blogger to have found documents raising questions about the ages of China's Olympic gymnasts. 
Others in the United States and China have uncovered news articles and government documents suggesting that He, Yuyuan and another gymnast, Yang Yilin, did not meet the minimum age requirements. 
The New York Times first found and reported on July 27 about the existence of online documents suggesting that He and Yuyuan were under age.
But Walker's painstaking documentation of his cyber-sleuthing efforts have thrust him into the spotlight, especially in the United States. 
He has appeared on Fox News and been interviewed by other television networks and major American and foreign newspapers. 
Other hackers, some in China, have continued to send him tips on where to dig for further evidence that the gymnasts may be under age.
Somewhat sheepishly, Walker, whose blogging name, Stryde Hax, is a playful reference to his last name and his hacker chops, said he did not mean to steal the spotlight from others. 
''It was not my intention to rebreak a story,'' he said.
The efforts of people like Walker are the latest sign that a new generation of individuals see ''information gathering as a participatory contact sport,'' said Jonathan Zittrain, a law professor at the Harvard Law School and a co-founder of its Berkman Center for Internet and Society. 
''I think that is a positive sign.''
Despite the work of the Internet Archive, the lack of a complete and authoritative Web archive makes it possible for digital information to disappear forever, Zittrain said. 
At the same time, he added, the debate about the age of the gymnasts shows that it is increasingly difficult to erase files, especially those that begin in relative obscurity and quickly end up in the public eye, like the various spreadsheets containing the registration of Chinese athletes with sports agencies.
Walker and others owe their discoveries in large part to Internet search engines like Google and Baidu. 
Search engines visit, or crawl, sites across the Internet periodically to build an index that users can search. 
Most search engines also keep a copy, or cache, of the pages they index. 
Because some Web sites are crawled infrequently, say every few weeks, a file may remain in cached form long after it has been removed from the Web site where it originally appeared.
That is what happened with the documents that Walker and others found. 
But it took some digging. 
After much trial and error, Walker conducted a search on Google for spreadsheets on Chinese Web sites that contained He's name and the year 1994. 
Walker got one result, a registry of athletes from the General Administration of Sport of China. 
When he clicked on the link, the file was no longer on the site. 
Walker was able to view the cached version, but He's name was not listed.
That raised suspicions for Walker and other bloggers that Google could have modified the cached file, perhaps at the request of Chinese authorities. 
Google denied it. 
The company said that it caches only the first few hundred kilobytes of a spreadsheet. 
The file in question was large, and He's name did not appear in the portion that Google had cached. 
(Walker said he was satisfied with that explanation.)
Walker had better luck with Baidu, a Chinese search engine, whose cached copy of the athletes registry included the entire spreadsheet. 
It listed He's birthday as Jan. 
1, 1994, which would make her 14. 
The cached page has since vanished from Baidu, probably because Baidu has crawled the site again and updated its cache accordingly.
By Walker's account, bloggers have uncovered at least four other official documents that show He's age as 14.
Not everyone believes the evidence. 
Comments on Walker's blog point to other information suggesting the Chinese Olympic gymnasts are all 16 or older. 
And many in China are contemptuous of the claims that the gymnasts could be under age.
Zittrain said it may be difficult to resolve the matter definitively. 
For documents that were born in digital form, like those hackers and bloggers found online, ''it may be harder to know what is authoritative especially if it has changed,'' he said.
For Walker, the experience has shed new light into the challenge of concealing information in the digital age.
''If you look at an adversarial relationship between people trying to control the distribution of information and people trying to seek the information, both sides have new tools,'' he said. 
One side ''can modify and remove information, leaving almost no trace. 
But the people who are seeking the information have global reach, anonymity and infinite distribution.''",4,team,GWBUSH,GW Bush (2001-2008),CATEGORY_3,"nba, won, league"
Investigation Into Ages of Gymnasts Still Under Way.txt,"ï»¿
On the final day of these Summer Games, the investigation regarding possible age falsification on the Chinese women's gymnastics team continues, leaving four Olympic medals in question as competitors pack up and leave the Olympic Village.
''This process may take some time,'' the international gymnastics federation, known as the F.I.G., said in a statement, ''but in due course, the F.I.G. will make a full report of our findings to the International Olympic Committee.''
Prompted by a request from the Olympic committee, citing ''information that was concerning enough,'' the world governing body of gymnastics started an inquiry last week into the ages of the Chinese gymnasts.
Since then, the Chinese Gymnastics Federation has submitted more evidence of the gymnasts' ages. 
Those documents included passports, national identity cards and family registration booklets from five of the six members of the Chinese women's team that won six medals here, including the team gold.
''At first sight, they seem to be O.K.,'' Jacques Rogge, the president of the I.O.C., said of the documents. 
He added that the gymnastics federation would continue to analyze the documents, which are in Chinese.
The New York Times reported last month that at least two of the six members of the team -- He Kexin and Jiang Yuyuan -- were under age, according to official online records. 
A gymnast must be 16 during an Olympic year to compete in the Games, the minimum age since 1997.
The Associated Press has since reported that a third member of the team, Yang Yilin, might also not have been eligible to compete.
Cui Dalin, the deputy director of China's General Administration of Sport, said Sunday that the gymnasts were ''perfectly qualified for the rules'' and that the age discrepancies were a misunderstanding.
Cui said that He, the gold medalist on the uneven bars, switched teams last year and her age was registered incorrectly with her new team.
''The mistakes made have led to a series of misunderstandings,'' Cui said.
GOLD FOR SOUTH KOREA South Korea won the gold medal and capped an improbable Olympic run Saturday night in Beijing with the country's biggest win yet in international baseball, a 3-2 victory against the defending champion, Cuba.
The South Koreans (9-0) pulled off an impressive win in what will long be remembered as an upset in baseball's last Olympic hurrah for at least eight years.
Reliever Chong Tae-Hyon got Yuliesky Gourriel to ground into a 6-4-3 double play with the bases loaded to end the game after a drama-filled ninth inning.
Cuba (7-2), a perennial world powerhouse and the lone representative from Latin America in the eight-team Olympic field, dropped only two games in China -- both to South Korea, a first-time gold medalist in the sport.
The United States (6-3) defeated Japan, the other favorite going into the Games, 8-4, to win the bronze medal. 
Taylor Teagarden hit a tie-breaking two-run double in the fifth and Jason Donald followed with a two-run homer off the left-field foul pole.
Baseball has been dropped from the Olympic program for the 2012 London Games.(AP)
ARGENTINA RETAINS GOLD Argentina defeated Nigeria, 1-0, at the Bird's Nest in Beijing to win the gold medal in men's soccer.
Between Lionel Messi's darting runs and Juan Roman Riquelme's long, low passes to Sergio Aguero, meeting Aguero in stride as he ran at goal, Argentina controlled most of the first half.
Both teams were slowed by the searing sun and midday heat. 
The temperature on the field at the National Stadium reached 107 degrees.
In the 58th minute, Messi sent a perfectly timed through ball to Angel Di Maria, who was not well marked, streaking down the left side. 
Di Maria ran in on goal alone, expertly chipping from 18 yards over the advancing goalkeeper, Ambruse Vanzekin. 
JEFFREY MARCUS
FIRST GOLD FOR DOMINICANS Felix Diaz won the first gold medal in Olympic boxing for the Dominican Republic with a 12-4 battering of the defending champion Manus Boonjumnong of Thailand. 
(AP)",4,team,GWBUSH,GW Bush (2001-2008),CATEGORY_3,"nba, won, league"
Italian Bridge Team Leads Bermuda Bowl.txt,"ï»¿
With 8 of the 21 qualifying rounds completed at the world bridge championships here, Italy, one of the two pretournament favorites, is leading in the Bermuda Bowl with 146 points. 
Egypt (149) is in second place after scoring 68 victory points out of 75 on the second day, followed by a 16-to-14 victory over Canada and a 19-to-11 victory over U.S.A. 
1, the defending champion and other favorite.
The Egyptian performance is particularly noteworthy because some of the players are observing the holy month of Ramadan, when they cannot eat or drink during daylight hours. 
Brazil (136) is in third place, and the U.S.A. 
2 team (135) is fourth.
In the Venice Cup, China (169.25 points) leads comfortably, ahead of the two United States teams. 
China has come close but has yet to win a world title. 
U.S.A. 1 (145), after a shaky period, leaped from eighth to second with two impressive victories, 23 to 7 over Morocco and 25 to 2 against Japan. 
U.S.A. 2 (138) is third.
In the Seniors Bowl, for players 56 and over, the Dutch team (165) maintained its lead over Indonesia (152). 
Poland (143) is third, followed by U.S.A. 
1 (135). 
U.S.A. 2, Canada and Denmark are tied for seventh with 129 points. 
The first eight teams will qualify for the semifinals, which start on Sunday.",4,team,GWBUSH,GW Bush (2001-2008),CATEGORY_3,"nba, won, league"
Italians Show Why They_re World Champions.txt,"ï»¿
The American team seemed headed for a rare victory over an old rival at the World Team Olympiad here Sunday, but their opponents, the Italian world champions, stormed back to snatch a victory. 
The Americans began the day trailing by three imps, and had built up a 30-imp lead with 14 deals remaining. 
But in the next 11 the Italians bid and played brilliantly, guessing well into the bargain. 
The Americans fought hard, but were not at their best. 
With three deals remaining the Italians led by 22, and held on to win by 12 in spite of an American gain on a slam deal.
The Italians in action were Norberto Bocchi, Giorgio Duboin, Fulvio Fantoni and Claudio Nunes, with Alfredo Versace and Lorenzo Lauria resting. 
Michael Rosenberg, Zia Mahmood, Bobby Levin and Steve Weinstein were at the table, with Roy Welland and Bjorn Fallenius on the bench.
Another strong finish was produced by Hungary, who gained 35 in the last set of 16 deals to defeat France by 14. 
Russia clung to a small lead and beat Turkey by 7. 
Japan had a small lead against Egypt, and prevailed by 24.
The other matches were not close. 
China overwhelmed Iceland, winning by 114. 
Netherlands beat Germany by 33. 
Ireland beat Sweden, also by 33. 
And Pakistan defeated England by 37.
In quarterfinal play Sunday night, the pairings are: Italy v. Pakistan; China v. Japan; Hungary v. Russia; Netherlands v. Ireland.
The United States, represented Leo Bell, Neil Chambers, Marshall Miles, John Onstott, Jim Robison and John Schermer, won the Senior Teams title. 
The Netherlands and Germany placed second and third.
The United States Women's team made a good start in the round of 16, leading Turkey by 50. 
In other matches the scores were: China led South Africa by 89; Croatia led Sweden by 3; Poland led Austria by 13; Finland led Netherlands by 20; Germany led Russia by 32; France led Greece by 27; and England led Italy by 31.
The United States Open Team has performed well here, the loss to Italy notwithstanding, with good prospects in this week's playoffs. 
On the diagramed deal Rosenberg offered some of the magic that causes many to rate him the world's best cardplayer.
At the other table in a match on Wednesday, a Norwegian contract of three clubs was defeated by an American lead of the diamond ten by East. 
Rosenberg landed in an abnormal and precarious contract of two hearts as shown. 
West might have raised his partner to two spades, which would have succeeded unless South was inspired to lead the heart ace and give his partner a ruff.
The declarer received considerable help when West led the diamond ace, but the contract was still likely to fail. 
The diamond queen was continued and taken by the king. 
After long thought, Rosenberg made the unexpected play of the heart three. 
The defense would have been in control if West had put up the king or queen, but that would have been abnormal, since East might have had an honor.
The nine won in dummy, and a club finesse would have been effective. 
But a low spade was led from dummy to the queen. 
South now had an accurate picture of the opposing cards. 
He played the ace of hearts followed by the jack, losing to the queen. 
West cashed his diamond jack and made an obvious play that proved fatal: he tabled the heart king. 
That left this position:
When West led a diamond, dummy gave up a club and South ruffed. 
But East had been caught in a position known as a nonmaterial squeeze. 
He had to discard a spade, an apparently unimportant card. 
When South led the spade jack, East was helpless. 
If he won and led a spade, the declarer would be able to take a club finesse. 
And if East held up his spade ace, he would be endplayed in that suit and forced to lead a club at the 12th trick. 
The United States gained an unexpected 5 imps en route to winning by 20-10 victory points.",4,team,GWBUSH,GW Bush (2001-2008),CATEGORY_3,"nba, won, league"
Japan Joins South Korea in Advancing.txt,"ï»¿
Ichiro Suzuki is getting some help from his Japanese teammates.
Hitoshi Tamura hit a three-run homer Saturday and Tsuyoshi Nishioka drove in two runs as Japan advanced to the second round of the inaugural World Baseball Classic with a 14-3 victory over Taiwan.
Suzuki had a hit and scored a run for Japan (2-0).
Tamura, who had 31 home runs last season, connected against Taiwan's starter, Hsu Chu-chien, to give Japan a 3-0 lead.
Japan's victory came before a crowd of 31,047 at the Tokyo Dome. 
South Korea defeated China, 10-1, earlier Saturday to advance, improving to 2-0 in the 16-team tournament.
Taiwan and China are 0-2 and will face each other Sunday. 
Then Japan will play South Korea, closing out their first-round play.
Lee Seung Yeop hit a two-run homer in the third inning and a bases-empty home run in the eighth to lead South Korea.",4,team,GWBUSH,GW Bush (2001-2008),CATEGORY_3,"nba, won, league"
July 8-14_2008 Olympics for China.txt,"ï»¿
China beat Paris, Toronto, Osaka and Istanbul to win the right to host the 2008 Summer Olympic Games, in voting by the 119-member International Olympic Committee in Moscow.
It will be China's first chance to host the games, and the country has promised to spend billions to lower pollution and build new roads and stadiums in Beijing. 
Many people hope that the international focus the games bring will pressure China's government to improve its human rights record. 
Others fear that Beijing will use the games to validate its often repressive governing style. 
Craig S. Smith",4,team,GWBUSH,GW Bush (2001-2008),CATEGORY_3,"nba, won, league"
Kazmir Says He_s Happy With Outing.txt,"ï»¿
Scott Kazmir was pleased with his performance yesterday in the Devil Rays' 11-8 loss to the Philadelphia Phillies in St. Petersburg, Fla.
Kazmir gave up three runs and five hits in four innings with two strikeouts and a walk. 
In two previous starts, he allowed five earned runs in four and a third innings.
''It felt great today, it really did,'' Kazmir said. 
''I threw the fastball well and where I wanted to.''
Kazmir was 10-8 with a 3.24 earned run average last season before an inflamed shoulder sidelined him.CHINESE TEAM IN U.S. 
-- China's national baseball team is in the United States learning the finer points of the game from Major League Baseball representatives as it prepares for the Beijing Olympics, officials said yesterday.
A Chinese delegation of 37 players, coaches and officials is training at Scottsdale (Ariz.) Community College under the guidance of Jim Lefebvre, a former major leaguer. 
China will enter the Olympic baseball competition for the first time next year. 
(REUTERS)TV DEAL UNDER SCRUTINY -- Major League Baseball's $700 million contract with DirecTV will be reviewed by the Senate Commerce Committee on March 27 over concerns that it may limit consumer access to hundreds of games. 
The panel will meet to review a deal announced last week that puts baseball's Extra Innings package of out-of-town games on DirecTV, said a spokesman for Senator John Kerry, Democrat of Massachusetts, the chairman of the hearing. 
(BLOOMBERG NEWS)",4,team,GWBUSH,GW Bush (2001-2008),CATEGORY_3,"nba, won, league"
Keflezighi and Liu to Run In Races in New York.txt,"ï»¿
Meb Keflezighi, the American who won the silver medal in the men's marathon in last year's Athens Olympics, and Liu Xiang of China, who won the men's 110-meter hurdles in Athens, were entered yesterday in track and field competitions in New York.
In his first race of the year, Keflezighi, 30, will take part in the Healthy Kidney 10-kilometer run Sunday in Central Park.
His opponents will include Hendrik Ramaala of South Africa, who won the New York City Marathon last November (Keflezighi finished second); Craig Mottram of Australia; and Patrick Ivuti of Kenya.
Liu will run June 11 in the Reebok Grand Prix, the first international competition in the new Icahn Stadium on Randall's Island. 
Liu, 21, is the first man from China to win an Olympic gold medal in track and field. he Forbes list of Chinese celebrities promoted him from 90th last year to third this year. 
Frank Litsky",4,team,GWBUSH,GW Bush (2001-2008),CATEGORY_3,"nba, won, league"
"Lacking in Big Names, Greece and Croatia Move On to Beijing.txt","ï»¿
Greece and Croatia qualified for the men's Olympic basketball tournament in Beijing next month by winning their respective matches at the qualifying tournament in Athens on Saturday.
The Greek national team defeated Puerto Rico, 88-63, to win entry to the Beijing Olympics. 
Greece, none of whose players play in the N.B.A., got double-digit scoring from six men.
Earlier, Croatia upset Germany, 76-70, to book its passage to China.
One Olympic berth remains, and it will be decided Sunday, when Puerto Rico and Germany face off.
The winner becomes the 12th team to qualify for Beijing.
According to Eurobasket.com, some 18,000 fans filled the OAKA sports hall to cheer Greece on in its match against Puerto Rico. 
The Greeks jumped to a 6-0 lead and never looked back, holding a 48-35 lead at the half and a 68-50 edge after three quarters.
Croatia won despite 30 points from Germany's Dirk Nowitzki, the Olympic qualifying tournament's leading scorer and a center for the Dallas Mavericks. 
Croatia was led by 21 points from Real Madrid guard Marko Tomas.
ANGOLA RUINS YAO'S RETURN Angola, the African champion, defeated China, 72-71, in the Stankovic Cup in Hangzhou, China, to sour center Yao Ming's comeback ahead of next month's Beijing Games. 
China rallied from a 14-point fourth-quarter deficit, but lost after Yao missed an offensive rebound as time expired.
Yao scored 16 points and had 7 rebounds in 20 minutes. 
It was his second game since coming back from a broken foot he sustained in February.
(AGENCE FRANCE-PRESSE)
DIVING PARTNERS LOSE APPEAL Laura Wilkinson and her diving partner, Jessica Livingston, lost their appeal to compete in 10-meter synchronized platform diving at the Beijing Olympics. 
An arbitrator ruled to keep 15-year-olds Haley Ishimatsu and Mary Beth Dunnichay as the synchro platform team for next month's Games.
Wilkinson and Livingston had filed a complaint against USA Diving and the United States Olympic Committee asking to be placed on the team or have another competition to see if they or Ishimatsu and Dunnichay should compete in Beijing.
Details of Friday's confidential American Arbitration Association hearing were not disclosed.
The younger duo was named to the Olympic team after they split four rounds with Wilkinson and Livingston at a selection camp earlier this month in Knoxville, Tenn.
Wilkinson and Livingston had a higher average score for the four contests, 329.88 points to 327.32.
But Ishimatsu and Dunnichay were chosen because they had the best individual score (346.98) of the four rounds of dives and because they had a higher score under a formula known as ''projected competition score,'' according to the complaint. 
(AP) SPRINTER HOPES TO COMPETE The British sprinter Dwain Chambers wants to compete in the 2012 London Games despite a judge refusing to overturn his lifetime doping Olympic ban before next month's Beijing Games.
Chambers's lawyer had hinted at the athlete's retirement during the hearing at London's High Court, saying that his client would ''go into the sunset'' if he was refused an injunction against the British Olympic Association's bylaw.
However, as Britain announced Craig Pickering and Tyrone Edgar as the final members of its 100-meter squad, Chambers said he would not retire.
''I just want to compete,'' Chambers told British broadcaster ITV. 
(AP)",4,team,GWBUSH,GW Bush (2001-2008),CATEGORY_3,"nba, won, league"
"Living With Cancer, and Swimming in Its Shadow.txt","ï»¿
Eric Shanteau knows himself.
''I have a history of thinking myself crazy,'' he said Wednesday. 
''A lot of people don't know that.''
He now has something to focus on -- the diagnosis of testicular cancer he received in mid-June. 
As he swims his practice laps, training for the Games, he lives with the reality that the cancer is there, waiting for the surgery that must take place.
But first, he will swim in the Olympics. 
Waiting was his decision, backed up by his doctors and his parents. 
He swims and he rests, and he talks about survival rates the way other swimmers obsess about fractions of seconds and the number of laps and all the other minutiae of this sport.
Shanteau dwells more on the figures 95 percent and 5 percent. 
The ratio for testicular cancer used to be the other way around, he has been told, but now a vast majority of people who come down with it are cured.
''Normally, you get to the Olympics, you put pressure on yourself,'' he said, adding that his illness had given him a different perspective.
He would not normally be getting this kind of attention, as a marginal member of the United States squad who narrowly missed making the last two Games in Sydney and Athens. 
But now he is in Beijing, and he draws a crowd.
On Wednesday, select American swimmers gave a news conference in the main auditorium of the press center, the one reserved for the biggest stars. 
The room was nearly packed with perhaps 500 journalists for Michael Phelps, the man who will try to win eight gold medals, and Dara Torres, the 41-year-old who is a medal contender again. 
On this day, Shanteau was the best story because, as he sat on the stage, everybody knew he was bearing a disease.
''You have to take ownership of it,'' Shanteau said. 
He is 24 years old, from the Atlanta area, slender and restrained -- not a presence, a mass of power, like Phelps and Torres. 
This was his year to make one more try for the Games, in relative anonymity. 
In mid-June, he felt a small lump that had not been there days before. 
His girlfriend told him to get it checked, and in short order, a specialist told him he had cancer.
''It will be a defining day in my life,'' he said Wednesday, admitting that his first reaction was, ''Why me?'' and ''I've got the trials.''
The doctors gave him the options -- surgery right away, or wait. 
They assured him that his kind of testicular cancer is slow-growing, so he felt comfortable in putting off the surgery, accompanied by weekly testing.
''If certain tests had come back elevated, my parents would have stepped in,'' he said.
He went to the trials in Omaha and finished second in the 200-meter breaststroke, qualifying for the Games. 
His teammates thought he was behaving a bit blase about finally getting to the Olympics, but they had no idea what was really on his mind. 
A couple of weeks later, when the team assembled in California to prepare for the trip to China, Shanteau decided to tell his teammates in a group.
''If you guys knew how the swimming world works,'' Shanteau said to reporters, adding that he thought it was pretty good he kept his frightening secret for more than three weeks.
''We thought he was acting coy,'' said Aaron Peirsol, a teammate.
''Many rumors were flying around. 
We started a few.''
Peirsol added that the way Shanteau had handled his illness ''gives you a different perspective.''
Brendan Hansen, who failed to qualify in the 200 breaststroke at the trials but who made the team in the 100 breaststroke, said Wednesday, ''The Olympics look smaller when you're dealing with cancer.''
Shanteau has had a role model through his crisis. 
He had moved to Austin, Tex., the home base of Lance Armstrong, who recovered from an advanced stage of testicular cancer that had reached his brain, and later won the Tour de France seven straight times.
''I looked up to that guy long before I got cancer,'' Shanteau said.
Armstrong, who is an inspiration to thousands of cancer survivors, has let Shanteau know that he considers him a kindred soul. 
Shanteau can take solace that his cancer was diagnosed at an earlier stage than Armstrong's was.
Shanteau hopes to be competing for a medal in the finals on Aug. 
14. No matter what happens in the pool, he will hang out in China for about five days before heading home to Atlanta around Aug. 
20. He expects to have the surgery about a week later at Emory University Hospital. 
He does not mind admitting that his mind wanders to cancer when he is not in the pool.
''I am human,'' he said. 
''This isn't just the flu, it's cancer. 
When I am in my downtime, I look to the people around me. 
It is on my mind. 
I can't help it. 
That's just the way it's got to be.''",4,team,GWBUSH,GW Bush (2001-2008),CATEGORY_3,"nba, won, league"
"Marry Me at 8 on the 8th, O.K._.txt","ï»¿
AFTER becoming engaged last year in Paris, Grace Fung and Victor Chiu returned to New York to discover that event spaces for their wedding on the second Friday of August were already booked. 
The logjam was unusual for a Friday, but the date in question is this Friday -- 08/08/08.
''As a homonym, the number 8 sounds like 'good fortune' in Mandarin and Cantonese,'' said Ms. Fung, who, like her fiance, is of Chinese descent.
So, this fortuitous Friday is not only the chosen date of the opening ceremony for the Beijing Olympics; it has also been circled in red by many couples. 
(Ms. Fung and Mr. Chiu finally secured a booking for their lucky day at the New York Botanical Garden.)
Chinese people find the 8's highly desirable for cellphone numbers, license plates, prices (and this reporter's byline).
In Beijing, officials expect more weddings than usual on Aug. 
8, according to the official Xinhua News Agency. 
The Municipal Civil Affairs Bureau has provided an online booking service since June 20 for couples wanting to marry on Friday, giving them until Tuesday to sign up.
But this bump extends beyond China. 
The Knot, a wedding media and service company, says the number of weddings registered on its Web sites (theknot.com and weddingchannel.com) for 08/08/08 are four times that of other Fridays in August -- 22,000 vs. 5,000.
Rob Johnsen and Polly Cohen have planned a Chinese-theme wedding in the Seattle area.
''We're both really superstitious, and I'm a big gambler and 8 has always been my lucky number since I was born,'' said Mr. Johnsen, a founder of MyWedding.com. 
''We're both 37 years old, and we figure that this point in our life we need all the luck we can get.''
But so far the 8's are far behind the lucky 7's. 
On July 7, 2007, a Saturday, the Knot counted 70,000 online-registered weddings.
Businesses saw opportunity in the numbers. 
Joseph Kohn, a photographer in San Francisco, said he is juggling five bookings that day. 
And when Elite Island Resorts, an umbrella group of Caribbean properties, observed many customer inquiries about that date, it designed an 08/08/08 wedding deal.
Steven Heydt, the president of Elite, said the eighth would be graced by 12 weddings at six of its resorts, an unusual proliferation.
Las Vegas hotels are advertising $888 and $1,888 wedding packages, or deals for the first 88 couples. 
''Obviously numbers are very important to Las Vegas,'' said Lisa Roughley, a spokeswoman for the J W Marriott Las Vegas Resort and Spa, which is offering a free spa deal for bridal parties with the big 8 date.
Mr. Johnsen said, luck aside, 8 appeals for another aesthetic and symbolic reason.
''Our logo on invitations is 8 turned sideways -- infinity,'' Mr. Johnsen said.",4,team,GWBUSH,GW Bush (2001-2008),CATEGORY_3,"nba, won, league"
Morgan Hamm Receives Final Clearance.txt,"ï»¿
Morgan Hamm can rest easy now, knowing that his spot on the United States Olympic men's gymnastics team is safe.
The International Gymnastics Federation announced Tuesday that it would not appeal the United States Anti-Doping Agency's decision to give Hamm a public warning -- and not a suspension -- for receiving a cortisone-like shot without obtaining clearance.
Hamm, who will be competing in his third Olympics, received the warning July 3 after failing a drug test in May at the United States championships. 
Under a physician's care, Hamm was given an anti-inflammatory shot in his injured left ankle in early May, but he never filed the necessary paperwork with the antidoping agency. 
The medication triggered the positive test several weeks later.
The antidoping agency and the United States Olympic Committee cleared Hamm to compete in the Olympics. 
They said the public warning and the nullification of scores from the day he tested positive at the championships did not affect his status on the Olympic team.
But the international federation, known as the F.I.G., had yet to review Hamm's case and make a decision. 
It took three and a half weeks to do so.
''Although this is the result we anticipated, we are glad to have the final ruling so we can focus on final preparations for Beijing,'' Steve Penny, president of USA Gymnastics, said in a statement. 
''We appreciate the F.I.G.'s handling this case in a timely manner so the matter was resolved prior to the start of the competition in Beijing.''
Hamm, 25, is set to travel with the team to China, where he will compete in his first Olympics without Paul, his twin.
Paul Hamm withdrew from the team Monday, saying he was not healthy enough to compete.
INTERNET CENSORSHIP Olympic organizers are backtracking on another promise about coverage of the Beijing Games, keeping in place blocks on Internet sites in the main press center and other locations where reporters will work.
The blocked sites will make it difficult for journalists to retrieve information, particularly for articles about political and human rights. 
On Tuesday, the sites for organizations like Amnesty International or any search for a site with Tibet in the address could not be opened at the main press center, which will house about 5,000 print journalists when the Games open Aug. 
8.
''This type of censorship would have been unthinkable in Athens, but China seems to have more formalities,'' said Mihai Mironica, a journalist with ProTV in Romania. 
''If journalists cannot fully access the Internet here, it will definitely be a problem.''
The censoring of access to the Internet is the latest broken promise on press freedoms. 
When they were bidding for the Games seven years ago, Chinese officials said the news media would have ''complete freedom to report.''
In April, the senior members of the International Olympic Committee who are overseeing the Games, Hein Verbruggen and Kevan Gosper, said they had received assurances from Chinese officials that Internet censorship would be lifted for journalists during the Games.
China routinely blocks Internet access for its citizens.
Gosper, however, issued a clarification Tuesday. 
He said the open Internet extended only to sites that related to Olympic competitions.
''My preoccupation and responsibility is to ensure that the Games competitions are reported openly to the world,'' Gosper said.
He noted that the changes the I.O.C. negotiated with the Beijing Olympic organizers, ''which required Chinese legislative changes,'' had do with reporting on the Games. 
Gosper said, ''This didn't necessarily extend to free access and reporting on everything that relates to China.''
Journalists trying to use the Internet on Tuesday expressed frustration. 
(AP)
RADCLIFFE TO JOIN BRITISH TEAM The marathon world-record holder Paula Radcliffe will join the British Olympic team this weekend in a bid to recover from an injury in time to compete in the race Aug. 
17 in Beijing.
The 34-year-old Radcliffe, who has a stress fracture in her femur, will travel Sunday to the British training camp in Macau.
''I'm glad Paula's flying out on Sunday,'' said Dave Collins, the performance director of UK Athletics. 
''I'm sure she will have been maintaining her professionalism in training.''
Radcliffe withdrew from the London Marathon in April because of a toe injury, before doctors discovered the femur problem in May.
She was the favorite to win the gold medal in the marathon at the 2004 Athens Games, but she dropped out in the final miles because of stomach problems. 
A few days later, she dropped out of the 10,000 meters with eight laps remaining.
Radcliffe's training for the Beijing Games was interrupted by a toe injury in September, when she finished second in a half-marathon. 
The race was her first in 20 months after having a child.
She won the New York City Marathon in November, achieving her Olympic qualifying time. 
But the toe injury flared again and forced her to miss the London Marathon. 
In 2003, she set the world record of 2 hours 15 minutes 25 seconds at the London Marathon. 
(AP)
WOMEN'S POLE VAULT RECORD Yelena Isinbayeva of Russia added to her world record in the women's pole vault Tuesday at the Monaco Grand Prix in Monte Carlo, and Asafa Powell of Jamaica ran his fastest 100 meters of the season.
Isinbayeva cleared 16 feet 6 1/2 inches to break her record of 16-6, set July 11 in Rome.
Powell won in 9.82 seconds. 
Darvis Patton of the United States, who also will compete in the Olympic 100 meters, was second in 9.98.(AP)",4,team,GWBUSH,GW Bush (2001-2008),CATEGORY_3,"nba, won, league"
No Interest In Bonds_ The Union Is Curious.txt,"ï»¿
Barry Bonds has not received an offer from a major league team, an issue that will be examined by the players union as part of its annual review of the free-agent market.
Less than two weeks before opening day, the 43-year-old Bonds remains unsigned.
''He's in playing shape right now,'' Bonds's agent, Jeff Borris, said Tuesday. 
''He just hasn't hit off live pitching. 
I've had conversations with Barry. 
It would probably take him about two weeks to get ready.''
Bonds, the career home run leader, was indicted in November on four counts of perjury and one count of obstruction of justice, charges stemming from his 2003 grand jury testimony in which he denied knowingly using illegal performance-enhancing drugs. 
He has pleaded not guilty.
Tampa Bay acknowledged last month that it had internal discussions about the prospect of pursuing Bonds. 
St. Louis Manager Tony La Russa had interest in Bonds, but Cardinals management decided against talks.
The union executive director Donald Fehr said his staff would examine possible collusion against Bonds and others. 
''We always look at the free-agent markets every year and make judgments about them, and if we come to the conclusion with respect to any player that there's a matter worth pursuing, we'll pursue it,'' he said. 
''But I'm not going to make any suggestions or accusations unless and until we come to that conclusion.''
Bonds hit .276 last year with 28 home runs, 66 runs batted in and a major-league-leading 132 walks.
PARK UPSET AT BEIJING SECURITYDodgers pitcher Chan Ho Park was still upset Tuesday about an incident in Beijing over the weekend in which he was kept from signing autographs for a large group of Korean fans.
Chinese security forces refused to let Park through to his fans after he pitched in Saturday's exhibition game between the Dodgers and the San Diego Padres.
''It was hundreds of Korean people, young kids who go to school in China and those who came a long way to watch the game and then wait a couple hours to get my autograph,'' said Park, a sports hero in his native South Korea.
SHERRILL NAMED AS CLOSER George Sherrill was named the Baltimore Orioles' closer Tuesday, an unlikely assignment for a one-time situational left-hander who spent the first four years of his career in the independent leagues.",4,team,GWBUSH,GW Bush (2001-2008),CATEGORY_3,"nba, won, league"
OLYMPICS_ TV_MARKETING_You_ll Be Looking Live At Some Morning Events.txt,"ï»¿
The choice of Beijing to be the host city for the 2008 Summer Olympics might initially appear to give NBC the time zone problem it had last year in Sydney when 15 hours separated Australia from the Eastern time zone of the United States. 
NBC showed only one Olympic event live in prime time.
Paris and Toronto, which finished second and third to Beijing in yesterday's vote by the International Olympic Committee, offered greater chances for some live coverage.
But Dick Ebersol, the chairman of NBC Sports, said that the Eastern time zone's 12-hour difference from Beijing will be easier for the network to cope with. 
""There are plenty of events we can carry live,"" he said in a telephone interview from Beijing. 
""A fair amount of good events will take place in the morning.""
Although schedules will not be determined for three years, it is possible that some indoor events, like gymnastics, swimming or diving, could take place in the Beijing morning to be shown live in the United States.
Neal Pilson, an industry consultant, said NBC's coverage of the men's finals of Wimbledon last Monday -- carried live on its cable channel, MSNBC, and then followed on tape on NBC -- offers a model for Beijing eight years after viewer discontent over the taped Sydney broadcasts. 
""We may be ready for live events at 9 a.m. on cable followed by a full prime-time kaleidoscope on NBC,"" Pilson said. 
""I think they will have that in mind as they ponder their options for Beijing.""
Ebersol said the tape-or-live equation is less important than scheduling the 2008 Games in July, unlike the last two weeks of September, when the Sydney Games were held.
""I'm convinced that the most important reason that our ratings were not at the levels we expected in Sydney was because we were dealing with children back in school and adults back to work,"" he said.
NBC's prime-time rating for its telecasts from Sydney fell by 36 percent from the 1996 Summer Games in Atlanta and 21 percent from the 1992 Olympics in Barcelona, Spain.
NBC is the largest financial contributor to the Olympics. 
The 2008 Games will be the last in a cycle of five Olympics that NBC acquired in a 1995 deal for $3.5 billion.
NBC is paying $894 million to carry the first Olympics in China, where its parent company, General Electric, sells aircraft engines, medical equipment and steam turbines, and has investments in joint ventures or subsidiaries totaling $1.5 billion.
Forty-nine percent of NBC's payment will go to Beijing's Olympic committee and the rest to the I.O.C., to give to international federations and national Olympic committees.
Unlike NBC, worldwide sponsors have fewer worries about time differences between the United States and Beijing. 
Their aim is to expand existing business in China or break into its vast market.
For that reason, Beijing's selection is the sponsor's pot of gold, an opportunity that is viewed with more corporate glee than if the I.O.C. had made Paris, Toronto, Istanbul or Osaka, Japan, the host in 2008.
""For existing and potential sponsors, China was the first choice, which the I.O.C. probably knew,"" said Jim Andrews, the editorial director of IEG Sponsorship Report, an industry newsletter in Chicago. 
""It's the market everyone wants to go after.""
There are 10 global sponsors in the I.O.C.'s TOP Program for the 2002 and 2004 Olympics. 
Two of them, Coca-Cola and Kodak, have extended their contracts to cover the 2006 to 2008 period.
In 1998 and 2000, IEG said, the 11 TOP sponsors paid a total of more than $600 million. 
Andrews said the sponsors for 2002 and 2004 will pay an average $60 million each, while those for the 2006 Winter Games in Turin, Italy, and the 2008 Beijing Olympics may pay much more.
""Olympic sponsorship values will soar in the next quadrennium,"" said John Krimsky, the former chief marketer of the United States Olympic Committee. 
""For sponsors who are primarily American companies, to ride the Olympic rings to China will be a totally unique opportunity.""
Visa views the Beijing Games in a similar vein to the 1988 Summer Olympics in Seoul. 
Credit-card payment systems were new to South Korea then, as they are to China now. 
Visa's sponsorship greatly accelerated its Korean business.
""Business is growing relatively slowly for us in China,"" said Tom Shepard, the executive vice president of global sponsorships for Visa. 
""There's been some activity with the government and how they plan to handle cards. 
I think they're looking to us for our expertise.""
Coca-Cola, with 33 bottling plants in China that showed 10 percent sales growth last year, is looking to further expand its business there.
Kelly Brooks, a spokesman for Coca-Cola, said, ""We're happy Beijing is chosen, but we would have been happy with any of the five.""
But Xerox, which is signed through the 2004 Summer Games in Athens, has been reducing its involvement in China. 
Last year it sold its Hong Kong and mainland China operations to Fuji Xerox, its Japan-based joint printer venture with Fuji Photo Film, and later sold half its stake in Fuji Xerox to Fuji. 
Xerox is focused on its 2002 Winter Olympics sponsorship in Salt Lake City.",4,team,GWBUSH,GW Bush (2001-2008),CATEGORY_3,"nba, won, league"
ON PRO BASKETBALL_Seeking an Epiphany at Center.txt,"ï»¿
They filed into the rickety old brick gymnasium one at a time, like a caravan of fans at an Indiana high school game in 1950. 
By the time Yao Ming stepped on the court he was not merely a Chinese national treasure. 
In a Webcam world, he had become a piece of basketball folklore more talked about than seen.
From Pat Riley to ""News at 11"" anchors, they all heard about this big kid from far away, even saw him on TV a couple of times. 
But they had to see for themselves what all the fuss was about -- a 7-foot-5 center who runs like a deer and whose shot is silkier than Hugh Hefner's bathrobe.
One of the first to weigh in was Zeke from Cabin Creek, W.Va.
""This guy is big, but he's a more of a finesse player at this point and time,"" declared Jerry West, the Memphis Grizzles' new president for basketball operations. 
He said he thought Yao, expected to be among the top three picks, would be drafted in the ""top five or six players"" this June.
When asked if he thought Yao is the kind of player franchises could be built around, West, architect of the Los Angeles Lakers for the past two-plus decades, replied, ""I don't know about that.""
Quentin Richardson then disrespected Yao's game. 
Everybody was huddling around Richardson, the Clippers guard and Chicago native, as if he could distill what all the politically correct general managers could not.
""I don't think he'll be a big concern,"" Richardson said. 
""I'm used to seeing big guys like that get dunked on. 
If we play, we'll be making bets on who's going to get him.""
Nice. Beautiful. 
A 22-year-old travels halfway across the world, braves annoying team doctors pulling on his limbs, hits a bevy of jump shots and shows he has a bit of a drop-step move, and we say, ""Now go home.""
You wanted to take Richardson aside and say, ""Yo, Q, you guys finished behind the Jazz, and you're watching the playoffs from your couch, right?""
Or explain to West that Shaquille O'Neal is not your average N.B.A. center.
But you knew what was happening in their reluctance to embrace Yao. 
After all, the Grizzlies had been denied permission to work out Yao privately, even though the Grizzlies will have one of the top picks. 
Why pump up a player who will never be yours?
And Richardson is probably like a lot of N.B.A. players who grew up honing his game on a playground. 
With Dirk Nowitzki, Peja Stojakovic and 19-year-old Tony Parker leading a cast of talented foreigners running some of them out of the league, he needs to stand up for his country's sagging hoop reputation.
No, why were 65 team executives, 150 credentialed journalists and another 100 or so onlookers really there at Loyola University's Alumni Hall yesterday?
They were longing for a big man to change the game or at least match up with O'Neal.
P. J. Carlesimo ran the workout, putting Yao through a round-the-horn shooting drill. 
Yao dropped in four of five shots from the baseline, four of five off the glass from 18 feet. 
His touch was pillowy soft. 
At times, he made so many in a row he looked like he was playing Pop-a-Shot at a sports bar.
He ran sprints, went end to end, handling the ball well before laying it in. 
He converted drop-step moves into powerful dunks. 
On the flip side, Yao looked tired and a little thin in the upper body. 
Will he be a serviceable pivot his first two seasons?
Yes. Can he be an All-Star?
Definitely. Is he a future Hall of Famer?
Probably not, but then what center besides O'Neal is?
Yao did not speak to the news media. 
Privately, Chinese and N.B.A. officials were worried that he or his entourage could say something that would be perceived as hurtful to the goal of having him play abroad.
Before the workout ended, a five-paragraph statement from Yao was released.
""It's been a dream of mine to play in the N.B.A. ever since the first time I saw a game on TV many years ago,"" it began. 
""To almost touch that dream today fills me with a sense of joy that words simply cannot describe.""
He humbly thanked everyone, mentioning, ""I hope I have not disappointed you with my performance today.""
Proving he and his handlers have been well schooled in marketing, he also said he planned to take every member of the news media out to dinner, adding, ""But the check is on you if your reporting makes me look bad.""
The scene around Yao could have been taken from a bad ""Rocky"" sequel. 
The foreigner with the crew cut and mysterious past comes to America to show off his wares before hyperbolic journalists hanging over a running track in the gym's upper level, pointing their cameras at his head. 
The stone-faced executives sit below, taking stock of his every movement and mannerism.
Even Yao's entrance -- he walked in from the far corner of the gymnasium -- looked scripted. 
Remember the Russian fighter in ""Rocky IV,"" Ivan Drago?
The only element from the plot missing was a semidecent American to challenge him.
His combatant for the day finally made his way across the court to shake hands with Yao. 
His name was Chris Christoffersen, the 7-2 center from Oregon, who was not invited to the league's predraft camp. 
Christoffersen is Danish.
""There's some good American-born centers,"" he said. 
""Look at Shaq.""
He was asked to name another. 
""Uh, Patrick. 
He's good.""
Patrick Ewing is from Jamaica.
When you think Yao, think somewhere between Jack Sikma and Rik Smits, with a little Bob Lanier mixed in. 
He will not change the game, but he will make it better. 
And at his position, that's a step in the right direction.
Hey, he beats Marcus Camby in a designer suit -- or Frederic Weis in Spain.",4,team,GWBUSH,GW Bush (2001-2008),CATEGORY_3,"nba, won, league"
"Out of Thin Air, Nigel Short Conjures Up a Crushing Attack.txt","ï»¿
Nigel Short of England won the Sanjin Hotel Cup in Taiyuan, China, with a 6 1/2-2 1/2 score. 
The tournament, played from July 17 to 26, featured an all-grandmaster invited field of 10. 
Second place was captured by Ni Hua of China, who scored 5 1/2-3 1/2.
Joel Lautier of France and Alexey Dreev of Russia shared third and fourth places with 5-4 each.
Short showed his marvelous knack for attack in his eighth-round game with Ye Jiangchuan. 
The latter did his best by choosing a conservative defense that squelches the sort of explosive tactics that Short is famous for. 
Accordingly, the game started on a quiet track up to the 15th move, but then Ye could not keep Short from sacrificing a pawn to shake up the play and advance a mating attack.
There were rook sacrifices in the offing, but the final blow was Short's queen sacrifice on the 27th move. 
Ye gave up. 
There were alternative modes of defense, but nothing that could withstand the Englishman's onslaught.
One thing Short has going for him is the creation of attacks for what appear to be routine formations. 
He produces threats from anywhere, and they often catch his adversaries napping.
After 5 Qc7, the opening took the form of the Taimanov Variation of the Sicilian Defense. 
Black holds back most of the development of his pieces so he can retain maximum mobility and deny his opponent a clear target for attack. 
Moreover, White cannot gain anything by playing 6 Bg5 or 6 Bc4. 
He can play 6 g3 and 7 Bg2, but this line does not lead to a promising attacking formation. 
After 6 a6, the two squares for a knight invasion, b5 and d5, are covered, so White has nothing better to do than finish his mobilization.
Short clarifies the central pawn situation with 10 Nc6 bc so that he can bring his queen to the king's wing with 11 Qd3 to be followed eventually by 15 Qh3. 
His objective is the black king. 
If Black had played 10 Qc6, then 11 Bf3 Qc7 12 a4 Nd7 13 a5, and White would have had a slight advantage in space on an open board and a lead in mobilization. 
Overall, there would be a slight superiority for White.
There is now a question as to how Ye should handle his future defensive problems. 
After 14 Rae1, his 14 Rae8 is too committing. 
Perhaps 14 Rad8 might have given him more flexibility.
After 15 Qh3!?, Short sacrifices a pawn to open lines of attack to the black king. 
It does not look as though Ye has any obvious weaknesses on his kingside, but Short can often see what others fail to see. 
After 16 Nf6 17 Re3 g6 18 Nd1 c4 19 bxc4 Qc5, Short followed with 20 f5!, which is a tremendous breakthrough into the black king's defenses. 
If Black had answered with 20 ef, then 21 Rf5! gf 22 Rg3 Kh8 23 Qh6, and Black will be mated.
After 26 Nd5, Ye blundered with 26 Nd5? overlooking 27 Qh7!
As soon as he observed that 27 Kh7 28 Rh3 Kg7 29 Bh6 Kh7 is followed by 30 Bf8 Bh4 31 Rh4mate, he gave up.",4,team,GWBUSH,GW Bush (2001-2008),CATEGORY_3,"nba, won, league"
Patchwork Team Wears Its Bronze With Pride.txt,"ï»¿
Sometimes, bronze feels just like gold.
''It's kind of heavy, actually,'' said the American gymnast Joey Hagerty, just off the victory stand, as he lifted the medal from his chest after the men's team final.
This strange Olympian alchemy is based on low expectations, on the mediocrity predicted for a team whose two stalwarts had dropped out because of injuries.
For a powerful nation, the United States has a love affair with underdogs. 
America celebrates the little guys, the Hoosiers from the little town in Indiana who win the state championship, the miracle hockey team that beat the Soviets. 
Loves them more than Dream Teams.
And this bronze-medal team -- take it from the bouncy little guys, displaying their bronze medals and their hyperactive smiles -- was no Dream Team. 
This was a bunch of recruits slapped together, the starting lineup from Class AAA baseball that somehow qualified for the playoffs, the outsider that reaches the Final Four in college basketball.
Not only that, but this was a team right out of the old movies, the platoon with the youngster from Brooklyn and the youngster from the plains and the kid from the South, one from Column A, one from Column B. An all-American team. 
And it won a bronze medal in the team finals of gymnastics on Tuesday, behind China and Japan, and celebrated as if some magician had waved a wand and turned their bronze into gold.
They live in the shadow of the munchkins, the young women who draw the ratings back home, who win more medals, who get young girls into the gymnasiums with their parents and a checkbook. 
These smallish young men, muscles and all, are the warm-up act. 
And yesterday, they could have lighted all of Beijing with their energy.
''I just get hyped up,'' said Jonathan Horton, a mainstay of this patchwork team, the most emotional, bouncing around on the sideline. 
His enthusiasm was infectious, as he exhorted his teammates after he had hit his own routines.
They were not expected to win a medal here, not without Paul Hamm, who won the gold in the all-around in Athens in 2004; and not without Morgan Hamm, his twin, who had deep Olympic experience. 
Paul had to withdraw at the end of July because the broken bone in his right hand did not heal, and Morgan had to pull out two days before the Games because of an injured left ankle.
''Those guys contributed the most of anybody in history,'' Horton said. 
''The Hamms are irreplaceable athletes, but we had to say, 'Get off it.'
''
They could not put Paul's gold medal out there to compete, and they could not put Morgan's dossier in a uniform. 
They had to regroup, like in the old movies that America used to make before it became an ironic nation. 
You, you and you, front and center.
The last men standing included Kevin Tan, whose family is originally from China; and Raj Bhavsar, whose parents emigrated from the Gujarat region of India in the '60s; and Sasha Artemev, who was born in Russia. 
And by some bizarre coincidence, these were the three best Americans on the pommel horse, the last of the six disciplines on Tuesday. 
Only in America.
Chinese people listen politely when Americans talk about ourselves as a nation built on immigrants, some of them Chinese, of course. 
We can talk about our tangled family histories, the races and colors and ethnic groups all blending in a lot of family trees these days, united under something we call America. 
But here it was, the American dream, flipping around atop a pommel horse. 
Tan got hung up and received low grades. 
Bhavsar did not score well, either. 
But Artemev scored 15.350, just enough to hold off Germany.
''I'm just thinking about his routine, and let the math take care of itself,'' Kevin Mazeika, the head coach, said.
And as the figures flickered on the scoreboard, before they allowed themselves to celebrate, the Americans went over and hugged their friends and colleagues on the German team, who did not win a medal. 
They won their bronze with grace. 
They made their country proud.
''It's been a roller-coaster ride,'' said Tan, who stopped to include the Hamm brothers and David Durante, the last alternate, who did not get to compete.
''Morgan, Paul and Dave were out there today,'' he added.
Tan was listed as Kai Wen Tan on the scoreboard -- ''that's my name,'' he said, meaning he adopted Kevin the way so many young people in China are now Wendy or Steve. 
Tan understood how good the Chinese men are. 
He also understood what it meant for his team to be on the victory stand, and for him to be in China with a medal.
''I never thought, in my wildest dreams, I would be here,'' he said. 
''This is my heritage. 
To be able to do it in China is fantastic.''
He said it with the unaccented English of a Penn State grad, the all-American boy, albeit with a medal hanging around his neck. 
The medal had a bronze hue to it, but it glowed like a more precious metal.",4,team,GWBUSH,GW Bush (2001-2008),CATEGORY_3,"nba, won, league"
PLUS_ BASKETBALL_China Loses Final In Asian Games.txt,"ï»¿
Yao Ming and China were upset by South Korea, 102-100, in overtime of the gold medal game at the Asian Games in Pusan, South Korea. 
Yao, taken first over all in the 2002 N.B.A. draft by the Houston Rockets, had 23 points and 22 rebounds for China, which led by 84-71 with slightly more than three minutes left.
China's other N.B.A. center, Menk Bateer of the San Antonio Spurs, played less than five minutes and scored 4 points.
The last time China lost an Asian Games men's basketball final was also against South Korea, in 1982.
ILGAUSKAS IS SUSPENDED: Cleveland Cavaliers center Zydrunas Ilgauskas was suspended by the N.B.A. for one game after being arrested last month on drunken driving charges.
Ilgauskas will be suspended without pay and will miss the regular-season opener Oct. 
29 at Sacramento, the league said.
Last week, the 7-foot-3 Ilgauskas pleaded no contest to drunken driving and was sentenced to one year's probation.
Ilgauskas played in 62 games last season, averaging 11.1 points and 5.4 rebounds.
YES TO SHOW SETON HALL GAMES: Seton Hall and the YES Network reached agreement yesterday to broadcast a number of the university's athletic events and a show with the men's basketball coach Louis Orr.
The network will broadcast 10 magazine-format shows beginning in December, giving viewers an insight into Seton Hall basketball and the university's athletic program.
Included in the agreement are telecasts of Seton Hall men's and women's soccer games and women's basketball games. 
More sports will be added.",4,team,GWBUSH,GW Bush (2001-2008),CATEGORY_3,"nba, won, league"
PLUS_ FIGURE SKATING_Ina and Zimmerman Win Bronze for U.S.txt,"ï»¿
Michelle Kwan reacted as if she had struck gold, even though the title was still two rounds away. 
Kyoko Ina was dismayed, even though she helped the United States win its first medal at the world championships in Nagano, Japan.
""Finally!
Eureka!""
Kwan shouted after finishing first yesterday in her qualifying group with the help of a triple-triple jump combination, a maneuver she failed to complete in her bronze medal routine in the Olympics last month in Salt Lake City.
Ina captured a bronze medal in the pairs event with John Zimmerman but was not happy about the performance that helped the United States earn its first medal of the competition.
""That's the worst performance we had all year, so it's really disappointing for us,"" Ina said.
Zhao Hongbo and Shen Xue won the event, the first time a Chinese twosome took a gold medal in the pairs event. 
Shen and Zhao won the bronze at the Olympics. 
The European champions Tatyana Totmianina and Maksim Marinin had a chance to overtake the Chinese. 
But he fell on a triple jump and a few of her landings were awkward.",4,team,GWBUSH,GW Bush (2001-2008),CATEGORY_3,"nba, won, league"
PLUS_ OLYMPICS_Beijing Will Expel Drug Cheats.txt,"ï»¿
China will expel any athlete caught taking performance enhancing drugs during the 2008 Beijing Olympics.
""The games are a big chance for sport in China,"" said Sun Weija, a spokesman for the Beijing 2008 organizing committee. 
""Anyone who gets caught doping at any time will be expelled from the Games.""
He was speaking to sports administrators and businessmen at the World Sports Forum in Lausanne, Switzerland.",4,team,GWBUSH,GW Bush (2001-2008),CATEGORY_3,"nba, won, league"
PLUS_ OLYMPICS_Martial Arts Form Seeks Approval.txt,"ï»¿
The traditional Chinese martial arts discipline of Wushu has applied to become an Olympic sport.
The president of the sport's governing body wrote to International Olympic Committee president Jacques Rogge, asking that Wushu be added to the 2008 Summer Games in Beijing, China's official Xinhua news agency reported Friday.
The addition of Wushu would contribute to the variety of the world culture and help spread the Olympic movement, International Wushu Federation president Li Zhijian told Xinhua.
If the I.O.C. turns down Li's request, Wushu could be included as part of a cultural program at the 2008 Games.",4,team,GWBUSH,GW Bush (2001-2008),CATEGORY_3,"nba, won, league"
PLUS_ SOCCER_Women_s Qualifiers Set for World Cup.txt,"ï»¿
The eight-team Concacaf Women's Gold Cup tournament, to be played Oct. 
27-Nov. 9, will serve as the qualifying competition for the 2003 Women's World Cup, which will be played in China.
Doubleheaders are scheduled to be played at the Rose Bowl in Pasadena, Calif.; Safeco Field in Seattle; Titan Stadium in Fullerton, Calif.; and Centennial Stadium in Victoria, British Columbia.
The defending champion United States will play its first-round games in California and Seattle.
The eight teams will be divided into two groups for round-robin play. 
The top two finishers in each group will advance to the semifinals. 
The semifinal winners will advance to the tournament in China. 
The winner of the third-place match will have to play a home-and-away series against an Asian team for a spot in the Women's World Cup. 
Jack Bell",4,team,GWBUSH,GW Bush (2001-2008),CATEGORY_3,"nba, won, league"
PLUS_ SPEEDSKATING_Chinese Win Short-Track Titles.txt,"ï»¿
Li Jiajun and Wang Chunlu of China won the men's and women's 500-meter finals yesterday at the world short-track speedskating championships in Chonju, South Korea.
Li won the men's gold in 43.433 seconds, followed by Canada's Jonathan Guilmette in 43.465. 
In the women's competition, Wang won in 45.779, followed by her compatriot Yang Yang in 45.872.",4,team,GWBUSH,GW Bush (2001-2008),CATEGORY_3,"nba, won, league"
PLUS_ SWIMMING_U.S. Earns Bye In Men_s Water Polo.txt,"ï»¿
The United States beat Australia, 13-7, in men's water polo to earn a bye into the quarterfinals at the world swimming championships in Barcelona, Spain.
Russia and China added to their medal totals on the sixth day of competition.
Anastasiya Davydova and Anastasiya Ermakova of Russia won the synchronized swimming duet with 99.084 points.
Guo Jingjing of China won the women's 3-meter springboard with 617.94 points to beat Yuliya Pakhalina of Russia (611.58) and Wu Minxia of China (589.80).
Russia leads the standing in gold medals, with five, and overall medals (10). 
China has three gold medals and nine overall medals.",4,team,GWBUSH,GW Bush (2001-2008),CATEGORY_3,"nba, won, league"
PLUS_ UNIVERSITY GAMES_U.S. Streak Is Ended At 46 by China.txt,"ï»¿
A 46-game winning streak for the United States men's basketball team at the University Games ended yesterday when Yao Ming -- one of three 7-footers who make up China's front line -- blocked Melvin Ely's put-back attempt to preserve an 83-82 victory in Beijing.
The United States had won a record six straight gold medals at these sort of mini-Olympics for college students, with players like Tim Duncan and Allen Iverson contributing to the streak.
China jumped to an 11-0 lead yesterday as the Americans missed their first seven shots, and was ahead, 81-70, with about three and a half minutes left before the United States came back, led by Juan Dixon, a member of Maryland's Final Four team last season. 
He hit three of four 3-pointers down the stretch and finished with 26 points.",4,team,GWBUSH,GW Bush (2001-2008),CATEGORY_3,"nba, won, league"
PLUS_ WOMEN_S BASKETBALL_U.S. Team Clinches Quarterfinals Berth.txt,"ï»¿
Lisa Leslie had 16 points and 10 rebounds as the United States beat South Korea, 91-53, and clinched a quarterfinal berth in the women's world basketball championship yesterday in Changzhou, China.
Tamika Catchings and Sheryl Swoopes each had 17 points.
The United States held a 28-15 lead after one quarter and continued to extend its lead.
The victory was the 15th in a row in world championship play for the United States, the defending champion. 
It is guaranteed a spot in Monday's quarterfinals regardless of what the team does today against France, the European champion.
Also yesterday, Penny Taylor scored 29 points as Australia clinched a spot in the quarterfinals with a 101-72 victory over China. 
Russia advanced by beating France, 74-59. 
Lithuania beat Cuba, 63-60. 
Spain upset Brazil, 78-68, and Yugoslavia beat Argentina, 83-76.",4,team,GWBUSH,GW Bush (2001-2008),CATEGORY_3,"nba, won, league"
PRO BASKETBALL_Record of Defeat Doesn_t Matter to Knicks.txt,"ï»¿
Scott Layden smiled and spoke as if he had just secured a genius for the Knicks' bench next season. 
Without a hint of doubt or regret, he talked of his decision to extend Don Chaney's contract as if no defense was necessary.
""Having the opportunity to work with Coach Chaney since December -- we work together every day -- and seeing what a great communicator he is, seeing how he prepares his team, I felt it was the right decision,"" Layden said. 
""I believe that Don Chaney is the right person to coach this team. 
I believe in Coach Chaney and I'm very excited that this day is here.""
Knicks fans can only hope that Layden, the Knicks president and general manager, has seen something in Chaney that has not been evident to most of them during his three-month tenure as coach. 
Since replacing Jeff Van Gundy, who stunningly resigned on Dec. 
8, Chaney has guided the Knicks to a 12-27 record chock full of humiliating, exasperating and almost unbelievable losses.
Still, the Knicks gave Chaney a one-year contract extension yesterday with a team option for a second year. 
Including the unguaranteed second year, the package is worth about $3 million.
James L. Dolan, the chairman of Madison Square Garden, joined Layden and Chaney at the news conference, and Dolan made it clear that it was Layden's decision to extend Chaney's contract. 
He said Layden made the decision before embarking on a scouting trip to China last Wednesday.
""We have great confidence in Don's ability to lead the Knicks,"" Dolan said. 
""We appreciate Don's willingness to step into a challenging position in December and believe that he deserves the chance to return as head coach for a full season.""
The Knicks' decision seems an admission that the club is ready to rebuild. 
Why bring in a high-priced head coach to oversee what will be a season or two of struggle?
Layden did not go that far yesterday, but he said the timing of the announcement had a lot to do with the draft. 
With the Knicks likely to have a high lottery pick, Layden felt it was necessary to have a head coach in place to help make what could be one of the franchise's most important decisions of the past decade.
Despite speculation that the Knicks had talked to other coaches, including Doc Rivers, a team official said that the team had not considered anyone else.
Layden also said -- without using the word rebuilding -- that the Knicks were committed to doing whatever it took to improve the team over the off-season. 
Both he and Dolan said it was important to have a man of character and integrity -- which, by all accounts, Chaney is -- out front during such a period of transition.
""While everyone would like us to reveal the plan and put a plan out on the table, I don't think it's wise to discuss those strategies publicly,"" Layden said.
Layden and Chaney, who has a 277-409 career record that includes coaching positions with four teams, believe the Knicks will improve by simply going through a training camp with Chaney. 
They believe it was difficult for the players to adjust from the demanding ways of Van Gundy to the calm and reserved Chaney in midseason.
""Training camp makes a season because that's the biggest juncture of the N.B.A. where you have your players in an isolated situation and you get their mind-set together so they know exactly where we're headed and how we're going to play. 
It's very difficult to do that midway through the season.""
The players, all of whom are relieved to be on the team after the trading deadline, realize that some of them may not be around for Chaney's first training camp.
""I don't know if I'm going to be back here,"" Latrell Sprewell said, referring to the possibility of a trade. 
""I don't know what the situation's going to be. 
I think that's just where you're at when you're going through a tough season. 
I don't know anything about what the roster is going to be like. 
Not saying that I don't want to be here. 
I just don't know what management's going to do. 
Who knows?""
And in regard to Chaney's future: Who knew?
REBOUNDS
During his 72 hours in China, SCOTT LAYDEN was one of many N.B.A. executives who watched YAO MING, the 7-foot-6 center, dominate a game. 
""Yao Ming is a very talented guy who has a lot of potential,"" Layden said. 
""It was a very positive scouting trip. 
He's got a lot of skills, a lot of talent, and I was impressed with him.""
Yao is expected to be the first or second pick in the draft.",4,team,GWBUSH,GW Bush (2001-2008),CATEGORY_3,"nba, won, league"
PRO BASKETBALL_Van Gundy to Run Yao Practice.txt,"ï»¿
Jeff Van Gundy has been chosen to conduct Yao Ming's official workout for N.B.A. teams tomorrow in Chicago. 
Yao, a 7-foot-5 Chinese center who is expected to be among the top three players selected in the June draft, flew into Chicago last night.
His practice will be seen by at least 22 teams.
Van Gundy, who stepped down as Knicks coach after 19 games this season, was asked to run the workout by Stu Jackson, the league's senior vice president of operations and a longtime friend of Van Gundy.
Yao has not performed in front of an American audience but his skills and talent were evident at the 2000 Olympic Games in Sydney, Australia.
Many details need to be worked out before he competes in the N.B.A., including financial arrangements with the Chinese government. 
But the potential of having a bona fide big man in a league with few elite centers has general managers salivating at the chance to draft Yao.",4,team,GWBUSH,GW Bush (2001-2008),CATEGORY_3,"nba, won, league"
Racial _Handicaps_ and a Great Sprint Forward.txt,"ï»¿
He is now nicknamed ''the Yellow Bullet.''
His gold medal is said to be ''the heaviest,'' or most significant, of the 32 that China won in the Athens Olympics. 
He carried the Chinese flag in the closing ceremonies and has returned home to riches and glory.
All of this adulation because Liu Xiang, a high hurdler, has proved what many Chinese have long felt was not possible: that yellow men can jump, and sprint, too.
''It is a kind of miracle,'' Mr. Liu, 21, exulted at a post-race news conference after tying the world record and winning gold in the 110-meter high hurdles. 
''It is unbelievable -- a Chinese, an Asian, has won this event.''
He added: ''It is a proud moment not only for China, but for Asia and all people who share the same yellow skin color.''
In many countries, particularly the United States, this kind of racial stereotyping often touches a raw nerve in society. 
But among Chinese, the proposition that genetic differences have made Asian athletes slower in sprinting than their American, African or European rivals is a widely accepted maxim, if an unproven one.
The Communist Party apparently thinks so, too. 
At the midway point of the Athens Games, with China in a surprisingly tight competition with the United States for the lead in gold medals, the party's chief newspaper, People's Daily, cautioned that track and field events were about to begin.
While Chinese are ''suited'' to sports like Ping-Pong, badminton and gymnastics that require agility and technique, the newspaper noted, purely athletic events are different. 
Chinese had ''congenital shortcomings'' and ''genetic differences'' that created disadvantages against black and white athletes.
In an effort to give this halftime pep talk a positive spin, the commentary urged Chinese athletes to work harder. 
''If Chinese people want to make their mark in the major Olympic competitions, they have to break through the fatalism that race determines everything,'' the newspaper advised.
Mr. Liu's victory has not fully erased this ingrained belief. 
Chinese sports officials have explained his win, in part, by noting that hurdles also require technique, not just raw speed, an observation that invokes another, more positive, stereotype -- that Chinese are disciplined and smart. 
His coach has been credited with developing special training methods to overcome any racial deficiencies.
But by becoming the first Chinese man to win a sprinting event in modern Olympics history, Mr. Liu's victory has been particularly embraced by a younger generation of upwardly mobile, urban Chinese who themselves are eager to shatter stereotypes. 
Handsome, with thick, styled hair, Mr. Liu is 6 feet 2. 
His playful smile on the medal stand, with his tongue sticking out, offered a far different image from that of the reserved Chinese medalists of the past.
''Glory Belongs to the New Generation of the 1980's,'' proclaimed China Newsweek magazine, with a picture of a determined Mr. Liu striding over a hurdle.
Yao Ming, the Chinese basketball star, was one of the first athletes to touch this chord in the national psyche. 
His stardom with the Houston Rockets has made him the most famous athlete in China. 
He is popular not just because he is a good player, but because he is tall. 
At 7 feet 5, he helped dispel the Western stereotype that all Chinese are short.
But if Mr. Yao was chosen to carry the Chinese flag at the opening ceremony, it was Mr. Liu who was selected to carry it at the closing. 
He is already being deluged with endorsement and entertainment offers. 
A record company reportedly offered him $600,000.
Like many Chinese, Feng Jue, 32, a marketing executive for the Chinese Web site, Tom.com, stayed up late to watch the live telecast of Mr. Liu's race. 
She had not even heard of him until the day before the finals. 
But when he won, she was overjoyed.
She thought his victory represented a significant and positive change in Chinese society. 
''The new generation, I think, is more civilized,'' she said of people in their 20's. 
''They think of themselves as human beings first, not the country and the party's interest.''
The Communist Party has been quick to take advantage of the popularity of Mr. Liu and the other Olympic athletes. 
This week, the country's gold medal winners have been on a tour of Hong Kong, a thinly disguised attempt by the government to generate good will before Hong Kong's critical coming elections.
Mr. Liu's victory has Chinese sports officials looking at other athletic events that might produce gold when Beijing plays host to the Summer Olympics in 2008. 
Li Aidong, a researcher with the China Institute of Sports Science, said coaches believe Chinese athletes could be successful in long jumping, high jumping and speed walking. 
They have already had some success in distance running, including a gold in the women's 10,000 meters this year.
There are no credible scientific studies to underpin the idea that Asians are physically inferior to other athletes in sprinting. 
Nor are Chinese alone in succumbing to ingrained racial beliefs: the Olympics victory of the white American sprinter Jeremy Wariner in the 400-meter dash startled a fair number of people in the United States. 
He was the first white winner of the event in 40 years.
But Ms. Li said she doubted China could compete in events like pure sprinting.
''Short distance races are physically intensive,'' Ms. Li said. 
''They require a lot of physical abilities, like speed and sudden strength. 
Although we have no research data, it has been an open fact that Asians and Chinese are disadvantaged when compared to Europeans and Americans.''
Mr. Liu had been very modest before the Olympics, hoping for a top six finish, perhaps a bit of bluffing from a man who finished second at the world championships. 
He sounded very different by the time he spoke with reporters after his victory in Athens.
He said he was looking toward Beijing in 2008 and he predicted more ''miracles''' -- not just from himself, but also from other Chinese track athletes.
''Please pay attention to Chinese track and field,'' he told a Chinese newspaper. 
''I think we Chinese can unleash a yellow tornado on the world.''",4,team,GWBUSH,GW Bush (2001-2008),CATEGORY_3,"nba, won, league"
"Rogge On Doping, Betting and China.txt","ï»¿
In a year-end message posted on the International Olympic Committee's Web site, Jacques Rogge, the organization's president, said he wanted tougher action in 2008 against doping and illegal sports betting. 
Rogge also said that the focus on political and social issues in China would probably increase leading to the Beijing Olympics, with the Games acting as a ''powerful catalyst.''Rogge said he took issue with the notion that sports was losing the fight against drugs because of the many high-profile doping cases in 2007. 
''The fact that so many instances of unfair play were revealed, and that more athletes admitted responsibility, tells us that we are on the right track,'' he said.Rogge also cited illegal betting as a threat to the credibility of sports. 
''It must be fought in the same aggressive way in which we are fighting against doping,'' he said.",4,team,GWBUSH,GW Bush (2001-2008),CATEGORY_3,"nba, won, league"
SALT LAKE CITY 2002_ THE 19TH OLYMPIC WINTER GAMES_SHORT-TRACK SPEEDSKATING.txt,"ï»¿
FORGET ABOUT roller derby on ice. 
This sport is more like ""Survivor"" on ice. 
Competitors race counterclockwise in a pack, jockey for position at speeds up to 40 miles an hour and inevitably crash, always in danger of being gashed by another skater's blade. 
First one to complete the requisite number of laps wins. 
Unlike long track speedskating, the athletes compete against one another and not the clock.
THE SETUP -- They skate around a 111.12-meter oval on an indoor rink, at the Salt Lake Ice Center (better known as the Delta Center). 
Turns are marked by seven cones, although there are no lane delineations. 
Four skaters race in a heat, with the top two advancing. 
Depending on disqualifications, however, more than four skaters can line up in subsequent rounds. 
There are eight different races. 
Men and women compete in the 500 meters (4 1/2 laps), 1,000 (9 laps), and 1,500 (13 1/2 laps). 
The women also compete in a 3,000-meter relay (27 laps), and the men in a 5,000-meter relay (45 laps).
THE NAMES -- If the on-ice drama is not enough, this sport has already enjoyed pre-Olympic controversy within the United States team. 
Tommy O'Hare went to arbitration charging that Rusty Smith and Apolo Anton Ohno, the sport's superstar, conspired to exclude him from the team during the trials. 
But O'Hare eventually dropped the arbitration and the 19-year-old Ohno emerged relatively unscathed. 
Last season Ohno captured the World Cup title, bringing the Americans into prominence they had never seen. 
Ohno is favored in all four events. 
His four medals in one Olympics would be the most of any speedskater since Eric Heiden won five golds in 1980.
Also watch the teams from China, South Korea and Italy. 
Amy Peterson is the top female skater for the United States. 
Evgenia Radanova of Bulgaria has been rising in the world. 
Kim Dong-Sung of South Korea is the defending Olympic champion and World Cup champion.
China boasts two top competitors in the 500 meters who share the same Anglicized name: Yang Yang. 
The unrelated skaters are designated Yang Yang (A) the older, and Yang Yang (S) the younger. 
LIZ ROBBINS",4,team,GWBUSH,GW Bush (2001-2008),CATEGORY_3,"nba, won, league"
Security for 2008 Olympic Equestrian Events Is Questioned.txt,"ï»¿
It was a device worthy of Rube Goldberg, or perhaps Wile E. Coyote. A remote-controlled mechanism with a dozen launching tubes was found buried in the turf at Hong Kong's most famous horse racing track last week; it was rigged with compressed air to fire tiny, liquid-filled darts into the bellies of horses at the starting gate.
No horses were injured because the supervisor at the Happy Valley Racecourse, where horses have been racing since 1846, noticed something on the turf before racing started Wednesday. 
He discovered the mechanism concealed by grass-colored tape and called in a police bomb squad to remove it.
The discovery of the device, which was equipped with elaborate electronic controls, has raised concerns about security for the six Olympic equestrian events to be held in Hong Kong next year.
Security experts tend to say that the risk of a terrorist incident during the 2008 Summer Games is lower than at other recent Olympics. 
But Hong Kong is a far more open, less-controlled city than Beijing, where most of the Olympic events will be held.
The equestrian events will not be held at Happy Valley, but at Hong Kong's other racetrack, in Sha Tin, just north of the Kowloon peninsula.
Most of the Sha Tin site has been closed to the public since July for the construction of special facilities. 
It will remain closed until the Olympics begin.
''There will be a full lockdown period of the entire Olympic venue'' and a thorough police inspection before the Games begin, said Lam Woon-kwong, the chief executive of a company set up by the Hong Kong government to organize the Olympics here.
Police officials refused to discuss the device found at Happy Valley, except to say that it was under investigation. 
One popular theory is that gamblers installed it in an attempt to fix the outcome of races.
The liquid in the darts was being analyzed at a laboratory to determine whether it was a tranquilizer, poison or something else entirely. 
A long trench was dug underneath where the starting gate stands during a race, and the footlong launching tubes were placed in the trench and concealed under the locations where each horse would stand at the beginning of a race.
Donald Tsang, who was re-elected Sunday as the chief executive of Hong Kong, said in an interview that he believed gamblers were responsible.
''We'll bring these guys to the book,'' he said, adding that Olympic events like dressage were far less likely to draw the attention or interest of gamblers.
Tsang tends to be well informed about police investigations in Hong Kong. 
He not only heads the territory's government, but his brother was also the police commissioner until retiring in 2003; their father was a police sergeant for many years.
In a sign that the case of the mysterious device at Happy Valley may prove tough to solve, a person close to the investigation said Monday that the police would probably offer a reward as soon as Tuesday for information that would help them find the culprits.
Stephen G. Chandler, the executive director of security and corporate legal services at the Hong Kong Jockey Club, said that the motives and identity of whoever built the device remain a mystery. 
The jockey club manages the city's racetracks and has been working closely with the police.
''We've contacted our counterparts around the world -- it's never been seen before,'' said Chandler, a former Hong Kong police official.
He declined to speculate further on motives. 
Other theories include terrorism, extortion and insurance fraud. 
Chandler said that no one contacted the club before the device was found.
Horse racing experts said it might be hard for gamblers to profit by silently firing darts into one or more horses and betting on others to win. 
They said that any horses that were pierced, and possibly horses near them in the starting gate, might react violently, which would probably lead to the discovery of the darts and the cancellation of the race.
Happy Valley Racecourse is unlike most racetracks because the infield is a public park, equipped with ball fields and operated by the government. 
A public jogging trail lies next to the track's inside rail. 
Three tunnels under the track provide public access.
Soccer balls, badminton birdies and other sports equipment periodically land on the turf on days when there is no racing, and people at the park sometimes stray onto the racetrack. 
As a result, Jockey Club officials inspect the track before races are held.
The track has security cameras, but the trench was dug in a blind spot for the cameras. 
Chandler said that because the Jockey Club had more than 5,000 full-time employees and nearly 20,000 part-time employees, it was possible that someone at the club participated in the scheme.
Video cameras are nearly useless at night because the track is nearly surrounded by apartment towers whose residents object to having floodlights used on the site more often than necessary. 
The club considered installing infrared cameras but decided against it.
But since the discovery of the dart-firing device, guards have begun patrolling the track with dogs at night.
Sha Tin Racecourse has a public park in its infield, but it was closed when the construction project began last summer. 
In 2001, a cleaner found a nail bomb under a seat there. 
A 27-year-old electrician later pleaded guilty to putting the bomb there in an attempt to draw government attention to his personal-financial difficulties; he was sentenced to five years in prison.
A spokeswoman for the International Olympic Committee in Lausanne, Switzerland, said the group was not concerned about the device at the Happy Valley Racecourse because it had not been planted at an Olympic site.
The I.O.C. decided in July 2005, at a meeting in Singapore, to transfer all six equestrian events to Hong Kong from Beijing. 
The Beijing Organizing Committee had new stables built and special fields planted in an unsuccessful attempt to convince international veterinary groups that it could protect horses during the Olympics from 17 equine diseases that are endemic to China.
If the events had been held in mainland China, other countries would have required the Olympic horses to spend months in quarantine before being allowed to return to their home stables. 
Hong Kong, however, meets international veterinary standards.
The I.O.C.'s decision to transfer the events to Hong Kong attracted little attention at the time because it was made at the same meeting in which the 2012 Games were awarded to London, passing over New York, Paris, Madrid and Moscow.
The six equestrian events are individual and team competitions in dressage, jumping and eventing. 
For eventing, a three-day competition, riders seek the best combination score for dressage, jumping and a cross-country race.
Dressage and jumping will be held at Sha Tin Racecourse. 
The cross-country event will be held at a luxury golf course that already has a high fence around it for security and has few trees inside that could be used for cover.
Trying to attack horses at the Olympics would be much harder because the riders have considerable choice about where their horses should stand at the start of each event. 
''Greater variability makes it a harder target,'' said Chandler, of the jockey club.
Stephen G. Vickers, a former Hong Kong police intelligence official who is now the president and chief executive of International Risk, a security consulting company, said that any possible incidents at the Olympic events in Hong Kong would probably be peaceful. 
They may include demonstrations by followers of the Falun Gong spiritual sect, which has been banned and sometimes repressed in mainland China.
Strenuous efforts against triads, which are Chinese organized crime syndicates, have made horse races here less likely to be fixed than anywhere else in Asia, Vickers said.
But the device found at Happy Valley is certain to make security even tighter during the Olympics next year, he said, adding, ''I think they're going to quadruple whatever they were going to do before.''",4,team,GWBUSH,GW Bush (2001-2008),CATEGORY_3,"nba, won, league"
SOCCER_Chinese Goalkeeper Stands With U.S. Women_s Stars.txt,"ï»¿
One of the indelible images in women's soccer history is Brandi Chastain's left-footed penalty kick past the Chinese goalkeeper Gao Hong to win the 1999 World Cup for the United States.
The goal was followed by a brouhaha about a doffed jersey and an exposed sports bra.
Now, less than two years later, Gao is tending goal for the New York Power, one of eight teams in the new Women's United Soccer Association, which opens next month and features nearly all of Chastain's teammates and four of Gao's from the Chinese national team.
Among Gao's new teammates for the 21-game W.U.S.A. season are Tiffeny Milbrett, Christie Pearce and Sara Whalen, all United States World Cup veterans, plus the elite Norwegian national team players Gro Espeseth and Ann Kristin Aarones.
""She never thought of the U.S. players as enemies, but she always tried her best to play a good game against them,"" Heike Chan, who translated for Gao, said yesterday at a W.U.S.A. news conference in Manhattan. 
""She likes the U.S. team. 
She's excited to be on the same team as Tiffeny. 
She sees her role is to promote soccer.""
Gao has met the United States players on occasion, but her inability to speak English got in the way. 
""They could only smile at each other or pat each other on the shoulder,"" Chan said. 
""But even that she felt good about.""
Milbrett said: ""I have incredible respect for her. 
I hope to learn a lot more about her. 
We may not learn a lot soccer-wise, but to get inside her brain, to learn how she grew up and how she views life.""
Gao knows a little English, but she will be taking language classes after the W.U.S.A. teams finish training next month in San Diego. 
Chan said that Gao knew of the league's startup plans well before she was signed last fall. 
""Her only surprise in coming here is in how well developed it is,"" Chan said.
W.U.S.A. officials have enormous confidence that they have produced an attractive, marketable mix by allocating United States team stars like Chastain, Milbrett, Mia Hamm, Brian Scurry and Julie Foudy to the eight teams, then adding elite international players and rising college stars.
They believe the W.U.S.A. is more immediately attractive than Major League Soccer, largely because of the United States team's success.
Power Coach Pat Farmer said that while there are other women's professional leagues, ""This is the premier league for women.""
The league also plans to inject its players into communities to build upon the large interest in their sport among soccer-playing girls and young women and their families.
""We have to get involved, do what we love to do,"" Milbrett said, ""and show that we're not here just to play awesome soccer, but for the betterment of people around us.""
The Power opens in Atlanta on April 21. 
The first home game, against the San Diego Spirit, will be played April 29 at Mitchel Athletic Complex in Uniondale, N.Y.",4,team,GWBUSH,GW Bush (2001-2008),CATEGORY_3,"nba, won, league"
SOCCER_The Questions Are Fading After Hamm_s 2 Goals.txt,"ï»¿
For all her accomplishments as soccer's leading scorer and the biggest superstar in women's team sports, Mia Hamm has never sustained her brilliance consistently throughout a major tournament like the World Cup or the Olympics.
That may soon change. 
At 31, as she nears retirement after the 2004 Summer Games in Athens, Hamm is playing the most complete soccer of her career. 
She delivered a pair of goals and an assist tonight in a 5-0 victory over Nigeria before a crowd of 31,553 at Lincoln Financial Field, matching her goal output for the entire 1999 Women's World Cup and placing the United States on the verge of qualifying for this tournament's quarterfinals.
In the past, Hamm's confidence has been mercurial, rising or falling with her ability to put the ball into the net. 
She has scored only twice in the knockout phase of a World Cup or an Olympics. 
But she has become more assured, versatile and resilient -- no longer consumed by defeat or a failure to score -- during three seasons with the Washington Freedom in the Women's United Soccer Association.
As her teammates on the national team have become more accomplished and better known, Hamm no longer has an urgent obligation to carry the team on the field, or to shoulder the burden of media attention off it. 
Freed of the responsibility to take control, she seems more willing to do it.
In tonight's rugged game, Hamm tackled fiercely, tracked back to retrieve balls, dropped into midfield on occasion and seemed intently driven from the beginning.
""She wants the responsibility on her shoulders,"" Coach April Heinrichs said. 
""I believe this will be her best World Cup.""
A reluctant superstar, Hamm now seems more comfortable with her celebrity and more relaxed in the way she plays. 
She has scored a pair of goals and collected four assists in two matches of this World Cup, her fourth. 
With 8 career goals and 12 assists, she has surpassed Michelle Akers of the United States and Sun Wen of China as the leading all-time scorer in the women's world championship.
""There's not a reluctance to take over games,"" the captain, Julie Foudy, said of Hamm. 
""Before, she wasn't reluctant, but she was content with others' taking the stage. 
Now, she's saying, 'I can do it.'
She's playing with an intensity that is inspiring all of us.""
The United States (2-0) can advance to the quarterfinals with a draw or narrow defeat on Sunday against North Korea in Columbus, Ohio. 
In the first game of tonight's doubleheader, Sweden (1-1) defeated North Korea (1-1) by 1-0 as forward Victoria Svensson scored on a volley in the seventh minute.
The United States had defeated Nigeria by 7-1 in the 1999 World Cup as the match grew edgy and scabrous. 
The Americans expected a similar game tonight, and Nigeria quickly fell into trouble with its fierce tackling.
In the fifth minute, the Nigerian captain, Florence Omagbemi, took down forward Cindy Parlow from behind in the penalty area, and the Argentine referee, Florencia Romano, signaled a penalty kick.
As the game moved into the sixth minute, Hamm called for the kick, which was a departure from the 1999 World Cup final, when she had not wanted to take one -- then did reluctantly -- in the penalty kick shootout against China. 
Tonight, she assuredly placed a low shot inside the right post. 
The Nigerian goalkeeper, Precious Dede, guessed incorrectly, shuffling to her left, and Hamm pumped her fist in celebration at the 1-0 lead.
In the 12th minute, Parlow was fouled a second time, giving the United States a free kick from 32 yards. 
Again, Hamm stepped forward to take the kick. 
Playing in the W.U.S.A., she has refined her playmaking skills and fashioned herself into a dangerous threat on set pieces. 
Hamm intended to make a pass from the left flank as Parlow made a run toward the far post, but the ball kept floating inexorably toward the goal. 
Dede seemed frozen off her line and reached up with both hands but could not control the ball, allowing the United States to take a 2-0 lead.
Two minutes into the second half, Hamm placed a corner kick perfectly onto the head of Parlow, who was left unmarked from six yards out. 
Abby Wambach scored in the 65th minute, and Foudy delivered a penalty kick in the 89th minute, but the game was dominated by Hamm.
""It's more consistent than in the past,"" Hamm said. 
""I credit the W.U.S.A. for putting you under pressure week in and week out. 
I'm trying to enjoy this. 
I'm definitely a lot looser than in previous World Cups. 
I'm an intense, emotional person. 
Sometimes, stopping to smell the roses isn't a bad thing.""
RUSSIA 3, GHANA 0
Marina Saenko got one goal and started another scoring play as Russia beat Ghana in Carson, Calif.
Saenko scored on a free kick in the 36th minute, Natalia Barbachina made the score 2-0 in the 54th minute, and Olga Letyushova capped the scoring with a close-range volley in the 80th minute.
Russia goalkeeper Alla Volkova, sometimes rushing to the top of the box to turn away scoring threats, was particularly effective when Ghana had breakaways.
CHINA 1, AUSTRALIA 1
Bai Jie scored in the 46th minute as heavily favored China settled for a tie with Australia in Carson, Calif.
Heather Garriock scored in the 28th minute to give the upstart Australians (1-0-1) a short-lived lead.
China (1-0-1), ranked fourth in the world to Australia's 15th, kept the pressure on most of the second half, but Australia's defense crowded back into its own zone to turn back repeated threats.",4,team,GWBUSH,GW Bush (2001-2008),CATEGORY_3,"nba, won, league"
SOCCOR_ NOTEBOOK_MetroStars_ Rookie Makes an Impact.txt,"ï»¿
It was only 24 minutes into BRAD DAVIS'S Major League Soccer career, but he quickly had the look of a grizzled, confident veteran.
Davis was inserted into Saturday's game in the 81st minute by MetroStars Coach OCTAVIO ZAMBRANO, replacing ROSS PAULE on the left side of the midfield. 
Davis scored the game-winning goal in overtime as the MetroStars defeated the Columbus Crew, 2-1.
""He obviously wanted me to take care of my role defensively,"" Davis said, referring to Zambrano. 
But he mostly wanted me to go forward and make things happen. 
I'm an offensive player. 
I had a couple of chances but couldn't put them away until the overtime.
Davis, who is 20 and played at St. Louis University, was picked by the MetroStars No. 3 over all in the recent M.L.S. draft. 
He showed his offensive prowess last year, scoring 10 goals and adding 14 assists as the Billikens advanced to the quarterfinals of the N.C.A.A. tournament.
Against the Crew (he had also been a late sub in a 1-0 loss to Columbus at Giants Stadium on April 3), Davis went immediately forward, forcing Columbus to scramble. 
Early in the second five-minute overtime period, Davis drifted into the left side of the penalty area as the MetroStars attacked on the right side.
""I don't remember who made the original run, but I do know I was calling for the ball because I was open on the opposite side from the get-go,"" Davis said. 
There were a couple of shots that were deflected. 
I held my position and, as it rolled to me, my eyes felt like they opened up real big. 
I put my head down and struck it well.
The game-winner, however, is no guarantee of more playing time.
""Hopefully, I will get more playing time,"" Davis said. 
""I feel I can play. 
It's just a matter of time.""
WORLD CUP
BORA MILUTINOVIC, the peripatetic Serb who is the coach of China's national team, said that he might stay in China after the World Cup, but that he would definitely retire from coaching. 
""I'll be 60 when the World Cup is over,"" Milutinovic told a daily newspaper in Sichuan. 
""The places where I prefer to stay most are the United States and China, not Mexico, where my family lives now.""
As the start of the tournament nears, Chinese officials have told the nation's clubs that 11 injured national team players will not be allowed to play in remaining league games, even if they are fit. 
Striker HAO HAIDONG (toe) and the captain and veteran midfielder MA MINGYU (knee) top the list of injured players. 
""If all the players are injured, I would go to the World Cup alone,"" Milutinovic said.
China has scheduled five warm-up matches -- the first is against South Korea on April 27 -- before it begins play on June 4 against Costa Rica in a first-round group that also includes Brazil and Turkey.
The Manchester United and Ireland midfielder ROY KEANE tore a hamstring in last week's Champions League match in Spain and will be out for at least six weeks. 
The Irish defender STEPHEN CARR, who plays in England for Tottenham Hotspur, has been slow to recover from a knee injury.
""The World Cup's gone, and it's now about getting myself fit and playing football again,"" Carr said on the club's Web site. 
""I found out last week, and it's a massive disappointment.""
Portugal, which opens World Cup play against the United States on June 5, will be without the 22-year-old Benfica wing SIMAO SABROSA. 
Sabrosa, who has played 12 times for the Portuguese national team, underwent surgery on his left knee after he was injured in last week's exhibition loss to Finland. 
Arsenal of the English Premier League said it was prepared to allow its Japanese midfielder, JUNICHI INAMOTO, to leave the club and join his national team at the end of April. 
Arsenal signed Inamoto for $5.7 million from Gamba Osaka last summer, but he has been unable to win a spot in the Gunners' starting lineup.
Japan is scheduled to play host to Costa Rica (April 17), Honduras (April 29) and Slovakia (May 4) in warm-up matches.
A poll of 442 college students conducted by the South Korean magazine Vox found that the American short-track speedskater APOLO ANTON OHNO was the most unwelcome at the World Cup. 
Ohno was followed by OSAMA BIN LADEN, JAY LENO and BRIGITTE BARDOT.
Ohno won a gold medal at the Salt Lake Games when a South Korean skater was disqualified; Leno and Bardot have ridiculed South Koreans for their custom of eating dog.
CORNER KICKS
The New York Power of the Women's United Soccer League will play a benefit match at 7 tonight at Baker Field in Upper Manhattan against the Columbia University's women's team. 
The match will be preceded by a clinic at 5 p.m.
On Sunday, the Power defeated the Philadelphia Charge, 2-1, in an exhibition match at Indian Hills High School in Oakland, N.J.
The Power opens its second season on Saturday night in Washington against the Freedom. 
JACK BELL",4,team,GWBUSH,GW Bush (2001-2008),CATEGORY_3,"nba, won, league"
Some Close Matches as Championships Progress.txt,"ï»¿
The team events at the World Bridge Championships here are getting to the serious stage. 
Monday will feature the women's McConnell Cup semifinals and the open Rosenblum quarterfinals.
In Saturday's matches there were some very close finishes, none more so than the one between a team from India, Sunit Chokshi, Kiran Nadar, Honey B. Prabhakar, Bachiraju Satyanarayana, Rajesh Tiwari and R. Venkatraman, and a team from the United Stated, Russ Ekeblad, Ronnie Rubin, Fred Gitelman, Brad Moss, Eric Greco and Geoff Hampson.
At halftime the Indians led by 52 international match points. 
The Americans regained 22 imps in the third quarter and slowly drew closer during the final session. 
When the diagramed deal, the 56th and last board, was played, the Indian edge was down to 4.
At the other table, Gitelman (East) passed, Tiwari (South) opened one club, and Prabhakar (North) responded one no-trump, which showed either a balanced 19-20 points or a game-force with club support. 
East made a weak jump overcall of three diamonds, and South rebid three no-trump. 
East, having been warned that declarer had diamonds well held, tried a surprise attack in spades. 
This worked like a charm. 
Moss (West) won with his ace and returned a spade. 
Declarer rose with his king and played three rounds of clubs, East discarding an encouraging diamond and a second diamond. 
West shifted to that suit, East winning with his ace and taking two spades to defeat the contract.
Could Greco and Hampson go plus?
They use a strong-club system, so Hampson (South) had to open one diamond. 
His two-heart rebid showed a balanced 11-13 points.
Nadar (West) was not going to find the start of the ace and another spade. 
He led his fourth-highest diamond. 
Satyanarayana won with his ace and returned a diamond. 
Declarer took the trick and played on clubs, establishing nine tricks: two hearts, two diamonds and five clubs. 
Plus 100 and plus 600 gave Ekeblad 12 imps and victory by 8.
In the McConnell quarterfinals Sunday, both American teams, with Carlyn Steiner and Hansa Narasimhan as captains, won comfortably. 
The other semifinalists will be a team from Sweden and a team from China.
Among the Americans in the Rosenblum round of 16, the Nick Nickell and Roy Welland teams made it through with relative ease. 
There were two all-American matches, between teams led by Rose Meltzer and Ekeblad, and by Jim Mahaffey and Richie Schwartz. 
Both were close early in the fourth quarter, but Mahaffey and Meltzer ended up with the victories.
Christal Henner-Welland's team of Americans and Swedes won a nail-biter against the top Brazilian team, led by Gabriel Chagas. 
And Reese Milner's team lost to a Chinese team. 
In the other matches, a team from Israel defeated an opponent from Denmark in a close contest, and a French team easily beat one from Belgium.
Full details can be found at www.worldbridge.org/tourn/Verona.06/Verona.htm.",4,team,GWBUSH,GW Bush (2001-2008),CATEGORY_3,"nba, won, league"
South African Swimmer Wins Her Fourth Gold Medal.txt,"ï»¿
Natalie du Toit of South Africa won her fourth gold medal in swimming at the Beijing Paralympics, taking the 400-meter freestyle on Friday in a world-record time for her disability group. 
Du Toit, who lost a leg in a 2001 motorcycle crash, finished in 4 minutes 43.81 seconds -- 15-hundredths of a second better than the mark she set three years ago in London.
She is one of two Paralympians who also competed at the Beijing Olympics; she finished 16th last month in the 10-kilometer open-water swim. 
Natalia Partyka of Poland, who won her class in table tennis this week, is the other.
Du Toit has set three disability group records in winning four golds. 
She also set records in the 100 butterfly and the 200 individual medley. 
Her other gold came in the 100 freestyle, in which she holds the record.
She will wrap up her Paralympic program on Sunday in the 50 freestyle, where she also holds the disability group record.
Du Toit won five golds and a silver at the Athens Paralympics in 2004, but chose to compete in only five events here. 
She said she could have done even better.
''I had a really bad turn, and had to stop and start again, which wasted a lot of energy,'' she said. 
''I didn't think I would do a best time.''
A promising Olympian until her injury, she is hoping to qualify for the 2012 London Games.
Melissa Stockwell, a United States Army veteran whose left leg was blown off by a roadside bomb in Baghdad, did not qualify for the final in her swimming class on Friday, the China Internet Information Center said.
This week she finished sixth in the 100-meter butterfly and fifth in the 100-meter freestyle; on Friday she finished fourth in a 400-meter freestyle heat, the information center said.
Fifty-four medals were up for grabs on Friday. 
In the major disciplines, there were 16 in swimming, 15 in cycling and 18 in track and field. 
Spain won three gold medals in swimming to lead all countries.
Britain dominated cycling with four gold medals and six over all. 
The United States won seven medals in cycling, including three gold. 
Spain also managed three gold medals in cycling and six over all.
In track, the sprinter Oscar Pistorius is expected to win the 200 on Saturday, adding to the gold he won this week in the 100.
In the medal standings, China leads with 37 gold medals (eight in table tennis) and 109 over all. 
Britain has 33 gold and 69 over all, followed by the United States with 23 and 56 over all.
More than 4,000 competitors from nearly 150 countries and regions are battling for 472 gold medals in 20 sports at the Paralympics.",4,team,GWBUSH,GW Bush (2001-2008),CATEGORY_3,"nba, won, league"
Sports of The Times_Few Answers As Yao Enters Long Season.txt,"ï»¿
SOMEWHERE between Shawn Bradley and Shaquille O'Neal lies the future of Yao Ming. 
While that is a margin extending over a wider territory than the Great Wall of China, which end of it he evolves to is a question that was not to be answered here last night in the second game of Yao's N.B.A. career, nor in the coming weeks, months and possibly the next couple of years.
In the finest tradition of our size-'em-up-and-spit-it-out talk-show sophistry, Yao became overnight fodder after his 11-minute, zero-point debut for the Houston Rockets on Wednesday night in Indianapolis. 
Of course, the same night brought rave reviews for Washington's Kwame Brown, last year's No. 1 draft pick plucked raw as a cold rain from the high school vine and later flogged as a sure-fire failure.
With that in mind, I will remind all skeptics that besides Kwame Brown and assorted others who needed time to develop, even Don Nelson had no idea what he had early on in Dallas with Dirk Nowitzki, no matter what he says now.
For now, the 7-foot-5-inch Yao is merely the N.B.A.'s reigning photo opportunity, even for the president of China, Jiang Zemin, who was recently President Bush's guest in Texas. 
Everywhere Yao goes, people ask how good he can be, but more than ponder this question all Yao wants to do, frankly, is turn out the light and take a long nap.
""It's tiring"" was his newly formed take of the N.B.A. lifestyle, news media circus and all, before he showed a few good instincts but more inexperience in a 13-minute, 2-point, 7-rebound performance last night in the Rockets' 83-74 victory against the Denver Nuggets at the Pepsi Center.
Being fatigued in early November, with 80 games remaining and more Chinese communities eagerly anticipating Yao's first lap around the league, does not bode well for even the most undoubted rookie. 
But the Rockets drafted more than an extraordinary wingspan when they selected Yao last June; they took on a partner, an emerging global player that negotiated hard for the contractual right to control its most valuable sports export whenever the Rockets stop playing, which in the Western Conference is likely to be before the playoffs begin.
By late April, notwithstanding his ability to touch the sky, Yao won't know which end is up, like most rookies, but the Chinese national team could be calling him home to train, twice a day, six days a week, as he has since anyone in the Western Conference and Hemisphere learned his name.
""For three years, he has had no rest, no breather -- Chinese basketball league, Chinese national team, Chinese basketball league, Chinese national team,"" said Jarinn Akana, a Nuggets assistant coach who formed a relationship with the Chinese team while working with Wang Zhi Zhi, another Chinese 7-footer, in Dallas as a Mavericks front office aide. 
Akana made several trips to China, became an assistant coach for the national team during the world championships in Indianapolis last September and better than any American knows that the greatest N.B.A. obstacle for Yao east of O'Neal will be the Chinese perception that he still belongs to them and must play by their rules.
""It's practice in the morning, eat lunch, practice in the afternoon, go to sleep, get up and do it all over again,"" Akana said. 
""You live with the team, two to a room. 
I was with them when they went to Oakland last summer to play the U.S. team and there was Yao, squeezing in to coach, like everyone else.""
He trained all summer for the world championships, returned home in September for the Asian Games last month. 
After a summer sans sun, now comes the N.B.A. grind, toughest of all for the most finely tuned players, much less a 7-5 freak of nature who runs surprisingly well, like an athlete, but whose 22-year-old knees and feet are the keys to a long basketball life. 
""They've got to watch him,"" Akana said. 
""He could burn out, physically or mentally.""
American Chinese food aside (""I don't like P. F. Chang's"" was his one pregame statement in English), Yao could also get very comfortable with the upgraded accommodations and the American sports credo that contracts are made to be broken. 
Wang, now with the Clippers in Los Angeles, decided he was better off playing summer league ball in the United States than training with the Chinese team for the world championships and wound up being thrown off the team until further notice.
""If China needs me, I will be there,"" Yao said. 
As for how this arrangement works out long term, he added, ""I think the Rockets have a plan.""
Which was news to their coach, Rudy Tomjanovich, who said, ""It's a good question.""
History may have the answer, as it wasn't all that long ago that the Soviets tried to conditionally allow their stars to leave for the National Hockey League. 
The door, opened a crack, was soon run through. 
Money talks, in every tongue, and first class is the only way to fly when you're 7-5. 
At some point, when Yao awakens to the reality and rigors of N.B.A. life, the Chinese are likely to be given a choice: take him on his terms, the way it works in the West.",4,team,GWBUSH,GW Bush (2001-2008),CATEGORY_3,"nba, won, league"
Stepping Off Soapbox As China Mourns.txt,"ï»¿
The Beijing tournament was a modest dress rehearsal for the Summer Olympic Games. 
Late last month, a women's basketball team from the United States found itself in the final against the host Chinese.
The Americans' coach, Anne Donovan, didn't have quite the loaded roster she will take back in August, but it did include the veteran W.N.B.A. stalwarts Lisa Leslie, Swin Cash, Kara Lawson and Katie Smith, and the graduating college stars Candice Wiggins and Sylvia Fowles.
China won, 84-81.
''After Athens, they put a lot of money into their women's team,'' Donovan said when we spoke after her return home. 
''They hired Tom Maher, who coached the Australian Olympic team, and is really respected internationally. 
They've been getting better and better, but the most surprising thing was that they beat us after we'd blown them out earlier in the week. 
In the past, the Chinese would never have stood up to us after that.''
If China is capable of vanquishing American basketball professionals, how bad will it beat up on the world in table tennis and taekwondo?
How much will it hijack the medal standings after pouring what American Olympic officials describe as staggering resources into its long-planned coming-out party?
Speaking of a comprehensive Chinese medal harvest program called Project 119 last month, Steve Roush, the United States Olympic Committee's chief of sports performance, said, ''You start doing the math, and that's what keeps me up at night.''
That to me sounded a bit too much like Cold War rhetoric, but only weeks ago, it was pretty much in line with what promised to be the Beijing Bully Olympics. 
The world was on its way to chafe at Chinese sporting dominance, choke on air quality that Donovan said ''can be so bad it's impossible to describe'' and campaign against the government's suspected complicity to genocide in Sudan and its oppressive policies in Tibet.
Now what?
A front-page article in The New York Times on Thursday reported on how the Tibetan cause, which threatened to further inflame the Olympic theater after deadly riots in March, has been muted by the earthquake that devastated China's Sichuan Province, killing tens of thousands and instantly evoking an outpouring of global sympathy.
By extension, has the Beijing Olympics been similarly and permanently recast?
Quite possibly, understandably, and at the same time regretfully, according to Eric Reeves, a professor of literature at Smith College and a leading critic of the Chinese government for failing to use its economic and regional influence to stop the slaughter in the western Sudanese province of Darfur.
''I think there is going to be a natural inclination to show a human solidarity with the people who have endured this horrific tragedy,'' Reeves said Thursday in a telephone interview. 
''The Chinese leaders, these are very, very tough men, very hardened, who see an opportunity and will seize it. 
They will say: 'We are a suffering nation. 
Are you really going to hit us on top of our loss?'
''And I expect there will be athletes now more likely to say, 'At this moment, I have to be quiet.'
There will be journalists who before the earthquake would have taken on the subject and now who will say, 'I have to pull my punches.'
''
In Chicago last month, when dozens of American athletes sat for interviews at a three-day Olympic news media summit, it seemed that every dialogue began with the Darfur pop quiz. 
There was, as I saw it, no wrong answer; athletes have as much right to view the Games apolitically, to unapologetically compete, as they do to speak out.
But Reeves is right: the horror in Sichuan Province could well foster a lasting belief that the Chinese people have been through enough. 
Activists will have a daunting call to make: lose the long-awaited-for stage of what Reeves and others have been calling the Genocide Olympics, or pour salt in China's wound?
How would Americans have felt if foreign journalists and athletes came to the Salt Lake Winter Games of 2002 and railed about American foreign policy months after 9/11?
We know how, but in Reeves's opinion, after he has devoted years to calculating the cost of human life in Darfur while waging a more personal battle with leukemia, the only relevant context here is the corresponding numbers of dead.
''It doesn't mean I care any less about tens of thousands of earthquake victims, but in Darfur, there have been 450,000 who have died genocidal deaths, deliberate deaths,'' he said.
A year ago, Reeves acquainted himself with sports as a medium for activism when Ira Newble, a former Cleveland Cavaliers bench player now with the Los Angeles Lakers, sought him out for mentorship before writing a letter to the Chinese government, signed by most of his Cleveland teammates, calling for action on Sudan.
Reeves continues to hope that at least some athletes will have the mettle to be heard between the playing of the anthems this summer.",4,team,GWBUSH,GW Bush (2001-2008),CATEGORY_3,"nba, won, league"
Surprising Gold for China Leaves Questions in Its Wake.txt,"ï»¿
Shortly after Liu Zige touched the edge of the pool at the Water Cube on Thursday and grabbed China's first gold medal for swimming in the Beijing Olympics, the questions began.
Who was this 19-year-old who had never competed in an international meet before?
How had she shaved more than a second off the world record in the 200-meter butterfly?
And how had her teammate Jiao Liuyang also surpassed the old record in claiming the silver medal?
''Until Beijing, I'd never heard of either of them -- just who are they?'' asked Jenny Schipper, whose daughter, the Australian swimmer Jessicah Schipper, had held the world record until Thursday, when she finished third.
Pawel Slominski, the trainer of the Polish swimmer Otylia Jedrzejczak, called the results ''not rational.''
Jedrzejczak, the 2004 Olympic champion in the event, finished fourth Thursday. 
Susie O'Neill, a former Australian swimming star who took home gold in Atlanta in 1996, called the victory ''just weird.''
There were no easy explanations after the race. 
Liu's coach angrily denied the suggestion by Western reporters that Liu might have slipped through China's antidoping dragnet. 
Neither Liu nor Jiao has ever been caught doping. 
Or perhaps they, too, were the beneficiaries of the high-tech seamless bodysuits in which so many swimmers have broken records here. 
And the howling Chinese fans who dominated the stands Thursday undoubtedly provided a kinetic lift.
A more likely explanation for Liu's success, however, is that she is a successful product of Project 119, the government training program that uses limitless resources and relentless training to increase the country's precious medal intake.
Started in 2002, the program's name alludes to the additional number of gold medals China hoped to win if it were to focus on sports in which it had traditionally lagged. 
Swimming was one of those sports.
Until Thursday, almost nothing was publicly known about Liu, except her age, weight and height. 
Since her victory, however, the Chinese news media have helped fill the void, calling her story a ''fairy tale of the ugly duckling.''
In 2004, she was plucked from the northeastern province of Liaoning and taken to Shanghai to enter China's sports mill. 
Within a year, she was a promising member of the Shanghai swim team.
''You never need to worry about her not practicing hard enough,'' her coach, Jun Wei, told China Daily, the country's official English-language paper.
By 2007, Liu had climbed to No. 22 in the 200 butterfly, an event that rewards brute strength and stamina.
Like many of her athletic peers, whose lives have room for sports and sports alone, Liu has been largely cut off from her friends and family. 
She told the Chinese news media that she had not been home for Spring Festival in six or seven years and that she had not seen her parents since October 2007.
Her teammates described her as a ''lion'' in the water, but they also called her introverted and prone to sadness. 
One teammate, Zhao Zihan, said she often broke into tears after being scolded by her coach.
''She will not complain, no matter how heavy the pressure is,'' Zhao said. 
''She will just cry out silently, or unburden herself to her parents by phone.''
Other teammates said she did not own a cellphone or computer and seldom went shopping. 
One teammate said the most relaxing thing Liu had done was to go out Sunday afternoon for fish filets in hot chili oil. 
Liu otherwise is known to talk almost exclusively about swimming.
Jiao Liuyang, 18, the second-place finisher, was a known quantity whose strong showing was not unexpected. 
But Liu had been largely overlooked by everyone, including her coach, who advised her just to do well Thursday. 
She said she never expected to win a medal, let alone break the world record.
''I didn't feel pressure before the competition, I just tried to relax,'' she said afterward.
In the end, she won in 2 minutes 4.18 seconds, shaving 1.22 seconds off Schipper's record.
Those who still doubt whether Liu's victory came naturally might recall China's previous bout with doping. 
At the 1994 Asian Games, the Chinese team took home 12 gold medals. 
Then seven of the swimmers tested positive for banned substances, forcing them to relinquish their prizes. 
Four years later, the ignominy repeated itself, with four more swimmers disqualified.
The government has since been unforgiving to those caught doping. 
Earlier this year, China's top backstroker was given a lifetime ban after tests found steroids in his system. 
But so far at these Games, none of China's swimmers have tested positive for banned substances.
Over the past decade, Chinese swimmers have struggled to regain their former prowess and the world's trust. 
During the Games in Athens, China won a single gold medal in swimming. 
At last year's world championships, the team won only one silver and one bronze.
In the past year, Zhang Yadong, the Chinese swimming team's head coach, said his charges had been training harder than ever and analyzing the performances of their rivals. 
They saw so much potential in Liu that they flew her to Australia last year to train.
He said that if the West had never heard of Liu, it was only because she was not ready for her moment.
''Foreigners always keep a very close eye on the Chinese swimming team for doping problems,'' he said. 
''Why do they always feel it's abnormal when we do well in the pool?''",4,team,GWBUSH,GW Bush (2001-2008),CATEGORY_3,"nba, won, league"
The Medal Winners.txt,"ï»¿
-- ARCHERY
Women's Individual
GOLD Zhang Juan Juan, China
SILVER Park Sung-Hyun, South
Korea
BRONZE Yun Ok-Hee, South Korea
-- EQUESTRIAN
Team Dressage
GOLD Germany (Heike Kemmer,
Nadine Capellmann, Isabell Werth)
SILVER Netherlands
BRONZE Denmark
-- FENCING
Women's Team Sabre
GOLD Ukraine (Olha Zhovnir;
Olga Kharlan; Olena Khomrova)
SILVER China
BRONZE United States (Mariel
Zagunis, Portland, Ore.; Sada
Jacobson, Dunwoody, Ga.; Becca
Ward, Portland, Ore.)
-- GYMNAST ICS
Men's Individual All-Around
GOLD Yang Wei, China
SILVER Kohei Uchimura, Japan
BRONZE Benoit Caranobe, France
-- JUDO
Men's 100kg
GOLD Tuvshinbayar Naidan,
Mongolia
SILVER Askhat Zhitkeyev,
Kazakhstan
BRONZE Movlud Miraliyev,
Azerbaijan and Henk Grol,
Netherlands
Women's 78kg
GOLD Yang Xiuli, China
SILVER Yalennis Castillo, Cuba
BRONZE Jeong Gyeongmi, South
Korea and Stephanie Possamai,
France
-- SHOOTING
Women's 50-meter Standard Rifle
Three Positions
GOLD Du Li, China
SILVER Katerina Emmons, Czech
Republic
BRONZ Eglis Yaima Cruz, Cuba
Women's Skeet
GOLD Chiara Cainero, Italy
SILVER Kim Rhode, El Monte, Calif.
BRONZE Christine Brinker, Germany
-- SWIMMING
Men's 100m Freestyle
GOLD Alain Bernard, France
SILVER Eamon Sullivan, Australia
BRONZE Jason Lezak, Irving, Calif.
and Cesar Cielo Filho, Brazil
Men's 200m Breaststroke
GOLD Kosuke Kitajima, Japan
SILVER Brenton Rickard, Australia
BRONZE Hugues Duboscq, France
Women's 200m Butterfly
GOLD Liu Zige, China
SILVER Jiao Liuyang, China
BRONZE Jessicah Schipper, Australia
Women's 4x200m Freestyle Relay
GOLD Australia (Stephanie Rice;
Bronte Barratt; Kylie Palmer; Linda
Mackenzie; Felicity Galvez; Angie
Bainbridge; Melanie Schlanger; Lara
Davenport)
SILVER China
BRONZE U.S. 
(Allison Schmitt,
Canton, Mich.; Natalie Coughlin,
Lafayette, Calif.; Caroline Burckle,
Louisville, Ky.; Katie Hoff, Towson,
Md.; Christine Marshall, Newport
News, Va.; Kim Vandenberg, Moraga,
Calif.; Julia Smit, Mount Sinai, N.Y.)
-- GRECO-ROMAN
WRESTLING
Men's 84kg
GOLD Andrea Minguzzi, Italy
SILVER Zoltan Fodor, Hungary
BRONZE Ara Abrahamian, Sweden
and Nazmi Avluca, Turkey
Men's 96kg
GOLD Aslanbek Khushtov, Russia
SILVER Mirko Englich, Germany
BRONZE Asset Mambetov,
Kazakhstan and Adam Wheeler,
Colorado Springs
Men's 120kg
GOLD Mijain Lopez, Cuba
SILVER Khasan Baroev, Russia
BRONZE Yuri Patrikeev, Armenia and
Mindaugas Mizgaitis, Lithuania
Medal Leaders",4,team,GWBUSH,GW Bush (2001-2008),CATEGORY_3,"nba, won, league"
The N.B.A. and China Are Fans of Each Other.txt,"ï»¿
In 1990, N.B.A. 
Commissioner David Stern assigned the league's first employee to be based in Asia. 
He tapped Rob Levine, then a vice president for international development, who worked out of an apartment in Hong Kong and often participated in conference calls in his pajamas because of the time difference with New York.
Since those days, the N.B.A. has built such a sweeping presence -- and following -- in China that Stern said there was potential for his champion to one day meet the Chinese league champion in a playoff series.
When China and the United States men's basketball team play here Sunday, the contest will probably deliver one of the signature moments of these Games. 
Hundreds of millions of people are expected to watch on television, President Bush will attend, and the ticket is considered among the more difficult to secure of any Olympic event.
Team USA is filled with N.B.A. stars and may dominate the game, but it is the competition off the court that offers a compelling subplot of these Olympics: the international race to tap the lucrative basketball-crazed Chinese market. 
The N.B.A. is using the Games as a way to further its reach in a country in which it already has a presence on things like Mongolian Milk containers and on the Internet to even the most remote villages.
That fledgling effort begun by Levine less than 20 years ago has blossomed into a 100-employee enterprise called N.B.A. 
China. It has grown with roughly $250 million from major investors like ESPN and China Merchant Bank. 
Timothy Chen, the former chief executive of Microsoft's China operations, was hired last year to run the basketball organization.
The N.B.A. is so enamored with China and its estimated 450 million fans that Stern said in an interview earlier this summer that officials were in talks with the Chinese Basketball Association about a partnership in an N.B.A.-branded league in China.
''A decade from now, the champion of the N.B.A. of China could be playing the champion of the N.B.A.,'' Stern said.
The biggest challenge the N.B.A. faces is navigating the tricky political road from being a marketing giant in China to becoming a financial partner in the Chinese Basketball Association.
Xu Jicheng, a former Chinese national team player, said that with sports reform in China just a decade old, it was unclear how much of a financial interest the government would allow the N.B.A. to have in the Chinese league, in which many of the teams are state-owned.
''Nobody knows,'' said Xu, the most prominent basketball news media voice in China. 
''Just like 30 years ago, no one knew that McDonald's would be so prevalent in China.''
There is no questioning the N.B.A.'s presence. 
About 1,000 people lined up outside for a recent opening of an N.B.A. store in Beijing, and N.B.A. merchandise sales are expected to increase by 60 percent in China this year. 
As many people play basketball in China -- an estimated 300 million -- as live in the United States.
Asked about the future here, Chen said, ''Whatever forecast we would do is too small.''
Because prime-time games in the United States usually tip off in the morning in China, bosses are often forced to look the other way as employees watch N.B.A. 
Webcasts. Just last week, someone was spotted on the Great Wall wearing a Kobe Bryant jersey and a straw hat. 
And although Houston Rockets center Yao Ming is perhaps China's biggest celebrity, his jersey recently ranked No. 10 in sales in China behind those of stars from the United States like Bryant, Allen Iverson and LeBron James.
On a recent visit to China, James was not allowed to leave the DoubleTree Hotel in Beijing without government security because of the crush of crowds. 
Bryant received one of the biggest cheers of any athlete at the opening ceremony on Friday. 
Dwyane Wade, who has played in the Final Four and the N.B.A. finals, said the crowd outside the team hotel in China two years ago was the biggest scene he had experienced in his career.
''When they start chasing the bus eight blocks -- that was crazy,'' Wade said with a chuckle. 
''I've never experienced anything like that. 
I expect it now to be crazier this time around, with this being the Olympics and everything.''
China's love of basketball stretches back more than a century. 
The Chinese started playing the sport in the late 1800s and fielded an Olympic team in 1936.
''During the Cultural Revolution, they got rid of Western classical music and anything else Western was frowned upon with only a handful of exceptions; one was basketball,'' said Alexander Wolff, who wrote the international basketball book ''Big Game, Small World.''
Early during his tenure in China, Levine toured the countryside and many of the most populated cities. 
He was struck by seeing basketball courts in the center of rural villages and in the middle of urban settings.
''We're not introducing the game to them,'' Levine recalled thinking. 
''We're introducing our game.''
The N.B.A. initially gave countries like China television rights for little or no money to help build interest and loyalty. 
The league now reaches 215 counties in 41 languages, and 51 broadcasters in China show its games.
Levine said the most important factor building the following was allowing Chinese fans to get to know the players. 
He helped start a program similar to ''NBA Inside Stuff,'' the show featuring players off the court. 
It was locally produced and hosted by David Wu, who was well known from his role on MTV Asia.
''People started knowing the players' stories, and they started becoming like rock stars,'' Levine said.
Heidi Ueberroth, the N.B.A.'s president for global marketing partnerships and international business operations, recalled visiting the city of Guilin in the mid-1990s on a weekend trip while in China on business. 
Nobody knew she was affiliated with the N.B.A., but she remembered a young and energetic tour guide's introduction of the city as, ''The sister city of Orlando, Fla., the home of Shaquille O'Neal.''
The N.B.A.'s presence can also be felt in the smallest villages, and the league is financially supporting China's goal of building 800,000 courts.
''In many places around China, having an hour of physical fitness a day means playing basketball,'' said Ueberroth, who is the daughter of Peter Ueberroth, the chairman of the United States Olympic Committee and a former commissioner of Major League Baseball.
The Rockets' selection of Yao with the No. 1 pick in the 2002 N.B.A. draft took the league's presence to another level. 
Stern and the deputy commissioner Adam Silver have traveled with Yao to China, an experience Stern compared to ''traveling with the Beatles.''
Stern has been in China numerous times and has noticed an evolution.
''I was struck by how the kids looked the same as American kids,'' Stern said. 
''It's the global teenager. 
Their hair was streaked blond, and their shorts were around their ankles. 
They wore headphones.''
One factor in determining the N.B.A.'s financial future in China revolves around its knowledge of building, operating and maintaining arenas. 
The N.B.A. played a large role in the building of the arena that will be used for the Beijing Games, and the league's production department is involved here this month.
The N.B.A. is in talks with AEG, a leading sports and entertainment presentation company, and the Chinese Sports Ministry about an arena in Shanghai. 
Stern described what he called a ''grand plan,'' an N.B.A. partnership with AEG to build as many as 12 arenas in China.
How receptive the Chinese will be remains to be seen. 
''The world needs China rather than China needs the world in the basketball market,'' Xu said.
As the N.B.A. tries to navigate China's fertile ground, it also prepares for the next frontier.
''Heidi just got back from a trip to India,'' Stern said. 
''We see India as China 20 years ago.''",4,team,GWBUSH,GW Bush (2001-2008),CATEGORY_3,"nba, won, league"
"To an Olympian, Beijing by Bike Is but a Dream.txt","ï»¿
The idea was born of curiosity, but also a bit of conceit.
Sure, an Olympic cyclist can finish a 152-mile road race in less than seven hours, but what would happen if you took away his finely tuned, aerodynamic, carbon-fiber racing bicycle and asked him to do battle on the streets of Beijing?
Would it be like hiring Big Brown to be a carriage horse in Central Park?
I was still finding my balance on my clunky, one-speed bicycle when Jason McCartney answered the question and exposed it for all its armchair arrogance.
McCartney, who two days earlier had raced for the American cycling team, threaded his rented bike through a crowd of rush-hour pedestrians, dodged a cluster of bicyclists commuting home and slipped into the flow of traffic on Jinyu Hutong, a busy street in central Beijing.
Then he turned left -- across two lanes of cars, trucks and buses.
I searched in the distance for McCartney's red USA T-shirt and remembered something else about my afternoon riding companion: He once worked as a bike messenger in New York City.
Bicycles are no longer the primary means of transportation in Beijing, where rising incomes have meant that many commuters can afford to upgrade to cars. 
Some estimate that as many as 1,000 new cars join the streets every day. 
That said, bicycles can still be found on every street, and they come in an array of shapes, sizes and uses. 
There are bikes with cargo beds that carry everything from bags of trash to new sofa sets. 
There are electric bikes and miniature scooters. 
Children bounce on the luggage rack behind their parents, and older women teeter on even older bikes. 
No one wears a helmet.
We were told that the Forbidden City was just a few blocks away, and we headed in that direction once I caught up with McCartney and our other riding companion, the Canadian cyclist Michael Barry. 
Barry, who writes occasionally for The New York Times, finished ninth in the road race; McCartney, whose job was to assist other American cyclists, did not finish.
In a car on the way to rent the bikes, McCartney, who is 34 and from Coralville, Iowa, had begun to sour on the idea of cycling around town with a reporter. 
A wrong turn had taken us 30 minutes out of our way, and thunderclouds darkened the sky. 
There were also concerns about upsetting his sponsor, Cervelo, if we rented the wrong brand of bike. 
''This is going to seem a little posed, don't you think?'' he asked.
But as we coasted along streets that were as flat as a moo shu pancake, McCartney was almost giddy. 
''Isn't this the best way to see a city?'' he shouted.
And it was. 
Heavy rains a day earlier had cleared Beijing of the humid air we all had been living with for the past week. 
The weather had been so oppressive that McCartney was one of more than 50 riders who did not finish the road race.
We breezed through Beijing in fast forward, pedaling past storefronts decorated with Chinese flags, a mother washing her toddler's face, a pair of soldiers standing at attention. 
A block or two later, the traffic cleared and the stone walls of the Forbidden City appeared. 
Through an archway, we saw a cobbled courtyard, stately trees and hordes of Chinese tourists.
''You want to go in?''
McCartney asked. 
Although he had arrived in Beijing a week before, this was the first sightseeing he had managed to do, given his demanding training schedule. 
While the road race had taken McCartney past many of the city's main attractions, they appeared as a blur. 
And because he is planning to compete in the Tour of Spain beginning Aug. 
30, McCartney was leaving Beijing the next day.
We rested our bikes on their kickstands and had a look around. 
Within minutes, we had become our own attraction. 
First there was the man who wanted to sell McCartney a Mao watch. 
The leader's hand bobbed up and down, ticking off the seconds. 
The man wanted 150 yuan, or about $22. 
McCartney smiled. 
''Twenty,'' he said, offering less than $3.
Then there was a teenage boy, who could sense that these two tanned, fit men clearly had something to do with the Olympics. 
''Did they win a medal?'' the boy asked. 
When he heard the answer was no, he walked away.
We hopped back on our bikes. 
Outside the walls of the Forbidden City, a canal ran parallel to the road. 
Tree branches dipped into the water and couples paddled boats that could be rented at a nearby dock.
McCartney and Barry had slowed to an easy pace, and I sensed my opportunity. 
Bending over the handlebars, I pedaled furiously, ringing my bell as I passed. 
After all, it's not every day you can say you cycled faster than a pair of Olympians. 
McCartney laughed as if he were indulging his 2-year-old daughter, Ginger.
During our break in the Forbidden City, McCartney had said something about learning to enter the ''flow'' of traffic, of anticipating where a car is headed and trying not to be there when it arrives. 
Back on the street, I tried to follow his advice.
Even with half the cars missing from the streets as part of the city's effort to cut down on pollution, merging into traffic was a balancing act. 
It required looking over one's shoulder, moving into an open space in traffic, and trying to avoid pedestrians -- all at once. 
I tried to reassure myself that in this authoritarian state, the Chinese drivers were likely doing all they could to avoid flattening an Olympic visitor.
I can't say I ever learned the flow concept, but things got easier when we cruised past Tiananmen Square. 
One-third of the wide boulevard is dedicated to bicycles, and the whistle-wielding traffic police kept everyone in line. 
McCartney snapped a picture of a giant portrait of Mao as we cycled past, one hand on the handlebars and one on the camera.
After a few more left turns and a near miss with a city bus, we returned to the sidewalk rental stand where we had begun. 
McCartney wheeled our bikes into the slots, crossing paths with Chinese workers who had paid a few yuan to park their bikes there for the day.
He still had a giant smile on his face. 
''Now, wasn't that a relaxing way to see the city?''",4,team,GWBUSH,GW Bush (2001-2008),CATEGORY_3,"nba, won, league"
U.S. Men_s Gymnasts Capture Silver Medal.txt,"ï»¿
At the end of Monday night, the gold medal did not belong to the United States men's gymnastics team, but that did not matter.
The six men finally had Olympic medals in their hands -- silver ones -- and they were in awe. 
On the medal stand, olive wreaths atop their heads, they examined their rewards gently, as if they were eggs, as if squeezing them too hard would put cracks in their waking dream.
After 20 years of waiting, a United States men's gymnastics team had won an Olympic medal, its first since winning gold in 1984, the year of the Soviet boycott. 
The only other medal the team won was a silver in 1932.
The Japanese team won its first gymnastics Olympic gold medal since 1976, finishing with a score of 173.821, a comfortable margin ahead of the United States, which totaled 172.933. 
The Romanians were third (172.384) and the Chinese, the defending Olympic and world champions, were never a factor, finishing fifth (171.257), behind South Korea (171.847).
''I know that they wanted the gold, but this is an enormous accomplishment,'' said Bart Conner, a member of the United States' 1984 team. 
''It was awesome.''
The Americans waited apprehensively for the final rotation to end. 
The United States was in third place then, behind Romania and Japan, and needed a strong finish to win the silver. 
With three of their teammates going up on the high bar, the rest of the men stood by, some staring and holding their breath, some pacing, some frozen. 
Others shielded their eyes, unable to watch.
Blaine Wilson, a five-time national champion, was one of those looking away. 
After six operations, three Olympics and so many years of disappointment, the 30-year-old Wilson said he felt as if his entire career was in the balance. 
In his final major competition, one fall by a teammate, one slip-up, and Wilson would, once again, leave an Olympics empty-handed.
''Sometimes you want it so bad, sometimes you want so much that it makes you sick,'' he said. 
''I thought of all I've been through to get this far and I couldn't take it.''
About six months ago, Wilson tore his left biceps tendon clear off the bone while competing on still rings. 
He struggled through a painful rehabilitation to make it back for these Games, but not for a chance at an individual medal -- for a chance at a team medal. 
The United States men had not finished higher than fifth at an Olympics since winning the gold in 1984. 
''I knew we were going to win a medal this time,'' Wilson said. 
''I just didn't know which kind.''
The United States team started the evening with great performances on the floor exercise, with no scores lower than 9.7. 
It dropped to third, though, after a poor performance on the still rings. 
Wilson had a team-high 9.637 on that event, but Jason Gatson, who left out a required strength move in his routine, scored a 9.125.
The United States gymnasts had walked into the Olympic Indoor Hall confident, but with faces as still and serious as Greek statues. 
The drop in the standing caused them mild panic.
''We started to doubt ourselves and think that we couldn't get it done,'' Guard Young said. 
''But a pep talk kept us going.''
Just before the parallel bars, the United States coach, Kevin Mazeika, gathered his athletes and rallied them, saying they had enough time to move up. 
Wilson butted in, saying, ''We can do this,'' and adding a curse word or two.
The team responded. 
The crowd did, too, starting to chant, ''U.S.A.!
U.S.A.!'' and finally drowning out the enthusiastic chorus of Japanese and Chinese fans.
Gatson rebounded from his still rings routine to score 9.825 on parallel bars. 
Then on the final event for the United States, the high bar, the team passed the Romanians, who had a botched dismount and a nasty fall.
One American nearly had the same fate. 
Paul Hamm, the reigning world champion in the all-around, flew over the bar during a release move and his right hand slipped off the bar when he tried to regrasp it. 
He held on, but left out the third of his three consecutive release moves, scoring a 9.462 in what is normally one of his best events.
''I was feeling incredible pressure at that moment because I knew everyone was counting on me,'' Hamm said.
The Japanese were the last up on the high bar and performed as if they were in their practice gym, with no worries at all. 
The lowest score among their three competitors was a 9.787, leaving the Americans with silver.
As they walked to the medals stand, Bob Colarossi, president of USA Gymnastics, had tears in his eyes. 
The men's team, always in the shadow of the women's, has come so far since finishing fifth in the 2000 Games.
''We revamped our program after Sydney to do this, and we did this,'' Colarossi said. 
''I'm just so proud.''
The flags were raised and the Japanese national anthem played while the Americans on the podium bit their lips to keep from crying.
They had come through a lot to get there. 
Gatson's back injury required cortisone shots and epidurals. 
Guard Young's father sacrificed money and time during medical school so his son could train. 
As children, Paul and Morgan Hamm worked out in their backyard on makeshift equipment their father made.
And Wilson will now end his career the way he had imagined, as an Olympic medalist.
''I'm never going to take this medal off, never,'' he said. 
''I'm going to sleep with it, shower with it, eat with it. 
I'll be an old man and still be wearing it.''",4,team,GWBUSH,GW Bush (2001-2008),CATEGORY_3,"nba, won, league"
U.S. Women_s Team Looks Back And Looks Ahead.txt,"ï»¿
Abby Wambach knows how much she owes the '91ers, the self-styled old ladies who built women's soccer in the United States. 
She starts with the car she drives and the home where she lives.
''They were my source of income,'' Wambach said recently about the pioneers of her sport. 
''I want to say to them directly, 'You guys did good.'
''
Wambach, a bruising striker, plans to say exactly that to Kristine Lilly, the last member of that fabled 1991 team still in uniform, when they take the field for the FIFA Women's World Cup in China, which begins in a week.
Those '91ers became one of the greatest national teams the United States has ever fielded, winning that first World Cup in China. 
In talent and charisma and results, they were the equivalent of the 1992 Dream Team of men's basketball.
But Jordan and Bird and Magic merely upgraded a popular sport, whereas the '91ers seemed to be building a dynasty. 
Only it did not happen.
Instead, the fuss over Mia Hamm and Julie Foudy and the rest has left a rosy glow in the darkening sky as the United States prepares to play in this World Cup, literally in the middle of the night back home. 
To make matters worse, the professional league that began in 2001 did not make it past the third year.
''The Greatest Team You've Never Heard Of,'' that's how the media guide describes this year's team. 
No matter how well the United States does over there, it will never match the excitement in the Rose Bowl on July 10, 1999, when Lilly stopped a Chinese shot with her head, Briana Scurry defended the goal during the shootout, and Brandi Chastain scored the winning penalty kick and promptly pulled off her jersey to reveal a sports bra more substantial than a lot of outfits seen around Manhattan, her gesture quickly becoming the symbol of that dashing squad.
''Unfortunately, people don't know our team,'' said Kate Markgraf, a leader of this squad who also played in that final.
''They call it the Mia Factor,'' said Wambach, 27, who was not on that 1999 team. 
Wambach adores Hamm, who tutored her when they were teammates with Washington in the first year of the overly ambitious Women's United Soccer Association.
Wambach, however, feels that the news media and the marketing people often seemed to ''focus all your attention on one person. 
With Mia, it was difficult to know the other faces.''
And therein lies the paradox. 
Hamm was one of the most reluctant American superstars, displaying a genuine deer-in-the-headlights look when facing the hordes of reporters. 
She had an ego, of course, but it functioned best on the field, accompanied by sharp elbows and opportunistic feet. 
(Hamm may not have been the best American player; I would pick Michelle Akers, stalking some hapless opponent who temporarily possessed the ball.)
The news media and public helped create Hamm's mystique, but now she is a retired mother of twins. 
Her absence seems linked with the end of that era, as indicated by the tiny corps of seven American news media outlets traveling to China to cover this World Cup.
Have women's sports been downgraded in a time of news media austerity?
Or is this World Cup, on the other side of the globe, running smack into the first month of American football?
Probably both.
China was supposed to be the host in 2003, but the tournament was shifted to the United States because of the SARS epidemic there.
With little preparation time, and overlapping with baseball and football in early autumn, the 2003 Women's World Cup did not match 1999 in any way, as the United States finished third.
Also, the W.U.S.A. folded, a victim of its own grandiosity, although it served a purpose by developing Wambach and Shannon Boxx, two mainstays of the current team.
''Anytime a game is not being played, it limits visibility,'' Markgraf said. 
''Or course, with the league, we'd be much farther along. 
But that didn't happen.''
She hopes that the energy from this World Cup and the 2008 Olympics in Beijing will be a stimulus for a proposed league to begin play in April 2009.
Right now, the women are in Shanghai, training for their first game against North Korea in Chengdu on Sept. 
11, at 5 a.m. here, televised on ESPN or ESPN2. 
The players are thankful to their federation for financing the year-round program that got them to China.
''U.S. soccer puts us in an environment to play,'' Wambach said. 
''All of us are excited about '09. 
It gets kind of hard kicking each other in practice.''
The 5-foot-11 Wambach is not shy about muscling opponents. 
If she had come along a few years earlier, she would have been a force even on that great 1999 team.
Now she can only hope that Americans will discover her team in the post-midnight hours of the next few weeks.",4,team,GWBUSH,GW Bush (2001-2008),CATEGORY_3,"nba, won, league"
WFAN Said to Be Replacing Imus With an Ex-Quarterback and a _Jersey Guy_.txt,"ï»¿
WFAN, the AM radio station in New York City that served as a flagship for Don Imus's show before he was fired over his racial and sexual asides about a college women's basketball team, has apparently settled on a permanent successor.
The station, owned by CBS Radio, has decided to hire Boomer Esiason, the former quarterback who is now a broadcast analyst for the CBS Sports show ''The NFL Today,'' as the principal host of its morning show, said two people who had been apprised of the plans but were not authorized to discuss them before an official announcement is made.
Mr. Esiason, who played for the New York Jets and the Cincinnati Bengals, is a marquee figure who can be counted on to play things relatively safe, based on his appearances on the Imus show and in other forums. 
As Mr. Esiason's partner, though, WFAN is said to have settled on someone who would seem at risk of plunging the station into the same dangerous waters Mr. Imus did.
He is Craig Carton, co-host of a New Jersey talk radio show known as ''The Jersey Guys,'' whose occasional lampooning of Hispanic immigrants, Chinese people and the mental illness of a former governor's wife have drawn sharp criticism -- as well as high ratings for his station, WKXW (101.5 FM) in Trenton.
While WFAN is nearing agreement with both hosts, those briefed on the arrangements said, not all contracts have been signed, nor is Mr. Imus believed to have reached a settlement with CBS Radio on the balance of his contract, which was to have paid him $40 million for the next four years.
Reached yesterday, Mr. Esiason's agent, Steve Rosner, declined to comment. 
Mr. Carton, who was broadcasting yesterday afternoon, did not immediately return a message left with a receptionist at his station.
Asked yesterday if Mr. Carton and his fellow ''Jersey Guy,'' Ray Rossi, were on the verge of breaking up, Andrew Santoro, chief operating officer of Millennium Radio, which owns WKXW, said: ''Craig's a great talent. 
A lot of places want him.''
When asked specifically whether Mr. Carton was about to jump to WFAN, Mr. Santoro said the question would be better answered by WFAN. 
Karen Mateo, a spokeswoman for CBS Radio, declined to comment.
The coalescing around Mr. Esiason and Mr. Carton represents a fallback plan for at least some executives in WFAN management who had favored the rehiring of Mr. Imus. Their sentiments, though, were not shared by Leslie Moonves, president and chief executive of CBS, who fired Mr. Imus in April, and Mr. Moonves has since said he has had no change of heart.
Should WFAN go ahead with the hiring of Mr. Carton, it will no doubt be pressed to explain how some of his prior antics do not cross the line that Mr. Imus somehow did.
In March Mr. Carton and Mr. Rossi initiated ''Operation Rat a Rat/La Cucha Gotcha,'' in which they encouraged people to turn in friends, neighbors and ''anyone suspicious'' to immigration authorities.
The campaign was derided by, among others, Hispanic elected officials, who demanded an apology. 
Instead Mr. Carton repeated his call to deport every illegal immigrant in the country. 
''If you're here illegally,'' he said at a news conference, ''you are breaking the law -- no better, no worse than the guy who robs the liquor store or the guy who waits to case your house out and robs you of your belongings.''
Two years ago the Jersey Guys infuriated Acting Gov. Richard J. Codey by making fun of the depression suffered by his wife, Mary Jo. 
Later they made enemies in the state's sizable Asian-American community when they mocked Chinese people by using singsong accents. 
They later apologized for their remarks about Asians, saying that they were just acting as entertainers.",4,team,GWBUSH,GW Bush (2001-2008),CATEGORY_3,"nba, won, league"
30 Seconds With Mary Lou Retton_ Gleefully Devoted To Motherhood.txt,"ï»¿
Mary Lou Retton, the first American female gymnast to win a gold medal in the all-around, was the star of the 1984 Summer Olympics in Los Angeles. 
She won five medals, including two silvers, for team and vault, and two bronzes, for uneven bars and floor exercise.
More recently, Sue Sylvester, Jane Lynch's fictional character on the Fox show ''Glee,'' made a passing reference to Retton as her worst enemy. 
And Retton is among the former athletes whose retro images are being featured on Wheaties boxes.
Now 44, she has four daughters, three of whom are gymnasts. 
Retton also travels the world as a motivational speaker to promote the benefits of proper nutrition and regular exercise.
Q.
How do you spend most of your time?
A.
Being a full-time mother and wife. 
That includes driving, cooking and all the other activities.
Q.
How are your daughters doing in gymnastics?
A.
My 17-year-old is training at Level 10. 
My 15-year-old is a competing Level 10. 
My 9-year-old is a Level 8. 
And my 11-year-old is a competitive cheerleader.
Q.
How will the American women's gymnastics team do in the London Olympics?
A.
There will be stiff competition, but we should be vying for team gold.
Q.
What are the chances of Nastia Liukin or Jordyn Wieber winning the all-around?
A.
Jordyn is the reigning world champion and has a very good shot at repeating. 
But I feel it will be extremely difficult for Nastia.
Q.
What countries will present the biggest challenges to the United States?
A.
Russia, China and Romania.
Q.
What do you think of reports that the Chinese team includes under-age girls?
A.
I believe they cheat about ages. 
I was in China four years ago and saw the gymnasts, and it is my opinion that they were not the correct age. 
Cheaters should be punished.
Q.
What do you think of the new, and complicated, scoring system?
A.
I hate it. 
It should be changed back to the perfect-10 system.
Q.
Has the sport changed much since the time you competed?
A.
Oh, yes. 
It's much more difficult. 
Equipment has changed as well. 
Vault table is not horse anymore, which is much safer. 
Bars is a completely new event. 
There's no more wrapping the bars with your hips.
Q.
What did you think when you heard your name on ''Glee''?
A.
It's always a surprise when you hear your name thrown out like that. 
That evening, I received about a hundred tweets and texts.
Q.
What athlete do you admire?
A.
Lance Armstrong. 
He pulls strength from places I've never been.
Q.
What's on your iPod?
A.
Oh, my. 
I have an eclectic taste. 
Mariah Carey; Michael Jackson; Earth, Wind and Fire; .38 Special; Adele; Lady Gaga; We the Kings; Pink; Usher. 
And yes, Justin Bieber - for the girls!
This is a more complete version of the story than the one that appeared in print.",5,team,OBAMA,Obama (2009-2016),CATEGORY_3,"nba, won, league"
A Once and Future Champion at Augusta_.txt,"ï»¿
It is a Masters brimming with epochal change.
Augusta National Golf Club has female members at last, and for those understandably in need of definitive proof, there was Condoleezza Rice on Sunday making the rounds during practice in a green jacket.
This Masters also has its youngest competitor ever: the 14-year-old amateur Guan Tianlang, who comes from China, a country that once banned golf because of its bourgeois overtones.
But for all such sociological developments, there is a throwback feel this year with the perennials in bloom and Tiger Woods back atop the list of likely champions, his swagger restored in time for another year's first major. 
Woods was the golfer to beat for so long that it requires hardly any effort to renew old habits and place him back at the heart of the matter if no longer atop any pedestal.
But the proof is in the putting at Augusta with its famously fast greens. 
Woods is indeed back to winning tour events and back at No.1 at the expense of his would-be successor, Rory McIlroy. 
But Woods has not won the Masters since 2005 and had his worst finish at Augusta as a professional last year, tying for 40th. 
He has not won any major since he won his 14th by hobbling through the U.S. 
Open in 2008.
Nearly five years later, his ability to follow through on his boyhood plans to break Jack Nicklaus's all-time record of 18 major victories has become a question of if rather than when.
Woods's Masters drought began before knee problems, swing tinkering and the fallout from personal scandal derailed his dominance.
He won three of the first six Masters in which he played as a professional but has now won only one of his last 10 on a course that Augusta National, led by its former chairman Hootie Johnson, twice lengthened and strengthened in the early 2000s in an attempt to counter the effects of modern equipment and modern athleticism.
Outsiders labeled those changes ''Tiger-proofing,'' although Johnson never embraced the term and it was actually a booming Phil Mickelson drive that pushed him to embrace reconstruction.
The extra trees have generated more troubles for Woods and his driver than the extra length. 
Meanwhile, Mickelson has thrived like never before at the new Augusta, winning in 2004 and 2006 and then again in 2010 with his marvelously foolhardy final-round shot onto the green from the pine needles on the par-5 13th.
It has been a golden age for such Masters-strokes: see Bubba Watson's snap-hook recovery shot during the playoff on his way to the title year.
It has also been a great decade for left-handers, with Canadian Mike Weir becoming the first lefty to win in 2003 and Mickelson and Watson subsequently joining the club.
''Those two guys are a different player than me,'' Weir said at a recent news conference. 
''They're very long, so obviously that's helpful. 
But I think there's some value in being able to fade the ball off a lot of those holes for us, being left-handers, and there are a number of examples, especially on the back nine: 10, 13, 14, 17, all those holes, if you can get the ball working right to left it's a big advantage. 
And sometimes it's a little easier to control a fade, so there might be some value in that and why we've done a little better.''
During the same stretch at the three other majors, the only left-hander to win was Mickelson at the 2005 U.S. 
P.G.A. at Baltusrol in New Jersey.
''I think that for me it sets up really good for my game; I like to cut the ball off the tee,'' Watson said of Augusta. 
''Really there's only three tee shots that really scare me or can get to me on the whole golf course.''
Watson, a popular champion, has not won another tournament since last year's Masters, and despite Woods's resurgence, the numbers are still an eloquent argument for parity.
In the last 17 major tournaments, only one man has managed to win twice. 
That is McIlroy, who won the 2011 U.S. 
Open and last year's P.G.A. 
Championship but has been searching for his best form this year after making a lucrative switch to new clubs and then playing a light early-season schedule.
''He won the last major we played; that says he's a man in current form,'' said the Irish star Padraig Harrington at the Valero Texas Open in San Antonio. 
''It's only the media that thinks that golfers can peak every week.
''All Rory has to worry about is peaking the right weeks, and his game is plenty good enough as he's shown when he does peak,'' Harrington added. 
''He can lap fields. 
Wouldn't you love to just be patient and wait for those weeks to turn up?''
McIlroy looked closer to his peak in San Antonio, shooting a final-round 66 and finishing second to Martin Laird.
''I guess I was more hopeful than expecting going into the last couple of tournaments,'' McIlroy said Sunday. 
''But I think I know now where my game is at, and I'm happy with it.''
McIlroy already knows he has the tools to thrive at Augusta. 
Though he has not finished better than 15th, he had a four-shot lead heading into the final round in 2011 before crumpling with an 80.
Even in questionable form, he clearly belongs somewhere on the Masters short list. 
In total, there are 93 players in the field this year: 44 from the United States, which once held a clear majority at Augusta.
Guan's appearance at age 14 certainly looks like a harbinger of more globalization, and golf's inclusion in the Olympics will only increase China's interest.
But the reality is that there is no Asian golfer in the top 50 in the world rankings. 
Only six Asians are in the Masters field, and the only South American in the field is the former champion Ãngel Cabrera.
As international interest and access to the game expands, men's golf remains -- for the moment -- a game in which Europeans, Americans and a handful of South Africans and Australians are the major factors; a game where the burning question is once again: Can Woods win another one?",5,team,OBAMA,Obama (2009-2016),CATEGORY_3,"nba, won, league"
"A Taste of Home, With More Anonymity.txt","ï»¿
Li Na stepped past the musicians plucking familiar string instruments and people doing tai chi in the pavilion. 
She stood near tables of men huddled around games of checkers.
''It is exactly like China,'' Li said with a broad smile.
It was Columbus Park, the quiet, beating heart of Manhattan's bustling Chinatown. 
One difference from her strolls in China is that no one seemed to recognize her Monday afternoon, seeing only a young woman in jeans and a black cap, not China's best tennis player and a quarterfinalist at the United States Open.
Li, 27, is not only a long way from home, but she is also as far into a Grand Slam tournament as she has ever been. 
The day before her match against the resurgent, unretired Kim Clijsters, the 18th-seeded Li took a taxi from her Midtown hotel and spent a couple of hours strolling Chinatown and having lunch.
''I love New York City,'' she said. 
''People in China say: 'If you love your children, send them to New York. 
If you hate your children, also send them to New York.'
''
She laughed at that lesser-known Chinese proverb. 
In news conferences, when asked to address questions in English, Li seems unsure and introverted. 
Alone, on the street or at a restaurant table, her English is near perfect and she continually punctuates jokes with a disarming grin.
When she plays at Flushing Meadows, she is about a mile -- one stop on the 7 train -- from the bustling Chinatown in Flushing, Queens, which some say has overtaken the Manhattan Chinatown in recent years as the largest concentration of Chinese in the Western Hemisphere. 
Li has stayed at a house in Flushing with other Chinese players and coaches the three previous times she played the Open, but she wanted to get a close-up view of Manhattan this time.
She laughed about how people from outside China get confused about her name. 
Li is her family name, she said. 
And Na is her first name, even if the Chinese place it at the end.
She has heard people see her name and call her ''Lina.''
Or ''Nali.''
''If you see the draw,'' she said of the tournament bracket, ''it's easy to find my name. 
It's so short.''
It is increasingly easy to find her name on the bracket now that Li is among the final eight women. 
The only other time she reached a Grand Slam quarterfinal was at Wimbledon in 2006. 
She lost to Clijsters.
''I still can remember the second set,'' Li said. 
''I had set point. 
I was 5-2 up, had set point, 40-30. 
I served, and she returned the ball so fast.''
Clijsters won that match, 6-4, 7-5. 
But Li won in three sets the last time the two met, in 2007 at Miami.
At this Open, Li slid easily through the fourth round with a 6-2, 6-3 victory over Francesca Schiavone. 
Afterward, to soothe a sore right knee, Li dunked her lower body into an ice bath for the first time in her life.
''I thought I was going to die,'' she said. 
A decision was made not to practice Monday.
That is why Li sat in a booth at an unassuming restaurant down a covered alley between Elizabeth Street and the Bowery. 
The place called itself ''Coluck'' on the menu, but the light-up sign, in Chinese, reads, ''First Chinese Western Restaurant,'' Li said.
She ordered kimchi bokumbop, a traditional Korean fried-rice dish, and iced milk tea.
''They say it is not good for the body,'' Li said of the milk tea. 
''But I like it a lot.''
(She also likes beer, like Tsingtao, but not during the season. 
But if she wins the Open?
''For sure.'')
She rated the rice dish as ''not 100 percent.''
''Maybe 85 percent,'' she said.
From the huge central China city of Wuhan, Li was deemed a badminton player when she was 6. 
A coach kept telling her that she looked as if she were playing tennis.
''In badminton, they use a lot from the wrist,'' Li said as she demonstrated the arm action. 
''But I use a lot from the shoulder.''
When Li was 8, the coach asked her parents -- her father died when she was 14 -- if she could switch to tennis.
''They said, 'What's tennis?'
'' Li said.
Li went on to become the first Chinese player to reach the top 30 (in 2006), then the top 20 (in 2007).
Problems with her right knee forced her to miss the second half of the 2007 season, but Li has since made a habit of reaching the third and fourth rounds of important tournaments.
Her best moment came a little more than a year ago, at the Beijing Olympics, where Li reached the semifinals by beating Svetlana Kuznetsova and Venus Williams. 
The stadium echoed with chants of ''Li Na!''
But she then lost twice, missing out on a medal.
Smatterings of fans tend to make it to Li's matches at the Open, chanting encouragement in Mandarin. 
It will be hard to drown out the affection certain to shower Clijsters.
Still, Li says she loves that she can find pieces of home so far from home.
''Sometimes, I think it's funny,'' she said as she weaved through pedestrians on Bayard Street. 
''You're in America, but everyone is speaking Chinese.''",5,team,OBAMA,Obama (2009-2016),CATEGORY_3,"nba, won, league"
A Wait That Paid Off in Gold and Bronze.txt,"ï»¿
LONDON -- For Aly Raisman, waiting was the worst part.In the all-around finals last week, she waited for the final standings after receiving the same score as Russia's Aliya Mustafina. 
Then she lost the bronze medal in a tiebreaker.
On Tuesday, in the balance beam final, she waited as the judges debated if they had erred and scored her too low. 
When they decided they had, then raised her score, she moved into a tie for third with Romania's Catalina Ponor. 
Bracing herself, she waited again to see who would come out on top.
As it turned out, Raisman, the 18-year-old captain of the United States women's team, had spent her life waiting for a day like Tuesday.
She won the bronze medal on balance beam after winning the tiebreaker. 
Less than two hours later, she won the gold medal in the floor exercise, ending her Olympics atop the medals stand singing the national anthem.
''That was the best routine I've ever done,'' said Raisman, who is from Needham, Mass. 
''To have that come the day of the Olympic final, that's what you work for your whole life.''
Raisman's gold allowed the United States women's team to finish the Olympics on a high note. 
Last week, it won the sport's biggest prizes, but medals in individual events had been few.
The Americans won their first team gold in 16 years, with Gabby Douglas stealing the stage as the newest star. 
Two days later, Douglas became the first black woman to win the all-around.
Raisman's two medals Tuesday gave the United States women five medals at these Games. 
McKayla Maroney was the only other American woman to win a medal in an apparatus final, taking silver on the vault.
Even though the medal count is down from the 2008 Beijing Games -- when the American women gymnasts won eight medals -- Martha Karolyi, the women's national team coordinator, said she was thrilled with the team's performance. 
She said it is leaving London with ''the two biggest medals that any country can wish for.''
''The extra individual medals?'' she said. 
''We're happy with what we've got.''
The United States men were much less successful, winning just one medal -- Danell Leyva's bronze in the all-around. 
For the first time since 2000, the United States men failed to win a medal in the team event. 
It finished fifth after leading the qualifying.
Leyva and Jonathan Horton had one last chance Tuesday to add to the team's medal tally when they competed on the horizontal bar. 
Their routines were daring, just not daring enough.
With a routine that prompted the crowd to let out several loud aahs and even more aahs because it contained so many consecutive release moves, Epke Zonderland of the Netherlands won the gold medal. 
Germany's Fabian Hambuchen won the silver. 
Zou Kai of China won the bronze. 
Leyva was fifth, and Horton was sixth.
Both Americans said they were proud of how their team had fared in London.
''The great thing about having a young team, with the exception of myself, is that everybody's going to be back,'' said the 26-year-old Horton, the veteran of the team. 
''You've awoken the sleeping giant, and I feel like our country has the talent to kind of be a giant in this sport.''
For now, though, the spotlight of gymnastics in the United States is on the women and Douglas. 
But Tuesday did not turn out to be her day.
Less than 24 hours after finishing last in the uneven bars final, she placed seventh out of eight gymnasts on the balance beam. 
Halfway through her routine, she found herself hanging upside down on the wrong side of the beam.
Douglas, looking angelic in a sparkly all-white leotard, had slipped on the landing of a leap with a half turn, but she caught her leg on the beam to save herself from falling. 
Her face was frozen in a grimace as her score of 13.633 popped up on the board.
It was not the way Douglas had envisioned finishing her Olympics. 
But winning the team event and the all-around had taken too much out of her, both mentally and emotionally, she said.
''I hit my routines when it most counted and when I needed to,'' she said.
Douglas said she is looking forward to heading home to Virginia Beach, Va., after spending more than two years training in Iowa. 
She can't wait to go to the beach, see her dogs and eat caramel-coated popcorn from her favorite store on the boardwalk.
''There's going to be like parades and it's going to be insane, but I'm ready for it,'' she said. 
''My life is going to change so much. 
I made the history books.''
But for Jordyn Wieber, the reigning world champion, the post-Olympics celebration is unlikely to be as fun. 
After failing to qualify for the all-around final, she walked away with only one medal -- the team gold. 
She also is nursing a suspected stress fracture in her right leg and will be in a boot for six weeks.
Wieber still competed in the floor exercise final but stepped out of bounds on her second tumbling pass. 
She finished her routine fighting off tears.
As Wieber explained what went wrong with her Olympics, Raisman was standing on the medals stand, basking in the moment.
Minutes before, she was pacing, grasping her hands and sneaking peeks at the five gymnasts who competed on the floor exercise after her.
And, yet again, she waited.
Earlier, China's Deng Linlin had won gold on the balance beam and Deng's teammate, Sui Lu, had silver.
But this was Raisman's moment. 
As ''Hava Nagila'' blasted from the speakers, she tumbled, twisted and danced her way to the top of the scoreboard. 
Her coach, Mihai Brestyan, said, ''Aly deserves this,'' particularly because she spent most of the year in the shadow of Wieber and Douglas.
Afterward, she was stunned that her time had finally come.
''I'm so excited,'' she said. 
''I'm speechless.''
CHINA WINS PARALLEL BARS China's Feng Zhe, the 2010 world champion, beat Germany's Marcel Nguyen by 0.166 point to win the men's gold medal on parallel bars. 
The Frenchman Hamilton Sabot won the bronze, 0.400 back.
2012 LONDON",5,team,OBAMA,Obama (2009-2016),CATEGORY_3,"nba, won, league"
"After Brawl, China Irked By Its Team.txt","ï»¿
BEIJING -- The Chinese Communist Party has long cherished competitive sports as a conduit for geopolitical detente. 
For decades, the slogan ''Friendship First, Competition Second,'' guided the nation's approach to international sporting events. 
It was dueling table tennis teams, after all, that 40 years ago paved the way for the historic thaw in relations with the United States.
But even if Beijing has since come to believe that gold medals are lovelier than bronze, senior leaders are clearly displeased that players from its most popular men's basketball team got into an ugly, full-court brawl Thursday night with the Georgetown University Hoyas.
It does not help that the melee took place on the second day of Vice President Joseph R. Biden Jr.'s first official visit to China.
The violence, captured by amateur video cameras and broadcast around the world, occurred during the final minutes of a ''good will'' match between the Hoyas and the Bayi Rockets, a team whose members are drawn from the People's Liberation Army.
In the video, a Rockets player can be seen ramming the guard Aaron Bowen through a partition and pounding on him with fists as he sat on his chest. 
Before the Georgetown coach pulled his men off the floor and called the game quits, Chinese players and spectators threw punches, folding chairs and full bottles of water. 
With that, the game officially ended in a tie, 64-64.
But even as members of both teams met Friday morning at a Beijing hotel to make peace, the country's propaganda maestros were trying to ensure that the brouhaha did not find its way into the national psyche. 
Censors quickly deleted videos and chat room comments, although by evening, the restrictions appeared to be easing.
In a country prone to nationalistic sentiment, most microblog remarks were surprisingly critical of the home team, a once-reliable champion that has fallen off its pedestal after losing some of its best players to retirement.
''Aren't Bayi players soldiers?
Why would they beat up a bunch of college students?'' asked one posting. 
''What a loss of face for the people's army!''
Others made light of the situation. 
''The Bayi team sure is lousy at basketball and should try some other sport -- like boxing.''
One of the few newspapers to cover the fight, The Beijing News, blamed the referee for poorly officiating the game and security guards for inaction during the fisticuffs. 
The paper, however, suggested that the Hoya coach, John Thompson III, had a hand in the skirmish, and that Georgetown was known for its aggressive defensive tactics.
But one member of the Hoya entourage, in an anonymous posting on a chat board for Georgetown fans, blamed the Chinese referee for overzealously calling fouls on the visiting team -- the Bayi Rockets were awarded 57 free throws, and Georgetown just 15.
Mr. Thompson could not be reached for comment, but in a statement posted on Georgetown's Web site Thursday night, he took a decidedly diplomatic tack. 
''Tonight, two great teams played a very competitive game that unfortunately ended after heated exchanges with both teams,'' he wrote.
Despite the sport's soaring popularity, the reputation of the Chinese basketball league has taken a beating in recent years. 
Game fixing and bribery scandals have fueled widespread cynicism, and on-court fisticuffs have been a perennial problem. 
Last year, a friendly warm-up match between the Brazilian and Chinese teams turned into a kicking-and-punching fracas just one minute into the game. 
Officials suspended the team and issued an apology.
The Bayi Rockets, despite their military provenance, are not especially known as brawlers. 
Lin Kunyi, a veteran reporter for Basketball News China, said the team -- the first part of its name refers to the founding date of the People's Liberation Army -- is better known for endurance. 
''The team is celebrated for what people call 'the Bayi spirit,' which means you are tough, you eat bitterness and you don't leave the court even if injured,'' he said.
After watching footage of the brawl, Mr. Lin, too, blamed poor officiating and suggested the whole matter was best forgotten.
By Friday afternoon, many of the players seemed to agree. 
After flying to Shanghai, members of the Hoyas and the Rockets shared the lobby of the Portman Ritz Carlton without any palpable tension. 
One Georgetown player shrugged off the contretemps. 
''Man, it's just a game,'' he said.
Online Correction: August 19, 2011, Friday
This article has been revised to reflect the following correction: An earlier version of this article incorrectly stated that an anonymous comment on the basketball brawl was posted on the university Web site. 
It was posted in a chat room on a Hoya fans Web site.",5,team,OBAMA,Obama (2009-2016),CATEGORY_3,"nba, won, league"
Australian National Team Seeks Competition in Asia.txt,"ï»¿
SEOUL -- As Australia was chasing shadows last weekend in Seoul, desperately trying to keep the South Korean team at bay on a hot and humid evening at the 2013 East Asian Cup, there may have been a twinge of nostalgia for the days before the country joined the Asian Football Confederation. 
Life was easier in Oceania.
Australia's former confederation is the smallest and weakest of the six that fall under the auspices of the world governing body FIFA. 
Victories were frequent but too comfortable. 
The 31-0 slaughter of American Samoa in 2001, still an international record, did not help anyone.
Even what seemed to be a relatively straightforward World Cup qualification route often was not. 
It involved becoming Oceania's representative, which was usually easy, and then a two-legged playoff against a battle-hardened team from South America or Asia, which was not. 
It was a short, sharp shock of frantic competition and intense pressure after 3 years and 11 months of mostly gentle tests in the South Pacific.
On Jan. 
1, 2006, Australia became the 46th member of the Asian Football Confederation in a bid to become a stronger soccer nation. 
This means it gets to participate in the quadrennial continent-wide A.F.C Asian Cup and will be host to the next edition of that tournament in 2015. 
It has also given the country access to the 2013 East Asian Cup, a smaller regional four-team tournament currently taking place in South Korea that includes the host, China and Japan. 
It has no effect on qualification for the World Cup but is a useful testing ground.
''Being in Asia means we play a lot more competitive games against good teams, and that has been the biggest thing for the senior national team,'' said Australia assistant coach Aurelio Vidmar. 
''With qualification for the World Cup, we don't go through the old path of Oceania. 
We have lots of tough games, and that helps us improve,'' he added.
In June 2013, Australia qualified for the 2014 World Cup through Asia for the second successive time.
But Australian clubs have been participating in the Asian Champions League since 2007, and almost 50 Australian players now play professionally in Asian leagues.
A new rule introduced in 2008 by the A.F.C. was the catalyst. 
The so-called Asian quota rule allowed clubs around the continent to sign an extra foreign player outside of the usual limit of three, provided he came from a fellow A.F.C. member nation.
It is changing the makeup of Australia's national team. 
At the 2006 World Cup, 20 of the 23 players on the roster were playing for European teams. 
But this year, when coach Holger Osieck named his 26 players for a series of vital World Cup qualifiers in June, only 10 were Europe-based, with 7 active in various Asian leagues and the rest either in Australia or North America.
'We have a lot of players now playing in Asia, and if you go to a decent league then it's O.K., and quite competitive,'' Vidmar said.
Vidmar used Robbie Cornthwaite, now playing club soccer in South Korea, as an example of how playing in Asia can benefit a player's development.
''After he went, I didn't see him for a year, but now everything is a little bit different,'' Vidmar said. 
''His touch is better and he looks a lot sharper, all because they train a lot harder than we do. 
We've got so many more things happening in Australia for young players -- outdoor activities and so many other sports, but here in Asia, it is the No. 1 sport.''
Matt McKay made his 39th appearance for Australia at the East Asian Cup opener against South Korea, a country where he spent a successful season in 2012 with the K-league club Busan I'Park. 
He then signed a two- year deal to play with the Chinese Super League club Changchun Yatai, although he was released by the team this week.
''I've played in two Asian leagues and they are good,'' McKay said. 
''Technically, we can learn a lot from playing there, and off the pitch, too, it is a very good experience. 
Being in Asia and having lots of players in Asia is changing Australian football.''
But Australia's transformation from a nation that has traditionally looked toward England, in soccer terms, into one that looks toward Asia may be a long one.
The Socceroos' games in South Korea for the East Asian Cup were somewhat overshadowed by the recent visits of English clubs to Australia for exhibition games. 
A combined total of 178,000 fans saw Manchester United in Sydney, and Liverpool in Melbourne.
The influence of the old country can still be felt in the team's physical and direct style of play under Osieck, a German.
Gary White, the coach of Guam, who acted as a technical observer while watching Australia play South Korea to a 0-0 tie last weekend, said that ''Australia's football looked like the English league of the early '90s, with not a lot of thought about what they were doing, and they played the ball long.''
He added: ''Australia couldn't cope with the Korean speed, touches and combination play, but that is why these games are necessary. 
Playing teams like South Korea and Japan is good for their development.''
Australia improved against Japan later in the week, although it lost the game, 3-2. 
It next plays China on Sunday.
More than the results however, the tournament is a welcome opportunity for Australia, as well as Japan and Korea, to field experimental squads with the 2014 World Cup less than a year away.
''This tournament is really useful for us,'' McKay said. 
''It is the first time to be involved and it gives a lot of our younger players an opportunity to show what we can do.
''To play three games in a week against tough opposition is exactly what we need, and it shows the benefits for Australian football to being in Asia,'' he said.",5,team,OBAMA,Obama (2009-2016),CATEGORY_3,"nba, won, league"
Biles Has One Peer in Rio. Or Maybe Ever.txt,"ï»¿
RIO DE JANEIRO -- In the hours before the preliminary round of Olympic gymnastics, members of the United States women's team were at the cafeteria in the athletes' village, goofing around. 
Telling jokes. 
Making funny faces. 
Laughing so hard that Martha Karolyi, the women's national team coordinator, approached Aly Raisman, the team captain, to tell them to quiet down.
''Today is the Olympics,'' Karolyi said. 
''You have to be more serious.''
Karolyi, of course, was right. 
The team should have been more focused. 
But when a squad's star is Simone Biles -- the best gymnast in the world and the best in history, for that matter -- that team can afford to relax. 
Biles has set the tone for that.
She is good at what she does, so good that she won the last three world championships in the all-around, collecting 10 gold medals at the worlds along the way. 
That's the most ever won by a female gymnast.
So incredibly good that Biles finished first on Sunday in the preliminary round here at the Olympics, 1.76 points ahead of the No. 2 gymnast, Raisman. 
She also finished first in three of the four events: floor exercise, vault and balance beam.
''Obviously, as expected,'' said Raisman, who added that she would be happy to finish second to Biles in Thursday's all-around final because that's the first spot up for grabs.
The United States team won qualifying by nearly 10 points, over China -- a chasm in a sport in which top competitors are often separated by tenths, or even hundredths.
You can guess what the United States gymnasts did to celebrate. 
Yes, they hugged. 
Certainly, they laughed.
Biles's joy is contagious. 
To end the team's qualifying, she performed on the balance beam, then ran off to embrace her teammates in a happy, sparkly huddle.
''She's a huge role model of mine, honestly,'' Danell Leyva, who is on the United States men's team, said of Biles. 
''Like, huge. 
I've been trying to emulate the way she goes about her gymnastics. 
She enjoys it. 
The last two years, just watching her really helped me enjoy my gymnastics more.''
Biles, 19, is not unique in the sport. 
At least when it comes to dominating it. 
And that's what makes the gymnastics at these Rio Games such a massive draw. 
It is one of the Olympic sports I've been looking forward to seeing for months and months now.
Here in Rio, there are two gymnasts who are the best ever. 
Biles is one. 
Kohei Uchimura, of Japan's men's team, is the other.
Even people who don't know a thing about the sport can appreciate the uniqueness of Biles and Uchimura. 
They perform exceptionally difficult skills while making those dangerous skills look so simple, and even fun.
Uchimura's rÃ©sumÃ© is even more impressive than Biles's. 
At 27, he is the defending Olympic gold medalist in the all-around and a six-time world champion. 
He is a 10-time world gold medalist, too.
''You don't see two gymnasts like this very often, if ever, so this Olympics is pretty amazing,'' said Mark Williams, the gymnastics coach at the University of Oklahoma, who is the United States men's Olympic team coach in Rio. 
''It's some of the best gymnastics you'll ever see in your lifetime.''
In men's qualifying, Uchimura uncharacteristically fell off the high bar. 
Yet he still finished second in the all-around, about 1.5 points back from first. 
No matter. 
Other top gymnasts are still in awe of him.
Louis Smith, a British pommel horse specialist, called Uchimura ''the perfect gymnast'' and said he made magic.
''It's a privilege to watch him,'' Smith said.
Kristian Thomas, also of Britain, said he based some of his training on how Uchimura performs. 
That means Thomas makes sure to put on a show when he does his sport, and not just go through the motions. 
He makes an effort to play to the crowd and make gymnastics beautiful.
''Uchimura always looks relaxed and seems to enjoy every minute of being in front of the crowd,'' Thomas said. 
''But his gymnastics is so clean, so amazing. 
He's so good that you can't really describe it.
During qualifying, Uchimura smacked the ground hard when he fell during his high bar routine. 
But he calmly rose, walked away to rechalk his hands, walked back to the bar and started again. 
Ho, hum. 
Seemed like no problem.
Biles admires Uchimura's carefree attitude. 
It's alluring, but she knows he is fierce somewhere deep inside. 
Could be that she considers herself the same type of gymnast. 
But she is careful not to go too far with the comparison.
''He's a legend, and it's awesome seeing him around the village, because he's just so chill,'' Biles said, explaining that the women's team calls out, ''Hey, Kohei!'' when it sees him, and he just nods in return.
''Literally everyone knows who he is,'' she said. 
''We just all look up to him. 
But he's a normal human being just like the rest of us.''
When asked if she was the Uchimura of women's gymnastics, or Uchimura was the Biles of men's gymnastics, Biles smiled.
''Gosh, no, I haven't accomplished as much as he has,'' she said.
Yet.
In her red, white and blue leotard covered with bling, Biles walked onto the floor for her floor exercise on Sunday. 
Her Olympics would now, finally, begin.
Thousands of fans in the Rio Olympic Arena snapped to attention. 
Smartphones rose and pointed her way. 
Cameras began clicking away. 
Fans moved to the edge of their red plastic seats.
What they saw was Biles leaping higher and twisting and tumbling in such dynamic, unique ways that other gymnasts can only envy her. 
(Including one tumbling pass that is called the Biles, which is a double flip with a half turn.) Then, as she moved from event to event, those countless sets of eyes followed her.
Just another day for this newest Olympic star.
The team final is Tuesday. 
The all-around final is Thursday. 
Event finals are next week. 
Plenty of reasons for Biles and her team to stay serious and focused. 
Yet on Sunday, she spoke with reporters and joked and laughed.
When Karolyi saw it, she frowned.
''Come on, this is Simone, and this is the Olympics,'' she said to Biles's handler from U.S.A. 
Gymnastics. ''So, Simone, you have to go now.''",5,team,OBAMA,Obama (2009-2016),CATEGORY_3,"nba, won, league"
Chinese Champ Back To Defend Her Title.txt,"ï»¿
PITTSFORD, N.Y. 
-- Shanshan Feng of China says she has always chased Yani Tseng of Taiwan, since the two were 13-year-olds competing in Asia. 
Tseng was always better when they were juniors, and that didn't change years later when the two women found themselves half a world away competing on the L.P.G.A. 
Tour.
But after last year's L.P.G.A. 
Championship, Feng was the one holding the trophy. 
It was her first L.P.G.A. win and her first major championship, and Feng was the first woman from China to win an L.P.G.A. tournament. 
This time, Tseng got to watch.
The 23-year-old Feng acknowledged that Tseng had always been her target. 
''She was always ahead,'' Feng said, ''but now I'm getting closer. 
I still haven't caught her. 
Well, I'm still trying.''
When Feng arrived at Locust Hill Country Club earlier this week, she said her memories of last year's win came flooding back. 
She is coming off a runner-up finish last week at the ShopRite L.P.G.A. 
Classic in New Jersey and has risen to No. 7 in the Women's World Golf Rankings, two spots behind Tseng.
Feng did not cause a nation to suddenly embrace the game, as Tseng did when she ascended to the world's top ranking and dominated the L.P.G.A. in 2010 and 2011, becoming the youngest player to win five major championships. 
But Feng's win last June raised awareness about golf in China.
Feng's countrymen noticed, but instead of parades, fanfare and a crush of autograph seekers wanting time with her, she was named China's best non-Olympic athlete last year. 
It was the first time a golfer had been nominated for the award.
She was surprised to be greeted by fans and members of the news media when she arrived at the airport after her win, and she said she was happy to sit through news conferences in Beijing and her hometown, Guangzhou, carefully explaining golf to anyone who would listen.
''People don't know much about golf in China, so we had a great chance to promote it,'' Feng said. 
''They didn't really know what a major was or what it means, so it wasn't like a big deal.''
Her countrymen knew that she had won, that she had defeated Tseng and that she had done it in the United States. 
But her homecoming did not significantly alter Feng's stature as a sports figure back home.
''I would say that my life hasn't really been changed,'' she said. 
''But with golf in the 2016 Olympics, if somebody from China can do well, I'm sure it's going to change everybody.''
That needle of enthusiasm for golf moved a little more this spring when the 14-year-old amateur Guan Tianlang made the cut at the Masters. 
He is from the same city as Feng, and she watched him play as a junior.
Feng's 2013 season has featured four top-10 finishes, as well as a bit of a roller-coaster ride. 
Throughout the season, she found herself trying to please her club sponsor while trying to play consistently with her new equipment.
Two weeks ago she switched to Honma, a Japanese brand she had used once before, and competed with them at the New Jersey tournament. 
The runner-up finish kept the clubs in her bag.
It was a solid return to the tour after Feng had skipped the two L.P.G.A. tournaments leading to last week's ShopRite L.P.G.A. 
Classic. Rather than playing the tour's event in Mobile, Ala., she flew to Asia and played a tournament in Japan.
Feng had planned to fly to the Bahamas for the L.P.G.A.'s event the next week but unexpectedly ran into trouble with her visa and decided to skip it.
She learned to roll with the punches long ago. 
A tour rookie in 2008, she did a lot of listening that first year.
As her English improved, she said she began to ''feel more comfortable.''
As the years passed, she added some words and phrases in Korean and Japanese.
''No Spanish yet, because I can't really roll my tongue,'' Feng said.
But Feng can roll her putts, and she hits 72.3 percent of her fairways and nearly 73 percent of her greens in regulation.
She says she likes the narrow fairways and high rough she will see at the L.P.G.A. 
Championship. It is a major championship, and what she taught her compatriots last year was that majors take the measure of the best in the world.",5,team,OBAMA,Obama (2009-2016),CATEGORY_3,"nba, won, league"
Chinese Club Team Thrives as National Squad Sputters.txt,"ï»¿
A victory by Guangzhou Evergrande in the A.F.C. 
Champions League, the biggest competition for club soccer in Asia, offered a quick hangover cure for Chinese fans reeling from the continuing struggles of their country's national team.
The 1-0 win in the second leg of the finals against the United Arab Emirates' Al Ahli on Saturday gave Guangzhou its second Asian Champions League title in three years. 
Its 2013 title was the first by a Chinese club.
Last week, China's men's national team drew, 0-0, with Hong Kong in a match colored by domestic rivalry and political discontent. 
The tie made it unlikely that China will advance to qualify for the 2018 World Cup, which provoked angry reactions from Chinese fans and demands that the team's coach, Alain Perrin, be fired.
The long-running travails of China's national team are a source of endless distress to Chinese soccer enthusiasts, and Guangzhou's recent success has prompted further head-scratching. 
Many sports pages have asked what the vastly different fate of the national team says about the state of soccer in China. 
''Evergrande's Victory Confirms the Strength of Chinese Players, So Why Is the National Team No Good?'' read the headline on an article on Sunday by the state-run China News Service.
While the rules differ by league, the lineups of professional teams are mostly limited by checkbooks, not nationalities. 
Evergrande has three Brazilian attackers in its starting lineup, including the forward Elkeson, who scored the winning goal on Saturday.
Some national teams rely on naturalized players. 
Against China, Hong Kong fielded players born in Cameroon, England, Ghana, Nigeria and mainland China. 
China, however, uses only homegrown players. 
An official in Wuhan has proposed lifting the restrictions that prevent foreign-born players from participating on the national team. 
But for many fans, such a solution would sidestep the question of why a nation of 1.4 billion, which has managed to dominate global competition in sports like badminton and diving, cannot do the same in soccer.
While Evergrande has strong foreign talent, it also has a core of Chinese players, an indication that other problems are at play. 
Several commentators have argued that China's national team still suffers from unwieldy state-run management. 
It could benefit from the streamlined, ''capitalist'' model of Evergrande, they say, which is owned by a real estate company and the e-commerce giant Alibaba and this month became the first listed club in Asia.
''Evergrande's ability to succeed confirms that if the government gets out of Chinese soccer and gives it over to the market and society, there will be quick results,'' the sports commentator Huang Jianxiang wrote. 
''They don't only rely on money, but also the most professional skill levels and methods to improve their game.''
President Xi Jinping of China has made no secret of his love for soccer. 
On a trip to England in October, he visited Manchester City's training ground and had a photo taken with the team's Argentine star, Sergio AgÃ¼ero, and Prime Minister David Cameron. 
In March, China announced a plan to overhaul the sport, including increasing youth participation levels and moving the soccer federation from the national sports administration to give it more autonomy.
Still, not everyone is confident that Evergrande's success will mean much to anyone besides Evergrande.
''The national team is now under Uncle Xi's watch, and the main points of reform have come out, including removing the soccer federation from under the sports administration,'' said a column on the website of the Southern Media Group, based in Guangzhou. 
''But what will the national side learn from Evergrande?
That's still a question.''
Get news and analysis from Asia and around the world delivered to your inbox every day with the Today's Headlines: Asian Morning newsletter. 
Sign up here.",5,team,OBAMA,Obama (2009-2016),CATEGORY_3,"nba, won, league"
Chinese Cyclist on Course to Be Country_s First Tour de France Rider.txt,"ï»¿
A 26-year-old Chinese cyclist is set to be the first person from his country to participate in the Tour de France when the sport's biggest race begins next week.
Team Giant-Shimano announced on Wednesday that Ji Cheng had made its list of nine riders expected to participate in the 21-stage, 2,272-mile race. 
The 101st edition of the race begins in Leeds, England, on July 5.
Mr. Ji has competed in professional cycling's two other grand tours, the Vuelta a EspaÃ±a in 2012 and the Giro d'Italia in 2013.
Although China was once famous for its streets clogged with bicycles, it has lagged in competitive road cycling. 
The state sports system has focused on track cycling, which sees smaller fields competing for more medals at the Olympics. 
At the 2012 London Olympics, Chinese track cyclists won two silvers and a bronze.
Mr. Ji, from the northern city of Harbin, attended a Chinese sports school as a runner before moving to track cycling and then road cycling.
While most professional cyclists come from Europe, the Americas and Australia, the sport is making inroads in Africa and Asia. 
""Having Cheng in the team as the first Chinese rider ever to ride the Tour de France will be huge for him and his country, and we look forward to seeing the impact this has on the globalization of the sport,"" the Team Giant-Shimano coach, Rudi Kemna, said in a statement announcing the team selection.
Although Mr. Ji's inclusion in Giant-Shimano's Tour de France team marks a high point for Chinese cycling, his role in the race will be decidedly humble. 
In previous races he has been known for his tireless work chasing breakaways to help position his team's talented sprinters for wins on flat stages.",5,team,OBAMA,Obama (2009-2016),CATEGORY_3,"nba, won, league"
"For Georgetown, a Peaceful Win in China.txt","ï»¿
SHANGHAI -- Three days after an ugly brawl ended an exhibition basketball game between Georgetown and a Chinese professional team, the Hoyas played another game here on Sunday without incident.
The game was tinged with geopolitics. 
Georgetown is on a good-will tour of China, and the brawl took place on the second day of Vice President Joseph R. Biden Jr.'s first official visit to China.
The game's public setting seemed as if it might invite further trouble. 
It was held outdoors, on a court set up under a giant tent, with free admission as part of a promotional event called the Nike Festival of Sport.
But Georgetown looked poised in a 92-69 victory over the Liaoning Dinosaurs, who play in the professional Chinese Basketball League.
The game was sloppy in the early going, but the Hoyas' trapping defense and accurate outside shooting from its guards turned it into a rout late in the second half.
Georgetown Coach John Thompson III said he was pleased with how the team played and how his players kept their focus.
He also said he met with members of the Bayi Rockets, the team the Hoyas brawled with, on Saturday in Beijing.
''We got together the following morning in the airport and sat down and talked,'' Thompson said at a news conference, adding, ''We're going to move on; it's time to move on.''
The fight, captured on amateur video, was a full-court melee that broke out at the end of Thursday's exhibition game in Beijing, with a group of Bayi players chasing a Georgetown player down under the basket and then one Chinese player repeatedly hitting him.
The images stunned many in China, some of whom criticized the behavior of the host team, whose players are drawn from China's People's Liberation Army.
Some in the crowd threw water bottles and folding chairs at the Georgetown team after the fight.
The game ended in a 64-64 tie after Thompson pulled his players off the court.",5,team,OBAMA,Obama (2009-2016),CATEGORY_3,"nba, won, league"
Former Nets Try to Put Dark Season Behind Them.txt,"ï»¿
Avery Johnson, the new Nets coach, approached Courtney Lee after one of the most painful seasons in N.B.A. history had finally concluded. 
Johnson gave Lee an option: he could have a significant role with the Nets while the organization rebuilt, or he could seek a fresh start with another team through a trade.
Lee took option No. 2. So off he went to the Houston Rockets last August in a four-team deal as the Nets essentially wiped clean a roster that produced just 12 victories last season, the fourth fewest since the N.B.A. expanded its regular season to 82 games in 1967-68.
As an organization, the Nets now have new ownership, new management and even a new, if temporary, home in Newark as they get ready for their big move to Brooklyn in two years. 
And only four players remain from last season's fiasco.
But although it is relatively easy for the Nets to pretend last season is gone and forgotten, and to unveil a new slogan that proclaims that ''It's all new,'' it is not that simple for the players who have moved on. 
They are trying to jump-start their careers while trying to shake off the indignities of 2009-10.
Some have new jobs playing basketball, and some do not. 
All of them were on the wrong side of history. 
All of them are trying to deal with it.
''There's definitely a stigma that comes along with that,'' said Keyon Dooling, now a member of the Milwaukee Bucks, as he looked to the 12-70 record that is a permanent part of his resume. 
He added, ''A lot of good players are without jobs because of that whole stigma.''
The four players who remain on the Nets from last season are Devin Harris, Brook Lopez, Kris Humphries and Terrence Williams. 
Harris and Lopez are cornerstone players; Williams has already run afoul of Johnson for repeated violations of team rules this season and on Friday was assigned to the team's Development League affiliate in Springfield, Mass.
But of the 13 others who wore a Nets uniform at some point last season, one is in China, at least one is in the minor leagues and others have a foot teetering in retirement.
Seven players -- Tony Battie, Yi Jianlian, Eduardo Najera, Chris-Douglas Roberts, Chris Quinn, Dooling and Lee -- have latched on with other N.B.A. teams. 
Dooling and Roberts are teammates in Milwaukee. 
Quinn got a job with the San Antonio Spurs after another 2009-10 Net -- Bobby Simmons -- was waived.
''It's quite the contrast,'' Quinn said recently of a Nets team that won 12 games last season and a Spurs club that has won 14 of its first 16 in 2010-11.
''It's good to be part of a winner,'' he said. 
''That's everyone's goal in this league, to be part of a winning organization, and it's clear that things are done the right way here.''
Josh Boone, who toiled for the Nets last season, is playing for Zhejiang Chouzhou of the Chinese Basketball Association. 
Sean Williams, a former first-round draft selection of the Nets, suits up for the D-League's Texas Legends. 
He finished last season in China after starting it with the Nets. 
Rafer Alston, Jarvis Hayes and Trenton Hassell did not find any N.B.A. takers over the summer, although Alston could end up in China, too.
No matter where they are, they remain linked by last season's ordeal.
''When you win 12, there's always a lot of talk about players, no matter how good they are,'' said Rod Thorn, who was the Nets' president last season and now holds the same position with the Philadelphia 76ers. 
''There are questions from the league, from other coaches, G.M.'s and so forth,'' he added.
The catalyst for last season's futility came in the cost-saving trade the Nets made before the first regular-season game. 
Vince Carter went to the Orlando Magic in exchange for Battie, Lee and Alston. 
The move opened up cap room for the Nets, who were looking ahead to the summer pursuit of LeBron James, Chris Bosh and others, futile as it turned out to be.
But meanwhile, they would have to do without Carter. 
They began the season by losing 18 straight games, an N.B.A. record. 
In the midst of the streak, the Nets fired Coach Lawrence Frank, now an assistant with the Boston Celtics. 
Kiki Vandeweghe, who was the organization's general manager, reluctantly took on the job of interim coach. 
He and Thorn decided to give preference to the team's younger players.
On an already bad team, some veterans took another hit.
''That was a business decision that they made, and I understand that,'' Battie said. 
''You have to do that, especially at that point when we had no chance of making the playoffs and no chance of even having a somewhat O.K. record.''
The losses continued to pile up. 
Still, the Nets played a little better toward the end of the season, and the record for the fewest victories in a regular season -- nine, by the Philadelphia 76ers, in 1972-73 -- remained safe.
''Just losing those games and trying to run away from that record and when you go to the games and you see people with trash bags on their heads and people holding signs like, 'Worst team in the N.B.A.'
-- that's definitely one of the toughest things I've ever been through,'' Lee said. 
''But that made me who I am today. 
It made me tougher.''
Dooling recalled: ''It was a tough situation, but it wasn't all bad. 
I met a lot of nice people when I was in New Jersey, I enjoyed my time there. 
It wasn't all bad there. 
I got all my money, you know what I mean?''
Still, modest veterans like Dooling and Battie needed to stay in the league.
''Players make a good salary,'' Thorn said, ''but it's not like if you're a lawyer or a doctor or some other professional, that your career can span decades.''
Vandeweghe, who moved back to California after the season and is not working for any N.B.A. team, said he did not agree that a stigma was attached to last season's players. 
If an organization needed a player with certain needs and that player fit, he said, the player would be signed no matter how bad his team was.
''All the G.M.'s and coaches understand and they've been through rebuilding themselves,'' Vandeweghe said in a recent telephone interview. 
''They're going into it thinking Keyon Dooling was hurt all year. 
He got hired right away. 
We all knew he could play.''
This season's Nets team is off to a 6-11 start, not very good, but nothing like 0-18. 
Derrick Favors, the third overall draft pick last June, is full of potential. 
Off in the distance, Brooklyn awaits. 
But in the rearview mirror remains the wreckage from last season. 
Even Thorn, who has been in the N.B.A. for nearly five decades, feels its lingering sting.
''It's something that I don't know that you ever forget,'' he said. 
''If you dwell on something, whether it's really good or really bad, you get yourself in a bad spot. 
For me, it happened. 
It wasn't fun, but it happened.''
Rebounds
Devin Harris had 25 points, including a clutch 3-pointer with 1 minute 11 left, and 8 assists to lead the Nets to a 98-96 win over the visiting Portland Trail Blazers. 
The teams traded the lead five times during the fourth quarter, before Harris made the long jumper from beyond the top of the key. 
Portland turned the ball over on its next possession.",5,team,OBAMA,Obama (2009-2016),CATEGORY_3,"nba, won, league"
"In Basketball, a Different and More Literal Globetrotter.txt","ï»¿
LONDON -- The traveling basketball coach, now on gig No. 12 and in country No. 3, looked across the scorer's table as ''The Star-Spangled Banner'' played Sunday. 
He recognized the faces of the opposition, all American, all familiar.
The coach, Bo Overton, sat opposite them, an American surrounded by Chinese. 
How he ended up there, an assistant with the Chinese women's national team, even Overton is not exactly sure. 
There was the forced resignation in Chicago. 
The stint in the Bahamas. 
The rock from Italy.
The years and milestones, they blend now, a mishmash of small towns and big cities and foreign lands.
Overton played basketball in college for Oklahoma. 
He coached men and women, in college and the pros. 
He never wanted to be a lifer, the stereotypical old ball coach, someone who settled in one place for decades and became an institution.
Overton always liked life better in transit, his passport filled with stamps. 
Even if that meant his old friends pounded China on Sunday, 114-66, as both teams advanced to the quarterfinals in women's basketball. 
The United States tied its highest ever Olympic score and earned Group A's top seed.
''I don't know if I ever came to, like, that moment,'' Overton said last week, outside a coffee shop, as the local traffic zipped past. 
His kind of people, on the move. 
He continued: ''That moment where you say, 'Now this is what I'm going to do.'
''
His father, Claudell Overton, played minor league baseball, minor league basketball and 15 games in the N.B.A. 
For one season, he toured with and played against the Harlem Globetrotters.
The lessons his father imparted gave Overton his first glimpse of the world outside Oklahoma. 
Pictures showed his father playing basketball on a battleship, or with Globetrotters like Marques Haynes in France. 
After one trip, Claudell brought home a rock from Italy, dated it and displayed it in the living room.
Funny how it all worked out, Overton said. 
Here the father played against the Globetrotters and later settled into coaching. 
The son never wanted to coach but did so anyway. 
And now, ''I'm an actual globetrotter,'' Overton said.
The latest adventure in the Overton Chronicles took him to China, where he took over the Liaoning Hengye of the Women's Chinese Basketball Association. 
Overton sent e-mails of some of the funnier lost-in-translation moments to friends, who forwarded the messages, until Overton's e-mail list grew to more than 200.
He wrote about trying to decipher the ''language of honking one's horn in Shenyang'' and watching table tennis in prime time. 
He wrote about his adventures in finding a cable box, eating with the consulate general of the United States, hot milk, no ovens and facial scans.
A sample: ''This one I love, it's the guy riding the bike with cart in front. 
I'm saying, he's in trouble no horn. 
No problem, he carries a can with rocks in it. 
As he strolls thru the intersection he shakes his rocks. 
I want to tell him, 'For God's sake, go buy a bullhorn!'
''
Overton learned small, pertinent portions of Chinese, how to say ''rebound'' and ''get back quick.''
He named plays after common words, like pizza or Adidas. 
An interpreter assisted with practices and games. 
Tone and inflection took care of the rest.
Early on, Overton learned what would not change. 
His players, regardless of instruction, still practiced three hours in the morning and three hours in the afternoon, six days a week, 12 months a year. 
They did not take vacations.
Liaoning doubled the salary he had in the W.N.B.A. 
But such riches ratcheted up the pressure, too. 
''The owners are crazy,'' he said. 
''They want to win.''
Three weeks into the season, the team's 4-3 record apparently unacceptable, Overton said he was instructed to win the next game or pack his bags and head home.
Overton eventually adjusted to the showers that doubled as bathrooms in hotel rooms, the patrons at the next table who ate the heads of fish. 
He purchased the N.F.L. 
Sunday Ticket to watch his beloved Dallas Cowboys. 
He ate Subway every day for lunch.
As many as 5,000 fans turned out for games. 
As few as 200 did, too. 
The style of cheering took a while to get used to. 
A short ''Whoa!'' usually followed a great play, then silence. 
Overton could not read newspapers or watch TV, so he saw zero reviews of his performance.
Ruth Riley played for Overton in China, and she said in an e-mail that the moment she met him at the airport, Overton struck her as a traveler's spirit, a storyteller, like a ''good ol' country boy back home.''
She said they made friends at the pizza parlor near where they lived and relied on hand signals to communicate with the rest of the team.
''I'm pretty sure Bo and I would win a charades tournament,'' she wrote.
Overton never expected he would end up here. 
He played point guard at Oklahoma for Dave Bliss and Billy Tubbs. 
Phoenix drafted him in 1983 but cut him quickly. 
He became a coach.
First, he worked with men, an assistant at times and head coach at others, at Oklahoma as a graduate assistant, then with a C.B.A. team in Pensacola, Fla., then at Oral Roberts, Murray State Junior College, Southwest Texas State and Louisiana Tech.
In his final year at Louisiana Tech, his boss left and his father died. 
Overton returned home to be near his mother. 
Sherri Coale, the Oklahoma women's coach, asked Overton if he ever thought about coaching women.
He started in 1998, and in his six seasons as an assistant at his alma mater, the Sooners won 143 games and 3 Big 12 regular-season titles and made the N.C.A.A. title game in 2002. 
Attendance, Overton said, soared to 5,000 from 200. 
Salaries increased. 
He saw a future in the women's game.
Overton left for the University of Missouri-Kansas City, then jumped to the W.N.B.A. with the Chicago Sky. 
In 2008, an anonymous poster on a message board accused Overton of sexual harassment toward his players. 
The Sky's management forced him to resign; it also said its internal investigation did not uncover any examples of harassment. 
Overton said he signed a nondisclosure agreement and cannot discuss the resignation.
Next, Overton went to the Bahamas, where he assisted with the national team. 
That period gave him international experience, which led to the job in China, which led him to the national team, which led him to the basketball arena and the game against the Americans on Sunday.
Through his travels, Overton never married. 
He said he always thought: ''I'm going to settle down in a year or two. 
I'll stay in one place. 
I've got plenty of time.''
So said the traveling basketball coach.
2012 LONDON",5,team,OBAMA,Obama (2009-2016),CATEGORY_3,"nba, won, league"
"In Beijing, Americans Win 2 Individual Events.txt","ï»¿
The first SportAccord World Mind Games, which ended on Friday in Beijing, brought together competitors in five disciplines: bridge, checkers, chess, Chinese chess and go.
In bridge, 24 players from four countries competed in team, pair and individual events in both open and women's categories.
The concluding three-session individuals were won by Americans. 
The women's was captured by Janice Seamon-Molson and the open by Chris Willenken.
Seamon-Molson won $6,000 by finishing 0.6 of a board ahead of Nicola Smith from Britain ($4,000), with Tobi Sokolow from the United States third ($3,000).
Willenken, who received $8,000, finished 0.8 of a board in front of Jie Li from China ($6,000), with Brad Moss from the United States ($5,000) only 1 match point behind in third.
Given that the results were that close, several boards could have changed the rankings. 
The diagramed deal occurred during the final session.
At Jie Li's table, North opened two diamonds; Jie (East) passed; South bid three hearts; West jumped to four spades; South competed with five diamonds; and West's five spades ended the auction.
North led a heart, South winning with his jack and shifting to a diamond. 
Xu Hou from China (West) won with his ace and ruffed both of his heart losers in the dummy to take 12 tricks.
Note that neither a spade lead nor a Trick 2 trump shift would have defeated six spades. 
Even if declarer were not willing to risk the club finesse, he could have played a club to the ace and ruffed a club, bringing down the king. 
Then he would have crossed to dummy's spade nine to run the clubs.
In the given auction, Willenken (South) ended in six hearts doubled. 
It looked as if this might be expensive, the defense going (in some sequence) diamond ace, club to East's queen, club ace, diamond ruff, spade ace for down four, minus 1,100. 
(Yes, it could have been 1,400 with two diamond ruffs, but no West was going to underlead his spade honors, playing partner for the nine.)
At the table, though, West led the spade king. 
He then cashed the diamond ace. 
Now a club switch was needed, but West led a second high spade. 
Declarer ruffed, drew trumps and ran the diamonds to escape for down one, 8 match points out of 10 and first place.
The Edgar Kaplan Winter Regional will take place in the Hilton Hotel, 1335 Avenue of the Americas, near 53rd Street, in Manhattan, from Dec. 
26 to 30. 
Details are at gnyba.org.",5,team,OBAMA,Obama (2009-2016),CATEGORY_3,"nba, won, league"
"Japan Exults as Kohei Uchimura, Gymnast Called _the King,_ Expands His Empire.txt","ï»¿
TOKYO â By the time most Japanese were sipping their morning coffee on Thursday, the gymnast known as ""the king"" already had another crown.
On Wednesday night in Rio de Janeiro, Kohei Uchimura, 27, won the men's all-around gymnastics title for the second straight Olympic Games, the first time anyone has accomplished that feat since 1972.
Japanese newspapers printed special editions, and television news programs replayed highlights nonstop.
Mr. Uchimura has lifted Japanese men's gymnastics to a level of glory not experienced in generations. 
Described as ""magic,"" ""perfect"" and ""a machine,"" he has not lost an individual competition since taking silver at the Beijing Games eight years ago.
And with the next Summer Olympics scheduled to take place in Tokyo in 2020, the pressure on him to keep going will be huge. 
""I'm exhausted,"" he said after his latest victory.
""I put everything out there, until there was nothing left,"" he added. 
""More than happiness, I'd say I feel contentment.""
If American television networks have dedicated a lot of airtime to Simone Biles, the dominant female gymnast at the Games, Japanese television has been focused on its own Â  national hero.
Ms. Biles has been barely a blip in the coverage here. 
Mr. Uchimura gets the gauzy profiles: of his childhood in the countryside, training under his gymnast parents; of the birth of his daughters, in 2013 and 2015; of his struggles to give up junk food and smoking.
A gymnastics-themed comic he devoured as a child â ""Gamba!
Fly High,"" written by a Japanese gold medalist from the 1984 Games in Los Angeles â has gone into reprints.
He has appeared in advertisements for Toyota, frozen noodles and gyms. 
When the news media reported on his favorite snack a few years ago â a chocolate cookie called Black Thunder â its sales surged. 
(He has since learned to love vegetables, word has it.)
Tabloids reported that he racked up nearly $5,000 in cellphone roaming fees after downloading PokÃ©mon Go in Rio. 
His provider has reportedly waived the charges.
Mr. Uchimura did not have the Olympics news cycle here to himself on Thursday. 
Two gold medals won the day before by Japanese athletes in judo â a sport in which the Japanese team had been disappointing during these Games â drew extensive attention, too. 
Like gymnastics, judo is beloved in Japan, albeit in the sort of way that brings its stars wide popular attention only every four years.
In Isahaya, Mr. Uchimura's hometown on the island of Kyushu, a crowd of about 250 gathered before dawn on Thursday at a sports center nicknamed Uchimura Arena.
More fans assembled at the headquarters of Konami Sports Club, the chain of gyms that sponsors him, along with a number of other Japanese Olympians. 
In one of Konami's commercials, Mr. Uchimura spins on a pommel horse in the middle of an office full of presumably exercise-deprived workers.
In interviews before the Games, Mr. Uchimura said he wanted to exorcise the ""demons"" of past Olympics. 
Though he won individual gold in London in 2012, the Japanese team finished second to China, the dominant power in men's gymnastics in recent years and a regional rival of Japan.
In Rio, it initially looked as if the demons might get the better of him. 
He fell off the horizontal bar in the qualifying round, and the Japanese team started behind China, the United States and Russia. 
But in the end, Mr. Uchimura led Japan to a team gold, a prelude to his individual victory.
On Thursday, early risers watched as he took the gold on the last of the event's six apparatuses, nailing a difficult routine on the horizontal bar. 
Before the bar, he trailed Oleg Verniaiev, 22, of Ukraine by more than nine-tenths of a point, a gap large enough that headlines called his comeback a miracle. 
He won by less than a tenth of a point.
Japan has not enjoyed this kind of success in gymnastics since the 1960s and '70s, when it was known as the kingdom of gymnastics. 
Bolstered by an intense government-sponsored training effort that started in the lead-up to the 1964 Tokyo Games, its men won five consecutive team golds in the Olympics and five consecutive world championships from 1960 to 1978.
It was a Japanese, Sawao Kato, who won the last consecutive all-around golds, 48 and 44 years ago.
On social media, speculation about whether Mr. Uchimura would compete in 2020 has ranged from resigned to hopeful. 
By then, he will be 31. 
Japan has other skilled gymnasts, but none with his talent.
""Uchimura, please stay until 2020. 
I know 31 will be tough,"" read one typical Twitter post. 
""He's saving his best performance for Tokyo 2020 â I believe it,"" read another.
After his victory, Mr. Uchimura seemed both tempted and daunted by the prospect. 
He said he wanted to take time off to think. 
He said that if he did compete, his fans should not expect more miracles.
""I won't be able to match Oleg in the all-around event,"" he said of the man he beat on Wednesday.
""I'd be happy if I could somehow make the team,"" he added. 
""My kids would be at an age when they would remember it.""
Follow Jonathan Soble on Twitter @jonathan_soble.",5,team,OBAMA,Obama (2009-2016),CATEGORY_3,"nba, won, league"
Journey of a Decade Ends With a 30-Foot Putt.txt,"ï»¿
The birdie putt was still a foot away from the hole when Rod Pampling thrust his right arm in the air. 
The ball tumbled into the cup, giving him a victory Sunday in Las Vegas that was a long time coming.
Pampling left nothing to chance by making a 30-foot putt on the final hole to close with a six-under-par 65 for a two-shot victory in the Shriners Hospitals for Children Open, his first PGA Tour title in 10 years.
''Sometimes you amaze yourself at what you can do under the gun, which hadn't been for a long time,'' Pampling said. 
''And it was great.''
Pampling, 47, last won on the PGA Tour at Bay Hill in 2006. 
He lost his card and spent two full seasons on the Web.com Tour and then had to return to the Web.com Tour Finals at the end of last season just to get his card back.
''Coming back from what we've had the last few years, to get a win under the belt, it's phenomenal,'' he said.
Brooks Koepka closed with a 67 to finish second.
A PLAYOFF PLAYOFF Scott McCarron missed a birdie putt on the 18th hole but made one on the first hole of a playoff to win the Dominion Charity Classic, the second of three PGA Tour Champions playoff events, in Richmond, Va.
SHAKY, BUT SUCCESSFUL Shanshan Feng closed with a double-bogey 6 but still won by a stroke at the Japan Classic in Ibaraki, her second straight L.P.G.A. 
Tour victory.
TENNIS
Murray Wins Fourth Straight Tournament
Andy Murray cemented his rise to No. 1 by beating John Isner, 6-3, 6-7 (4), 6-4, to win the Paris Masters for the first time. 
The tournament victory was Murray's fourth in a row and his eighth this year.
Murray, 29, will officially replace Novak Djokovic at the top of the rankings when they are published on Monday.
CZECH WINS IN CHINA Third-seeded Petra Kvitova of the Czech Republic overcame a slow start and defeated Elina Svitolina, 6-4, 6-2, to win the Elite Trophy in Zhuhai, China.
BASEBALL
Cubs Make Hammel a Free Agent
The Chicago Cubs declined their 2017 option on Jason Hammel's contract, making him one of the top starters on the free-agent market.
Hammel, 34, went 15-10 with a 3.83 E.R.A. in 30 starts this season but did not pitch in the playoffs during the Cubs' run to the World Series championship. 
Over the past three seasons, he is 35-28 with a 3.68 E.R.A.
PRO BASKETBALL
Portland's McCollum Matches His Best
C. J. McCollum equaled his career high with 37 points, including 10 straight in the fourth quarter, and Portland won at Memphis, 100-94.
Damian Lillard added 19 points and 7 assists for the Trail Blazers, who have won two straight.
NUGGETS THRASH CELTICS Emmanuel Mudiay scored 24 of his season-high 30 points in the opening quarter, and Denver rolled over host Boston, 123-107.
HOCKEY
Cammalleri Lights It Up for the Devils
Michael Cammalleri got his first three goals of the season as the Devils prevailed over the Carolina Hurricanes, 4-1, for their first road victory.
Cammalleri scored twice in the second period and once in the third for his sixth career hat trick. 
Keith Kinkaid stopped 33 shots en route to his first win of the season.
COLLEGE FOOTBALL
Mississippi Loses Quarterback
Mississippi quarterback Chad Kelly will miss the rest of the season after tearing the anterior cruciate ligament in his right knee in a win over Georgia Southern.
Kelly, a senior, had thrown for 2,758 yards, the most in the Southeastern Conference, and 19 touchdowns this season. 
He threw for more than 4,000 yards as a junior.
SOCCER
Ronaldo Agrees to Stay Put Through 2021
Cristiano Ronaldo, a three-time world player of the year, reached an agreement to extend his contract with Real Madrid until June 2021, when he will be 36.
The club said the new contract would be signed Monday. 
Financial details were not released, although Ronaldo was expected to remain the team's best-paid player.
STILL UNBLEMISHED Gareth Bale scored twice just before halftime, and Real Madrid remained unbeaten with a 3-0 win over visiting Leganes, securing the Spanish league lead.
LIVERPOOL TAKES LEAD Sadio ManÃ© scored twice as Liverpool overwhelmed visiting Watford, 6-1, to move a point ahead of Chelsea atop the Premier League.
Arsenal and visiting Tottenham drew, 1-1, in the north London derby, and Leicester was beaten, 2-1, by visiting West Bromwich Albion. 
Hull beat visiting Southampton, 2-1, to halt a six-game losing streak.
AUTO RACING
Edwards Gets a Spot in the Chase Finale
Carl Edwards got the victory he desperately needed to earn a place in the Nascar Sprint Cup finale, winning a rain-shortened Texas 500 in Fort Worth.
Edwards was leading on the 293rd lap when the race was called with 41 laps to go. 
Rain had also delayed the start by nearly six hours.
Edwards joined Jimmie Johnson as drivers locked into championship-contending spots for the finale. 
The last two spots will be up for grabs next Sunday at Phoenix.
FAST OFF THE TRACK Dale Earnhardt Jr., sidelined from the Nascar Sprint Cup Series because of a concussion, was pulled over for speeding while driving to the Texas 500, although he got only a warning.
This is a more complete version of the story than the one that appeared in print.",5,team,OBAMA,Obama (2009-2016),CATEGORY_3,"nba, won, league"
Leap Forward for China_ Setbacks for United States.txt,"ï»¿
BEIJING -- Randy Huntington's laugh boomed through the hallways of the Bird's Nest stadium after the long jump competition, making him something of a rarity at the world track and field championships on Tuesday: an American with something to celebrate.
Huntington, who hails from Walled Lake, Mich., coached Mike Powell when Powell jumped 8.95 meters (29 feet 4 Â¼ inches) in Tokyo in 1991 -- setting a world record that has now endured a year longer than the ethereal Bob Beamon mark it broke.
Huntington has worked with many fellow Americans through the years, but he is now coaching Chinese athletes. 
Though his arrival in 2013 is not the only explanation for the buzz in the stands on Tuesday night, it is certainly a big part of why China now has its first medal in the long jump at the world championships.
''We brought him here because he is good, simply because he's good,'' said Feng Shuyong, the Chinese team leader.
China's first long jump medal at a global championships turned out to be bronze, which Wang Jianan, just 18 years old, secured with an 8.18-meter leap -- all of which seemed auspicious given China's talismanic attachment to the number 8. 
Chinese jumpers also finished fourth and fifth, a signal that an event long dominated by the West may soon see a boost in its global profile similar to the one that Liu Xiang brought to the 110-meter hurdles a decade ago.
The gold went to Greg Rutherford of Britain -- already the Olympic, European and Commonwealth Games champion -- with a leap of 8.41 meters and the silver to Rutherford's training partner, the Australian Fabrice Lapierre (8.24). 
They, too, train under an American coach, Dan Pfaff, at a high-performance center in Phoenix.
Those looking for the Americans, whose legacy remains the richest in this event, needed to keep moving briskly down the results list.
The two who did make the final -- Jeff Henderson and Mike Hartfield -- failed to advance past the first phase of three jumps. 
Hartfield, who had jumped 8.27 meters this season, fouled on all three of his attempts. 
Henderson, who had jumped 8.52 meters, fouled on his first and third attempts and could go only 7.95 meters on his second.
''There are no words I can say about how disappointed I am,'' Henderson said.
It was that sort of evening in general for the United States team, the sport's powerhouse, as it failed to win a medal in any event. 
Those included its traditional stomping ground of the men's 400 hurdles, which was won by Nicholas Bett of Kenya in 47.79 seconds.
It was Kenya's first victory in the event at the world championships, and given its dominance of the 3,000-meter steeplechase (which also has hurdles), perhaps it was only a matter of time. 
The other medalists on Tuesday were Denis Kudryavtsev of Russia in 48.05 and Jeffery Gibson of the Bahamas in 48.17. 
Gibson finished a hundredth of a second ahead of the former world champion Kerron Clement of the United States.
Another former world champion from the United States, Jenny Simpson, lost her left shoe in the 1,500 meters and finished 11th in a 12-woman race that was won -- to the surprise of no one -- by Genzebe Dibaba, the latest Dibaba sister to win gold for Ethiopia.
Her older sibling Tirunesh swept the 5,000 and the 10,000 at the 2008 Olympics and has won three Olympic gold medals and five world titles over all. 
Now 30, she is taking a break from the sport after giving birth to a son, Nathan, in March. 
Another Dibaba sister, Ejegayehu, now 33, was a silver medalist in the 10,000 meters at the 2004 Olympics and won bronze in the 5,000 and 10,000 at the 2005 world championships.
But Genzebe Dibaba, 24, is the sister making headlines now. 
She set the world record in the 1,500 last month in Monaco in 3 minutes 50.07 seconds, prompting her to add the event to her world championship program. 
She is now in strong position to complete her own double in Beijing when she runs the 5,000 later this week.
''A new queen Dibaba is arriving,'' she said through a translator.
After four days, Kenya leads the medal count with four gold medals and nine medals over all. 
The United States has just one gold and six medals, below its customary and anticipated strike rate.
''US team need to turn it around quick!''
Michael Johnson, the former American sprint star, wrote on Twitter. 
''Competition management has been atrocious with multiple event favorites failing to advance to final!''
But it was a better night for American long-jump coaches, even if Huntington was not entirely satisfied.
''I think they really had more in them,'' he said of his three Chinese jumpers. 
''But when you put the pressure on kids like this, it is quite something for them to handle.''
The Chinese entries' runway sprints generated the biggest roars of the night in the stadium. 
And as it turned out, Wang, the youngest, handled the pressure best. 
Nicknamed Eddie, Wang is a former world junior long-jump champion as well as a former decathlete.
''Eddie is just steady Eddie,'' Huntington said. 
''He's only 18, but he has the mental capacity of a 30-year-old in the way he approaches things.''
He is also the least flashy of the three and the only one without a tattoo. 
The others are more challenging to coach, Huntington said.
Gao Xinglong, 21, who finished fourth, thrusts his chin far back when he jumps. 
''A real exuberant personality, but he gets really wired real fast, so bad that there would be times he'd be at a competition and would start at the wrong check mark because he'd get just so whacked out,'' Huntington said.
Li Jinzhe, the 25-year-old Asian Games champion who finished fifth on Tuesday, is an even bigger challenge. 
''He and I are at tremendous odds all the time,'' Huntington said. 
''He's a gamer, but he doesn't want to train. 
He's like an old basketball player. 
They want to play, but they don't want to train.''
This is not Huntington's first expatriate assignment in Asia. 
He worked with the South Korean national team before returning to the United States and rejoining the private sector.
In dire need of a vacation in early 2013, he said, he decided to go to the airport in Portland, Ore., that March and fly to the first city that appeared on the departure board. 
It was Beijing, and as he already had a valid multiple-entry visa for China, he stayed true to his word. 
There, he dined with Feng, who invited him to attend a meet outside of Beijing.
Four months later, Huntington, back in the United States, received a job offer from the Chinese track and field federation. 
Two years later, the Bird's Nest was atwitter over -- of all things -- the men's long jump.",5,team,OBAMA,Obama (2009-2016),CATEGORY_3,"nba, won, league"
Lin Follows Yao_s Steps In N.B.A. And China.txt,"ï»¿
Last February, when Jeremy Lin emerged as a unique and unlikely N.B.A. star, he exuded a striking mix of confidence and composure.
But it was not as if he did so without support, and Lin said he got much of that from Yao Ming, the N.B.A.'s first Asian superstar. 
Lin, as he struggled in his first season and a half to stay in the league, became close to Yao, playing in charity events with him and exchanging text messages. 
As Lin tried to both enjoy and endure his sudden celebrity last season, he talked with Yao nightly.
''He's a role model and a mentor to me,'' Lin said at the time.
So it was no surprise that as Lin figured out his future, seeking millions on the free-agent market while trying to remain loyal to the Knicks, he consulted with Yao.
This time, Yao said, he was of only limited help.
''Only he knew what he needed most,'' Yao said in a telephone interview from China. 
''He had to make the decision on his own. 
I didn't want to affect him too much.''
Lin's decision to sign an offer sheet from the Houston Rockets, Yao's former team, and the Knicks' decision to let Lin go, set off a fierce debate in New York.
Yao, for his part, thought the outcome was ideal.
''I'm so glad the Knicks didn't match the contract,'' Yao said. 
''Houston is a good place for Jeremy to come to. 
It's a good fit because both sides can provide the best opportunity for each other.''
Yao recalled that the environment in a smaller market helped make him a better player. 
In eight seasons, all with the Rockets, the 7-foot-6 Yao averaged 19 points, 9.2 rebounds and 1.9 blocks as a center.
''In Houston, we have a very good community and great fans,'' Yao said. 
''With less media coverage, I think it made me focus more on basketball. 
I think that's one reason I played so well.''
The Rockets hope that Lin, who is of both Chinese and Taiwanese descent, can continue the franchise's popularity in China, for which Yao was responsible.
''The people in China are very familiar with Houston,'' said Yao, who, since retiring from the N.B.A. because of chronic injuries, has become the owner of the Shanghai Sharks of the Chinese Basketball Association. 
''The Rockets have been a symbol here for the last 10 years, and now that can be continued. 
It's great for people here. 
I can't imagine them being any more excited than this.''
Last week, N.B.A. 
China announced a partnership with Yao to help raise basketball participation among youths in China while also holding an annual camp intended to develop elite Chinese players. 
Yao said passion for basketball in China has never been stronger.
''Yao absolutely triggered the interest in basketball, and a lot of the credit should go to him,'' said David Shoemaker, the chief executive of N.B.A. 
China. ''The interest in basketball has matured to where it goes beyond any player or one team.''
Ratings for N.B.A. games last season on CCTV5, the Chinese sports channel, were up 21 percent from the previous year, and page and video views on the league's Chinese-language site reached new highs. 
Shoemaker said Lin certainly didn't hurt.
''What Jeremy has done has further captivated the hearts and minds of people here,'' Shoemaker said. 
''We're beginning to see the fruit of that. 
His success will continue our success.''",5,team,OBAMA,Obama (2009-2016),CATEGORY_3,"nba, won, league"
Lin Narrows His Focus in Lakers Move.txt,"ï»¿
EL SEGUNDO, Calif. 
-- Jeremy Lin was in Shanghai this month on a marketing tour, surrounded by adoring throngs in Houston Rockets red. 
Then he got word that he was being traded to the Los Angeles Lakers. 
He made a quick trip to Los Angeles for a physical and returned immediately to China to finish his obligations.
Word had traveled quickly.
''Everybody was wearing only yellow,'' Lin said Thursday at an introductory news conference with the Lakers. 
''I was like, 'Wow, that was fast.'
''
Lin is hoping for an equally rapid transformation after the Rockets sent him to the Lakers to clear cap space in an ultimately failed attempt to lure the free agent Chris Bosh away from the Miami Heat.
Lin, in the final year of a contract that will pay him $15 million -- about half of which will count against the salary cap -- is hoping that after being replaced in Houston's starting lineup last season he can establish himself as something more than the crossover cultural sensation that hit New York two years ago.
''I'm not trying to recreate Linsanity,'' Lin said. 
''I'm not trying to be that phenomenon that happened in New York. 
I think I just want to be myself, more than ever.''
And so Lin, dressed in a blue suit, did not shrink when Lakers General Manager Mitch Kupchak, wearing slacks and a polo shirt, chided him for being overdressed by Los Angeles's casual standards. 
He stood, smiled and relaxed.
Just what the Lakers have in mind for Lin is unclear. 
They have yet to hire a coach, though Byron Scott has been interviewed three times.
They also have a remade roster built on short-term contracts. 
The Lakers picked up Carlos Boozer on an amnesty waiver claim, drafted Julius Randle and brought back Nick Young and four other free agents who were on the worst team in franchise history.
With Kobe Bryant -- soon to be 36 and coming off Achilles' tendon and knee surgeries -- and the Lakers starting their third consecutive season with a new coach, expectations have been tempered.
Given Los Angeles's sizable Chinese population, Lin is expected to remain a popular figure. 
A sign came recently when a 72-year-old retired Chinese-American schoolteacher, who happens to be an avid Lakers fan, went on Craigslist to offer Lin a spare room, according to The Daily Breeze, of Torrance. 
The Lakers are also gearing up for a substantial increase in media interest from China, where Bryant is quite likely the N.B.A.'s best-known player.
That sort of following recalled Lin's early days with the Knicks, when Lin, one of the few Asian-Americans to play in the N.B.A., became a national sensation after he was picked up off waivers from Houston, dropped into the moribund Knicks' lineup and transformed into a nearly unstoppable offensive force -- all while sleeping on his brother's couch on the Lower East Side.
The highlight was Lin's 38-point performance in a nationally televised victory over the Lakers at Madison Square Garden.
Asked if the trade prompted any memories of that game, Lin said: ''It hasn't until I got asked 500 questions about it in Asia. 
I didn't think of that at all when I first heard of it, but I've replayed that game in my head a few times in the past couple weeks.''
Lin parlayed that brief period into a three-year, $25.1 million free-agent contract with the Rockets -- and a photo shoot in GQ. 
Though Lin continued to improve his 3-point shooting -- he shot a career-best 35.8 percent last season -- and his ability to play without the ball, he was replaced as a starter by Patrick Beverley, a superior defender on a team with few good ones.
Lin suffered another indignity earlier this summer when the Rockets, in a free-agent pitch to Carmelo Anthony, showed Anthony in a display in a No. 7 Rockets uniform, which at the time happened to belong to Lin. 
(He will wear No. 17 with the Lakers.)
Lin said his roller coaster ride -- from being a fringe player to a sudden star to one searching for his niche in the N.B.A. 
-- had seasoned him. 
Yes, he would like to start -- just like anyone. 
But what is important, he said, is making the most of his opportunities, in whatever form they arrive.
''After my year in New York, I wanted to stay on that path; I wanted to be a starter, and that was something I really kind of cherished,'' Lin said. 
''I really appreciated it because I was on the other end of being cut and getting waived, and maybe held on to it a little too tightly.''
He relishes the possibility of learning from Steve Nash, who is 40 and coming off two injury-plagued seasons with the Lakers. 
One of Lin's regrets about leaving New York was not getting the chance to play with Nash, who considered approving a trade to the Knicks two years ago, or Jason Kidd, two likely Hall of Fame point guards.
Lin does not have many of those regrets. 
He is about to turn 26, an age when most players -- for better or worse -- have established an identity. 
He will be a free agent again next summer, and he is on a team that is rife with uncertainties of its own.
Pressure?
''Coming back to L.A. where there will be a bigger market, a much bigger spotlight, hopefully I'm able to handle it better with each and every passing year,'' Lin said.
''I'm not trying to relive that banner season. 
I think that's been a big weight off my shoulders.''",5,team,OBAMA,Obama (2009-2016),CATEGORY_3,"nba, won, league"
Long Way for a Snub in a Qualifying Match.txt,"ï»¿
Justin Meram apologized in advance for any yawns that might occur during the interview. 
He had just endured a 27-hour journey from Chinese Taipei that had included two layovers, 13 time zones and one very troublesome, existential question:
Why had Meram bothered to join the Iraqi national soccer team on the other side of the globe right in the middle of the Major League Soccer postseason to play in a World Cup qualifying match -- or, as it turned out, not to play?
''I was down, I'm not going to lie,'' Meram said. 
''I was extremely upset. 
Not everyone who travels far should play, but not even to be on the selection?
''I know it's something not related to soccer,'' added Meram, the only American-born player on Iraq's team. 
''From previous games, I did everything right to be in the starting 11. 
I was playing well with Columbus. 
I'm trying to figure it out, something between the fans and the federation. 
We're baffled by this. 
I can't tell you why. 
I'm making phone calls. 
Maybe I'll be able to tell you in a few months.''
One game in which he is sure to see action arrives straight away: Meram, 26, will most likely be in the starting lineup when his Columbus Crew face the Red Bulls on Sunday in the first leg of the Eastern Conference finals. 
His path to that game had its own quirks -- lightly recruited out of high school, he went to junior college before he starred at the University of Michigan and was drafted by the Crew -- but it was nothing compared with his journey into international soccer.
Discovered online by an Iraqi supporter trawling for national team prospects, Meram made his debut for Iraq in November 2014. 
He had started two of Iraq's three previous matches in the current round of Asian World Cup qualifiers and was brought in as a substitute in the third. 
He had scored two goals -- one after he was chosen to take a penalty kick in the first match against Taipei.
Meram showed up for the return match in Taipei last week in time for four of the team's six training sessions, expecting more minutes. 
But he was snubbed by Yahya Alwan, the Iraqi coach, a cruel reminder to Meram and others that the Iraqi national team remains very much a work in progress, steeped in the vagaries of politics, religion and enigmatic grudges.
Only 15 years ago, Uday Hussein, the son of Saddam, ruled brutally over the soccer team, reportedly imprisoning or torturing players who faltered on the field. 
A remade Iraqi team won the Asian Cup in 2007, yet conditions remain far from ideal. 
FIFA has mandated that no matches can be played inside volatile Iraq, so the team stages home qualifying games in Iran.
''The organization and the logistics are much better than they were, but nowhere near where they should be,'' Meram said. 
''The resources, the field, the ability to train at home. 
Sometimes, when I come from America, I feel for them. 
Even the small things -- the taping, the massages, the treatment -- we don't have what Japan or the Emirates have.''
Meram has never visited Iraq. 
His father, Sam, and mother, Lamia, are Chaldean Catholics who met in the Detroit area after immigrating to the United States separately from Mosul, more than a decade before Justin was born. 
His parents' families all escaped Mosul, now under ISIS control, yet his mother and father remain deeply concerned about the city's fate.
''They're devastated,'' Meram said. 
''My mom feels it a lot. 
When all the museums of the Chaldean culture in Northern Iraq are being destroyed, where they grew up, that's hard on them. 
Ancient statues are getting destroyed. 
It's devastating seeing that.''
Meram, 26, a dual citizen, finally became eligible to play for Iraq late last year. 
His technical skill was evident early in his youth, when he excelled at Eisenhower High School in Shelby, Mich., in both soccer and as the kicker for the football team. 
Major colleges at first failed to recognize his talents, but Maurice Hughes, a graduate of Yavapai College in Arizona, a top junior college power, recommended him to the coach there.
''We knew we'd discovered a diamond in the rough the very first training session,'' Yavapai Coach Michael Pantalione said. 
''In the first preseason training session, we had seven-a-side matches. 
Three groups. 
When the session was finished, Justin had a dozen goals. 
He had a brilliant career. 
Then the same schools that said no to him, two years later, were extremely interested in the junior college player of the year.''
Yavapai won two national titles with Meram before he headed to the University of Michigan and then to Columbus, as the 15th pick in the 2011 M.L.S. draft. 
Pantalione praised his ability to run at defenders, putting them on their heels. 
In 33 regular-season and playoff games this year, Meram has six goals, five assists and 78 shots on goal, while establishing himself as a complementary threat to the team's top scorer, Kei Kamara, whose 22 goals this season tied him for the league lead.
''Give him a window, he'll get a good shot on goal,'' Crew Coach Gregg Berhalter said. 
''He was always a strong 1v1 finisher,'' he added, referring to one versus one. 
''Now, his work defensively is outstanding, his ability to take the ball in transition, his passing, they're much better.''
Iraq defeated Chinese Taipei, 2-0, without Meram on Tuesday, and now must beat both Thailand and Vietnam next March, most likely in Tehran, in order to advance to the next round of Asian World Cup qualifying.
Meram, though, is confused and uncertain about whether he will rejoin the Iraqi team if it calls again, until he figures out why a federation with such limited resources flew him business class to Taipei only to ignore him once he arrived.
''It's not like this has happened many times, just this once,'' Meram said. 
''I'm waiting to hear some answers. 
Right now, I'm looking forward to Sunday. 
At least I'm fresh.''",5,team,OBAMA,Obama (2009-2016),CATEGORY_3,"nba, won, league"
Preseason Tries to Promote Global N.B.A.txt,"ï»¿
Tim Hardaway Jr. experienced the less glamorous side of the N.B.A. this month when the Knicks went on a barnstorming tour of New England and beyond.
The team played three games in four nights, starting in Providence, R.I., where the visitors' locker room seemed to be the size of a cubicle. 
It continued to Toronto, where a video of a Hardaway dunk went viral. 
It wrapped up in Manchester, N.H., where the road took its toll and the team looked sluggish.
''It was a learning experience,'' said Hardaway, a first-year shooting guard.
With renovations continuing at Madison Square Garden, the Knicks have become vagabonds once again this preseason. 
On Monday, the team will make its second trip to Toronto for an exhibition against the Raptors before heading to Green Bay, Wis., for a game on Wednesday against the Milwaukee Bucks. 
The Knicks' lone preseason appearance at the Garden will not come until Friday, when they host the Charlotte Bobcats.
It might not be an ideal situation -- ''It's O.K.,'' Coach Mike Woodson said -- but at least the Knicks have company. 
In fact, N.B.A. teams are collectively logging more than 200,000 miles of preseason travel to destinations as diverse as Biloxi, Miss., and Istanbul.
All that traveling can create challenges for coaching staffs that would prefer to focus on evaluating personnel and devising offenses. 
But the league increasingly sees the preseason as vital for spreading the N.B.A. gospel at home and abroad.
Consider that 28 percent of the N.B.A.'s games this preseason are being played at nonleague locations. 
For example, the Knicks' appearances in New Hampshire and in Rhode Island were home games for the Boston Celtics. 
Just two of the Celtics' eight preseason games are being staged at TD Garden.
At the same time, the Knicks' peripatetic schedule, covering about 3,070 miles, has been a breeze compared with the globe-trotting of other teams. 
The Oklahoma City Thunder played two games in Europe this month. 
The Houston Rockets and the Indiana Pacers faced each other in the Philippines and in Taiwan. 
Most recently, the Golden State Warriors and the Los Angeles Lakers had a two-game swing through China.
Those exhibitions were all part of what the league has branded the N.B.A. 
Global Games: eight preseason and two regular-season games featuring 12 teams in seven countries. 
Commissioner David Stern said the league's overseas adventures required an extraordinary amount of planning.
''But they're our attempt to grow the game,'' said Stern, who added that the league was ''serious about bringing this sport to the greatest number of people.''
League officials seem well aware that the travel can be a drain. 
Upon arriving in China last week, Adam Silver, the league's deputy commissioner and chief operating officer, reflected on his 24-hour trip from Rio de Janeiro, where the Washington Wizards played the Chicago Bulls on Oct. 
12. ''I look forward to the next generation of airplanes,'' he said.
Wizards Coach Randy Wittman said his team enjoyed its trip to Brazil. 
Many of the players took their families along.
''We were basically together 24/7,'' Wittman said. 
''It was a good time to sit down and get to know families, which we don't have an opportunity to do that often.''
No team will wind up traveling more during the preseason than the Pacers: roughly 19,770 miles, based on an analysis of their schedule. 
The Celtics (2,060) and the Nets (2,310) have the lightest schedules. 
It is all relative, of course.
As for the Knicks, they dealt with the same issue last year, playing all six of their preseason games on the road, though it did not seem to have an adverse effect on their preparation for the regular season. 
They won 54 games and advanced past the opening round of the playoffs for the first time since 2000.
Their preseason excursions have also been a boon for arenas -- and secondary markets -- that seldom have the opportunity to host N.B.A. games. 
The Knicks' game on Thursday against the Wizards had an announced attendance of 12,376, a sellout, at Baltimore Arena, a 51-year-old building that has seen brighter days.
The game required substantial preparations by the arena's staff. 
Frank Remesch, the arena's general manager, said his crew had refurbished the court, installed new backboards and replaced both 45-second clocks. 
On game day, Remesch approached Woodson after the Knicks' morning shootaround and asked if the accommodations were suitable.
''He said it was perfect, so that meant a lot,'' Remesch said.
Many of the improvements were necessary because the arena had not staged an N.B.A. game since the Washington Bullets played several home games there in the 1990s. 
Remesch also recalled an exhibition appearance by the Chicago Bulls when Michael Jordan was in his prime. 
At the time, Remesch was concerned because the court sat on a sheet of hockey ice. 
Sure enough, there was condensation on the court the morning of the game.
''I was thinking, Oh, my God. 
I don't want to be part of the facility that rips Michael Jordan's A.C.L. out,'' Remesch said.
By afternoon, the weather had cooled and the game was uneventful. 
Jordan's knees remained intact.
The Knicks' visit was similarly drama-free. 
Carmelo Anthony, who grew up in Baltimore, was treated like royalty, and the Knicks won. 
And it was another win for the N.B.A. in its October push to markets big and small.
''Everybody and his brother came out for the game,'' Remesch said. 
''It was more than just basketball. 
It was an event.''",5,team,OBAMA,Obama (2009-2016),CATEGORY_3,"nba, won, league"
Shame and Indignation in China as Its Olympians Come Under Fire.txt,"ï»¿
BEIJING -- Even as it revels in a mounting heap of gold medals at the London Games, China has been troubled by a maelstrom of emotions: pride in its athletes' achievements mixed with shame and disappointment that a pair of badminton players were disqualified for blatantly throwing a game, and indignation over what many here say are unfounded accusations that a record-breaking swimmer may have been fueled by performance-enhancing drugs.
On Thursday, as the news sank in that the Chinese badminton players, Yu Yang and Wang Xiaoli, were among four two-player teams of women disqualified a day earlier for intentionally losing a match, some Chinese bloggers heaped blame on what they said was an imperfect Olympics system. 
Others expressed shame that their team had subverted the rules -- losing in order to play a weaker opponent in the next round -- in the hopes of winning another medal. 
Some found fault with their coach. 
Not a few criticized the nation's state-directed sports system and its obsessive quest for gold.
Hu Xijin, the editor of the nationalistic tabloid Global Times, called the players' behavior a disgrace, adding a stinging kicker. 
''How pathetic!'' he wrote.
The disappointment was compounded when Yu appeared to bow out of the sport for good. 
''Farewell my beloved badminton,'' she wrote Thursday on her microblog account. 
''You have heartlessly shattered our dreams. 
It is just unforgivable.''
It was not exactly clear whom she was blaming for her early retirement.
But any regret and introspection over the badminton scandal was largely subsumed by the outrage over suggestions, first raised by a prominent American coach, that the 16-year-old female swimmer, Ye Shiwen, could not have pulled off her record-shattering victory in the 400 individual medley on Saturday without some chemical assistance.
Even if Olympic officials pronounced Ye clean, the innuendo -- blithely repeated earlier this week by sports commentators, coaches and swimmers -- snowballed into a gargantuan national insult. 
And the official news media, in what was clearly an orchestrated campaign, responded in kind.
People's Daily, the newspaper of the Chinese Communist Party, described the accusations as a ''provocation'' and said they represented the widespread hostility that Westerners feel toward a rising China. 
''It is due to their deep-rooted bias, an unwillingness to accept Chinese achievements,'' the newspaper said.
The state-run Xinhua news agency called the accusations irresponsible and said they revealed Western envy at the nation's growing economic might. 
''Apart from sports, the West has always shown a similar dark psychology and mentality toward the rise of China,'' it wrote.
The Global Times also framed the suspicions about Ye as an orchestrated attack on the Chinese people. 
''The abnormal media reaction should be questioned more than Ye's new record,'' the newspaper wrote in its English-language edition.
If Ye, seemingly bewildered by the doubts about her victories, gently scolded her accusers, her father was far less constrained. 
''The Western media has always been arrogant and suspicious of Chinese people,'' he told reporters.
The popular magazine Titan Sports was one of the few publications to find humor in the situation. 
''Ye Shiwen, the dual winner, has become the stimulant of the Chinese people,'' it wrote in a headline on Wednesday.
The former head of the Chinese Olympics medical team lobbed a few incendiary insults of his own, accusing Michael Phelps and other American athletes of doping their way to Olympic glory. 
''The Americans have made many extraordinary performances but, without evidence, we have kept silent,'' the doctor, Chen Zhanghao, told an Australian newspaper.
By Thursday, such sentiments had become all-consuming, clogging Sina Weibo, the Chinese equivalent of Twitter, and inspiring a celebrity businessman, Kai-Fu Lee, to post the phone number and home address of John Leonard, the executive director of the World Swimming Coaches Association, who first described Ye's win as ''impossible'' and ''unbelievable.''
Lee, the former chief of Google in China, suggested that his 10 million followers use a ''civilized and factual approach'' to persuade Leonard he had erred. 
He later deleted the post, however, and apologized.
Jiang Yi, the managing editor of Sports Illustrated China, acknowledged that many of the responses were overwrought but said excess was understandable given the psychic battering Chinese had endured in recent years over successive doping scandals.
Although many non-Chinese sports commentators have glibly described Ye as having come out of nowhere, sports fans in China have been avidly following her career. 
Two years ago, Jiang noted, the magazine splashed her face on its cover after she won a pair of gold medals at the Asian Games. 
''We knew she was great then and that it was only a matter of time before she hit the international stage,'' he said. 
''So the accusations were a shock to everyone.''
Still, he said the suspicions that reverberated this week were not entirely illogical, given the scandals that have dogged Chinese athletes in recent years. 
In the 1990s, dozens of Chinese swimmers were caught using banned substances and as recently as March, one of Ye's teammates tested positive for the blood-boosting drug EPO.
History aside, Jiang urged reporters and commentators to think twice before tarring athletes with unsubstantiated accusations that could destroy a hard-earned reputation.
''We did lot of things in the past, and that gave us not quite a perfect image,'' he said. 
''It's a shame because a lot of Western media see China that way, but I hope it can get better.''
2012 LONDON",5,team,OBAMA,Obama (2009-2016),CATEGORY_3,"nba, won, league"
Taking the Paddle From China.txt,"ï»¿
When Wang Chen immigrated to the United States in 2000 after retiring from China's national table tennis team, she never imagined she would keep playing in her adopted country. 
But at 26, when most professional Chinese players have stopped competing, she began a second act that led to the Beijing Olympics, where she reached the quarterfinals, the furthest any American has reached since table tennis became an Olympic sport in 1988.
Wang was not alone on that path. 
A look at national table tennis teams over the last few decades shows hundreds of Chinese players who took their superior game abroad. 
More often than not, they became the best players wherever they landed.
But now, Wang represents an endangered breed of player. 
After the Beijing Games, the International Table Tennis Federation, the sport's governing body, established waiting periods and other restrictions to make it harder for players to represent new countries after relocating. 
The I.T.T.F. said it did so because the widespread presence of Chinese players on national teams around the world hindered the development of local talent.
For decades, China has been the sport's powerhouse. 
When the I.T.T.F. recognized China over Taiwan in 1953, that was enough for Chairman Mao Zedong to put together a system for churning out an army of superplayers who could dominate the sport. 
And they did: China has won a vast majority of world titles in the last 50 years and 20 of 24 Olympic gold medals. 
In Rotterdam, where the world championships started Sunday, the Chinese team featured four of the top five ranked men and all of the top five women in singles competition. 
(Germany, with Timo Boll at No. 2, has the only other top-ranked player.)
Because China has a deep pool of talent, opportunity is scarce there, which is why so many Chinese names appear on the rosters of other national teams at the worlds, including Argentina, Austria, Australia, Canada, the Dominican Republic, France, the Netherlands, Poland, Singapore, Spain, Turkey and Ukraine. 
But even with the new restrictions, players of Chinese descent still dominate in the United States, though many are homegrown players, the children of immigrants.
One of the top players of this new American-born generation is Adam Hugh, who at 9 began training with his mother, Lily Yip, once a provincial team player in China who came to dominate United States table tennis in the 1990s after immigrating.
A Princeton graduate raised in New Jersey and Florida, Hugh, 23, was among the more than 800 players competing at the world championships, which end this weekend. 
(He, along with the rest of the United States team, did not make it past the initial rounds in singles competition.) The I.T.T.F.'s regulation was meant to give greater opportunity to native-born players like him.
''I have no complaints about the rule,'' Hugh said.
Among the three Chinese-American men on the United States team in Rotterdam, there is one Chinese-born player, Yiyong Fan, 42, whom Hugh describes as being in a league of his own. 
The women's team has four United States-born Chinese-Americans, including Hugh's sister, Judy.
Another rising star of Hugh's generation who competed at the worlds was Timothy Wang, 19, of Houston. 
Last year, he won the United States singles title. 
With his Chinese coach, he has been training six hours a day, six to seven days a week. 
Wang, like many other young Chinese-American players, also trains in China, where he will be this summer.
''The training in China is much more systematic,'' his father, Sam Wang, said. 
''That's how players can really strengthen their game.''
No one knows the ins and outs of China's cutthroat table tennis world better than Wang Chen, the Chinese-born United States Olympian, who is now retired. 
Sitting behind her desk at her table tennis club on Manhattan's Upper West Side, she spoke of turning pro at 11 and having to drop out of school to join a government-sponsored program that included children as young as 6.
''Maybe it's a good system for producing professional table tennis players,'' she said, ''but I think they are giving up too much in life, like school and a future.''
Another player born in China who had even greater success in the United States is David Zhuang, who arrived with his family in 1990, won the first of his six national men's singles titles four years later, and at 44 competed in his third Olympics, in Beijing in 2008.
''Table tennis is a mental game like chess, but lots of Americans play it as a physical game,'' he said. 
''In China, the coach analyzes the strategy you play at every part of the game. 
It's all strategy and technique.''
Now Zhuang coaches full time. 
He says he has not made a decision about his future as a player, though hip and lower-back injuries will most likely prevent him from trying for the 2012 London Games.
''I'm happy to see that the new generation is reaching a higher level now,'' he said. 
''But I don't want to say I'm retired. 
Why?
Because I can still win.''
With the older, Chinese-born generation of Wang and Zhuang on the way out, the field is opening for younger American players. 
But not everyone agrees that the I.T.T.F.'s restrictions, which include three-to-seven-year waiting periods on immigrants under 21 and bars all other new arrivals from taking part in its events, are good for the game.
''The drawback is that the younger generation might not have good partners to train with,'' said the Romanian-born Teodor Gheorghe, chief operating officer of the U.S.A. 
Table Tennis Association and coach of the national women's team. 
''Table tennis is like a sparring partnership sport. 
The professional Chinese players we have had on the team mentored the younger ones and helped them develop.''
But Larry Hodges, a veteran player, coach and author of three books and numerous articles on the sport, sees it differently.
''Players would train and train for years under the best coaches, paying tens of thousands of dollars, and then they hit 20, and some 35-year-old guy who's been trained by the Chinese government comes along and the American kid can't make the team,'' he said.
While the I.T.T.F. changes have opened the door for homegrown talent, that does not mean that players of Chinese ancestry still will not dominate national teams.
At the Maryland Table Tennis Center, where Hodges coaches, about 75 percent of the junior players are American-born players of Chinese ancestry. 
One of his prodigies, Tong Tong Gong, 13, is among four Chinese-American boys on the cadet team.
After Gong won his first tournament when he was 8, his parents decided to make an investment in cultivating his talent.
''A lot of my friends see Ping-Pong as a recreational game that requires little skill,'' Gong said. 
''That's the American attitude, but in China, it's the national sport.''
And though lots of young people in China are gravitating toward the bigger-ball games like soccer and basketball, table tennis's high status there shows no signs of decline.
Opportunities for professional players have actually improved. 
Wang said that fewer of them wanted to leave because they could get university scholarships, join leagues and earn a good living. 
It was not that way when she left a decade ago.
Naturally, she plans for her children to excel at table tennis.
''I want to have two boys, and I will give them Chinese training,'' she said. 
''But I still want them to go to Harvard.''",5,team,OBAMA,Obama (2009-2016),CATEGORY_3,"nba, won, league"
The Rockets Can Feel Yao_s Foot Pain.txt,"ï»¿
Today's sports news comes with an anatomy lesson: being 7-foot-6 is not good for your feet. 
And when you're Yao Ming and a broken left foot threatens your career, the pain quickly spreads through an entire franchise, the Houston Rockets, causes aches through the N.B.A. and sends cramps to China.
Ouch.
The news that Yao is the latest big man suffering foot woes -- most remember Bill Walton as the founding member of this unhappy club -- has put the Rockets in a bind, writes Ric Bucher on ESPN.com, and have them facing at least a season without the pivotal services of Yao, writes Adrian Wojnarowski on Yahoo.com. 
The Houston Chronicle's Richard Justice prefers to look at this as an opportunity for the Rockets to remake themselves, but he doesn't have much company there.
China, however, might be moving on to a new non-Chinese hero, Kobe Bryant, according to this article on WSJ.com.
The rest of the N.B.A. is preparing for the free agency frenzy to start Wednesday, with some big names likely to change addresses and teams like the Nuggets facing big decisions. 
Milwaukee got a jump on things by sending Charlie Villanueva on his way, a dumping he has shared via Twitter: ''Well, I would like to thank my Milwaukee fans, for 3 great years, and Senator Kohl, but my journey in Milwaukee has come to an end.''
No word whether Marian Hossa is Twittering in Slovakian, but he's the biggest name in the N.H.L.'s free agency pool, which also admits the sharks tomorrow. 
In non-free agency news, USA Hockey named the players it invited to its Olympic orientation camp (there must be some bylaw that requires Mike Modano be invited until he turns 75) and Rangers Coach John Tortorella and Islanders Coach Scott Gordon as its Olympic team assistants giving the team a decidedly New York feel under Head Coach Ron Wilson. 
And we leave you to figure out this tidbit, courtesy of agent Drew Rosenhaus's Twitter page: ''I have been hired by the fans of the NHL's Florida Panthers to negotiate lower season ticket prices. 
I will keep you posted on the outcome.''
Insert your own punch line here. 
OK, here's a surprise. 
It's some sort of gimmick.
Baseball is lurching toward the All-Star break, as signaled by the first please-vote-for-me stories -- this one about the Angels' Torii Hunter -- and a few players might want that break more that most. 
As Joe Posnanski writes on SI.com, players' careers start heading downhill at age 33. 
Foxsports.com, though, tells the story of someone who will be thrilled to reach 33, Jon Wilhite, a former college player who was the only survivor of the crash that killed the Angels' Nick Adenhart.
A handful of major league players have lent a hand to the effort to revive baseball in inner-city Los Angeles, somewhat similar to the effort to bring golf to the city kids of Washington, D.C. 
And someone might want to do something about the sad state of sports in Boston's schools.
In the N.F.L., players seem to have a full-time job keeping themselves out of trouble and Yahoo.com's Jason Cole writes that N.F.L. 
Commissioner Roger Goodell is leaning toward stiff penalties for the gun-wielding receiver Plaxico Burress and the dogfighting convict Michael Vick. 
Should Goodell relent and let Vick back in, USA Today takes a look at where he might end up. 
Once he makes those decisions, Goodell might then contemplate what to do with the runaway Twittering of Chad Ochocinco, who used that medium to compare the deaths of Farrah Fawcett and Michael Jackson to 9/11.
If that's not quite depressing enough, move on over to this story about the 13-year-old who just committed to play football for Tennessee. 
Or contemplate that the most dangerous sport, according to Livescience.com, is cheerleading.
After that, you might want a ball machine to pelt you with tennis balls, or you can read about the late-night party Wimbledon threw under its new roof, as described by Art Spander on CBSSports.com. 
The happiest of the partiers was the great British hope Andy Murray, who won the late match in five sets and took a big step in his career. 
Less happy are the women who are relegated to outer courts because they aren't good looking enough, according to London's Daily Mail.
They can probably feel Yao's pain too.",5,team,OBAMA,Obama (2009-2016),CATEGORY_3,"nba, won, league"
TRUE BELIEVER.txt,"ï»¿
SHE WAS SCHOOLED to build a nuclear bomb. 
As a sophomore at Bennington College, Joan Hinton -- a physics major, a violinist and a champion slalom skier who shunned high heels, lipstick and her mother's attempt to make her ''graceful'' by sending her to dance school -- built her first cloud chamber to detect subatomic particles. 
A few years later, after colleagues from her physics grad program disappeared one by one for secret locations, it was her turn: it was 1944, and she was 22 when she joined the Manhattan Project.
By day, in a canyon in Los Alamos, N.M., she and a team of scientists built reactors to test enriched uranium and plutonium. 
By night, she played in a quartet with the physicists Edward Teller and Otto Frisch.
At 5:30 a.m. on July 16, 1945, that first test bomb detonated. 
Hinton, who like some other lower-level scientists had not been invited to attend, watched from a dirt mound 25 miles away. 
She felt the heat on her face. 
''It was like being at the bottom of an ocean of light,'' Hinton wrote in a letter to Ruth Howes and Caroline Herzenberg, authors of ''Their Day in the Sun: Women of the Manhattan Project.''
''We were bathed in it from all directions. 
The light withdrew into the bomb as if the bomb sucked it up. 
Then it turned purple and blue and went up and up and up.''
Three weeks later, Little Boy landed on Hiroshima and Fat Man detonated over Nagasaki. 
Hinton, who had believed the bomb would not be used on civilians, became a peace activist. 
She sent bits of glassy, melted residue from the test site to several mayors. 
Included was a note: ''Do you want this to happen to your city?''
Then, as other disillusioned progressive activists had before her, she left the United States for a revolution. 
Her brother, William Hinton, who wrote ''Fanshen: A Documentary of Revolution in a Chinese Village,'' was in China. 
So was his college roommate and Joan's boyfriend, a dairy-cattle expert named Erwin (Sid) Engst. 
In letters to Hinton, Engst waxed about Mao Zedong's plans to build a new society. 
She penned passionate descriptions of black holes and supernovas.
In March 1948, Joan Hinton boarded a steamship for Shanghai with $500, a typewriter, a sleeping bag, a slide rule and her violin. 
Westerners were a rare sight in rural north-central China where Hinton eventually landed -- an American woman even more so. 
Hinton's blue eyes and blond hair peeked out from under her cap. 
Rather than wearing a cloth to wrap her breasts as many Chinese women did, she wore a bra.
In most ways, though, Hinton and Engst, who soon married, lived like the rural Chinese. 
They worked in an iron factory and lived in a cave carved out of the hillside with rice paper for a door. 
They had three sets of government-issued clothing, as she recounted in ''Silage Choppers and Snake Spirits: The Lives and Struggles of Two Americans in Modern China,'' by Dao-yuan Chou. 
When they moved to a dairy farm, Engst bred cows, and Hinton used her mechanical expertise to create labor-saving technology, including an automatic milk pasteurizer.
If she longed for a soft bed or water that splashed out of a faucet, she never said so. 
Physical labor and self-reliance were Hinton family values. 
Her mother, Carmelita, was the founder of the Putney School in Vermont, a progressive prep school where learning took place on the 500-acre farm as well as in the classroom.
Joan Hinton, too, raised her three children on a farm with a strong work ethic. 
In their case, though, Chinese was their first language; their farm was a commune; and they had no electricity, no car, no running water.
By the mid-'70s, when even many of the most ardent Maoists expressed doubts about the revolution, Hinton and Engst never wavered. 
Some friends -- at least those who were no longer Maoists -- said the couple seemed religious about their politics, reinforcing each other's beliefs. 
After devoting their lives to the cause, it may have been too painful to see, much less acknowledge, the underbelly.
Regardless, those who knew Hinton remained captivated by her. 
She was stubbornly orthodox, but with an exuberant laugh and unflagging vitality. 
At 88, she still played the violin and attended a weekly discussion group filled with food and politics. 
And on many mornings Hinton could be found on the farm that she and Engst tended for decades, wearing her Mao cap and checking on her dairy cows.",5,team,OBAMA,Obama (2009-2016),CATEGORY_3,"nba, won, league"
U.S. Seizes Opening as Olympics Begin.txt,"ï»¿
GLASGOW -- Four years ago in Beijing, Carli Lloyd provided the climax to the women's soccer tournament at the Olympics with a wicked shot that was, for the United States at least, a truly golden goal. 
On Wednesday, Lloyd produced another dazzling finish that the Americans can only hope will send them along a similar path.
An enterprising YouTube savant might find the shots suitable for a mash-up, as they were virtually mirror images. 
In China, Lloyd's strike came off her left foot from outside the left edge of the penalty arc in the final against Brazil; here it was her right foot, from the right side, in the first match of the London Games, a wondrous dart that pushed the Americans ahead in a 4-2 comeback victory over France.
Although the Beijing blast surely came under more meaningful circumstances, Lloyd's latest might have been more impressive to witness. 
After dribbling a few steps to her right, Lloyd -- who was left out of the starting lineup and only came on as a first-half substitute -- unleashed a rising shot that zoomed past goalkeeper Sarah Bouhaddi and broke a 2-2 tie in the 56th minute.
Lloyd immediately turned and sprinted toward the United States bench, sliding on her knees near the touchline before being tackled by a mob of teammates. 
Lloyd said afterward that she took an extra measure of satisfaction in the goal because she began the game on the bench, an assignment she is still getting used to.
In 2011, Lloyd started all 19 games in which she played; this year, she had started 13 of 16. 
Still, she said she was ''at peace'' with Coach Pia Sundhage's decision and was determined to make an impact if she got a chance to play.
That opportunity came when the veteran midfielder Shannon Boxx injured her right quadriceps and was replaced in the 17th minute. 
Lloyd quickly fell into her familiar routine with teammates but said she was not expecting to hit such a pure shot from distance because she and other players had struggled to get comfortable with the Adidas balls being used in the Olympics.
The balls are a little bit harder, Lloyd said, so ''it's not very often you hit in the sweet spot.''
She added, ''Fortunately on that one, I did.''
Lloyd's magic was the final salve on a brutal beginning for the United States, which looked ragged at the start and trailed, 2-0, after 14 minutes. 
The French attacker Gaetane Thiney provided the opening score, dribbling forward essentially uncontested in the 12th minute and ripping a shot that Hope Solo dived for but could only graze.
Two minutes later, a scramble in front of the American goal was defended equally poorly, and after five United States players had chances to clear but failed, Marie-Laure Delie drilled a shot in from 6 yards to stun the American fans in the small crowd at Hampden Park.
When Boxx went off moments later, it seemed as if there might be reason for the United States to worry. 
France lost to the United States in the World Cup semifinals last summer but had won its 17 matches since, and the French players appeared in control, showcasing a smooth, silky style of passing.
But the Americans were unmoved. 
''We were ice cold -- we weren't even fazed going down two goals,'' Solo said. 
''We knew France was good, but we knew we were better.''
While France tried to push its advantage, the United States quickly rebounded. 
Alex Morgan said she and Abby Wambach told each other, ''All right, a goal each'' and they delivered, with Wambach heading in a goal from a Megan Rapinoe corner kick and Morgan running onto a long punt from Solo before burying a short-range shot to tie the score at 2-2 just after the half-hour mark.
''We're going to need her,'' Sundhage said of Morgan, who also scored the final goal in the 66th minute in her Olympic debut.
''Every single game going forward, we're going to need her,'' Sundhage added.
Sundhage attributed her team's sluggish start to a bit of nerves; after the second French goal, she said she immediately thought back to Beijing. 
In China, the United States also fell behind early, conceding two goals to Norway in the first five minutes of the opening match.
On that day, the Americans did not rally (they lost, 2-0), but Sundhage said she was heartened by the overall resolve her players showed, bouncing back from that defeat to go on to win the gold medal.
This time, the comeback was quicker, and Lloyd's shot allowed the United States to revel in a way they could not at this stage in Beijing. 
In contrast to four years ago, the United States is now on course to win its group -- it has matches left against weaker teams, Colombia and North Korea -- which would put it in a strong position going into the knockout round.
Most American athletes look forward to the opening ceremony in London on Friday night, but the women's soccer team will remain here, where it faces Colombia on Saturday.
There are plans for the team to dress in the Team USA-issued opening ceremony outfits and watch on television together, but disappointment over missing the event did not appear to run deep.
''There's nothing that's going to stop us,'' Wambach said. 
''Two goals, people getting injured -- there's one thing that we have on our mind, and it's gold.''
FLAG MISCUE DELAYS GAME The kickoff of the women's soccer match between North Korea and Colombia was delayed more than an hour in Glasgow after a scoreboard error: The wrong flag for North Korea was displayed as the teams were preparing to take the field.
The scoreboard at Hampden Park showed the South Korean flag, a sight that stunned the North Koreans, who returned to their dressing room.
Once the mistake was realized, officials displayed the North Korean flag on both video boards in the stadium and the North Koreans agreed to return to the field.
In a statement, the London Organizing Committee said: ''We will apologize to the team and the National Olympic Committee and steps will be taken to ensure this does not happen again.''
2012 London",5,team,OBAMA,Obama (2009-2016),CATEGORY_3,"nba, won, league"
"Uninhibited Chinese Swimmer, Discussing Her Period, Shatters Another Barrier.txt","ï»¿
BEIJING -- The uninhibited Fu Yuanhui, the Chinese swimmer beloved for her over-the-top expressions, has made waves once again. 
On Saturday night in Rio, she freely discussed having her period while competing in the Olympics, breaking what has long been a taboo among female athletes. 
The video of her poolside interview quickly went viral.
Ms. Fu's remarks came after the Chinese women's swimming team narrowly missed winning a medal in the 4x100-meter medley relay. 
In a post-race interview, Ms. Fu, who had already won a bronze medal for the 100-meter backstroke, could be seen crouching as her teammates were questioned one by one.
As the commentator turned to her, Ms. Fu stood up, grimacing in pain. 
The commentator ventured a guess that Ms. Fu must be suffering from a stomachache, which Ms. Fu quickly corrected.
''It's because I just got my period yesterday, so I'm still a bit weak and really tired,'' she said. 
''But this isn't an excuse for not swimming well.''
Ms. Fu's candor immediately attracted a deluge of comments online. 
On Weibo, China's Twitter-like social media platform, the hashtag related to the subject was searched more than half a million times by the end of Sunday, with many commenters expressing their support for Ms. Fu's openness.
''Only those who have gotten their periods know how deathly painful it can be,'' one wrote. 
''You are too awesome.''
A male user wrote, ''To compete during her period and still feel bad about placing fourth: Fu Yuanhui, you are amazing. 
You are our pride.''
Female commenters also took to social media to dispute largely male-driven criticism that swimming in a pool while menstruating was unhealthy and unhygienic.
''Don't talk to me about staining the pool red or taking medicine to stop one's period,'' a female commenter wrote. 
''Haven't you heard of something called a tampon?''
In many parts of the world, menstruation is still regarded with shame and distaste, though that is changing. 
In the United States, creative hashtag campaigns on social media and online petitions have challenged the discomfort about period-related topics.
Female athletes, including the former tennis star Annabel Croft of Britain, have criticized the silence surrounding menstruation in sports. 
In 2015, the American musician Kiran Gandhi ran the London Marathon during her period sans female hygiene products to protest period-shaming, crossing the finish line with bloodstains prominently on display.
Yet more open discussion about menstruation has been more slow to catch on in China. 
When talking about their periods, if at all, women still prefer to use euphemisms like ''a visit from my aunt'' or ''taking a break.''
Television ads for feminine hygiene products are banned during prime viewing times as inappropriate.
As a result, very few Chinese women use tampons, because it is widely, and falsely, believed that they can rob a woman of her virginity. 
This month, Chinese entrepreneurs plan to introduce the country's first domestic tampon brand. 
All tampons sold in China have been imported, and most are sold online.
In February, Anhui Province issued regulations allowing women to take up to two days off for menstrual pain, provided they could procure a doctor's note certifying their symptoms. 
However, critics feared the practice might have the unintended effect of discouraging employers from hiring women and pointed out that women might still elect to forgo a paid menstrual leave to avoid criticism from male colleagues.
''Fu Yuanhui's comments have raised awareness, because Chinese society still approaches menstruation indirectly, even considering it unlucky,'' said Chen Yaya, a feminist activist and researcher at the Shanghai Academy of Social Sciences. 
''But there's no need for this at all. 
The period is simply an everyday phenomenon.''",5,team,OBAMA,Obama (2009-2016),CATEGORY_3,"nba, won, league"
What to Do About Women_s Basketball.txt,"ï»¿
When Connecticut won its eighth national women's basketball championship in April, the celebration felt oddly vacant. 
The brilliant play of the Huskies against Louisville was witnessed not by a throbbing crowd, but in a half-empty New Orleans Arena.
A curious thing has happened since the N.C.A.A. began sponsoring women's basketball in 1982. 
It remains the most popular women's sport, but its appeal has grown stagnant. 
Attendance is dropping. 
Television ratings are flat or in decline. 
Shooting percentages and scoring have reached all-time lows.
Only one team, Tennessee, averaged more than 10,000 fans last season. 
Of the 343 women's teams in Division I, 205 averaged fewer than 1,000 spectators and 90 averaged fewer than 500.
There are urgent calls for change and rejuvenation. 
So Val Ackerman, a former president of USA Basketball and the W.N.B.A., spent the last six months studying the women's college game, trying to figure out how to awaken a somnolent sport.
Her recommendations were made public on Monday. 
Some were bold, like joining the women's Final Four with the men's, or moving it to Europe, China or Qatar. 
The wide-ranging suggestions covered elements as disparate as the N.C.A.A. tournament, the height of the rim and the appropriateness of tattoos.
Some important matters were not explored, like how to address lesbianism more openly. 
Brittney Griner recently told ESPN that her former coach at Baylor, Kim Mulkey, asked her not to reveal that she was gay while in college, fearful that it would harm recruiting and undermine Baylor's basketball program.
Still, Ackerman has made a serious study of the need to broaden the appeal of women's college basketball beyond older fans and families to more students and casual fans, to enhance officiating and improve governance, to increase scoring, and to boost revenue in the sport when the average operating deficit for teams from the top conferences is more than $2 million.
Among the coaches and administrators she interviewed, Ackerman said in a telephone interview, there was a ''real desire for change'' and a ''need for a new sense of energy.''
There has long been debate about how closely or separately women's basketball should follow men's basketball. 
Ackerman, a consultant who teaches sports management at Columbia, gave the N.C.A.A. several paths to consider.
One is to simulate tennis and hold a Grand Slam of basketball, playing the men's and women's Final Fours simultaneously in the same city on a trial basis. 
Another is to take advantage of the international appeal of women's basketball by holding the Final Four in a country like Russia or China.
''Why don't we look at that?''
Ackerman said. 
''Maybe women can be the bold frontierswomen.''
She also suggested that the women's Final Four could be held in the same city for multiple years, as baseball's College World Series is played annually in Omaha. 
Or that it could be played a week after the men's Final Four, perhaps as a nightcap for the Masters golf tournament.
She has also proposed that the women's Final Four be played on Friday and Sunday instead of Sunday and Tuesday; that the season be shortened to one semester; that conference tournaments be reduced or eliminated; and that two cities instead of four be used for the regional semifinals and finals. 
She even raised the intriguing possibility of 16 teams gathering in one city for a week to play the regionals and the Final Four.
Although women's basketball is following the same developmental arc as men's basketball, which began its N.C.A.A. tournament in 1939, complaints have grown about a lack of parity in the women's game. 
Two teams -- Tennessee and Connecticut -- have accounted for half of the 32 N.C.A.A. tournament titles.
One way to create more competitive balance, Ackerman said, was to reduce scholarships from 15 to 13 per university (and use the two leftover scholarships for other women's sports).
Some coaches and officials want to reduce the N.C.A.A. tournament field to 48 or 52 teams from 64. 
Ackerman disagrees. 
Instead, she proposes that teams seeded 33 through 64 first play each other, with the winners advancing to meet the higher seeds.
Last season, Division I women's teams shot 38.9 percent from the field and 30.6 percent from 3-point range, both all-time lows. 
Scoring also hit an all-time low of 62.1 points a game.
To speed up the women's game, reduce the physicality and raise scoring, Ackerman has proposed several measures: a wider lane, a 24-second shot clock instead of a 30-second clock, and four 10-minute quarters instead of two 20-minute halves.
She also called for a serious exploration of a proposal by UConn Coach Geno Auriemma to lower the rim to 9 or 9 Â½ feet from 10 feet. 
Some purists reject the idea, saying it would suggest that women play a lesser game.
''I disagree with the knee-jerk no,'' Ackerman said. 
''If it's no, let's make a reasoned and informed no.''
Some coaches and officials believe the proliferation of tattoos and baggy uniforms has hurt the appeal of the women's game. 
Ackerman said some have proposed allowing no new tattoos or no new visible tattoos once players join college teams.
Her suggestions must be vetted by the N.C.A.A. membership, which could ignore or dilute them. 
But Anucha Browne, the N.C.A.A. vice president for women's basketball championships, said: ''We know the sport is in need of some reinvigoration. 
Her ideas absolutely will be taken into great consideration.''",5,team,OBAMA,Obama (2009-2016),CATEGORY_3,"nba, won, league"
Women_s Pairs Winners in World Bridge Series.txt,"ï»¿
The winners of the Women's Pairs at the 14th Red Bull World Bridge Series in China last weekend were Liu Shu and Zhou Tao of China. 
They finished well ahead of Gan Lin and Huang Yan, also of China, with Suci Amita Dewi and Kristina Wahyu Murniati of Indonesia third.
The leading Americans were Lynn Deas and Disa Eythorsdottir, who finished eighth. 
(Deas won this title in 2010 in Philadelphia with Beth Palmer.)
The winners are not well known outside China. 
Their only international title was claimed by Liu, who won the Third World University Team Cup in 2006. 
However, they bid boldly and played the cards well, as seen in the diagramed deal from the eighth and final session.
After South opened one spade, Liu (West) made a three-heart weak jump overcall. 
Her hand was atypically strong, but the vulnerability was unfavorable. 
Zhou (East), though, immediately wondered if her opponents could make six spades. 
So, over North's raise to three spades, East made a very aggressive jump to five hearts. 
If South had doubled, the penalty would have been 500, more than her side's game, but she went on to five spades.
West led her singleton club. 
When declarer called for dummy's ten, East played a suit-preference nine.
South then led dummy's spade queen, but when East played low, declarer won with her ace and continued with the spade jack.
West took the trick, and East pitched the heart five, using odd-even discards. 
(An odd card is encouraging in that suit. 
An even card is discouraging and carries suit-preference undertones. 
A low even card suggests the lower-ranking of the other two side suits; a high even card, the higher-ranking side suit.)
At Trick 4, West shifted to her heart six. 
East won the trick and gave her partner a club ruff for down one and a cold top en route to the gold medals.",5,team,OBAMA,Obama (2009-2016),CATEGORY_3,"nba, won, league"
Young Guns Are Driving Formula One_s Next Revolution.txt,"ï»¿
If Formula One started a technical revolution last season with quieter, more efficient hybrid engines, this season the series appears to be revolutionizing the notion of what it takes to be a driver.
The early history of Grand Prix racing was about macho men in their 30s and 40s mastering hulking, high-horsepower machines and living a glamorous life between races. 
Juan Manuel Fangio, one of the greatest drivers, won the last of his five world titles in 1957 at the age of 46.
But the professionalization of the series and the technological evolution of the racing cars into less-brutal, aerodynamics- and electronics-driven cars has seen the rise of younger drivers and a different style behind the wheel.
Lewis Hamilton, 30, may be the reigning world champion and leader of the series again this year, but there is a clear trend -- one that may be threatening for Hamilton and others of his generation -- toward teenage drivers at the pinnacle of motor racing.
Only six of the 20 drivers this season are over 30. 
Two drivers are 20, and one is 22. 
And the Toro Rosso driver Max Verstappen, who will be lining up for his third race at the Chinese Grand Prix in Shanghai this weekend, is 17.
When Verstappen finished the Malaysian Grand Prix two weeks ago in seventh place -- after qualifying sixth -- he was not only the youngest driver to race in the series, but also the youngest to score points. 
He is more than two years younger than the Russian driver Daniil Kvyat was when he scored points last year at 19. 
It has been noted that Verstappen, whose parents are Belgian and Dutch, is too young to obtain a drivers' license in either of his home countries.
Kvyat, now 20 and driving for Red Bull, finished the Malaysian Grand Prix right behind Verstappen, while Verstappen's teammate, Carlos Sainz Jr., also 20, finished ninth and Felipe Nasr, a 22-year-old driver for the Sauber team, finished 12th. 
In Australia, Nasr had finished fifth, the best result ever for a Brazilian driver in his debut Formula One race.
Before Verstappen, only nine teenagers had raced in Formula One, all at the age of 19. 
Sebastian Vettel, now a four-time world champion, was one of them. 
Vettel is the only other driver to have scored points as a teenager in Formula One: He finished eighth, at 19, in his debut at the 2007 U.S. 
Grand Prix.
Today, the physical burdens of heavy steering, brutal gearshifts and low engine driveability are a thing of the past; driving the modern cars is almost like playing a video game. 
What remains, though, is the need for mental strength to perform at the highest level, with the pressures of driving against the world's best drivers, in the best cars, before hundreds of millions television viewers.
But Felipe Massa, who started in the series in 2002 at age 20, praised his compatriot Nasr. 
''For his first race in Formula One he did everything like a mature driver,'' Massa said. 
''He was really consistent, the way he was pushing throughout the whole race.''
Massa compared it to his own first race, in which he said he had been knocked out by his teammate at the first corner. 
But in his day, debuts at such a young age were often deemed to be too early. 
Massa made many mistakes, so became a test driver in his second season, learning his craft and maturing.
But Jos Verstappen, Max's father and a former Formula One driver, disagreed with that approach.
''A driver has to be strong in his mind anyway to survive in this sport,'' said Verstappen, who was involved in a spectacular accident in his first race in the series at age 22 in 1994. 
''And if he is mentally not ready at 17, then he is also not ready at 20.''
Some critics have suggested that by having teenagers race rather than mature men, Formula One is making the cars and the racing seem less challenging. 
But the performance of the young drivers so far this year has spiced up a show that many expect might again be dominated by one team, Mercedes.
The youthful excitement factor is exactly what the series' promoters want. 
That image is crucial for the Red Bull energy drink company, whose two teams, Red Bull and Toro Rosso, are home to all three of the youngest drivers.
''Red Bull is aware that teenagers and young people look at their parents drinking Red Bull, and so they associate the drink with their parents' generation,'' said Nav Sidhu, a founding director of Sidhu & Simon Communications, a public relations and sponsorship activation agency with extensive experience in Formula One. 
''Having a teenager in the series and associated with the drink can change that perception.''
Formula One has also noted that its fan base is aging, with younger people more occupied with distractions like video games than with racing cars. 
But the objective for team directors and engineers is still to win races, so seeking the best drivers -- whatever their age -- is paramount. 
It is too early in the season to know whether the current crop of young drivers will meet that goal now or require further experience.
Despite their fine results, each driver made errors in Malaysia. 
Kvyat, who moved to Red Bull this year after a year at Red Bull's junior Toro Rosso team, has appeared less sure of himself than he was last year, when he faced less pressure. 
In Malaysia, as Kvyat's teammate, Daniel Ricciardo, 25, was told by the team to let him pass, since the Russian was faster, Kvyat made an error that bore a hint of impatience, and he spun out before regaining control and finishing the race.
Verstappen, meanwhile, nearly ended his race when he drove over the grass heading into the pit lane. 
Nasr ruined both his and Kimi Raikkonen's race early on when he came into contact with the Ferrari driver.
''These boys have got the speed,'' said Martin Brundle, a former Formula One driver and now commentator on British television. 
''They've just got to get some experience.''
At Toro Rosso, while Sainz is still an unproven young rookie, his rÃ©sumÃ© looks like a veteran's compared to that of Verstappen. 
While Verstappen spent one season racing cars, and did not even win his championship, Sainz has spent five seasons in car racing and won two championships.
That is typical of today's young drivers, who start top-level go-karting competitions at age 10 or younger, then do several years of car racing before starting in Formula One. 
Which means that they often have as much pure racing experience as their predecessors in the early years of Grand Prix racing had in their 30s.
It remains to be seen whether Formula One will lose some of its appeal because the young age of drivers gives the impression that elite racing is easy. 
In response to alarm from teams, fans and others when Toro Rosso hired Verstappen, the International Automobile Federation, the series' governing body, set a minimum age requirement of 18 for drivers to obtain the obligatory license to drive in the series starting next year.
But now that the young drivers have begun to show their skill and maturity, Helmut Marko, who hires the drivers for Red Bull, said the new minimum age requirement was pointless. 
''It is sad that now a regulation is coming in that would have deprived both Max and Carlos of the license they need,'' he said.",5,team,OBAMA,Obama (2009-2016),CATEGORY_3,"nba, won, league"
A Hockey Globetrotter Finds Her Showcase at Home.txt,"ï»¿
VANCOUVER â Early in Game 4 of the 2020 women's hockey Rivalry Series, Team U.S.A.'s Megan Bozek skated the puck down the ice. 
As she entered the offensive zone, she lifted her stick horizontally and drilled it into the protective cage of Erin Ambrose, the Canadian defender who had been blocking her path to the net.
After losing Game 3 in overtime two nights earlier, Bozek was sending the message that the United States team would be taking no prisoners.
Body-checking may be illegal in women's hockey, but intense physical play is the norm whenever the world's two top hockey nations square off, even when there's nothing more than pride on the line.
""Used to it. 
Yep. Nothing different than we haven't seen before,"" said United States captain Kendall Coyne Schofield after her team's 3-1 victory in a contest in which Bozek's crosschecking minor was one of 11 total penalties called on the night.
In the so-called ""gap year,"" the time between the Canadian Women's Hockey League's folding in spring 2019 to now, there has been no North American professional league available to the sport's top players. 
Bozek and her teammate, Alex Carpenter, have been playing in Russia's Zhenskaya Hockey League to work on their games, giving them a leg up on the many Olympians and other elite players continuing to boycott the National Women's Hockey League. 
But their stories also reveal how hard it still is to make a go of life as a female professional hockey player.
""The physicality has been very helpful,"" Carpenter said. 
""Those teams just never give up and they always go, so I think playing against competition like that and very skilled players is definitely helpful.""
U.S. head coach Bob Corkum liked what he saw from Carpenter when she arrived for the first Rivalry Series training camp and exhibition games in the Pittsburgh area last November. 
She has since been named Player of the Game for scoring the game-winning goal in the second game of the series.
""I'm not sure what has given her the advantage, but this whole year, she's been lights out,"" said Corkum. 
""She's been one of our most consistent players.""
The demise of the C.W.H.L. led to the formation of the Professional Women's Hockey Players Association, a group of more than 200 players who pledged not to play in a North American pro league this season because of concerns about operations and low wages. 
The highest announced salary in the N.W.H.L., a five-team outfit now in its fifth season, is$15,000.
The P.W.H.P.A. has made no bones about its desire to partner with the N.H.L. to launch a league styled after the relationship between the N.B.A. and W.N.B.A. 
The connection between Russia's top men's league and its women's league may provide another template.
""I think it would be great to take a look at that league,"" said Carpenter. 
""I mean, there's things that we could do better, there's things that are great already, but I think just taking a look at that overall, due to their backing with the K.H.L., I think would be a really great start for us moving forward.""
After playing her first pro season in 2016-17 with the N.W.H.L.'s Boston Pride, Carpenter headed for China after she was cut from the 2018 Olympic team that went on to win gold medal over Canada in Pyeongchang.
Her father, former Ranger Bobby Carpenter, was coaching the men's Kunlun Red Star team in Russia's Kontinental Hockey League and suggested she come over and join the women's side, one of two women's teams based in Shenzhen and affiliated with the C.W.H.L.
Carpenter returned to China for the 2018-19 season, when Red Star and the Vanke Rays merged into one squad. 
This season, the Vanke Rays joined up with the W.H.L., which has been backed by the K.H.L. since 2015, giving Carpenter a chance to stay in China for a third year â and to get a sense of how a women's pro league that's affiliated with Russia's top men's league operates.
""We didn't know what to expect going into it,"" Carpenter said. 
""We came from the C.W.H.L. and we'd bounce back and forth between China and North America for a month and a half at a time.""
Playing in the same arenas as the men, either before their games or after, came with perks. 
""We get towels, we get a locker room a week before if we need it,"" Carpenter said. 
""We get a coaches' room. 
Small things like that, that you don't think are a big thing. 
But they really make a big difference in your travels.""
N.H.L. commissioner Gary Bettman has stated repeatedly that his league is reluctant to get involved while there's an existing women's league in operation. 
Instead, top women's players have gotten showcases, like at last month's All-Star Weekend, which for the first time included a three-on-three gamebetween the U.S.A. and Canada.
In addition to the other showcases provided by the P.W.H.P.A.'s ongoing Dream Gap Tour, the current five-game Rivalry Series, in its second year, has provided opportunities for real competition and put the spotlight on the women's game. 
All five games this year have been broadcast on national television.
Wednesday's win gave the U.S. team a 3-1 edge in the five-game Rivalry Series. 
But even with bragging rights established, both teams are looking forward to another big moment in Anaheim on Saturday, where more than 11,000 fans are expected at Honda Center in what is projected to be the largest crowd ever to watch a women's national team game in the United States.
""I think this year, our main objective is really to have that big exposure and to get our product in front of fans,"" said Canadian forward Sarah Nurse. 
""We want to be seen by everybody. 
That's the only way that people are going to recognize the value in our product.
While the players who have stayed in North America have found ways to keep busy even without league play, some of them admit that the lack of structure has made it more difficult to find a rhythm when preparing for the Rivalry Series and the Women's World Championship, which begins on March 31 in Nova Scotia.
""I think I would be lying if I tell you it's easy,"" said Canadian captain Marie-Philip Poulin. 
""The routine is not there at all.""
Carpenter has traveled to North America for the Rivalry Series games and All-Star Weekend, and will be back for the World Championship, but says she's glad to have been playing in a more traditional league situation this year, where she's leading the W.H.L. scoring race. 
""It's nice to have that competitive environment. where you're ultimately working with a team for an ultimate goal,"" she said. 
""I think that helps me, myself, carry that over to here, knowing that when it's âgo time' during the games, I've been working on that all year.""
That decision may put her in an advantageous position when it is time to name the Team U.S.A. roster for the 2022 Winter Olympics in Beijing.
""It would be pretty cool to be able to go and be there with some of my Chinese teammates who are trying to make their team.""
If there's still no new pro league in North America next season, Carpenter said she would love to see more P.W.H.P.A. players join her in the W.H.L. 
After Saturday's Rivalry Series finale in Anaheim, Carpenter and Bozek will head back to Russia to finish out their regular season and start playoffs, then return late next month for the World Championship.
With all the international travel, Carpenter's passport is getting full.
""It is. 
I need a new one soon.""",5,nba,TRUMP,Trump (2017-2020),CATEGORY_3,"nba, won, league"
American Basketball vs. Chinese Hardball_ Guess Who Won.txt,"ï»¿
The N.B.A. is the latest entertainment giant to incite nationalist anger in China, where political submission has become the price of admission to a market of 1.4 billion.
BEIJING â Back in the Cold War, the sclerotic Soviet system proved no match for the lure of American soft power: bluejeans, jazz, rock 'n' roll, Coca-Cola, Hollywood. 
All became symbols of American freedom and prosperity that no amount of communist prohibitions could stop.
Today, China poses a far more formidable yet lucrative challenge for some of the most famous icons of American culture â Apple, Disney, Lady Gaga, and lately the National Basketball Association. 
Selling the best of American creativity and talent increasingly demands submission to the views of the Communist Party as the price of admission.
A recent furor that began with a single tweet by an N.B.A. executive in support of Â  the Hong Kong protests has underscored the consequences of China's willingness to use its vast economic clout to police any political values that threaten the party's legitimacy or its policies.
It is the soft power of cultural vitality â as opposed to the hard, coercive power of military might â that makes the United States admirable in the eyes of much of the world, including China. 
The companies and organizations that produce much of this culture, however, have had to increasingly bend to China's political will under its leader, Xi Jinping, whose ambition is to make his country a counterweight, if not an alternative, to the United States.
Amid this new world order, the expectation that American music, movies and entertainment will coax China closer toward the liberal values of its Western rival â or at least build good will, as it did in the Soviet Union â has dimmed.
In case after case in recent years, American executives have yielded to Chinese demands to tailor their words and products, as Hollywood studios now regularly do, or to apologize, even for unintentional slights. 
The reward is continued access to Chinese customers; the price may be the erosion of American credibility as a beacon of free speech.
""For all of Xi's rhetoric about preserving globalization and open commerce, shoring up domestic nationalism is the focus of Xi's international strategy,"" Jessica Chen Weiss, a professor of government at Cornell University, wrote by email. 
""The Chinese government under Xi has become much more willing to use the power of the Chinese market to force foreign corporations and the entertainment industry to toe the Party's line on nationalist issues.""
The Communist Party has virtually unlimited resources to marshal popular outrage for its own political ends, but China also risks damaging its own international image when those sentiments boil over, often in unpredictable ways.
For years, companies have acquiesced to China with little notice, as happened with Marriott, the Gap, Versace and United Airlines for references to Hong Kong or Taiwan that Beijing saw as implicit endorsements of those territories' independence. 
Then the N.B.A. tripped global alarms over the same issue.
That furor rattled executives and infuriated American politicians and others who seem to be coming to the conclusion that American entertainment giants are too beholden to China's 1.4 billion potential consumers and, by extension, to the Communist Party. 
It even became a talking point for presidential hopefuls in the United States looking to decry China's influence.
""When it comes to national sovereignty, the Chinese government is signaling loud and clear that it would rather be feared than loved,"" Professor Weiss said. 
""This may work to discipline foreign corporations but backfire by increasing general dislike of China.""
Chinese censorship of American entertainment has already become so pervasive that it has become a subject of mockery â at least for those brave enough to risk losing access. 
""South Park,"" the satirical cartoon, found itself blocked from mention in China this month after a recent episode ridiculed the Chinese cultural overseers and American companies that give in to them.
When the latest scandal erupted, the cartoon creators offered an apology. 
""Like the N.B.A., we welcome the Chinese censors into our homes and into our hearts,"" the show's official account wrote on Twitter. 
""We too love money more than freedom and democracy.""
The Houston Rockets general manager, Daryl Morey, almost immediately deleted the tweet that started the commotion, but it was too late to stem the damage.
As Mao Zedong said, a single spark can start a prairie fire.
The N.B.A.'s plans for China, which seemed rosy barely a week ago, were suddenly gutted. 
Broadcasts were canceled, sponsorships suspended. 
The league faced denunciations from state news media and from aggrieved fans tearing up tickets for an exhibition game between the Los Angeles Lakers and the Brooklyn Nets in Shanghai on T Â  hursday.
According to Jude Blanchette, Freeman Chair in China Studies at the Center for Strategic and International Studies, ""While there were undoubtedly many Chinese who were genuinely outraged by Morey's single tweet, the idea of a monolithic block of 1.4 billion Chinese citizens is a product of C.C.P.-controlled media rather than a reflection of reality.""
""For companies looking to do business with or in China, staying âapolitical' is becoming increasingly unsustainable,"" he added.
The Chinese authorities appeared, belatedly, to grasp the consequences of the furor and moved to temper reports and commentary about the N.B.A. that, like previous outpourings of nationalistic fervor, were threatening to spiral out of the government's control.
""Even with the N.B.A., if you take to hurling abuses, or using linguistic violence, like hatred and invective, that will only make the problems even more complicated, and they may become more serious,"" said Tong Zeng, a businessman in Beijing who has been involved in protests and campaigns against Japan.
Shortly before Mr. Xi took office in 2012, anti-Japan protests erupted over a disputed cluster of uninhabited islands, demonstrations that spilled over into violence and arson. 
The sales of Toyota, Mazda and other Japanese cars Â  slumped in China. 
Since then, Mr. Xi's government has reined in nationalist street protests and mass boycotts.
""In China, preserving stabilityI is the most important thing,"" Mr. Tong said. 
""Taking to the streets would be impossible.""
For an emerging superpower, China can seem thin-skinned, and its reactions petulant. 
Lady Gaga faced a temporary ban on performances and sales in China in 2017 after she met the Dalai Lama, the Tibetan spiritual leader whom the Communist Party denounces as a separatist.
Last year, Gap was forced to apologize for selling a T-shirt showing a map of China that did not contain Taiwan or islands in the South China Sea. 
Chinese social media users excoriated the company, even though the shirt was sold in an outlet in Canada, not in China.
Jonathan McClory, the general manager for Asia for Portland Communications and the editor of an annual survey on soft power published with the University of Southern California, said such responses were ""not a good look.""
""This reaction will have a negative impact on how people perceive China, not just in the United States, but around the world,"" he added.
Until Mr. Morey's tweet, basketball had appeared to be one area that had escaped the souring mood between China and the United States.
The sport has been a textbook example of soft power, a phrase Â  coined Â  in the late 1980s by Joseph S. Nye Jr., a professor and dean at Harvard, to describe the ability of a country's culture and political ideals to influence others.
During the Cold War's ideological struggle between capitalism and communism, the American government used soft power to try to win hearts and minds. 
When the United States Army sent Elvis Presley to West Germany, it was also sending the Soviet bloc on the other side a potent symbol of American cultural life.
It is much less a part of deliberate foreign policy now, in the era of globalization, but American popular culture still penetrates most parts of the world. 
Even in areas hostile to American government actions, brands like Apple, Coca-Cola and Marvel win plenty of customers.
""If people act in ways that China wants because they are attracted by its economy or performance or culture, that is soft power,"" Mr. Nye wrote in an email. 
""If China makes access to its market dependent on our changing our behavior, that is coercive hard power.""
The N.B.A. has a large and fervent following in China, and the league has tried to return that love, looking to China as a major market, and as a recruiting ground for players like Yao Ming, the former Houston Rockets player who is revered across the country.
Even Mr. Xi is a fan of the sport. 
In early 2012, when he was still China's leader-in-waiting, he visited the United States, capping his trip byattending a game of the Los Angeles Lakers and receiving his own Â  bright yellow Lakers jersey.
""Basketball is a sport with a major global influence, and the Chinese public love it,"" Mr. Xi said in August during this year's basketball World Cup, which was held in China.
Mr. Morey's comment appeared to ignite a buildup of frustration with the United States that has mounted amid the trade war. 
The protests in Hong Kong, which have raged through the summer, have compounded that, even prompting accusations that American officials were aiding and abetting violence there to weaken the party's grip on power.
The Communist Party's propaganda machine seized on Mr. Morey's expression of support for the protests to give the United States a stinging lesson in the commercial cost of provoking Chinese nationalism. 
Although the government clearly massaged public opinion, the outrage seemed genuine.
Xu Guyong, a 46-year-old civil servant, traveled from Zhejiang Province to catch this week&#39;s game in Shanghai. 
He and his son, 13, both wore Lakers jerseys. 
Yet he still condemned Mr. Morey's tweet.
""If people in China say we should boycott N.B.A., I'm all for it,"" he said. 
""I would answer the country's calling and give up watching.""
The league rushed to contain the fire, offering an apology and distancing itself from Mr. Morey's view â only to face its own backlash for seeming to pander to Beijing. 
To some American lawmakers, the episode amounted to China undermining one of America's basic rights: free speech.
""TV networks, airlines, hotel chains, retailers &amp; Hollywood already self censor,"" Senator Marco Rubio, Republican of Florida, said on Twitter. 
""Now private citizens risk losing their jobs if they offend China.""
Mr. McClory, the editor of the annual survey on soft power, noted that in today's world commercial interests trumped any intention to promote a set of political values.
""The N.B.A. looks at China not as a place to go out and fly the flag for the U.S., or to trumpet the values of democracy and free speech,"" he said. 
""They want to be there, to put it bluntly, for profit motives.""
By late in the week, the Houston Rockets were still struggling to find their balance. 
When a journalist from CNN tried to ask two team members, James Harden and Russell Westbrook, on Thursday in Tokyo if they still felt comfortable commenting on social and political issues, a media officer for the Rockets stepped in to curtail any reply.
""Excuse me,"" said the officer, ""we are taking basketball questions only.""
Claire Fu and Amber Wang contributed research from Beijing, and Lin Qiqing from Shanghai.",5,nba,TRUMP,Trump (2017-2020),CATEGORY_3,"nba, won, league"
Biles Breaks Record as U.S. Women Win Another Team Title.txt,"ï»¿
The team gold gave Biles her 21st world championship medal, the most ever for a female gymnast.
STUTTGART, Germany -- Simone Biles won a record 21st medal at the world gymnastics championships on Tuesday as the United States women retained their team all-around title.
It was the 15th world championship gold of Biles's career, and it broke a tie with the Russian gymnast Svetlana Khorkina for the most medals over all by a woman at the world championships. 
She is now two short of Vitaly Scherbo's 23, which is the record for both men and women.
''Every year it feels better and better just because we're adding to the legacy,'' Biles said. 
''I feel like I never think of records. 
I just go out there and do what I came to do, which is compete for the country.''
The American team scored 172.330 points to beat Russia, the runner-up, by 5.801 points and win its seventh consecutive team title at an Olympics or world championships.
[Video: Watch on YouTube.]
The reward for winning was a battery-powered medal that lights up when it senses movement. 
Biles called it ''the sickest medal we've ever had.''
Biles, 22, posted the best individual scores on the vault, the balance beam and the floor.
''I think if I do the routine that I did tonight I'll be more than happy'' in Thursday's individual all-around final, she said.
A fall for Sunisa Lee on balance beam and a fumbled routine from Grace McCallum on the uneven bars left the United States with room for improvement, though both were strong in other events.
''It's just so surreal to come out here and end up on top with the strength of the team that we have, even after having a couple falls out there,'' Biles said.
Russia became the first team to get within six points of the United States since China at the 2015 world championships.
''We're happy that we got second because we can't battle the Americans just yet,'' the Russian gymnast Angelina Melnikova said. 
''But today the gap was significantly lower than at the last few world championships.''
Biles said other teams were ''most definitely'' closing in.
''All of the teams have improved their difficulty over the last quad,'' she said, ''and I think that's really exciting to see the strength that they have.''
Italy took the bronze to end its 69-year wait for a women's team medal, as China failed to make the podium for the first time since the 2003 world championships.
China took fourth on a tough day for Liu Tingting, who fell twice on the uneven bars and again on the balance beam.
A fall on the beam mount by the last Italian competitor, Elisa Iorio, made for a tense finish, but she recovered to score enough to stay ahead of China by 0.536 points.
It was a big recovery for Italy, which qualified in last place for the final.
''The goal for today was just to do better than qualification and how it goes, it goes,'' the Italian gymnast Giorgia Villa said through an interpreter.",5,nba,TRUMP,Trump (2017-2020),CATEGORY_3,"nba, won, league"
Can the N.B.A. Learn From Taiwan_s Basketball Bubble_.txt,"ï»¿
There are no fans in the training center where the games are hosted. 
""It feels like an adult league,"" said one player.
As a student at George Washington University, Ben Metcalf worked as a Washington Wizards ball boy for the same two seasons that the Wizards employed a shooting guard named Michael Jordan. 
Soon after, Metcalf was an intern in the Orlando Magic video room when they beat the Knicks on opening night â and then lost 19 games in a row.
Metcalf downplayed the novelty of such a distinctive start to his climb in the sport with the claim that ""every video guy has the same stories."" Yet it will be harder for him to dispute the idiosyncratic nature of his latest rÃ©sumÃ© entry: Metcalf, 38, is an American head coach in Taiwan, working in what is believed to be the world'sonly widely recognized professional basketball league that is operating during the coronavirus pandemic.
The global health crisis has shut down nearly every league on the basketball map, but not Taiwan's Super Basketball League. 
So on Thursday night, Metcalf coached his Taoyuan Pauian Archiland team in an 85-77 loss to Bank of Taiwan, which was led by the former Duke guard Matt Jones with 29 points.
Pauian played again Friday and Saturday in its final two regular-season games and will open the playoffs Tuesday â all of which is taking place in a small gym with no fans in a modest version of the ""bubble"" environment that the N.B.A. is likely to try to replicate if conditions in the United States allow the resumption of its suspended season.
""You turn on CNN or go on ESPN's website and you realize: âWow. 
We're really the only people fortunate to still be able to do what we love,'"" Metcalf said in a telephone interview. 
""I guess it says a lot about how Taiwan has taken care of the situation as a whole that we're still able to play basketball.""
The S.B.L. indeed has some significant advantages over the N.B.A., as well as various leagues in the region that have either stalled in their efforts to relaunch (China) or decided to outright cancel the rest of the season after unsuccessful restarts (Japan and South Korea). 
Taiwan's league comprises only five teams â in a country, crucially, that has coped with the coronavirus pandemic as well as any.
Despite its proximity and considerable business ties to China, where the coronavirus originally spread, Taiwan's successful containment â fewer than 400 reported Covid-19 cases and only six deaths as of April 10, according to the island's health minister â has been attributed by many experts to lessons learned and measures adopted after the outbreak of severe acute respiratory syndrome (SARS) in 2003.
""Life here is pseudo normal,"" Metcalf said.
An order from the Taiwanese government nonetheless shut down all arenas under government control on March 19, suspending indoor events with more than 100 people and all outdoor events with more than 500. 
The S.B.L. initially planned to shut down for two weeks but managed to relocate days later to the HaoYu Basketball Training Center to stage all games there and ensure gatherings in the building never stray beyond 100 occupants.
The only people allowed inside, beyond the teams playing and the referees, are camera operators for the television broadcasts, officials found at the scorer's table, and journalists at a press-row table behind one of the baskets. 
Many working in those capacities, as well as various team staffers and inactive players on the bench, wear masks â with some forced to watch in socks if they forget that only rubber-soled shoes are permitted inside. 
Grey curtains hang over the windows behind the opposite basket, covering the glass from an adjacent weight room so it stays hidden from TV viewers.
""It feels like an adult league,"" said Charles Garcia, Pauian's star American import.
""It's a rec center,"" Metcalf said, ""for lack of a better term.""
Playing without fans, to Garcia, is the big turnoff. 
The well-traveled Los Angeles native, who played professionally in 11 countries before leading the Taipei Fubon Braves to the Taiwanese title last season as finals M.V.P., strongly backed the recent assertion by the Lakers superstar LeBron James that playing in an empty arena would be unacceptable for the N.B.A.
""No way, no way, no way,"" Garcia said. 
""You need the fans. 
Where you going to find your energy?
I can't even imagine that in the N.B.A. 
That would be really tough.""
Of course, as Metcalf noted, while ""it may be tough to imagine"" James and the Lakers performing without an audience, such is the spread of the coronavirus on N.B.A. soil that ""at this point there really doesn't seem to be any other way.""
So perhaps there is something for the N.B.A. to glean from the S.B.L.'s experience, even accounting for the Taiwanese league's much smaller scale.
When they arrive at the HaoYu door, S.B.L. players are greeted by league officials who check their temperature with a forehead thermometer and record the information next to each player's name. 
It is assumed that a confirmed coronavirus case in the league would lead to an immediate suspension of S.B.L. play, but no Covid-19 testing is done on site. 
Any player with a temperature above 99.5 degrees Fahrenheit is refused entry to the facility.
Metcalf said high-fives among Pauian players have been ""outlawed."" They have rubbing alcohol sprayed on their hands as soon as they exit layup lines and during timeouts by Penny Peng, the team's athletic trainer. 
Peng also makes the players wash their hands thoroughly at halftime and after the game, but such mandates may not be universal. 
In Pauian's recent loss to first-place Taiwan Beer, opposing players could be seen on a Twitch broadcast exchanging high-fives during pregame introductions.
Another big change: Pauian's official Facebook page has seen an uptick in messages from presumed bettors from countries like India and Russia, seeking information on lineups and injuries amid a scarcity of live sports available to gamblers.
The Chinese Basketball Association, with 20 teams in a huge country, is understandably seen as a more representative study guide for the N.B.A., and the C.B.A. continues to inch closer to a return after a stoppage that has lasted more than three months. 
The former N.B.A. guard Pooh Jeter said in a Twitter post on Thursday that ""it's starting to be normal over here in China"" and that his Fujian Sturgeons team have begun practicing five on five.
Yet it is reasonable to expect the N.B.A. to mimic some of the S.B.L.'s game-night protocols if it can ultimately secure the needed backing of government officials and public health experts to reopen. 
One proposed plan to potentially resurrect the season calls for convening teams at a centralized site, like Las Vegas, where the N.B.A. already stages the G League Showcase every December without fans.
Garcia, 31, is a former G League All-Star who also won a championship in the N.B.A.'s developmental league in 2011 with the Iowa Energy. 
Having played in the G League Showcase, Garcia doubled down on his assertion that the setup is an unfit stage for the N.B.A.
""The only noise is from your teammates,"" Garcia said. 
""I don't even drink Red Bull, but I'm drinking Red Bull now before a game to find energy. 
When I get a dunk, you want to scream, but you can't. 
It's pointless. 
So I just run back on defense.""
After stops in far-flung leagues as disparate as Bahrain, Iceland and the Philippines, Garcia appeared to have found a home in Taiwan. 
He began this season with the Fubon Braves alongside the N.B.A. veteran O.J. 
Mayo in the ASEAN League, which culled its 10 teams from eight countries. 
Garcia, a 6-foot-10, 240-pound forward, then joined Pauian within a week of the ASEAN League's shutdown in March and quickly helped Metcalf's team assemble a five-game winning streak.
Garcia's season, though, turned tragic on Wednesday when his father, Charles Sr., died of kidney failure at 59. 
The news reached Garcia in the midst of a two-game suspension for a recent scuffle with the 7-foot-5 Sim Bhullar, who briefly played in the N.B.A. with the Sacramento Kings and began the season as a teammate alongside Garcia and Mayo with the Braves. 
Rather than make his expected return to the lineup on Friday against JeouTai and the league's No. 2 scorer Franklin Session of Cal State Los Angeles, Garcia flew back home to California.
Pauian has also lost its best outside shooter and sixth man â Lee Chi-Wei from the Taiwanese national team â to a broken hand. 
Since it is too late, according to league rules, to replace Garcia on the roster with another import, Metcalf experimented with some new rotations during the Bank of Taiwan loss, searching for combinations to compensate for all the offense he has lost.
Born in Japan when his father was stationed there in the Navy, Metcalf has also lived in England and Turkey and moved to Taiwan in 2007 in hopes of learning Mandarin after working under five coaches in four N.B.A. seasons with the Magic. 
He initially planned to stay for ""a couple years"" but never left, marrying a Taiwan native and landing the Pauian job at age 33.
""This game takes us some strange places,"" Metcalf said.
With his 5-month-old son asleep, Metcalf then excused himself to take advantage of the quiet in the house to resume watching game film. 
One of coaching's least glamorous pastimes, in these coronavirus times, is suddenly a privilege.
""Always a video guy at heart,"" he said.",5,nba,TRUMP,Trump (2017-2020),CATEGORY_3,"nba, won, league"
"China Is on the Rise Everywhere, Except in Soccer.txt","ï»¿
BEIJING -- China's national team did not blaze through the group stage of the World Cup in France as much as stumble.
It scored a single goal in three matches. 
Its players appeared outmatched on the field and dogged by disputes off it. 
The team's star player, Wang Shuang, who plays for Paris St.-Germain in the French professional league, was pointedly reproached by the coach and benched for significant chunks of the team's first three matches.
The team did manage to advance to the knockout round of 16 nonetheless after a scoreless draw against Spain on Monday, but the greatest cause for celebration here in China was the fact that the team's third-place finish in Group B meant it would not have to face the United States next.
No one is accusing the team, known as the Steel Roses, of overconfidence.
''In the last three games, we realized the gap between us and these strong teams,'' the team's coach, Jia Xiuquan, said Monday after tearing up at the end of the match against Spain.
It wasn't supposed to be this way. 
In 2015, China's leader, Xi Jinping, pledged to make the country a soccer power, one befitting its global ambitions as an economic, political and military leader. 
The plan called for building thousands of new fields and vastly expanding the number of school programs.
''My biggest hope for Chinese soccer is that its teams become the world's best,'' Xi, who has had a lifelong passion for the sport, declared then.
The women were, in fact, the first to qualify for this year's World Cup, and that heightened expectations that the team, though ranked only 16th in the world, might regain some of the glory its predecessors achieved in the 1980s and 1990s.
Those national teams won the Asian Cup seven times in a row and reached the final of the 1999 World Cup, losing to the United States on penalty kicks after a tense, scoreless draw.
The Americans have had arguably the world's best team ever since. 
China, by contrast, has faltered, never getting beyond the quarterfinals again. 
In 2011, it failed to qualify at all. 
By that standard, the team has already achieved a modicum of success in France, though not nearly enough.
''If it were 20 years ago, we would not have been satisfied with a result like this at the group stage,'' said Dong Lu, a prominent television host, sports commentator and a founder of China Football Boys, a national youth club.
He, like other fans and experts, lamented that China has yet to develop the modern sports culture necessary to cultivate the development of world-class athletes.
The Chinese Super League, the men's professional league founded in 2004, now has 16 teams and is hugely popular. 
Its owners have been willing to lavish money on foreign players as well, while the authorities have, for the first time, encouraged some foreign-born athletes to apply for citizenship. 
One already has been called up by the men's national team.
The women's professional league is smaller and has struggled in comparative obscurity.
''Of course, in China, women's soccer lacks sufficient resources and recognition,'' Dong said. 
''Ninety-nine percent of soccer fans only follow the Chinese women during a tournament like the World Cup. 
That includes the Chinese media.''
In the meantime, the Chinese team has not simply become worse. 
The rest of the world has become better, fueled by the growing attention and money, even if the latter still pales in comparison to the men.
''We cannot just dwell on the past,'' Jia, the coach, said. 
''Everything is improving and moving forward. 
So I hope we can grasp every opportunity by competing against these strong teams.''
He added a note of urgency.
''Once you lag behind,'' he said, ''it will be very difficult to catch up.''
China drew a tough group and, as expected, lost its opening match, 1-0, to Germany, a two-time World Cup champion that ultimately won the group. 
China won its second match against South Africa, 1-0. 
In Monday's draw, Spain dominated. 
The Chinese failed to take a shot in the first half and had only one in the second; Spain took 24. 
Only a heroic effort by the goalkeeper, Peng Shimeng, saved China. 
She was named player of the match.
Mark Dreyer, a British writer in Beijing who has covered Chinese sports for more than a decade, said the national teams are hampered by what he described as a ''military style system'' of coaching and training that stifles individual skills, creativity and even personality.
Wang, the star player, seems to have riled the coach. 
She started the opening match against Germany on the bench even though she is the reigning Asian player of the year.
''I don't need a star in my team,'' Jia replied acidly, when asked why afterward. 
''I need a team.''
Another player, Li Ying, had to play with her arm covered in a sleeve, obscuring her colorful tattoos -- lest the televised broadcasts fall afoul of the censors back home, who regularly scramble images of tattoos as signs of decadence.
''It's ridiculous that Chinese players are forced to wear accessories that can only hinder performance,'' Dreyer wrote.
Li, a striker who scored the team's only goal so far, did not address the matter and seemed focused on the results. 
''It doesn't really matter if I scored or not,'' she said after that match. 
''The most important thing is that our team won.''
It is not going to get easier. 
China will face the winner of Group C (Italy) or Group D (currently led by England). 
The team will almost certainly have to win that match before anyone declares that Chinese soccer is making progress toward Xi's dream.
In the meantime, more than a few fans have taken solace in the fact that the women still outperform the men's national team -- by far. 
The men have qualified for the World Cup only once, in 2002, and were cashiered out after three losses in the group stage. 
They did not score a goal.
Liu Yuxi, a television host, said the women's team ''showed a spirit of tenacity, which is pleasantly surprising.''
''At a time that women's soccer is rapidly developing, we are not lagging behind, we are catching up,'' she said.
She said her fans and other friends were staying up to watch the matches, which take place late at night here, while social media is abuzz with comments.
''There's always hope for China's soccer,'' one fan posted on Weibo, a Chinese equivalent of Twitter, ''because we still have the women's team!''",5,nba,TRUMP,Trump (2017-2020),CATEGORY_3,"nba, won, league"
China_s Love-Hate Relationship With U.S. Has Xi_s Party in a Bind.txt,"ï»¿
BEIJING -- Qi Haohan describes with pride the times he has leaped and pirouetted with American dancers across stages in China, and he counts as a major influence Daniil Simkin, a principal dancer with the American Ballet Theater.
Ask him about China's trade war with the United States, however, and Mr. Qi's admiration for America evaporates.
''Fight, fight, fight!'' the 25-year-old wrote on social media, urging his country to stand strong after trade talks with the United States broke down.
''America's decision to increase tariffs will only bring about its own destruction,'' Mr. Qi, a dancer with the National Ballet of China, said in an interview. 
''China is totally ready to respond.''
Mr. Qi's views are an example of the complex, sometimes contradictory attitudes toward the United States held across China -- a love-hate relationship that presents an unusual challenge to the ruling Communist Party and its leader, Xi Jinping, as they try to defend their image at home amid the bruising trade war.
Divided popular opinion -- and ambivalence about America, even among some of its most ardent fans (and critics) -- makes it difficult for Beijing to come down too hard on the United States. 
But if it does too little, the party risks looking weak.
Chinese people have long looked to America as a source of inspiration, with its gleaming skyscrapers, financial power and unparalleled military might. 
But they also increasingly see it as a strategic rival -- a view partly fueled by pride in China's rise, and by the party's propaganda organs, which have long depicted America as a hostile, imperialist country that has tried to keep China down.
''China now has the No. 2 mentality,'' said Yun Sun, a China analyst at the Washington-based Stimson Center. 
''It's only natural for No. 2 to want to surpass No. 1.''
Even in China's authoritarian political system, public opinion must be carefully managed. 
If leaders push an anti-American message too far, they run the risk of nationalist sentiment spiraling out of control. 
That would limit their options in talks with Washington by forcing them to adopt a tough posture.
Though China has ways to prop up its economy, there are deep-seated concerns that it is not ready for a prolonged standoff, which could exact a heavy toll on people's livelihoods. 
That could ultimately backfire on the party, which has staked its legitimacy on generating continuous economic growth.
On the other hand, if Chinese leaders act too cautiously, they could look inept to a domestic populace that has, in recent years, become more self-assured about China's status as a rising power.
What was once starry-eyed enthusiasm for America among many Chinese has given way to sober admiration, if not outright disillusionment, as people have gotten to know the United States better and its problems have come into clearer view.
According to the latest nationwide survey by the Pew Research Center, published in 2016, 45 percent of Chinese saw American power and influence as a major threat to their country, up from 39 percent in 2013. 
More than half of Chinese believed the United States was trying to prevent China from becoming as powerful as America, the survey found.
That trend may well have accelerated over the past year, which has seen the world's two largest economies go head-to-head in a protracted trade war and a dispute over Huawei, the Chinese telecommunications giant. 
The United States has also tightened restrictions on visas for Chinese students and visiting scholars, measures it says are aimed at curbing intellectual property theft and spying.
Such developments have reinforced the Chinese perception that the United States is deliberately thwarting their country's rightful rise -- leaving China with no choice but to fight back.
''We are not scared. 
China has money,'' said Amanda Lin, 36, as she sipped an Americano at a Starbucks in Beijing. 
She said the Chinese manufacturing company she works for had been badly hit by the latest round of tariffs. 
''Perhaps we have to sacrifice a little in the short term, but if we don't fight, then we will suffer more in the longer term,'' she said.
Skepticism about American intentions taps into China's collective memory of the 19th century, when Western powers forcibly opened Chinese ports and carved up the country into spheres of influence. 
Nowadays, China is a fast-modernizing nation, home to a booming middle class and cutting-edge infrastructure.
But many Chinese still remember their outrage when the United States accidentally bombed China's embassy in Belgrade in 1999, during the war in the former Yugoslavia. 
The bombing, which killed three Chinese people, prompted days of violent protests. 
Two years later, tensions flared again when China detained a United States Navy flight crew after a Chinese fighter and an American spy plane collided in midair.
China has ratcheted up anti-American propaganda in recent weeks, but its campaign has been comparatively restrained. 
Still, the authorities, ever wary of unrest that could be turned against the government, are taking few risks.
Chen Chun, a liberal political columnist in the southern Chinese city of Guangzhou, said he was recently pulled in for a meeting with local security officials who urged him to take a more moderate tone in his writings.
''They said that Chinese people are easily instigated and that emotions can get really complicated,'' Mr. Chen said.
''On one hand, the authorities want to use nationalism to legitimize their regime,'' he added. 
''But if the nationalists spin out of control, it can also affect their power and the system's stabilityI.''
The party may also be reluctant to play up China's rivalry with America, knowing that affection here for the United States -- whose Chinese name means ''beautiful country'' -- still runs deep.
American culture is so deeply embedded in China, experts say, that it would be impossible to boycott the country's products, as China has done with goods from Japan and South Korea when tensions with those countries ran high. 
Many Chinese love their iPhones and lobsters imported from Boston, and are fans of American television hits like ''House of Cards'' and ''Modern Family.''
The affinity extends beyond products. 
Many Chinese still admire America for its education system, strong rule of law and soft-power dominance. 
Some continue to draw inspiration from the idea of the American dream.
''The American dream means working hard and achieving your goals one step at a time,'' said Kobe Liu Zhe, 29, a Kobe Bryant superfan in the northeastern city of Harbin who recently made headlines in America after he unknowingly bought the National Basketball Association star's stolen high school jersey. 
(He later returned it.) ''Kobe Bryant represents that dream.''
And yet, while the United States remains one of the top destinations for Chinese tourists, business travelers and students, the growth in that traffic is slowing. 
The increase in the number of Chinese visitors to the United States fell sharply from 16 percent in 2016 to only 4 percent in 2017, according to the United States Commerce Department.
The slowdown has been even more apparent in education. 
The increase in the number of Chinese students going to America has slowed from a high of nearly 30 percent in 2010 to just 3.6 percent last year, according to the Institute of International Education.
The decline, experts say, partly reflects a growing belief that America's star is losing its luster.
''Thirty years ago, a lot of people thought that going to the United States was like going to heaven,'' said Liu Peng, an education consultant in the eastern city of Qingdao. 
''But now people think the United States is falling behind while China is growing.''
Even if a trade deal is reached soon, experts say party leaders are bracing for a prolonged period of competition with America. 
Preparing public opinion for that future, some say, will require adjusting to the younger generation's increasing cultural confidence.
''The older generation of Chinese both respect and fear the United States, we were brought up to think America was superior and we were the underdog,'' said Wang Xiaodong, a nationalist writer. 
''But the perspective of young Chinese is different. 
They don't respect you. 
Nor are they afraid of you.''",5,nba,TRUMP,Trump (2017-2020),CATEGORY_3,"nba, won, league"
Daryl Morey Steps Down as G.M. of the Houston Rockets.txt,"ï»¿
Morey's tweet expressing support for Hong Kong's pro-democracy protesters last fall initiated a rift between the N.B.A. and the Chinese government.
Daryl Morey, the general manager of the Houston Rockets, is stepping down from his post on Nov. 
1, he announced Thursday.
Morey said managing the Rockets was ""the most gratifying experience of my professional life"" and that he was confident Houston would ""continue to perform at the highest level.""
The move came after the Rockets were knocked out of the N.B.A. playoffs in the second round and more than a year after Morey shared an image on Twitter in support of pro-democracy protesters in Hong Kong. 
The tweet upended relations between the N.B.A. and the Chinese government. 
China's state-run television network did not broadcast any N.B.A. games from then until Game 5 of the N.B.A. finals last Friday night.
Morey's tweet, on Oct. 
4, 2019, got an immediate rebuke from Tilman Fertitta, the owner of the Rockets, who said in a post on Twitter: ""Listen....@dmorey does NOT speak for the @HoustonRockets.""
Shortly after the tweet, Commissioner Adam Silver said the Chinese government demanded that Morey lose his job, a request he said he denied. 
Several Chinese sponsors, including the shoe company Li-Ning and the Shanghai Pudong Development Bank Credit Card Center, suspended their partnerships with the Rockets. 
In the wake of the controversy, Fertitta referred to Morey as ""the best general manager in the league.""
In an interview, Morey and Fertitta declined to answer questions about the China uproar and abruptly ended the interview after receiving questions about it. 
Morey did say the decision to leave Houston was his own. 
Fertitta said their relationship was not affected by the Hong Kong tweet. 
""We've never had a cross word over it,"" he said.
Morey said their relationship had ""been great the whole time"" and that he was not leaving because of a disagreement over the team's strategy or direction.
Morey was an aggressive dealmaker who made 77 trades during his 13-plus years in charge, and he had been at the forefront of the rising use of advanced statistics in N.B.A. front offices over the past decade.
In September, shortly after Houston's elimination from the playoffs, Fertitta said that Morey's job was ""safe"" and that he was sure Morey would ""pick the right head coach"" after Coach Mike D'Antoni's contract expired.
In a statement on Thursday, Fertitta praised Morey as a ""brilliant innovator who helped the Rockets become a perennial contender.""
Morey was named the league's executive of the year in the 2017-18 season and has been the general manager of the franchise since May 2007. 
His rise in the basketball world was considered unusual at the time. 
He had been a front office executive for the Boston Celtics, but had never played or coached professional basketball, nor had he been a scout. 
His background was in consulting.
Morey is credited with bringing to the N.B.A. the basketball equivalent of ""Moneyball,"" a way of building team rosters based on advanced statistics. 
He co-founded the M.I.T. 
Sloan Sports Analytics Conference, which is held yearly and has grown into a large event attracting those connected to basketball far beyond statistics. 
In 2018, former President Barack Obama was a speaker.
The Rockets have made the playoffs 10 times during Morey's tenure as general manager. 
They made the Western Conference finals twice â in 2015 and 2018, each time being foiled by the Golden State Warriors. 
Morey developed a penchant for making unconventional moves, such as trading away a young, talented center in Clint Capela in February in an effort to play an entirely small lineup. 
The 2017-18 Rockets put a scare into the Warriors, taking a 3-2 series lead in the conference finals before succumbing to one of the most talented rosters in N.B.A. history in seven games.
Morey was also able to acquire superstars, often for a bargain, such as James Harden and Chris Paul, in addition to finding undervalued talent. 
He gained a reputation as one of the best front office executives in the league, despite the Rockets never getting to the N.B.A. finals. 
In 2018, Morey was heavily pursued to take over the Philadelphia 76ers, but he ultimately declined their offer.
His resignation comes at an awkward time for the franchise: The team is in the process of hiring a new coach and has begun interviews. 
Houston has not yet announced Morey's successor, but the strong expectation is that Rafael Stone, the team's executive vice president for basketball operations and longtime general counsel, will take over, according to the person briefed on the decision.",5,nba,TRUMP,Trump (2017-2020),CATEGORY_3,"nba, won, league"
How China Changed Jaylen Brown_Marc stein_s newsletter.txt,"ï»¿
In this week's newsletter, Marc Stein talks to the Boston Celtics star Jaylen Brown and answers questions about LeBron James and the W.N.B.A.
Want more basketball in your inbox?
Sign up for Marc Stein's weekly N.B.A. newsletter here.
The N.B.A. wanted to believe that the news media's interest in the league's ongoing conflict with China was cooling.
LeBron James duly reheated blanket domestic coverage of the topic with an interview Monday night that was widely received as pro-China â to the point that James is suddenly facing his harshest criticism perhaps since ""The Decision"" that took him from Cleveland to Miami in 2010.
This is clearly not the October that the league at large expected following an off-season of unprecedented roster upheaval. 
Rather than bask in the uncharacteristically wide-open title race that summer player movement spawned, we've spent nearly two weeks fixated on a geopolitical crisis that has consistently overshadowed the basketball.
There has been little discussion, as a result, of an important day that usually generates much more October coverage: Monday is the deadline for 2016 first-round picks, who are in the final year of their original rookie-scale contracts, to sign extensions.
Toronto's Pascal Siakam and Sacramento's Buddy Hield are two of the strongest candidates to land such deals before Monday's 6 p.m. Eastern time buzzer. 
Indiana's Domantas Sabonis is another prime contender among the 16 remaining eligible draftees from 2016, since he is known to be in active talks with the Pacers about a possible extension.
Yet it can be argued that no case is as intriguing as Boston's ongoing negotiations with Jaylen Brown.
Brown's 2018-19 season, much like Boston's itself, fell far short of expectations after he helped the Celtics advance to within one win of the N.B.A. finals as a second-year forward in 2018. 
The longstanding reluctance of the Celtics' team president Danny Ainge to dole out rookie-scale extensions â Rajon Rondo was the last Celtic to receive one in the final of 2009 â has further convinced many league observes that Brown is unlikely to end that drought.
But Brown was among the few players who emerged from U.S.A. 
Basketball's humbling seventh-place finish in the FIBA World Cup in China with a boost to his reputation. 
He was aggressive, competitive and versatile for an American team gutted by a rash of defections by marquee names, emerging as one of the players United States Coach Gregg Popovich trusted most. 
A dearth of dependable frontcourt players led Popovich to deploy Brown as a power forward and, occasionally, as a small-ball center to try to fill the void.
Brown also appears to have a measure of leverage that recent Celtics extension candidates such as Marcus Smart and the since-departed duo of Terry Rozier and Kelly Olynyk did not. 
Without an extension by Monday, Brown will become a restricted free agent in July â and one of the most desirable free agents in the league next summer should he produce a strong 2019-20 season.
The venerable HoopsHype.com recently labeled Brown as a top-five free agent in July 2020. 
That's thanks at least partly to a marketplace devoid of this past summer's star power, but Brown may have an even stronger hand if Siakam and Hield land extensions in coming days.
""Everybody says that they're not concerned with it, but in some way, shape or form they are,"" Brown, in a recent telephone interview, said of contract talks. 
""But to be honest, it's really not overwhelming me or ruling my thoughts. 
I know what type of talent I have. 
I'm confident in myself. 
I'm confident in my ability.
""It's not something that's keeping me up at night, if that's what you're asking.""
Brown felt sufficiently secure entering this season to shave his head shortly before the start of training camp. 
The social media stir that caused was quickly forgotten amid all the chaos in China that followed Houston Rockets General Manager Daryl Morey's Oct. 
4 tweet in support of pro-democracy protesters in Hong Kong â but the initial response has stayed with Brown.
""It was shocking,"" he said. 
""I didn't know people cared so much about my hair.""
What Bostonians really care about, of course, is what sort of rebound the Celtics can muster after a season of undeniable tension surrounding the oft-scrutinized leadership of Irving, as well as a second-round playoff exit to Milwaukee that hastened Irving's free-agency defection to the Nets.
For all the questions about consistency Brown has inspired as a Celtic, his ceiling as a shooter and using his elite athleticism to produce more offensively, his production in 115 career starts is actually very similar to Jayson Tatum's in 159. 
Tatum tends to generate more buzz as a potential franchise player, but some talent evaluators see Brown as the more effective (and well-rounded) two-way player.
Brown took the rare step of representing himself upon matriculating to the pros as the No. 3 overall pick in the 2016 draft. 
Yet he recently hired the veteran agent Jason Glushon to represent him in this fall's negotiations with the Celtics.
Glushon also represents Al Horford, whose free-agency defection to Philadelphia in July, combined with Irving's exit, has likely thrust Brown into a role with expanded responsibility. 
The size-challenged Celtics, in general, are a team people will be tracking in the Eastern Conference no matter what happens with Brown's extension negotiations â especially after four Celtics spent the bulk of the summer together with U.S.A. 
Basketball (Brown, Tatum, Smart and the newcomer Kemba Walker) and with no clear-cut No. 3 seed in the East behind Milwaukee and Philadelphia.
""We spent a lot of time together, hanging out, talking, just getting to know each other,"" Brown said of his summer excursion to Australia and China with the other three Celtics. 
""When you're out of the country, guys tell you things they would never tell you here. 
We were all in the same bubble, so it was really good to learn stuff about my teammates. 
Video games, dinner, shopping â we never left the hotel alone.""
Brown, though, swatted away the notion that the time abroad gives the Celtics any sort of head start on the new season.
""I don't want to say that,"" Brown said. 
""I don't want to put any expectations or added pressure on what's on this team already. 
I just want to say it was a good experience. 
We'll see whether it helped or hurt as the season goes on.""
The lone promise you can extract from Brown is that he plans to be a more vocal leader as he prepares to turn 23 on Oct. 
24 â two years younger than Siakam and four years younger than Hield. 
Pressing him further about expectations, contractually or on the floor, tends to shut the conversation down.
""I'm avoiding that word in general,"" Brown said. 
""âExpectations' is not a word I'm even going to try to use or that I want anybody on our Celtics team to use.
My mantra for this year is, âJust hoop.' ""
Although that's easier said than done in the N.B.A.'s current tense climate, Monday's extension deadline and the intensifying spotlight that comes with it may provide an immediate opportunity to see how well Brown pulls it off.
This newsletter is OUR newsletter. 
So please weigh in with what you'd like to see here. 
To get your hoops-loving friends and family involved, please forward this email to them so they can jump in the conversation. 
If you're not a subscriber, you can sign up here.
Corner Three
You ask; I answer. 
Every week in this space, I'll field three questions posed via email at marcstein-newsletter@nytimes.com. 
(Please include your first and last name, as well as the city you're writing in from, and make sure ""Corner Three"" is in the subject line.)
Q: What are the odds Daryl Morey lasts more than one year with the Rockets after the China controversy?
â Alizain Devshi
Stein: The Rockets have been adamant that Morey's job is not in jeopardy even after a tweet that is, as covered here in our Sunday story, expected to cost the franchise in the neighborhood of $25 million this season in sponsorship losses.
In the team owner Tilman Fertitta's lone public statement on the matter, to ESPN's Tim MacMahon, he announced that he and Morey ""are fine."" Fertitta also declared that the Rockets employ ""the best general manager in the league.""
In March, remember, Morey received a five-year contract extension that The New York Times subsequently reported pays him in the $8 million range annually. 
But the contract and Morey's reputation as one of the most progressive thinkers among league executives are not his only sources of insulation.
The money that the N.B.A. generates in China is obviously significant and intoxicating, as evidenced by the league's controversial decision to cancel scheduled interactions between the two teams in China last week and the media in fear of another statement that inflamed the situation further. 
But the backlash on home soil would be much louder â and presumably more expensive â if the Rockets ousted Morey for publicly supporting democracy and free speech.
This, after all, is America. 
Forcing Morey out on those grounds would be highly un-American.
I don't think the Rockets can or will go there. 
I've certainly heard from a handful of league insiders who tell me that my take is naÃ¯ve, but I'm convinced that the Rockets would be crushed for such a move â unless the crisis deepens to a point that Morey's ongoing presence affects Houston's N.B.A. on-court business, its relationship with Rockets players and those around the league or otherwise compromises his ability to effectively do the job.
Q: With the recent thumb injury suffered by Anthony Davis, how vulnerable are the Lakers?
Can they really contend if they have to depend on Davis staying healthy?
â Abdul Jama
Stein: I understand the general sentiment here. 
The Lakers have just endured a thumb injury scare with Davis and still haven't seen Kyle Kuzma in five-on-five action because of his foot injury in August while on U.S.A. 
Basketball duty.
Throw in DeMarcus Cousins' season-ending knee tear and the chaos of their trip to China last week and there's no disputing that the Lakers have endured a disappointing (and disjointed) start to the season. 
With so many new faces and a new coaching staff, they really needed a smooth training camp â and they haven't had it.
But let's face it: Health looms as a huge factor for lots of teams in the West. 
The Clippers, after all, don't expect to have Paul George in uniform until November after he had summer surgeries on both shoulders.
Everyone in the conference, apart from Phoenix and Memphis, is considered potential playoff material. 
When 13 teams are vying for eight postseason slots, injuries are almost certain to be a significant differencemaker. 
Davis is destined to forever face durability questions after all the injuries he suffered in his first four N.B.A. seasons, but the ceiling for his dynamic partnership with LeBron James is such that the Lakers were never going to fret about that too much.
Don't forget that Davis appeared in 75 games in each of the two seasons before last year â which was too funky to analyze too deeply because of Davis's late January trade demand and the havoc it wreaked on the rest of the Pelicans' season.
Q: So why is this basketball newsletter not discussing an excellent W.N.B.A. finals?
â David Wilson
Stein: Because I blew it. 
And because I can't bring anything close to the depth of knowledge of the league that Howard Megdal lends to his W.N.B.A. coverage.
To wit: Here are links to a few of Howard's stories from the playoffs, including his piece on Elena Della Donne and Coach Mike Thibault leading the Washington Mystics to a home win over the Connecticut Sun in Â  a winner-take-all Game 5.
Four times a year, I invite someone from the staff to curate the newsletter for me when I am shooed away from the desk at Stein Line HQ. 
When the W.N.B.A. returns, I will make sure to ask Howard to take one of those turns to provide his unmatched perspective.
Numbers Game
.711
New Orleans' Zion Williamson is shooting 71.1 percent from the field after three exhibition games as a pro and averaging a promising 23.7 points in 26 minutes. 
So much for my fears that Williamson's averages from our recent NBA 2K simulation (20.9 points and 8.3 rebounds while shooting 59.3 percent from the field and 37.7 percent on 3-pointers) were setting expectations too high for the league's Rookie of the Year Award favorite.
610
When Kristaps Porzingis made his Dallas Mavericks debut last week in an exhibition at Detroit, it was his first live game action in 610 days. 
Porzingis suffered a torn anterior cruciate ligament in his left knee playing for the Knicks on Feb. 
6, 2018.
10,000
The first 10,000 fans at the Golden State Warriors' Oct. 
30 home game against Phoenix will receive a ""Stephen Curry Popcorn Edition Bobblehead."" Golden State is paying homage to Curry's deep devotion to his favorite snack, which we featured in April.
7
In the sporting event aired by the state-run network C.C.T.V. in place of the banned Lakers/Nets exhibition game in Shanghai last week, China's national soccer team posted a 7-0 rout of Guam in a 2022 World Cup qualifying match.
7
From the department of Life Comes At You Fast: It was only a month ago that we all thought a seventh-place finish for the United States men's national team in the FIBA World Cup is what constituted an American basketball crisis in China. 
Compared to the geopolitical mess confronting the N.B.A. after Daryl Morey's pro-Hong Kong tweet on Oct. 
4, those were the good ol' days.
Hit me up anytime on Twitter (@TheSteinLine) or Facebook ( Â  @MarcSteinNBA) or Instagram ( Â  @marcsteinnba). 
Send any other feedback to Â  marcstein-newsletter@nytimes.com.",5,nba,TRUMP,Trump (2017-2020),CATEGORY_3,"nba, won, league"
New This Season in a Canadian Hockey League_ Road Trips to China.txt,"ï»¿
SHENZHEN, China â Yu Baiwei darted across the red line, under the arena's bright lights, and winged a long wrist shot toward the opposing goal.
When the puck sneaked past a Toronto Furies goaltender, many of the 1,850 fans at the Shenzhen Universiade Sports Center celebrated to the pulse of a Chinese pop song. 
Nearly 14,000 others were watching online, and the moment went viral on Chinese social media.
Yu's Nov. 
19 game-winner â the first goal by a Chinese national in the history of the Canadian Women's Hockey League â came during a weekend of back-to-back victories for Kunlun Red Star, one of two new professional women's ice hockey teams in Shenzhen, a subtropical Chinese megacity. 
It may be the first of many milestones for Chinese athletes in women's hockey, which has long been dominated by Canada and the United States.
""It was amazing,"" said Yu, 29, who is also the captain of China's national team. 
""I was very proud of myself because I'm Chinese, and the first goal is very important.""
Veterans of women's hockey in North America say the C.W.H.L.'s foray into China is a smart way to enhance the profile of the sport and tap a potentially enormous new market.
So far, the teams are doing more than that â they are winning. 
Kunlun Red Star is 7-4 in the seven-team league, and its sister team, the Vanke Rays, is 8-1.
The success of the two Shenzhen teams, whose rosters include a few star imports and many of China's top Olympic prospects, suggests that the country's main hockey goal â medaling at the 2022 Beijing Winter Olympics â may not be unrealistic.
""I wouldn't put it out of the realm of possibility,"" said Cara Morey, the coach of the Princeton University women's team, which Â  defeated China, 3-0, in an October exhibition game.
Sweden and Finland, the next tier of hockey powers behind the United States and Canada, should pay attention, Morey added, because ""China is taking this very seriously.""
Kunlun Red Star was founded last year by Billy Ngok, the founder of China Environmental Energy Holdings, an energy trading firm based in Hong Kong. 
He said the club's seven teams include two under-18 squads and a professional men's team in Beijing that competes in the Â  Kontinental Hockey League, which is based in Russia but includes teams in Belarus, China, Finland, Kazakhstan, Latvia and Slovakia.
Brenda Andress, the C.W.H.L. commissioner, said that the Chinese expansion teams were Kunlun's idea and that she saw them as a vehicle for growing the game and creating employment for women. 
(The N.H.L. also sees China as a ripe market and held preseason games in Shanghai and Beijing last September.)
This season, the 11-year-old C.W.H.L. began paying players annual stipends of $2,000 to $10,000 based on a $100,000-per-team budget. 
Most of the players still work side jobs.
The foreign players in Shenzhen also are paid as ""hockey ambassadors,"" meaning they do not work other jobs and must devote significant time to promoting the sport in China and mentoring their Chinese teammates.
Ngok confirmed a recent report in China's state-controlled news media that members of the men's and women's national hockey teams would earn monthly salaries of up to about 40,000 renminbi, or $6,047.
He said that the Chinese government had appointed Kunlun Red Star to manage the Olympic hockey program and that he would invest an annual $60 million in the seven teams over five years. 
That includes the full cost, he said, of having the C.W.H.L.'s five North American teams fly to Shenzhen once a season for a series of games, as Markham Thunder and the Toronto Furies did last month.
The Chinese teams go to North America twice to play 13 road games before ending the regular season in March with two games against each other in Marlborough, Mass.
""We have a dream, a Chinese dream, as our president says, for the women's hockey team to win a medal in 2022,"" Ngok said, riffing on one of President Xi Jinping's favorite political slogans. 
He chose Shenzhen as a home base, he added, partly to support a government plan to develop winter sports in nontraditional regions.
The Chinese women's team lost to the United States, 12-0, at the 2010 Vancouver Olympics and did not qualify for the 2014 or 2018 Games. 
But it finished fourth at the 1998 Nagano Olympics, Ngok noted, and its future stars will have five years to train at the sport's highest level.
One of his early moves was hiring Digit Murphy, who had led Brown University and the C.W.H.L.'s Boston Blades, as the head coach of Kunlun Red Star and the Chinese women's national team.
Murphy later recruited Rob Morgan, a former associate head coach at Yale University, to assist her with the national team and lead the Vanke Rays. 
That team is named after a sponsor, the Shenzhen-based Â  China Vanke Group, the country's largest property developer, but is under the Kunlun corporate umbrella.
""I've died and gone to heaven, and I live in China,"" said Murphy, who lives in a hotel that overlooks the Shenzhen arena and hosts visiting C.W.H.L. teams.
She said the resources that the Chinese program was receiving were probably on par with what the United States women's hockey team receives in an Olympic year.
Many of the players in Shenzhen are from Harbin and Qiqihar, the two northern cities that produce virtually all of China's elite women's hockey players, said Xin Fang, a Vanke Rays forward from Harbin. 
(On Dec. 
8, Kunlun and Vanke will meet in her hometown for their first regular-season matchup.)
Others are North American players of Chinese descent who Ngok said may eventually become Chinese citizens and play on the Olympic team.
""The opportunity to help an entire nation change the face of hockey is something you just don't pass up,"" said Melanie Jue, a Kunlun defender, who grew up in Vancouver, British Columbia, and has family in Hong Kong, which borders Shenzhen.
A few other players are recent graduates of top college programs, like Clarkson's Cayley Mercer, or veteran stars like the Finnish goalie Noora Raty and the American forward Kelli Stack.
""It's awesome to finally be appreciated and taken care of better than we have been in North America,"" Stack, 29, a two-time Olympic silver medalist and the Kunlun team's oldest player, said after scoring the second goal in the team's recent 2-0 victory over the Toronto Furies.
Two days later, the Kunlun and Vanke teams were back at the Shenzhen Universiade Sports Centre for a morning of practices and weight lifting.
When Kunlun Red Star took the ice, Murphy, in a black baseball hat and a black jumpsuit, began coaxing and cajoling her players in a booming voice, and rapping her stick on the ice for emphasis.
""Everything you're doing is too individual,"" she said between drills, adding an expletive. 
""We're still not at our best yet.""
Several players said that Murphy's energy was infectious and that there was a healthy chemistry between the Chinese and foreign players on both teams.
Translation was sometimes a challenge â there is no obvious Mandarin term for ""back check,"" for example â but not an insurmountable one, they said.
""We speak hockey,"" Murphy said after the practice, as she shuttled between meetings, trailed by a phalanx of Chinese players.
But her Chinese vocabulary already includes a few stock phrases, she said, such as ""It's a new day.""
Also this: ""China wins.""",5,nba,TRUMP,Trump (2017-2020),CATEGORY_3,"nba, won, league"
Some Unfinished Business for Popovich.txt,"ï»¿
Want more basketball in your inbox?
Sign up for Marc Stein's weekly N.B.A. newsletter here.
BEIJING -- The only coach who has won a championship in the N.B.A. and in the N.C.A.A. turns 79 later this week. 
But Larry Brown didn't answer the phone to discuss looming birthday celebrations.
Brown wanted to talk about Gregg Popovich.
As the Popovich-coached United States men's national basketball team prepared to play France in Wednesday's quarterfinals of the FIBA World Cup in China, Brown was determined to focus on what the next few games could mean for his longtime friend and colleague. 
Bad memories of a humbling bronze at the Athens Olympics in 2004, for these two, are still fresh.
''It'll put a lot of things behind us all,'' Brown said.
Maybe the knockout round of this World Cup can be a salve as Brown suggests. 
Just don't forget that the Americans, even if they subdue the Rudy Gobert-led French in Dongguan, would need two additional wins for Popovich, 70, to realize some measure of redemption.
Those games wouldn't be layups, either, since this United States squad, bereft of marquee names, faces the unappetizing prospect of playing Argentina in the semifinals just to get to Sunday's title game. 
That's after Argentina stunned the team and singular star -- Serbia and Nikola Jokic of the Denver Nuggets -- that the Americans had long feared most.
But Brown is undaunted. 
He is convinced that Popovich, who finds himself reluctantly serving as the face of his own team, is extracting more from this star-shy group than many observers think he can now that it has been together for more than a month.
Brown insisted he sees a team coalescing despite its recent exhibition loss to Australia in front of a raucous crowd of more than 50,000 fans in Melbourne -- and in the wake of its persistent offensive struggles in a 5-0 World Cup start that hasn't been nearly as convincing as it sounds.
''It's unfortunate that a lot of guys didn't go, but I'm pretty confident they're going to do all right,'' Brown said.
''This is an opportunity Pop's waited a long time for. 
He'd never tell anybody that, but I know.''
Brown, frankly, knows better than anyone.
In June 2004, Brown steered the Detroit Pistons to a stunning five-game demolition of the Los Angeles Lakers in the N.B.A. finals -- the pinnacle of his coaching career in the pros. 
Yet it was just weeks later that Brown, even with Popovich at his side as an assistant, was unable to prevent the United States from sliding to a bronze-medal finish in Athens that is widely regarded as the modern nadir for the sport in this country.
''I still haven't gotten over that,'' Brown said, ''and I'm sure Pop hasn't, either.''
Popovich, I'm told, essentially confirmed as much when the current United States squad convened in Las Vegas in early August. 
As the story goes, in one of his first addresses to a group that had been shunned by Anthony Davis, James Harden, Damian Lillard, Bradley Beal and several others who initially promised to play, Popovich told his audience that no loss with the San Antonio Spurs has ever stung him more than what happened in Greece.
A skeptic may say it is easy for Popovich to make such a claim now. 
Downplaying the heartbreaking nature of San Antonio's failure to close out the Miami Heat in Game 6 or Game 7 of the 2013 N.B.A. finals would be a lot tougher had the Spurs not recovered the next year to demolish LeBron James and the Heatles in five games.
Yet those who know Popovich best, like Brown, would reject the notion that Pop may have exaggerated for effect.
As a lifelong military man who has been so open with his patriotism, no matter how secretive he tends to be on far more mundane basketball matters, Popovich routinely describes U.S.A.B. duties as ''beyond playing for an N.B.A. team'' and the ''highest level you can be.''
Trouble is, Popovich's national team career has never come close to approaching the fairy-tale heights of his two-plus decades as the former Division III college coach at Pomona-Pitzer (Calif.) know as ''Poppo'' who went on to win five N.B.A. championships in South Texas with the Spurs.
Popovich was bitterly disappointed to be one of the last cuts from the 1972 United States Olympic basketball team. 
He then lost out to Duke's Mike Krzyzewski to succeed Brown in his dream job as head coach of the national men's team; Popovich had served as an assistant on the shamed American teams that finished sixth at the 2002 Worlds in Indianapolis and third in Athens in 2004.
In the early days of training camp last month, Popovich offered a brief but rare insight into how long those lows have stayed with him.
''Those were not happy gigs,'' he said.
''We've talked about it a lot,'' said Brown, who is convinced that the failed campaigns of 2002 and 2004 are what ''took him so long to get the job.''
The 2015 hiring of Popovich to replace Coach K was initially seen as a move that would boost U.S.A. 
Basketball's chances of continuing to attract the biggest names to give up significant chunks of their off-season to play international ball -- as seen repeatedly since the ''Redeem Team'' won gold in Beijing at the 2008 Olympics. 
But it sure hasn't worked out that way this summer.
Perhaps as a result, Popovich has been noticeably intense from the minute practices began Aug. 
5. He knew a roster that features only two current N.B.A. 
All-Stars -- Boston's Kemba Walker and Milwaukee's Khris Middleton -- would be vulnerable. 
His worst fears were then almost realized in a first-round group game against Turkey that the Americans should have lost before escaping with a 93-92 win in overtime.
Unlike any other previous squad to feature N.B.A. players, dating to the Barcelona Olympics in 1992, margin of victory isn't even a topic in China. 
The Americans have a limited frontcourt rotation, lack perimeter shooting and playmaking and have won their five games by the mere average of 21.4 points per game -- which is that robust only thanks to a 53-point walloping of Japan.
Popovich, though, has predictably inspired committed buy-in from the 12 players he and U.S.A.B. officials ultimately assembled. 
Even more predictably, Popovich hasn't once publicly lamented the lack of flair they generate on television.
''Playing for Gregg Popovich, I'll do that any day of the week,'' said Jaylen Brown, a forward for the United States and Walker's teammate with the Celtics.
Brown's recent surge, Jayson Tatum's potential comeback from an ankle sprain, Walker's claim Monday night after a win over Brazil that the Americans are ''starting to realize'' how badly they ''need each other'' -- Popovich and Co. may well need all of that against France.
With Orlando's Evan Fournier, the wily former N.B.A.-er Nando de Colo and the Knicks' Frank Ntilikina, France features the most well-rounded combination of guards that the United States will likely see in this competition.
''They probably play the closest in similarity to us as any team in the tournament,'' said Joe Harris, a guard for the Nets.
Thus you can't help but wonder, as bullish as Brown is, what sort of scar it would leave on Popovich if the United States can't deal with France in its first knockout game.
Or the Argentines, Aussies or Spaniards after that.
______
This newsletter is OUR newsletter. 
So please weigh in with what you'd like to see here. 
To get your hoops-loving friends and family involved, please forward this email to them so they can jump in the conversation. 
If you're not a subscriber, you can sign up here.
______
Corner Three
You ask; I answer. 
Every week in this space, I'll field three questions posed via email at marcstein-newsletter@nytimes.com (Please include your first and last name, as well as the city you're writing in from, and make sure ''Corner Three'' is in the subject line)
Q: In last week's newsletter, you suggested that Melo would have to rely on his Team U.S.A. success to clinch enshrinement in the Hall of Fame. 
Given his individual numbers, with more than 25,000 points scored, as well as the recent election of players like Tracy McGrady and Sidney Moncrief, don't you feel like that's a little bit of a stretch?
-- Damian Ashton (New York)
STEIN: I hope you're right and I'm wrong. 
It would be a nice post-retirement rebound to see Carmelo Anthony cruise to enshrinement after the cold manner in which his twilight years as a player have played out.
Perhaps I'm reading it poorly, since last week's item also omitted the fact that he led Syracuse to a national championship in his lone season as a collegian. 
That gives Anthony another significant team success to go with his three Olympic gold medals while wearing U.S.A. 
Basketball colors.
Melo, though, has been bashed even more than McGrady was -- and T-Mac took plenty of heat for his limited playoff success in the N.B.A. 
My pessimism has undoubtedly been influenced by all that negativity in recent years, just as it would have been had you asked about Dwight Howard's chances.
Maybe those are all prisoner-of-the-moment sentiments and neither Melo nor Dwight has anything to worry about. 
Their rÃ©sumÃ©s, as you note, certainly compare favorably to Moncrief, Jack Sikma and Bobby Jones, who were all inducted last week.
Anthony is likewise bound to have a strong supporter in Jerry Colangelo, who happens to be president of the Naismith Memorial Basketball Hall of Fame in addition to his longstanding role as managing director of U.S.A. 
Basketball.
I didn't get to see Anthony for long when he was honored in Springfield, Mass., last week with the Manny Jackson Basketball Human Spirit Award. 
But he looked as slimmed-down as I can remember and clearly hasn't abandoned his desire to play in the N.B.A.
At least that's how I took it when he made it a point to say ''see you soon'' in the parking lot. 
He looks like a guy determined to make it back and hush the naysayers.
Q: Why is the American media so biased against the Raptors?
Some pundits openly root against them; they don't get coverage or respect in the United States. 
-- @TheOGJimmyB on Twitter
STEIN: I haven't set foot in Toronto since June 11, when I flew back to the States after the Raptors lost by a point in the Kevin Durant Achilles' Rupture Game before they closed out the Golden State Warriors (and Oracle Arena) in Game 6 of the N.B.A. finals.
In each of the intervening 87 days since, I think I've dreamed about a peameal breakfast at the Carousel Bakery ... or buying magazines at the newsstand inside the Hockey Hall of Fame ... or the convenience of staying near multiple Aroma coffee locations.
In other words, sir, I think you're asking the wrong newsletter.
Q: How do you rate Anthony Davis's chances of adjusting to the expectations coming his way as a Laker?
It seems fair to say that there will be more pressure on him in one game playing with LeBron James for the Lakers than his whole Pelicans career combined. 
He doesn't have much of a playoff rÃ©sumÃ©, so from the outside it's very difficult to project how he'll cope with the huge leap in expectations. 
-- Sam Chadwick
STEIN: You said it, Sam. 
This is one of the biggest question marks looming over the 2019-20 season. 
How Davis adjusts to Hollywood -- along with whether he stays healthy -- is one of the most significant variables in the title chase.
As a Pelican, Davis generated so little attention compared to other players of his stature. 
Playing now alongside King James in the glare of the league's brightest spotlight, Davis has to brace for the reality that every sneeze will be scrutinized.
You see it with Kyle Kuzma. 
When Kuzma was still part of the U.S.A. 
Basketball roster in August, before an ankle injury knocked him off the plane to China, it seemed as though there was always hoopla around the young Lakers forward any time the news media was permitted inside the gym.
But let's also not forget the part about how Davis, from a skill-set perspective, couldn't be a better fit next to James. 
LeBron figures to be as invested as anyone in getting The Brow acclimated and comfortable. 
They're buddies.
I suspect that Davis, deep down, is going to miss the relative anonymity he enjoyed in New Orleans. 
My impression is that the leaguewide furor (and criticism) that followed his trade demand last January actually caught him off guard, to a degree, because New Orleans is so far removed from the league's epicenter.
Yet this is all great-problem-to-have stuff. 
Davis is bound to acclimate -- and any team in the league would love to be confronted with such uncertainty.
______
Numbers Game
5
Of the seven Olympic berths that can be clinched at the FIBA World Cup, five had already been claimed entering Tuesday's quarterfinals. 
Australia (representing the Oceania region), Nigeria (Africa), Iran (Asia) and (from the Americas) Argentina and the United States have assured themselves of spots in the 12-team field for next summer's Olympic Games in Tokyo. 
The last two spots up for grabs in China will go to the tournament's top two finishers from Europe, after Spain, Serbia, France, Poland and the Czech Republic all reached the quarterfinal stage.
4
To join those seven countries and the host Japan in 2020, four separate wild-card berths will be awarded through last-chance qualifying tournaments before the Olympics start next summer.
5
There are five American head coaches in the FIBA World Cup: Gregg Popovich (United States), Nick Nurse (Canada), Mike Taylor (Poland), Will Voigt (Angola) and Joseph Stiebing (Jordan).
3
The waiting period for enshrinement to the Naismith Memorial Basketball Hall of Fame is three full seasons of retirement for players. 
That figure was reduced from five full seasons to four in December 2015 and from four to three in December 2017. 
Kobe Bryant, Tim Duncan and Kevin Garnett are thus eligible for induction in 2020.
5
One follow-up note to all of last week's reminiscing about the newly inducted Hall of Famer Vlade Divac and my first N.B.A. article in 1989: Divac was one of three European players to make his N.B.A. bow in summer league play that year alongside the bruising Ukrainian forward Aleksandr Volkov (then playing for a still-unified Russia) and Zarko Paspalj, Divac's teammate with a still-unified Yugoslavia. 
Two more European stars joined them in making their N.B.A. debuts in the 1989-90 season: Drazen Petrovic and Sarunas Marciulionis.
______
Hit me up anytime on Twitter (@TheSteinLine) or Facebook (@MarcSteinNBA) or Instagram (@marcsteinnba). 
Send any other feedback to marcstein-newsletter@nytimes.com
This is a more complete version of the story than the one that appeared in print.",5,nba,TRUMP,Trump (2017-2020),CATEGORY_3,"nba, won, league"
"Stephon Marbury Stops at N.Y.U., as His Story Continues.txt","ï»¿
Stephon Marbury walked into a secluded courtyard off East 12th Street in Lower Manhattan Wednesday afternoon and settled into a chair between two tables stacked with boxes of shoes.
Dressed in a gray suit and a light pink shirt, Marbury was there to speak to students at New York University, one more intriguing landmark in a life that continues to take unexpected turns.
The shoes on the table were his own â Starbury sneakers, the brand he created more than a decade ago.
Born in Brooklyn, where he was a high school phenomenon, Marbury, now 40, had a long, and often frustrating, 13-year career in the N.B.A., including an extended stint with the Knicks in which he too often was in the doghouse, feuding with coaches or the front office.
Finally, in 2009, the Knicks bought out the remainder of his contract. 
He then proceeded to play 37 forgettable games with the Boston Celtics, after which Marbury's life took a complete turn.
He signed to play basketball in China and, surprisingly, stayed for a while. 
Actually, more than a while.
Although other former players in the N.B.A. become professional tourists in China, signing short-term contracts to play there before departing, Marbury settled in. 
He eventually became a star with the Beijing Ducks, where he won three championships. 
He earned the key to the city. 
A statue was put up for him, and a museum was built in his honor. 
This summer, he starred in ""My Other Home"" â a movie about himself.
And on Wednesday, Marbury went to Founders Hall at N.Y.U. to talk to some 125 first-year students and tell his increasingly unusual story. 
Most of the students weren't old enough to remember when Marbury was one of the more prominent members of the N.B.A., although he is the sole member of the 1996 draft class to still play professionally.
""I've been trying to get Stephon Marbury to come to N.Y.U. for a long time â for two reasons,"" said David Hollander, a clinical associate professor of sports management and the person who extended the invitation. 
""I love his whole story. 
I love the evolution of himself as a human being, and I am drawn to the potential of Starbury.""
After a discussion led by Hollander and a second professor, Michael Funk, students peppered Marbury with questions. 
They asked about his career, the N.B.A., his toughest opponents and his future. 
They wanted to know what he thought about the new, and very expensive, Big Baller Brand of sneakers being marketed in connection with the N.B.A. debut of Lonzo Ball.
But one student, Sheng Kang Zhou, could barely control himself. 
Zhou, 19, sat in the front row, holding a scarf for a soccer team from his native Beijing. 
When he received the microphone to address Marbury, he could utter only a few sentences before succumbing to tears.
He said he had watched almost all of Marbury's games as a teenager and was overcome by standing face to face with him now. 
Marbury jumped out of his chair and hugged Zhou, welling up as well.
To understand Marbury's changeover, it's important to understand the depths he reached before he left. 
His downfall, he says, began in 2007. 
While his career came apart, he was hit by a burst of losses in his life. 
The Â  coach who helped develop him and his brothers as basketball players at a young age died, and then so did his aunt, and then Â  his father. 
Not soon after, his mother fell ill with pneumonia. 
It was an unsettling sequence of events.
Then his relationship with the Knicks unraveled. 
When Mike D'Antoni took over as coach before the 2008-9 season, Marbury lost his job as the starting point guard and dug into a prolonged fight with the Knicks over how much he should be paid to go away. 
In February 2009, they let him go.
By the time he left for China, he told the students, he was at a low.
""I was depressed,"" he said. 
""I was down. 
I didn't want to live because of the things I was experiencing.""
Going overseas, Marbury said, allowed him to reset. 
He found success on the basketball court and reorganized his personal life. 
As his career prospered, he rejuvenated his Starbury shoe brand, which sells low-price footwear. 
He began selling the sneakers again in 2016, after a seven-year hiatus. 
The shoes range from $15 to $50, he said, and cost about $6 to $20 to make.
He recently struck a deal to get Starbury sneakers into Citi Trends, an American retail chain. 
He intends to play one more year before he retires â he will finish his career with the Beijing Fly Dragons â and said he now considered himself both a C.E.O. and a basketball player, giving equal weight to the two titles. 
But Marbury says he believes he was invited to N.Y.U. not to serve as a role model or a cautionary tale.
""It's more of a story,"" he said. 
""My lane and what's gone on with me.""
He continued: ""The transformation and going someplace else and coming back. 
I think people having the opportunity to see what I've been able to do going abroad and coming back to America and they can look at that and say, âYou can do that.'""
Certainly, Marbury has a story that perhaps has some more surprises ahead.
Stephon Marbury, the former Knicks player and a basketball star in China, speaking with students at New York University. 
DOUG FEINBERG/ASSOCIATED PRESS",5,nba,TRUMP,Trump (2017-2020),CATEGORY_3,"nba, won, league"
Table for Two (Countries).txt,"ï»¿
When the game of table tennis became the focus of diplomatic efforts to defuse Cold War tensions between the United States and China, no detail was too small to warrant careful scrutiny. 
As Nicholas Griffin demonstrates, in a book filled with well-chosen examples, the Chinese team visiting Colonial Williamsburg in 1972 was comfortable eating apple pie and singing ""Home on the Range."" But ""Row, Row, Row Your Boat"" was dicier: the line ""life is but a dream"" was politically incompatible with the teachings of Chairman Mao. 
Thanks to some fancy footwork on the part of a translator, the line quickly turned into ""life is full of steam.""
The team was en route from Virginia to Washington to meet President Richard M. Nixon, who had ordered a heavy air assault on the port of Haiphong in North Vietnam, China's ally. 
One purpose of Ping-Pong diplomacy, as it came to be known, was its way of spreading good will and distracting both nations from such things.
As Mr. Griffin explains, the whole idea of Ping-Pong as a political tool can be traced back to one English-born Soviet spy with a passion for the game. 
Ivor Montagu was born in 1904, a very bad year in Ping-Pong history. 
The game had been enough of a fad to inspire awful poems (""Pingpongitis"" is quoted here) and silly alternative names, among them whiff-whaff and gossima. 
But the fad ""burst like a soap bubble into nothingness"" that year, and that wasn't the worst of it. 
At the start of the Russo-Japanese War, according to Mr. Griffin, two Russian ships were crippled by Japanese forces because their crews were distracted: ""Apparently the Ping-Pong nets were up, all taut and ready: It was only the torpedo nets that had been forgotten.""
The first part of ""Ping-Pong Diplomacy"" describes how Montagu organized and raised the profile of table tennis (which was what the game now had to be called, since ""Ping-Pong"" was trademarked). 
But he was a man of many interests, and his others included film production and Stalinism. 
Montagu was sufficiently multifaceted to baffle MI5 during much of World War II, and the war itself had an ancillary effect of spreading the popularity of table tennis. 
The Red Cross brought it to P.O.W. camps to offset monumental boredom.
The book describes Montagu's reasoning that the game might have a future in Asia. 
In 1935, it was the 12th most popular athletic activity in China, behind jumping rope and home construction. 
But with Mao's rise came an emphasis on physical culture as well as physical labor, and there could be no better game for an airless factory setting. 
Chinese officials were also intrigued by the way Ichiro Ogimura, known as Ogi, became a Japanese good will ambassador in England despite lingering postwar bitterness, by sheer dint of his prowess and sportsmanship. 
His 1954 trip to England was a real coup, according to the Japanese news media, ""much to the astonishment of those who still think that Japan's national sports are cherry-blossom viewing and hara-kiri.""
As China's agricultural policies (defended by Montagu, one of many who chose to override reason for the sake of ideology) led to famine, the idea of a triumphant Ping-Pong team began to seem ever more attractive. 
Top athletes were given star treatment, even while huge numbers of their countrymen were starving. 
As Mr. Griffin explains, they may have sensed where this would lead but were too dazzled by the sudden sense of privilege. 
""The new life was glorious,"" one player said. 
But when Mao's Great Leap Forward was followed by the Cultural Revolution, these players would pay for their privileges.
""Ping-Pong Diplomacy"" builds up to the events of 1971, when an American team was unexpectedly invited to visit China to participate in a table tennis competition. 
The book gives considerable credit to President Nixon, Secretary of State Henry A. Kissinger and Bill Cunningham â a careful China-watcher at the American Embassy in Tokyo who made the quick call that the team's visit would not violate American foreign policy â for taking advantage of an unforeseen opportunity. 
Back-channel talks between the two countries had long been underway, with the status of Taiwan a particular sticking point. 
But the highly publicized visit of these unlikely American emissaries may have accomplished more than years of solemn talks.
Among the many quirks that make Mr. Griffin's account so interesting is the culture clash that ensued â not between the two teams, but within the group of Americans themselves. 
After all, this was 1971. 
Glenn Cowan, the group's heat-seeking hippie, dressed for a visit to Woodstock and let no occasion for self-promotion go unexploited. 
He was also quite open about his marijuana use, to the point of oh-wowing about the chickens he met at a Chinese commune. 
(""They were yellow and really fascinating. 
You don't see them at zoos. 
And they were right up close to me."")
Also involved in the same trip were authority figures aghast at Cowan's antics and a fellow player, John Tannehill, the stern ideologue to Cowan's show-off. 
Cowan's extremely casual approach to chatting with Zhou Enlai is the best-known part of the Ping-Pong diplomacy story.
But in addition to presenting a broad diplomatic tableau and fascinating personal histories, Mr. Griffin is careful to weigh the consequences of what his book describes. 
Glenn Cowan's story is ultimately a bleak one, and Mr. Griffin finds a through line connecting those consequences to Ivor Montagu's original ambitions. 
""Montagu built Ping-Pong for the state,"" he says, ""not the individual.""",5,nba,TRUMP,Trump (2017-2020),CATEGORY_3,"nba, won, league"
"When It Comes to China, Silence Is Golden.txt","ï»¿
The N.B.A., like other American businesses, has shown that it's willing to play by China's rules in exchange for China's money.
""Fight for freedom. 
Stand with Hong Kong.""
Daryl Morey, the general manager of the Houston Rockets, tweeted that message on Friday. 
It's a sentiment that should command broad support in the United States, and throughout the free world.
But the reaction from China, which does not number free expression among its cherished values, was swift and painful for the N.B.A. 
The shoe company Li Ning and the Shanghai Pudong Development Bank ended sponsorship deals with the Rockets; Chinese broadcasters said they would not show Rockets games; the Chinese Basketball Association â led by the former Rockets star Yao Ming â suspended ties with the team.
""There is no doubt, the economic impact is already clear,"" said Adam Silver, the league's commissioner.
Mr. Silver went on to add that he supported Mr. Morey, but ""what I am supporting is his freedom of political expression in this situation.""
The billionaires who control the lucrative basketball league, however, nearly tripped over themselves in their haste to abjure Mr. Morey's remarks. 
The N.B.A., like many large American businesses, is besotted by the opportunity to make money in China's expanding market. 
And the league once again made clear it is willing to obey China's rules to preserve that chance.
The owner of the Rockets, Tilman Fertitta, raced for the traditional refuge of international capitalists â the insistence that business can be segregated from political considerations. 
""We're here to play basketball and not to offend anybody,"" Mr. Fertitta told ESPN.
But it should be perfectly clear that playing basketball in China is political.
Last year, the N.B.A. staged a game in South Africa for the explicit purpose of celebrating the life of Nelson Mandela. 
When the N.B.A. goes to China, that's a statement, too.
It means that the N.B.A. has weighed China's human rights abuses against China's potential as a source of revenue, and it has decided that it can live with state policies like the detention of hundreds of thousands of Chinese Muslims in the northwestern province of Xinjiang.
The owner of the Brooklyn Nets, the Chinese billionaire Joe Tsai, took the opportunity to publish an open letter scolding Americans for talking about the affairs of other nations. 
He also mischaracterized the Hong Kong protests as a ""separatist movement.""
Mr. Tsai's suggestion that people should avoid ""third rail"" issues may well be good manners when visiting a foreign country, but Mr. Morey posted his tweet while visiting Japan â and on a website that is not accessible to the general public in mainland China.
The face of the Rockets, the point guard James Harden, issued a public apology on Monday.
""We apologize,"" he said.
For what, exactly, remained unclear.
Do the N.B.A.'s owners appreciate that their wealth is a product of the freedoms they enjoy in this country?
Does Mr. Harden, the owner of a famous beard, know that Muslims in Xinjiang are not allowed to grow beards like his?
The N.B.A. has an undoubted right to set rules for its work force, but it cannot simultaneously claim to champion free expression â the value of which consists entirely in the right to say what others don't want to hear.
American executives and policymakers initially reconciled themselves to following China's rules by arguing that China's turn toward capitalism, and its exposure to the United States, would gradually lead toward democracy and a greater respect for human rights. 
They argued, in effect, that silence was the most productive form of criticism.
It should now be clear that silence is merely complicity, no more or less.
It is the moral price the N.B.A. and other businesses are paying for making money in China.
The Times is committed to publishing a diversity of letters to the editor. 
We'd like to hear what you think about this or any of our articles. 
Here are some Â  tips. 
And here's our email: Â  letters@nytimes.com.
Follow The New York Times Opinion section on Facebook, Â  Twitter (@NYTopinion) and Â  Instagram.",5,nba,TRUMP,Trump (2017-2020),CATEGORY_3,"nba, won, league"
