file,text,topic_cluster_id,topic_label,era,era_label,topic_category,topic_category_label
"$11.86 Billion Loans to China PEKING, Aug. 24 (AP) -.txt","ï»¿
Foreign governments and international agencies lent China
$11.86 billion from 1979 to 1983
to finance 41 major Chinese
projects, a Government official
said today. 
Gu Ming, deputy secretary
general of China's governing
State Council, was quoted by
the official New China News
Agency as saying China received $2.62 billion of direct foreign investment in the five-
year period.
Chinese State Council Deputy Sec Gen Gu Ming says foreign governments and international agencies have lent China $11.86 billion from 1979 to 1983 to finance 41 major Chinese projects; says country received $2.62 billion in direct foreign investment in five-year period; says contry signed 18 agreements with 27 foreign oil companies in 1983 to explore for offshore oil in 25 Government-designated sectors (S)The money went into 188
jointly owned ventures, 1,047
cooperative enterprises and an
unspecified number of other
projects, he told members of a
national economic conference
in Hangzhou. 
Last year alone, he said,
China signed 18 agreements
with 27 foreign oil companies to
explore for offshore oil in 25
Government-designated sectors. 
The companies invested
$1.03 billion in the projects, he
said. Mr. Gu, who also heads the
State Council's Economic
Legislation Research Center,
said China's new body of economic law was bolstering the
policy of opening the economy
to the outside world. 
He called for strict adherence to regulations in carrying
out the terms of contracts and
said localities are not allowed
to reduce taxes, change foreign
exchange rates or sign agreements in violation of regulations.",1,billion,REAGAN,Reagan (1981-1988),CATEGORY_1,"billion, company, trade"
$550 MILLION CHINA LOAN IS APPROVED BY I.M.F.txt,"ï»¿
The International Monetary Fund today approved a $550 million loan to China, marking that country's largest borrowing from any financial institution.
The Washington-based I.M.F., which makes funds available to countries in balance-of-payments difficulties, said it had approved a so-called standby borrowing arrangement under which China would draw down 450 million special drawing rights (an internationally created reserve asset), equal to $550 million, over the next 12 months.
The fund said that China would also borrow an undisclosed amount from the institution's trust fund, a pool of money raised from the sale of gold. 
It is used to help countries particularly strapped financially. 
The advent of China as a significant borrower at a time when other poor countries are having increasing economic trouble because of higher oil prices could have major financial implications.
China gets $550 million loan approval from International Monetary Fund
Analysts noted that China's demands could reduce funds available for other prospective borrowers. 
China joined the monetary fund and World Bank last year as part of its efforts to draw closer into the world financial and trading network.
The World Bank, the official name of which is the International Bank for Reconstruction and Development, chiefly makes development loans to build up the economies of poorer countries. 
It has not announced any loans to China, but a mission from the bank recently returned from a project study, and a lending program could be announced later this year.
In approving China's request for the $550 million, the monetary fund noted that China had started a necessary stabilization program to reduce inflationary pressures and whittle down a deficit in trade and services.
The fund makes loans conditioned upon a country's adoption of economic measures to strengthen its international accounts. 
An analysis by the fund of China's latest measures concluded that the Chinese authorities had embarked on the proper course.
Â 
Reluctant to Borrow Heavily
Although China's foreign exchange position is believed to be relatively healthy, the Chinese have so far been reluctant to borrow heavily in Western capital markets, especially while interest rates remain high.
Analysts noted, however, that China had already been borrowing more heavily in short-term financial markets, especially in Europe and Japan. 
Proceeds have been used mainly to finance energy developments.
The Chinese authorities began a program of rapid economic expansion four years ago. 
But when the steel mills and other heavy manufacturing operations began costing more than the planners contemplated, the program was sharply scaled back.
Â 
Main Objectives Listed
''The main objectives of the Government's economic program for this year,'' the fund said, ''are the elimination of inflationary pressures, the readjustment of the investment pattern to foster resumption of rapid economic growth and to maintain the current account (trade and services) deficit at a sustainable level.''
The fund noted that priority was now being given to investment in light industry, agriculture and energy. 
Last Saturday China's chief economic planner, Deputy Prime Minister Yao Yilin, announced a program of sharp spending cuts and said the Government intended to monitor supply more closely to improve the economic performance.",1,billion,REAGAN,Reagan (1981-1988),CATEGORY_1,"billion, company, trade"
A Chinese Law On Bankruptcy.txt,"ï»¿
Thirty million Chinese with nothing to do at work are threatened by a bankruptcy law going into effect Tuesday.
Diplomats are divided about whether the law, adopted after years of debate, will force any of China's 400,000 money-losing factories to close.
Some officials have warned of possible unrest if people are thrown out of work in a country with no social security system.
Â 
Yuan Mu, spokesman of the
State Council, said at a news conference on Friday: ''After the bankruptcy law is implemented, some backward firms will go bankrupt and the number of unemployed, currently 2 percent, will rise. 
But the numbers will be small.''
China is allocating 41 million yuan ($11 billion) this year, 15 percent of its total budget, to subsidize state concerns that are losing money. 
The Government hopes to reduce this sum.",1,billion,REAGAN,Reagan (1981-1988),CATEGORY_1,"billion, company, trade"
A Johnny Appleseed Of China Is Honored.txt,"ï»¿
An 83- year-old Chinese man who abandoned his life as a clothing merchant to plant trees in the mountains has been honored by the Government, The China Daily newspaper reported today.
The official English-language daily said the man, Zhang Houla, working alone with a hoe, had planted more than a million trees on 50 acres in a remote valley in Shanxi Province in north-central China.
Chinese Government honors Zhang Houla, 83-year-old man who abandoned life as clothing merchant in '66 to plant trees in mountains of Shanxi Province (S)
Quoting from Outlook Magazine, the newspaper said Mr. Zhang was known as a ''forestry fanatic, madman and savage'' by local people.
In 1966, at the age of 66, he divorced his wife of more than 40 years and left his family to live in a mountain cave and plant trees. 
The report quoted Mr. Zhang's wife as telling neighbors, ''I can't stop him, nor can I stand him.''
He lived mostly on yams and wild herbs, bought no new clothes or shoes and used his own savings to buy seeds and nursery stock.
After Chinese leaders started a nationwide program to plant trees in 1981, Mr. Zhang's efforts finally gained respect. 
Local authorities decided to write his story in the county history book, award him $1,500 and appoint one of his sons as caretaker of the forest.",1,billion,REAGAN,Reagan (1981-1988),CATEGORY_1,"billion, company, trade"
A New Chinese Oilfield.txt,"ï»¿
An offshore oilfield with reserves estimated at 700 million barrels has been found off southern China, the official New China News Agency said today. 
The new field is at the mouth of the Zhujiang River in Guangdong province.",1,billion,REAGAN,Reagan (1981-1988),CATEGORY_1,"billion, company, trade"
A.M.C.-China.txt,"ï»¿
The American Motors Corporation and a Chinese company will begin production today of Jeep Cherokees in Peking, A.M.C. officials said. 
The joint venture company, the Beijing Jeep Corporation, plans to produce 750 Jeep Cherokees by the end of 1985 and about 4,500 in 1986, A.M.C. said. 
The Chinese version of the Cherokee, a four-wheel-drive station wagon, will be virtually the same as those produced in Toledo, Ohio.",1,billion,REAGAN,Reagan (1981-1988),CATEGORY_1,"billion, company, trade"
Advertising_Ogilvy & Mather Plans An Office in Peking.txt,"ï»¿
Sometime in June Ogilvy & Mather Worldwide expects to open an office in Peking, becoming the first American agency with an outpost in the Chinese capital.
It will be a subsidiary of Ogilvy & Mather China that operates in Hong Kong and specializes in advertising in China itself.
The clients involved are General Foods, American Express, Martell Cognac, Nike, Parker Pens, British American Tobacco, Polariod and Boeing. 
As it has since 1980, Ogilvy will continue to work with the state-owned Beijing Advertising Corporation.",1,billion,REAGAN,Reagan (1981-1988),CATEGORY_1,"billion, company, trade"
All the Tea in China_ Price Soars by 400_.txt,"ï»¿
The price of tea in China has soared up to 400 percent this year because an abnormally cold and rainy spring seriously cut production, the Government reported today.
The official New China News Agency said tea bushes in Zhejiang and Anhui Provinces, the country's main producing regions, sprouted late because of the weather, and picking was delayed.
Price of tea in China has soared up to 400% this year because of abnormally cold and rainy spring (S)",1,billion,REAGAN,Reagan (1981-1988),CATEGORY_1,"billion, company, trade"
Aminoil-China.txt,"ï»¿
Aminoil USA Inc. of Houston, a subsidiary of R.J. 
Reynolds Inc., announced its signing of an agreement to buy refined gasoline from the China. 
Under the agreement, Aminoil will import the Chinese gasoline into its Vancouver, Wash., facilities, beginning with a shipment of about 180,000 barrels scheduled early in February. 
An Aminoil spokesman said the company has options on further shipments, but noted that they would depend on market and demand conditions.
Aminoil USA Inc of Houston announces it signed agreement to purchase refined gasoline from China",1,billion,REAGAN,Reagan (1981-1988),CATEGORY_1,"billion, company, trade"
AROUND THE WORLD_China-U.S. Coal Project Is Delayed for 90 Days.txt,"ï»¿
Construction on a huge Chinese-American coal-mining project has been delayed for a further 90 days while the two sides discuss pricing problems, the official New China News Agency said today.
The Los Angeles-based Occidental Petroleum Corporation, headed by Armand Hammer, was to have started work on the mine by July 1 but the project has run into difficulties because of a sharp drop in the world price of coal.
The press agency said Occidental and Chinese officials had agreed to discuss the problem while they continue exploratory drilling and analysis of samples in the northern province of Shanxi.
The agency quoted Mr. Hammer as saying he planned to go ahead with the project, and said the Chinese side was confident a satisfactory solution to the problems could be found.",1,billion,REAGAN,Reagan (1981-1988),CATEGORY_1,"billion, company, trade"
AROUND THE WORLD_U.S. to Help China Build Largest Dam.txt,"ï»¿
The United States and China have signed an agreement under which the Interior Department will help China design the world's largest hydroelectric dam, the department said today.
Experts from the department's reclamation bureau and several private American companies would visit China in late September to help begin designing the Three Gorges project on the Yangtze River, the department said.
US Interior Department reports US and China have signed agreement under which department will help China design world's largest hydroelectric dam, Three Gorges project on Yangtze River; experts from department's reclamation bureau and several private US companies will visit China in September to begin project's design (S)
China will pay all the consultants' costs.
Reclamation bureau engineers helped in early design work on the Three Gorges dam in the 1940's, but the project was shelved in 1947 during the civil war that ended with the Communist victory.
The dam is expected to be able to generate 13 million kilowatts of electricity, more than the 12.6 million kilowatts projected for the Iaipu dam being built by Brazil and Paraguay.",1,billion,REAGAN,Reagan (1981-1988),CATEGORY_1,"billion, company, trade"
"B.P. Abandons Well Off China LONDON, Jan. 10 (AP) - The British Petroleum Company said it had abando.txt","ï»¿
B.P. is operator for a group of companies that signed the first exploration contracts with the Chinese Government under competitive bidding that began in 1982.
The company said the well, which was the first in a three-year drilling program, was drilled to a depth of 11,388 feet and encountered ''indications of liquid hydrocarbons.''
The company declined to give detailed results. 
B.P., which is using only one rig in its South China Sea operations, said the rig would move to a new location in the contract area for exploration.
A B.P. spokesman said that other rigs would be introduced to the area over time and that the group was committed to further exploration.",1,billion,REAGAN,Reagan (1981-1988),CATEGORY_1,"billion, company, trade"
Baldrige_s China Pledge.txt,"ï»¿
Commerce Secretary Malcolm Baldrige said today that China and America ''have great potential together'' and promised to help accelerate Western screening procedures for United States high-technology equipment destined for China.
He made the pledge in a toast at a welcoming banquet given by Zheng Tuobin, minister of foreign economic relations and trade.
The two men will be co-chairmen of the third conference of the China-United States Joint Commission on Commerce and Trade that will be held Monday and Tuesday. 
The Chinese are expected to complain about high-technology barriers.
United States Commerce Secretary Malcolm Baldrige, in China as co-chairman of third conference of China-United States Joint Commission on Commerce and Trade, says China and United States have great potential together; promises to help accelerate Western screening procedures for United States high-technology equipment destined for China (M)
Mr. Baldrige, who arrived Saturday, noted that at the first commission meeting in Peking two years ago China's main concern was United States red tape blocking exports of computers and other sophisticated equipment.
''We said then that we had decided to speed it up - it would be good for both of us - and I think the results have shown very clearly in the last two years that we've been able to make tremendous progress on that score,'' he said.
''Now those problems on technology transfer center more outside the United States than they do inside.
''But I will promise you that we will devote the same effort to solving those problems and getting them behind us as we did to the problems we had originally, and I think we will succeed just as well on that score also.''
The problems Mr. Baldrige acknowledged now come from Cocom, which stands for Coordinating Committee, a Paris-based body run by 15 Western allies that screens high-technology exports to Communist countries to protect military security.
Some orders are delayed for months while Cocom member governments review each application.
China, which seeks most-favored-nation treatment from the United States, is expected to request exemption from Cocom procedures. 
On his May 1983 visit, Mr. Baldrige lifted export restrictions against China on ''dual-use'' technology with military potential.
Mr. Zheng said China's economic development would continue to give impetus to United States trade, which reached a high of $6.07 billion last year.",1,billion,REAGAN,Reagan (1981-1988),CATEGORY_1,"billion, company, trade"
Bechtel in China Accord.txt,"ï»¿
The Bechtel Group Inc., an engineering company based in San Francisco, signed a $3 million joint venture agreement today with the state- owned China National Coal Development Corporation. 
The New China News Agency said the new company, China American International Engineering Inc., would work on coal mines, pipelines, engineering, energy and communications projects.
Bechtel Group signs $3 million joint venture with state-owned China National Coal Development Corp for work on coal mines and other projects (S)",1,billion,REAGAN,Reagan (1981-1988),CATEGORY_1,"billion, company, trade"
Briggs & Stratton In China Venture.txt,"ï»¿
The Briggs & Stratton Corporation has announced a joint venture to build small engines in China with a privately owned Chinese company.
The joint venture, with Chongquing Puling Machinery Works, will produce 10- and 16-horsepower gasoline engines in Chongquing, a city in southwestern China.
George A. Senn, executive vice president of Briggs, said the cast-iron engines would be used for various industrial and commercial purposes. 
He said Briggs & Stratton was the first United States small engine company to engage in a joint venture with the Chinese. 
The agreement was reached after 10 months of negotiations with Chinese officials.",1,billion,REAGAN,Reagan (1981-1988),CATEGORY_1,"billion, company, trade"
Business and the LawTamar Lewin Legal Claims Against China.txt,"ï»¿
ONE of the last acts of the imperial regime that ruled China in 1911 has come back to plague not only the modern Peoples Republic of China but America's State Department and Federal courts as well. 
Depending on how it is resolved, it could become a serious obstacle to trade between the United States and China.
The Qing dynasty, just before it collapsed, issued millions of dollars worth of bearer bonds for the construction of the railroad that runs from Canton to Peking. 
The 1951 maturity date on these Hukuang Railways Sinking Fund Gold Loan bonds came and went, but the bondholders never got paid. 
Many of them now hold the bonds more as curios than as financial paper.
But on Aug. 
21, 1981, Federal District Judge U. W. Clemon of Birmingham, Ala., entered a $41.3 million default judgment for the bondholders. 
China, as has been its custom whenever sued in United States courts, did not show up to defend itself. 
As the old Chinese proverb would have it: ''To enter a court of law is to enter a tiger's mouth.''
Since then, however, China has, for the first time, hired an American lawyer to conduct its defense: Eugene Theroux, of Washington's Baker & McKenzie.
Mr. Theroux, who has had long experience working with the Chinese, has asked Judge Clemon to set aside the default judgment and dismiss the bondholders' claims. 
''It is an odious debt forced on the Chinese by foreign bankers, on terms that were unfair,'' he said.
Mr. Theroux's request to overturn the default judgment is backed by the United States Government. 
Several months ago the State Department filed a statement of interest in which Secretary of State George P. Shultz said the case had become a major irritant in American-Chinese relations.
And in court papers filed last week, the Justice Department told Judge Clemon that allowing the default judgment to stand would exacerbate international tensions and could be ''expected to affect adversely our bilateral relations with China.''
The case is scheduled for argument Jan. 
17.
People familiar with the railway bond case and other pending American claims against China say the question of the default judgment is central to the future of relations between the two countries.
The Chinese maintain that China, as a sovereign government, has no obligation to appear in the courts of another nation.
''The United States has concluded that the Peoples Republic of China's belief that it is immune from judicial proceedings, including any obligation to appear and argue that immunity, is strongly held as a matter of principle,'' said the Justice Department in its filing.
As a practical matter, China has a lot to lose if it does appear in court. 
There are many other issues of bearer bonds floating around, some of which have already given rise to litigation in New York and Pittsburgh. 
So if China defends itself in the Birmingham case but loses, it would likely face a flood of legal claims in this nation, and fighting these would require considerable resources.
On the other hand, if China does not get the railway bond case dismissed, lawyers for the bondholders have said they will try to collect on the default judgment by attaching Chinese bank accounts and assets in this country.
The railway case could have ramifications well beyond the bond claims, too.
As Chinese exports to this country increase, so do product liability claims against the Chinese Government. 
So far, the Chinese have not been defending themselves in such actions. 
In the most publicized case, a 17-year-old boy whose right eye was injured by defective Chinese fireworks sued. 
The Chinese never appeared in court to defend the case, but the claim was apparently dropped after a secret out-of-court settlement.
Still, as China does more business in the United States and as such suits proliferate, most observers believe that China will have to come to grips with the American judicial system.
''As the Chinese come into this world and work with us, they ought to recognize their contractual obligations,'' said Edward Sills, the lawyer who filed the New York bond litigation against China. 
''Under international law, there is sovereign immunity for acts of state, but there is a very clear limitation on sovereign immunity when it comes to commercial transactions. 
The Chinese are really hung up more on the political question than the legal one. 
The Foreign Sovereign Immunities Act clearly indicates that the raising of money through a bond issue is a commercial transaction.''
As his court filings point out, however, the Foreign Sovereign Immunities Act was passed in 1976, long after the bonds had been issued.",1,billion,REAGAN,Reagan (1981-1988),CATEGORY_1,"billion, company, trade"
C.I.A. STUDY FINDS CHINESE ARMY STILL OUT OF DATE.txt,"ï»¿
China's military modernization program is making ''limited progress'' but still has far to go before Peking attains fully modernized armed forces, according to Central Intelligence Agency analysts.
Their report was part of a compendium of papers issued today by the Congressional Joint Economic Committee, assessing China's drive to upgrade its industry, agriculture, military forces and science and technology.
Represenative Henry S. Reuss, Democrat of Wisconsin, chairman of the committee, noted that despite advances since the death of Mao in 1976, ''China faces serious economic problems.''
WASHINGTON, Aug. 
25 (AP) -China's military modernization program is making ''limited progress'' but still has far to go before Peking attains fully modernized armed forces, according to Central Intelligence Agency analysts.
He added: ''Agricultural production is barely keeping up with the population. 
Oil production peaked in 1979 and has been declining, and energy can be expected to be a constraint on growth for the next few years.
''The defense burden has been rather moderate, outlays having been reduced or kept level in the past several years. 
But there are pressures to increase defense allocations. 
Such a change in policy could have serious consequences for the economy.''
The question of Chinese military modernization has emerged as a particularly sensitive issue in the past few years, since the United States moved to establish full diplomatic relations with Peking and restrict official ties with Taiwan.
Under the terms of a joint United States-Chinese communique issued on Aug. 
17, the Reagan Administration agreed to limit American arms sales to Taiwan but set no date for a full cutoff.
John C. Holdridge, Assistant Secretary of State for East Asian and Pacific affairs, subsequently went before a House subcommittee to offer assurances that the United States could move ''quite rapidly'' to assist Taiwan in case it was threatened by an attack from the mainland.
In the Joint Economic Committee publication, two C.I.A. analysts, Sydney H. Jammes and G. Lawrence Lamborn, wrote that ''although China's defense modernization is still in an early stage and undoubtedly faces severe tests, the program is making limited progress.''
But they said the program would be successful ''only if the nation enjoys prolonged political stabilityI, retains access to foreign capital and technology, avoids costly foreign military campaigns and moves forward in higher priority efforts to modernize agriculture, industry and science and technology.''
Peking's drive to upgrade its military forces has been spurred by strong apprehension over Soviet military intentions in Asia. 
However, Mr. Jammes and Mr. Lamborn noted that ''China evidently views the Soviet Union as a long-term rather than as an immediate danger, and defense modernization probably will continue to hold the lowest priority among the 'Four Modernizations.'
''
While Chinese armed forces should achieve ''limited gains'' by 1985, the analysts said, ''weaknesses in China's electronics industry will prevent the widescale introduction of new radars, sonars and other electronic equipment.''
They added: ''Tactical mobility and logistical support will continue to be hampered by shortages of vehicles and by limited capacity for repair and maintenance. 
And although new ground force equipment such as air defense and antitank missiles will appear in limited numbers, their production will fall far short of P.L.A. needs.''
The P.L.A. is the Chinese Army.
Another specialist on the Chinese military, Thomas W. Robinson of Georgetown University, wrote that the Peking leadership has apparently decided to ''persevere along traditional lines, making internal improvements only when it can be demonstrated that total costs will not rise drastically.''",1,billion,REAGAN,Reagan (1981-1988),CATEGORY_1,"billion, company, trade"
CAPITALISM KEEPS A TOEHOLD IN CHINA.txt,"ï»¿
HE BIN rarely leaves home without his Great Wall credit card. 
One of this city's most successful entrepreneurs, Mr. He uses China's latest status symbol with a casual confidence that belies the long hours and political uncertainties he faces.
Five years ago, he was a disgruntled worker in a state shoe factory. 
''I had a skill to make shoes and run a shop,'' he said. 
''The factory 'big bowl' system was not for me.''
The ''daguofan,'' or big bowl, refers to the system of paying workers in state-owned factories a fixed salary regardless of ability or ambition. 
Although the overwhelming number of Chinese still work for the state, Mr. He and hundreds of thousands of others struck out on their own in the early 1980's when the political climate changed under Deng Xiaoping.
The entrepreneurs now hope their careers are not short-lived. 
As hard-line Communist Party leaders reassert rigorous adherence to socialism, the fate of private business in Canton and elsewhere in the country will be the ultimate measure of China's commitment to economic reform.
Mr. He suffered in a previous era of dogmatic socialism. 
''My father began a shoe business in 1921,'' he said. 
''We kept in business until 1958. 
That year, they closed the shop and I went to work in a leather shoe factory.''
In 1958, Mao Zedong launched a three-year effort to accelerate the country's economic growth by creating huge agricultural communes and backyard industries. 
A catastrophic famine resulted in which 30 million people may have died. 
Throughout this period, and the calamitous decade of the Cultural Revolution that ended in 1976, Mr. He and his family lived in the former shoe store on Wanfu, or Ten Thousand Happiness, Street.
In 1982, Mr. He was given the opportunity to begin again. 
He borrowed money from a bank and opened a small shop, which was successful from the start. 
''Before I opened the shop I was worried,'' he said. 
''The first day I sold more than 20 pairs of shoes. 
I didn't expect that at all.''
Unhappy with the quality and styles of state-produced shoes, Mr. He built a factory to make Western-style laced bankers' shoes, slip-ons and women's pumps with delicate leather ribbing. 
$135,000 a Year Today, he said, he and his wife sell about $135,000 worth of shoes a year, an immense sum by Chinese standards. 
''We can turn out a new product in three days,'' he said. 
''It may take the state three months to produce a new shoe.''
There are 50 other independent shoe makers in Canton, he said, and probably 350 private shoe shops.
From the watch repairer's small case on the back of a bicycle to Mr. He's shoe factory, more than 150,000 people work in private businesses in the southern province of Guangdong. 
Private restaurants and clothing stores compete side by side with state-run counterparts. 
Canton's proximity to Hong Kong, which is 85 miles away, and its distance from Beijing, which is 1,200 miles away, have nurtured a self-assured independence in economic life that is unknown in the north.
Cases in Mr. He's shop display the 150 styles of shoes he sells at prices about 10 percent higher than those in state stores. 
There are padded benches - unheard of in state stores - for waiting customers.
''People's living standards are higher,'' Mr. He said. 
''They require quality products.''
Indeed, officials agree that the purchasing power of the Chinese has grown tremendously as a consequence of economic liberalization.
Mr. He's shoes are made in a four-story red brick building that also serves as his home and a dormitory for 18 of his workers. 
He borrowed about $27,000 from a bank to build it and expects to have the loan repaid in three years. 
He said his workers earn about $18 a month, about double what state shoe workers get. 
He also provides housing for his employees and is responsible for their medical fees.
Despite his success, Mr. He admitted that the vagaries of the political climate could affect his and other private concerns here. 
''But so far,'' he said, ''the political changes in Beijing have had no effect.''
A top provincial official said there was no turning back on the economic liberalization. 
''We have been carrying out the correct policy,'' said Xu Zhi, Canton's deputy secretary general. 
''We will not slow down on economic reform.''
In any event, Mr. He said, there was nothing else to do but to work hard. 
''Since 1982 until now, I have been open every day,'' he noted. 
''I am open 13 hours a day. 
I have never closed for even one day.''",1,billion,REAGAN,Reagan (1981-1988),CATEGORY_1,"billion, company, trade"
China Acts on Joint Ventures.txt,"ï»¿
China issued new economic regulations today aimed at attracting greater foreign investment by giving more preferential treatment to joint ventures.
Several Western business sources here thought that the new regulations, which were made public by the State Council, contained little that was new because many of the announced changes had already been quietly put into effect.
But the announcement promised to reduce the confusion that has persisted among Western investors about their rights and obligations in joint ventures with Chinese companies controlled by the state.
China issues new economic regulations aimed at attracting greater foreign investment by giving preferential treatment to joint ventures; new rules are aimed at reducing confusion that has persisted among foreign investors about their rights and obligations in joint ventures with Chinese companies controlled by state (M)
''It's comforting that we have it spelled out,'' a United States representative said.
The new regulations, which supplement China's first joint venture law promulgated in July 1979, apply generally to enterprises that combine Western capital and technology with Chinese factories and labor.
Â 
Exemption for Some Imports
Among other changes, the latest regulations exempt certain imported materials from customs duties and industrial and commercial taxes. 
Previously, Western investors were technically liable for duties on what they imported to make a product in China. 
The products made for export are also now formally exempted from the nation's consolidated industrial and commercial tax.
The purpose of the joint ventures has been to generate foreign currency for China by producing quality goods for export, and investors have been prohibited or strongly discouraged from marketing them inside the country. 
Now joint venture products that China urgently needs or would otherwise import can be mainly sold in the domestic market.
The new legislation now authorizes the department responsible for the joint venture to resolve any foreign- exchange imbalance caused by domestic sales, though it does not specify how. 
The new legislation also stipulates that disputes between the foreign and Chinese partners can be arbitrated in the country where the sued party is situated or in a third country if both sides agree. 
While the Chinese may still insist that disagreements be arbitrated in China, this gives an appearance of greater leeway for the foreign investor.
Â 
Directors' Status Recognized
The board of directors of a joint venture is now regarded as its highest authority and is empowered to make all major decisions under the latest regulations. 
Government departments in charge may offer guidance, assistance and supervision but not actual leadership.
''This provision reflects respect for the right of a joint venture to do business independently,'' Yuan Mu, a State Council spokesman, was quoted as saying at a news conference.
A report on the new regulations on joint ventures circulated today by the official New China News Agency did not clarify some problems that have perplexed Western businessmen.
For example, there was no mention of a requirement that Chinese management be paid on a par with Western executives in the joint venture. 
The Government has the habit of siphoning away most of this Western salary, leaving the Chinese manager with little more than the local prevailing salary.
Some Western businessmen said they were waiting to see to what extent the new rules would make it easier to do business in China. 
''The big question still is: How will it work in practice?'' one American said.",1,billion,REAGAN,Reagan (1981-1988),CATEGORY_1,"billion, company, trade"
China Aids Light Industry.txt,"ï»¿
The Chinese Government is making more loans to develop a diversified rural economy, according to Li Fei, vice president of the People's Bank of China. 
The New China News Agency today quoted him as saying the funds were supporting light industry and the output of consumer goods, mostly bicycles, sewing machines and watches.
Chinese Government is making more loans to develop diversified rural economy",1,billion,REAGAN,Reagan (1981-1988),CATEGORY_1,"billion, company, trade"
CHINA ALTERS TAX ON IMPORTS.txt,"ï»¿
China, in a step aimed at encouraging imports of foreign products needed for its modernization campaign, today reduced customs duties on 149 categories of industrial equipment and raw materials.
At the same time the State Council, the ruling Government body, raised tariffs on other items of equipment that China already produces.
Import duties were lowered on timber and timber products, rubber, leather, pulp and paper, as well as on raw materials for China's energy industry. 
Tariffs were also reduced on some machinery, parts and accessories used in the textile and other light industries, which the Government is trying to strengthen.
China reduces customs duties on 149 categories of industrial equipment and raw materials
In announcing the adjustments, the official New China News Agency did not disclose the new tariff rates, which it said applied to 16 percent of the total number of items subject to duties.
Â 
A Ban on Exemptions
In a related decisio n likely to affect West ern companies doing business with China, a spokesman for the Gene ral Administration of Customs said that, in general, no customs exe mptions would be granted to foreign companies and that they wo uld not be permitted to write any such exemptions into their contract s with Chinese enterprises.
Today's tariff actions followed a confirmation by a prominent Chinese foreign trade specialist that China would continue to import essential foreign technology and equipment to develop its economy.
Zhou Jiannan, a deputy minister of the Administrative Commission on Import-Export Affairs, said in the latest issue of China's foreign trade magazine that such imports would include equipment for the transportation and energy sectors and the textile and other light industries.
Â 
More Selective About Imports
Officials have said that China will become more selective in buying foreign products, concentrating on advanced technology and machinery that it cannot yet manufacture domestically. 
China will also be more diligent in seeking attractive terms, including lowinterest credits, and joint ventures, they add.
Examples of the kind of imports that China is seeking have included coal-mining equipment from Britain, Japan and West Germany, worth about $800 million altogether, Japanese electronic technology to make color television and sophisticated shipbuilding equipment.
To solicit more investment funds, the People's Bank of China announced earlier this week that it would raise interest paid on deposits to a maximum of 7.92 percent annually for an individual deposit fixed for five years. 
Deposits by overseas Chinese would earn a maximum of 8.28 percent annually for five years. 
The new rates are to take effect April 1.
The bank did not say what its new lending rate would be, but said the rates would be higher for joint ventures with foreign partners than for strictly domestic enterprises.",1,billion,REAGAN,Reagan (1981-1988),CATEGORY_1,"billion, company, trade"
China Assails Graft in Party.txt,"ï»¿
The Communist Party harshly criticized undisciplined members today and said they were helping to increase inflation and corruption that threaten economic change.
A front-page editorial in the party newspaper, the People's Daily, accused local party organizations of trying to profit illegally from inflation and short supplies and ignoring orders from Beijing to reduce spending.
''Those who don't abide by the party's discipline must be punished,'' the editorial warned. 
The harsh indictment was probably approved by the party's policy-making Central Committee, which began a private, five-day session Monday.
The session is expected to approve a two-year moratorium on a program phasing out price subsidies and to also endorse measures to control inflation and capital construction.
China's Supreme Court, meanwhile, ordered lower courts to punish officials found guilty of profiteering and speculation. 
It ordered an end to fines and said that instead criminal charges should be brought against those found culpable.
Inflation has soared from about 7 percent last year to more than 20 percent this year. 
Overspending by Government offices and state-run factories, and widespread speculation, have been major factors, although the issuing of too much currency and too loose credit are also to blame.
Â 
An Active Black Market
Reports appear in the official media almost daily about local Government officials and factory managers, many of them party members, who bought goods at state-subsidized prices and resold them on the black market for huge profits.
The People's Daily editorial warned party members to put the collective good above individual profit. 
It emphasized that ''the individual must submit to the organization'' and lower-level party organs to higher ones.
''We must enforce party discipline to guarantee the benefit of the whole,'' it said. 
''Strict discipline and unanimous action are good traditions of our party.''",1,billion,REAGAN,Reagan (1981-1988),CATEGORY_1,"billion, company, trade"
China Assails U.S. on Trade.txt,"ï»¿
The Chinese Government accused Washington today of delaying approval of the sale of technology products to China and said that, as a result of this policy, the United States was missing out on export opportunities.
An editorial in the official Beijing Review magazine said the United States approved less than two-thirds of the technology exports for which China applied last year.
It added that the United States was maintaining unwarranted restrictions on the transfer of technology.
The editorial appeared on the eve of a visit by Commerce Secretary Malcolm Baldrige, who will be co-chairman of the fifth session of a joint commission on commerce and trade that will review trade relations between the two countries.
The editorial said continuing trade restrictions should have been lifted after the United States in 1983 moved China into a less-restricted category for sensitive technology items.
But the editorial charged that the United States at times approved technology sales only after learning that other countries were selling the same items to China, or delayed approval until what China finally received ''had become relatively backward.''
The American Embassy declined to comment. 
But a Western diplomat said the editorial voiced concerns that had been expressed by American manufacturers who say they lost business to companies from other industrialized countries with less restrictive export policies.",1,billion,REAGAN,Reagan (1981-1988),CATEGORY_1,"billion, company, trade"
China Assays 5-Year Plan.txt,"ï»¿
China today declared its current five-year economic plan to be a success, setting the scene for the introduction of the next five-year plan sometime over the next two weeks.
The official Economic Daily said most of the targets in the current plan, drawn up to guide economic development from 1981 through 1985, were surpassed one or two years ago.
The new plan, covering development from 1986 through 1990, will be approved at a Communist Party meeting later this month. 
Western analysts said it would mark an important new stage in the efforts of Deng Xiaoping, the Chinese leader, to revitalize the economy.
The Economic Daily said wages, industrial and agricultural production, new housing and disposable income had all risen by more than the targeted amount during the first four years of the current plan.
But the publication pointed to four problem areas: overinvestment in capital construction, supplies of consumer goods running behind demand, transportation bottlenecks and a lack of coordination among heavy industries resulting in waste.",1,billion,REAGAN,Reagan (1981-1988),CATEGORY_1,"billion, company, trade"
China Business Program Is Set.txt,"ï»¿
The Columbia Business School is cooperating with the University of International Business and Economics in Beijing to establish an executive program on joint-ventures management in China.
The program, announced this week by Columbia, is aimed at teaching Chinese business managers some American management methods and helping American executives understand how business works in China, particularly when joint ventures are involved.
''The People's Republic is beginning to sustain one of the highest economic growth rates in the world,'' said E. Kirby Warren, acting dean of the business school. 
''There will be a great need for well-trained managers and executives with responsibility for the management of joint ventures in China.''
The program is expected to begin this fall.
Columbia's part of the effort will be coordinated by the school's new Center for Chinese Business Studies and will be financed in part by a grant from E. I. du Pont de Nemours & Company. 
The China International Trust and Investment Corporation will pay for China's part of the costs.",1,billion,REAGAN,Reagan (1981-1988),CATEGORY_1,"billion, company, trade"
CHINA CAUTIOUSLY INCREASING ITS WORLDWIDE INVESTMENTS.txt,"ï»¿
China, on the eve of Premier Zhao Ziyang's first visit to the United States, is testing the waters of international capitalism.
The experiment, which began on a significant scale only last spring, is being conducted worldwide. 
In the United States, for example, the Chinese province of Guangdong has invested in a meatpacking plant in Clive, Iowa. 
The China International Trust and Investment Corporation has taken a 19 percent interest in Santec, a personal computer company based in Amherst, N.H. 
And the China National Metals and Minerals Import and Export Corporation has joined the Wheeling-Pittsburgh Steel Corporation in an international joint venture to trade metals and minerals.
Outside the United States, China is negotiating investments in potash mining in Saskatchewan and wood pulp manufacturing in British Columbia; has bought into a forestry project on the Solomon Islands and has invested in fisheries in Sri Lanka.
According to a State Department estimate, the overall value of such investment abroad by Peking may be as high as $1 billion when Hong Kong real estate is included. 
But analysts say the figure is certain to rise as China becomes more comfortable with the hurly-burly ways of capitalist markets.
Â 
Display of 'Unusual' Confidence
''It shows a confidence by Peking in the international economic system that is certainly unusual for a Communist government,'' said one Administration foreign trade official who asked not to be identified. 
''It also shows a confidence in their own abilities to get out and play with the big boys.''
The issues of bilateral trade and investment are expected to be major topics during the Chinese Prime Minister's visit to the United States and Canada. 
Mr. Zhao, who will be the highest ranking Chinese official to visit Washington since China's leader, Deng Xiaoping, came here in 1979, is expected to sign an agreement on industrial cooperation while in Washington. 
Mr. Zhao left Honolulu today after a day of sightseeing there, and was scheduled to arrive in Williamsburg, Va., early Monday to continue his North American tour. 
He is scheduled to meet with President Reagan on Tuesday.
According to one American official, a nuclear-technology exchange agreement could also be reached during the Chinese Prime Minister's three-day visit to Washington. 
Such a treaty would permit American companies to sell nuclear power reactors to China, which has an ambitious program on the drawing boards to increase electric power generation for several of its major cities.
American analysts say the Chinese have several specific objectives for their investment and trading program: to improve their technical and management skills; raise foreign exchange earnings; get around protectionist barriers that are rising in many of their markets, and secure a stable source of supply of raw materials.
This investment abroad coincides with a rising interest by American companies in joint ventures in China and a new concentration by both Governments on concluding a treaty defining rights and obligations of investors in both countries.
American industrialists see important markets developing in China as it continues with ambitious expansion programs aimed at quadrupling output by the year 2000.
Last year, 20 American companies - including Squibb, Occidental Petroleum, American Motors and Minnesota Mining and Manufacturing - announced expansion moves in China. 
According to the National Council for United States-China Trade, a body with a membership of 500 American companies that facilitates trade with China, the overall stake of the 20 companies is about $100 million.
Along with two-way investment, two-way trade is also picking up. 
According to the council, trade between the two nations could reach a record $5.5 billion to $6 billion this year compared with $4.4 billion last year. 
The rise will be led by growing sales of American capital goods and wheat, the council says.
To date, American companies have been faring well in the China market, Over stiff European, Canadian and even Russian competition, for example, General Electric recently won a contract to provide 200 diesel electric locomotives for Chinese railroads, which will add more than $200 million to the export total this year.
Â 
Big Honeywell Order
And under recently relaxed Washington guidelines for the sale of American high technology goods to China, Honeywell recently won clearance to sell $23 million worth of personal computers.
According to figures filed with the International Monetary Fund, which it joined in 1980, China has accumulated some $20 billion in foreign exchange and gold reserves in recent years. 
But many analysts expect that the reserves may quickly decline as China gets deeper into its domestic industrial expansion programs. 
According to its own estimates, China may be spending as much as $50 billion by the end of the century to expand coal production and $20 billion on offshore oil development.
Some of the expected slack is likely to be taken up through development loans, however. 
With strong American backing after the restoration of full diplomatic ties in December 1978, China became a member of both the International Monetary Fund and the World Bank in 1980 - accepting their disclosure requirements.
Â 
$1 Billion World Bank Loan
China has already received about $1 billion in loans from the World Bank. 
Senior bank officials, such as David W. Berk, acting division chief for China programs, and Edwin R. Lim, senior economist for East Asia and the Pacific region, project that China's borrowing could rise to $2 billion a year in the second half of the 1980's.
Meanwhile, Peking has been putting its huge currency reserves to work in both direct foreign investment and the capital markets.
The China International Trust and Investment Corporation, the vehicle for much of the foreign investment, recently drew $100 million from Tokyo capital markets. 
The Development Corporation of Fujian Province, just across the Formosa Straits from Taiwan, also borrowed around $20 million in Tokyo recently.",1,billion,REAGAN,Reagan (1981-1988),CATEGORY_1,"billion, company, trade"
CHINA COUNTS ITS QUARTER OF THE WORLD_S NOSES.txt,"ï»¿
China has begun the largest census in history in a meticulous effort to discover just how many people it has. 
The Peking Government claims about a billion citizens out of a total world population of 4.5 billion, though officials concede that no one knows the exact number of Chinese.
The census drive, which started Thursday and was preceded by a publicity campaign with banners, colorful posters and loudspeakers urging cooperation, is ostensibly a response to a 1974 United Nations call for all countries to undertake a new census before 1985.
But with a baby born in China every 2 seconds, articles and speeches here have stressed that the census is crucial to Peking's task of feeding and clothing its population while trying to catch up industrially with the West.
In addition to providing raw statistics needed for a centrally planned economy, the census is expected to indicate how successful China has been in its stringent birth control policies, which are aimed at holding the population down to 1.2 billion by the year 2000.
PEKING, July 5 - China has begun the largest census in history in a meticulous effort to discover just how many people it has.
When Prime Minister Zhao Ziyang went to register his family Thursday, he told the New China News Agency that the census was of great importance for China's modernization program. 
In a televised talk last month, Deputy Prime Minister Yao Yilin described the census as ''a large-scale investigation of national conditions,'' a phrase that has been echoed since by other Chinese officials.
The Communist Government has counted its citizens twice since taking power in 1949. 
Its first census in 1953 revealed 601 million Chinese. 
In the second census in 1964, the population exceeded 723 million.
Both of these figures were tabulated using the abacus, a manual calculator that has been in wide use in China since the Ming Dynasty six centuries ago.
This time, 29 computers are being used to collate the information. 
The computers will be used for final tallies in every province but Tibet. 
The local tabulations will still be done by abacus.
Taiwan is being included in the census, using the Nationalist Government's figure of 18 million inhabitants, in keeping with Peking's claim that the island is its unrecovered province.
Â 
Five Million Census-Takers
On the mainland, the Government has recruited over five million census-takers and supervisors, a contingent larger than the Chinese armed forces. 
Most started today with bundles of questionnaires, traveling by bicycle or foot in the dense eastern cities. 
Other workers set out several weeks ago in sparsely populated regions like the highlands of Tibet and the prairies of Inner Mongolia.
The census-takers and supervisors are instructed to complete their enumerating and checking by mid-July. 
Then over 100,000 data coders and technicians will work for several months feeding the information through the computers.
The preliminary results are to be released next October, with full census data available by the end of 1984. 
China is officially spending $200 million on its census, but that figure must be multiplied several times to give a true picture of the cost.
Â 
21 I.B.M. 
Computers Used
The United Nations fund for population activities also donated $15.6 million for the Chinese to purchase and install 21 new I.B.M. 
4300 computers. 
China is also using eight other Western computers that it purchased earlier.
The computer network will give China the ability to process other economic data that will be needed in its drive for modernization. 
The new census form, which is printed in green ink on paper half as large as a newspaper page, contains 19 questions, as compared with nine questions in the 1964 census. 
In addition to the old categories of name, age, sex, nationality and occupation, the new questionnaire asks women of childbearing age about children they had last year or expect soon. 
Such questions are meant to help evaluate China's birth control program.
Attempts to count the Chinese are hardly new. 
Population surveys have been carried out for thousands of years through successive dynasties. 
By the end of 1981, the State Statistical Bureau reported that China's population reached 996,220,000, an estimate arrived at through the nationwide household registrations checked twice a year.
Â 
Signs of Official Concern
But the Chinese have long been suspicious of the census and once hid for fear that they might be taxed or drafted into the army. 
Last month, Deputy Prime Minister Yao promised that the new census enumeration ''will in no way affect the citizens' rights and interests and obligations.''
Nonetheless, there have been signs of official concern about potential evasiveness, particularly in the countryside where 800 million peasants live. 
Families sometimes do not report a recent death in order to use the extra ration card to get grain or cotton cloth. 
Couples may conceal the fact that they have several children.
In the cities, thousands of Chinese are thought to have drifted back illegally from the countryside, where many were sent during the Cultural Revolution. 
Even some officials may underreport the local population growth rate to meet family planning targets.
People's Daily warned last spring that ''conditions must be reported exactly as they are at the time. 
No hiding the truth or false reporting will be allowed.''
Recently, a Shanghai peddler was fined $6 amid great publicity for having lied about the registration of his children in a trial census last year.
Â 
37,000 Census-Takers in Peking
One census station in the Tianqiao district of southern Peking today offered a glimpse into how the time-consuming enumeration process works. 
Feng Guilan, one of 37,000 census-takers in Peking, sat at a small table checking off responses from Chen @Zhiqing. 
She recorded that Mr. Chen was 52 years old, repaired trucks for a living, had a son and two daughters and that his 46-year-old wife was not pregnant in 1981.
Miss Feng, who is on a two-month leave from her job as a tea salesclerk, filled out the form, read back the responses and then had Mr. Chen sign the form to acknowledge that it was accurate. 
The procedure took about 15 minutes.
The station supervisor, He Qing, acknowledged that the enumeration was starting slowly. 
''We are not so experienced so we are taking only eight households in these first two hours,'' said Miss He, ''but we'll take up to 20 households tomorrow.''
Shen Yiying, a 23-year-old factory worker, came in to register the family for her mother, who she said was illiterate. 
Ma Zhanyu, a 63-year-old retired worker, brought along a paper written by his son to supplement the information in his maroon-bound household registration document.
Mr. Ma, who lives with his grandchildren, said afterward that he had no misgivings about answering so many questions. 
''Our country will have a clearer idea of its population, how many men there are and how many women,'' Mr. Ma said.
Â 
Small Floating Population
Xie Ruibin, who heads the census group of the local Tianqiao street committee, said that his 223 census workers filled out each household's questionnaire themselves to avoid errors and would later take turns checking each other's findings.
He was asked what happened if a census-taker found someone living in Peking without a legal registration or committing some other violation. 
''The main aim of the census is to get a clearer idea of the population, but if irregularities are found out, they will be dealt with by the departments concerned,'' Mr. Xie said.
While the task is likely to be harder in the countryside, Li Chengrui, the director of the census office, said in a recent article that China had one of the world's smallest floating populations, which would facilitate the work.
The Chinese Government seems confident that the careful census procedure and the use of computers will leave negligible room for error. 
A pilot census undertaken two years ago in Wuxi, a small city northwest of Shanghai, produced a discrepancy of only 17 onethousandths of 1 percent from previous estimates, while another study in a remote area of Inner Mongolia found a discrepancy of nine-tenths of 1 percent.",1,billion,REAGAN,Reagan (1981-1988),CATEGORY_1,"billion, company, trade"
CHINA ENGAGES HOFSTRA U. TO ARRANGE DEALS WITH AMERICAN COMPANIES.txt,"ï»¿
In an unusual alliance of a world power and a university, Chinese officials signed a contract over the weekend that establishes Hofstra University as a deal maker for China.
The agreement calls on Hofstra to form a corporation, headed by its top academic dean, to seek companies who want to market products or enter joint ventures in China. 
Chinese officials, 15 of whom were in New York, said yesterday that they planned to negotiate this week with several companies in the region that could help revitalize China's aging industries.
Hofstra officials likened their role to that of investment brokers, and said the university would receive a commission for each agreement it negotiated between China and a United States business.
Chinese officials sign contract with Hofstra University that calls on Hofstra to form corporation to seek companies that want to market products or enter joint ventures in China; Hofstra officials say university will receive commission for each agreement it negotiates between China and a United States business (M)
''I admit that it sounds like an unusual role for a university,'' said James M. Shuart, president of the university, in Hempstead, L.I. 
''But our academic goal is to make direct contact with the intellectual circles in China, and this facilitates the effort.''
In time, he said, Hofstra's new International Trade Development Corporation, run from the dean's office on campus, ''should also produce us some significant revenues'' that ultimately could total several million dollars.
Â 
Aid to Other Nation Unusual
The agreement appears to add a new, international twist to the growing links between universities and businesses. 
While several major universities have signed agreements with corporations, including foreign concerns, to sponsor campus research, academic officials at several schools said they knew of no other university that was helping a foreign nation import technology.
''It's a very unusual activity, as far as I can see,'' said Gerald Lieberman, vice provost and dean of research at Stanford University, which has had extensive ties with Chinese scholars. 
''All universities are seeking means of finding new sources of funds, but this is an unusual technique.''
The Hofstra agreement was negotiated with the China Association of Science and Technologies, an organization representing hundreds of professional, scientific and engineering groups in each of China's provinces. 
It was the second time in two months that the association had signed agreements with an American university: In September, the group agreed to a joint research-and-development effort with the Georgia Institute of Technology.
Yesterday in New York, the vice chairman of the China Association, Wang Shuntong, said he did not know whether the group would pursue agreements with other universities.
Â 
Two Agreements Reached
''In China, we have a series of interests,'' Mr. Wang said through a translator, ''in electronics, biotechnology, new materials and some conventional technologies. 
We are trying to develop mutually beneficial arrangements that will be helpful in the technological renovation of existing industry in China.''
Mr. Wang would not specify the technologies most sought after by the Chinese Government. 
But Robert C. Vogt, dean of the College of Liberal Arts and Sciences at Hofstra and president of the university's new corporation, said agreements have already been reached with two New York companies. 
One is Vicon Industries Inc., a maker of closed- circuit television surveillance equipment, and the other is Cayron Corporation, a maker of computer equipment used in the broadcasting industry. 
Negotiations are under way with a hearing-aid manufacturer and with numerous electronics and computer technology companies, he said.
''What we have discovered is that a lot of the stuff that China wants is not on the cutting edge of technology,'' Mr. Vogt said. 
But the Chinese, he said, have had difficulty finding and negotiating with the many small and medium-size advanced-technology companies here.
''The large, visible companies like I.B.M. and A.T.&T. have offices in China, and the ties are strong,'' Mr. Vogt said. 
''But the rest of American industry is more of a mystery, and our job is to put people together.''
Hofstra's agreement, signed Saturday before a dinner on the campus for the Chinese delegation and Long Island executives, grew out of a five-year exchange program. 
In addition to traditional exchanges of faculty and students, Hofstra placed several Chinese engineers - all fluent in English and trained before the Cultural Revolution of the 1960's, which destroyed much of China's science training - in Long Island businesses.
''We think it is time to extend our efforts,'' said Yu Qiyu, director of the New Technology Development Center, the arm of the China Association that is acting as the liaison with Hofstra. 
''We have a new policy of openness,'' he said, which has made 14 coastal cities and four economic trade zones accessible to foreign businesses.
Â 
Special Licenses May Be Needed
Â 
Â 
Â 
But that accessibility comes at a time when the Reagan Administration, through export- control legislation, has been cracking down on the shipment of high-technology goods and knowledge to Communist countries. 
Mr. Vogt acknowledged that some of the technology sought by the Chinese, such as earth satellite stations, could require specialized export licenses, but said ''the majority should sail through.''
The Hofstra agreement appears to differ from corporation-university arrangements that have prompted debate about conflict-of- interest problems on other campuses in recent years. 
Neither the Chinese Government nor outside companies are sponsoring research at Hofstra, for example, so there are no fears that scholars concentrating on basic research could face pressure to focus their efforts on the development of products.
At the same time, Hofstra has said that it plans to use some of its own faculty members as paid consultants to the new Hofstra-owned corporation. 
A similar plan, involving faculty specialists in biotechnology, was rejected at Harvard University in 1980. 
Officials on that campus determined, after heated debate, that it would be inappropriate for the university to have a profit-oriented business relationship with faculty members whom it was evaluating for their teaching and research skills.
''I really don't see that as a problem here,'' said Mr. Shuart, the Hofstra president. 
''This is basically an academic enterprise, and I am sure we can control it.''",1,billion,REAGAN,Reagan (1981-1988),CATEGORY_1,"billion, company, trade"
CHINA HITS ITS STRIDE.txt,"ï»¿
''We are weeping from too many joys. 
We are rid of the shame of the past. 
Our forefathers can feel at ease in their graves.
O, my Motherland, you are no longer a broken bowl in front of an ancient temple.''
THOSE lines are from a poem that a man named Qing Xian recently sent to a Canton newspaper. 
And, like Mr. Qing, a great many Chinese these days believe that their country's nightmarish past has given way to a new dawn of prosperity and growth beyond their dreams.
Last year the real growth of the Chinese economy - a 13 percent increase in gross agricultural and industrial output, after allowing for inflation - was probably the greatest of any country in the world. 
Nor was that a flash in the pan.
In the past five years since Deng Xioping, the Chinese leader, began his modernization drive and his ''open door'' policy - opening China to the outside world and also opening up the domestic economy increasingly to the gyrations of the marketplace - the nation's total output has grown at an average rate of 10 percent a year.
As a result, economists, foreign businessmen and Chinese officials are coming to believe that China, with its own unique blend of planning and free enterprise, has reached that magic moment in its economic drive - a takeoff into sustained growth. 
So confident are China's new leaders about their nation's forward momentum, that they are even prepared to slow down the pace somewhat, to prevent inflation and an overdependence on imports. 
If China manages to avoid radical political change - and the 81-year-old Mr. Deng has moved to insure continuity by filling key jobs with a group of younger men loyal to him - the strategy, many believe, could succeed.
''They're not yet South Korea or Japan; they're still catching up,'' said Hidetoshi Ukawa, Japan's general consul in New York. 
But concern seems to be growing in Japan and other major Far Eastern exporting nations that the catch-up may come fast, that China may become an awesome economic rival as soon as 20 years from now. 
China, which has relied heavily on imports for consumer and industrial items ranging from refrigerators to trucks, is beginning to churn out its own - for consumption and for export.
And there are ample grounds for expecting China to generate sustained growth. 
On Friday, the World Bank issued a report saying that China's ambitious goal of increasing per capita income to $800, from $450 now, by the turn of the century, stood a good chance of success. 
It said the chances for doing so would be increased if China allowed even more play than it already has for market forces and decentralized decision-making.
There are other signs of optimism. 
Traveling through China this fall, one finds that living standards are rising far faster than anyone had imagined possible and this is itself the strongest reason to believe that the changes inaugurated by Mr. Deng will endure. 
People seem to appreciate what the changes are doing to their lives. 
They are unlikely to give them up.
''We will not get rid of our experiments,'' said Zhang Ge, a young deputy director for the Special Economic Zones at the State Council in Peking. 
''As in the natural sciences, we will learn from them, even when we fail. 
When we get the data, we will go on, we will not stop.''
And Richard Huber, who directs Citibank's operations in Asia, puts it another way: China, he says, is simply ''pretty close to the point of no return'' to the old ways.
But others have their doubts about whether the boom can last - and how much there is in it for foreign businesses and investors, if it does last. 
With several notable exceptions like Citibank, 3M, Exxon, Atlantic Richfield, McDonnell Douglas and I.B.M., American and other foreign companies continue to hold back from major investments in China.
They are concerned that the astonishing reforms that swept this Communist country in the past five years under Mr. Deng could, one day, disappear, propelling China back into an inward-looking and anti-Western stance. 
After all, such xenophobia marked a great deal of Chinese history, and never more so than during Mao Zedong's decade-long Cultural Revolution, which ended in the mid-1970's, shortly before Mr. Deng returned from his second banishment and achieved power in 1978.
Even Chinese peasants seem to fear a return to the older, less capitalistic ways. 
People's Daily, the leading Chinese Communist newspaper, published an article by Zhang Pingli in mid-September, saying that many peasants are so afraid that the Government will change its policy of ''making people wealthy'' that they are hiding their newly earned cash in their homes or putting it in banks far from their home villages.
''Just repeating the words, 'There will be no change,' is not enough to allay the peasants' fear,'' said Mr. Zhang. The peasants, he insisted, ''still need a political and legal guarantee.''
The peasants' concerns have taken on greater significance in Peking because farmers are playing an increasingly important economic role. 
In a land where agriculture accounts for 35 percent of the national income, and 70 percent of the population is rural, Mr. Deng's dissolution of the old system of collectivized agriculture is an important reform. 
Prof. Abram Bergson of Harvard, who recently led a team of Western economists through China, found that the return to China's ancient system of allowing families to farm the land was ''the most far-reaching and dramatic'' of the new developments his team observed in China.
Under the new arrangement, families, free of despotic controls, decide how, when and what crops to produce. 
The families, called ''brigades'' to preserve some flavor of Socialist acceptability, contract with the Government to produce set amounts of particular crops and are free to sell what they produce above those amounts in the open market and retain the cash they earn. 
These strong incentives have produced a surge of farm output. 
Grain production, for instance, has climbed from 305 million tons in 1978 to more than 400 million tons last year.
But China has tackled more than just agricultural problems. 
To foster industrial growth, it has created so-called special economic zones and open cities all around the nation, which Westerners have labeled ''pockets of capitalism.''
The areas, where economic decision-making is decentralized, encourage foreign investment through special tax programs and other incentives. 
''What the Chinese are thinking of is creating a series of Hong Kongs,'' said Mr. Ukawa, the Japanese consul.
As it tries to craft a new and stronger economy, China is determined to make its own rules. 
After witnessing the economic gridlock of Soviet-style Marxism and the failure, during the Mao years, of a rigidly planned economy in China, Peking has forged a sharply different course. 
Out of a poor, backward and Communist nation, it is trying to create a new model for Socialist development - a modern mixed economy where Socialism is coupled with a heavy reliance on market forces.
Prime Minister Zhao Ziyang told last month's Party Congress in Peking that China was already entering a new stage in which the economy would gradually shift from meeting people's basic needs for food and clothing to ''enhancing the quality of their lives.''
By the end of this century, he said, ''the Chinese people will achieve a relatively comfortable standard of living. 
Although this is a gradual process, it is increasingly apparent and we should be fully aware of it.''
One of the keystones of China's plan is to grow by about 7 percent a year for the next five years, a figure that officials are already conceding could be exceeded in practice. 
''A sustained 7 or 8 or even 10 percent growth rate over such a long time is rare in the economic development of any country,'' Prime Minister Zhao said, ''A similar situation has occurred in only a few countries and regions during the 'economic takeoff' stage.''
Only Japan and the ''little tigers'' of the Pacific rim - Singapore, Hong Kong, Taiwan and South Korea - have achieved comparable long-term growth rates, but the mainland Chinese now believe they could do it too.
The goal is to quadruple its gross agricultural and industrial output between 1980 and 2000. 
With its population of one billion growing by just 1.3 percent a year, as China presses its ''one-family-one-child'' policy, annual per capita income is projected to rise to about $800 by the end of the century, a level that would place it among the world's lower-middle-income nations, such as Egypt with $700 in current annual per capita income today and the Philippines with $760. 
China has already moved well ahead of such countries as Pakistan and India, with per capita incomes of $390 and $300, respectively.
And the rise would be striking: Per capita income was only $300 a year in 1980 and is now $450. 
To achieve its quadruple goal for the growth of total national output, China would have to invest an average of 30 percent of its national income each year - an investment rate slightly higher than that of Japan and the ''little tigers.''
The World Bank report released Friday said that if China raised its per capita income to $800, it would be a remarkable achievement almost unparalleled in world history. 
''Only one country - Japan - has indisputably caught up with the developed nations from a position of economic backwardness,'' the report said. 
But, it said China had ''a good chance'' of doing so.
However, the report included some warnings. 
''Unrealistically high growth targets cause fluctuations, shortages and inefficiency, while aiming too low has few adverse consequences,'' it said, offering two other options for more moderate and balanced growth.
The differences among the three options, labeled quadruple, moderate and balance, are in projected overall rates of growth and in their composition and assumptions about efficiency. 
The moderate option, although making most of the same assumptions as the one labeled quadruple, takes a less optimistic view of the future efficiency of China's economy, including slower rates of productivity increase in both agriculture and industry.
In the balance option, the World Bank team proposes giving greater weight to the services sector - especially to commerce and various business and personal services - which would shift the structure of China's economy away from the Soviet pattern and toward the pattern of Japan and other countries at comparable stages of development. 
This would mean improving both the quantity and quality of China's warehouses, shops, vehicles and other equipment and its communications system.
That option would raise employment in services to 25 percent of the labor force by the end of the century, cutting China's capital requirements, allowing a somewhat lower savings rate and permitting a more even growth of consumption and investment.
And, assuming overall national output growing by 6.4 percent instead of 7.3 percent as the quadruple model assumes, following the balance option would raise Chinese living standards just as much, while reducing the strains of forced growth and doing more to improve the quality of life.
China is taking these options seriously. 
''We examined the economic growth rate from various aspects, and calculated it from different points of view,'' Prime Minister Zhao said. 
And he acknowledged that China, with its fast rate of development, has been running into trouble, starting in the fourth quarter of last year and still continuing: ''A number of problems arose, such as an excessive rate of increase in industrial production, excessive investment in fixed assets, overexpansion of credit and consumption funds, sharp increases in some commodity prices and a drop in state foreign currency reserves.''
Already, according to forecasts by Wharton Econometrics, China's growth has slowed, and it will probably go to about 7 percent in 1985 from 13 percent last year. 
Although the 7 percent growth is what China wants for itself in the next five years, the slowdown this year was the result of more than just Government policies: It was also caused by a sharp foreign exchange shortfall and a slowdown in the rate of investment. 
Foreign exchange reserves, for example, which were at a peak of $17.1 billion in the second quarter of 1984, according to the International Monetary Fund, fell to $11.6 billion in June 1985 and reportedly declined further in the third quarter of this year.
Allen S. Whiting, a professor at the University of Arizona, who is a long-time China-watcher and former foreign service officer, points out other hazards that lie in China's path. 
They include the ups and downs of the world economy, to which China is now more exposed, with exports vulnerable to protectionism and imports to price fluctuations; exaggerated hopes of continuous progress that could be disappointed - and exploited by an opportunistic opposition; and natural disasters, such as floods, earthquakes and famines that have plagued China through its history. 
And given the scale of the population and the territory, there are sure to be other setbacks along the way.
But for now, the Chinese are committed to their plan of at least 7 percent sustained growth. 
''If the rate were too high,'' Mr. Deng told last month's Party Congress in Peking, ''that would create many problems that would have a negative effect on the reform and on social conduct. 
It is better to be prudent. 
We must control the scale of investment in fixed assets and see that capital construction is not overextended.''
He said it was important to manage production efficiently, insure quality and seek economic and social returns. 
The contrast with traditional Communist planning, aimed at ''overfulfillment of production norms,'' is striking.
The threat of inflation has alarmed the Government. 
Although official statistics put the rate of consumer price increase at just 6 percent during the past 12 months, unofficial estimates of foreign economists based in China put it much higher - at 10 to 15 percent, with Shanghai calculated at 17 percent.
The decline in foreign exchange reserves has also been worrisome. 
China, remembering its own earlier dependency on foreign capital and observing the development problems facing today's debtor countries in Latin America and Africa, would rather slow its rate of growth than pile up foreign debts. 
And when they decide to crack down on borrowing, they don't waste time: They turn it off. 
Mr. Huber of Citibank says: ''Their financial control system is pretty primitive - it's as though it has just one on/off switch, and either it's on or off.''
Besides concerns about inflation and the loss of foreign currency reserves, another recent development alarmed the Chinese Government and caused it to blow the whistle on breakneck development: evidence of corruption in industry.
The most notorious scandal was on Hainan Island, a designated ''open'' area where local officials were involved in a scheme that used up a lot of foreign exchange for cars and other consumer durables rather than using it for more productive purposes, such as purchases of capital equipment and machinery. 
Hainan is far from being an isolated case. 
The Government recently announced that it was investigating 200,000 ''business companies'' and ''trade centers,'' clamping down on ''unscrupulous profiteering, tax evasion and violation of business regulations.''
The Chinese continue to worry about the moral - or rather immoral - consequences of a freer economic system. 
At the recent Party Congress Chairman Deng warned that ''only Socialism can eliminate the greediness, corruption and injustice which are inherent in capitalism.''
But he did not try to deny the vulnerability of the Chinese. 
''In recent years,'' he said, ''production has gone up, but the pernicious influence of capitalism and feudalism has not been reduced to a minimum. 
Instead, evils that had long been extinct after liberation have come to life again.''
Nevertheless, neither Mr. Deng nor other high officials indicate any intention of reversing course as they try to achieve a more open economy. 
Last week the Shanghai-based World Economic Herald stated that Hainan Island was undergoing ''massive growth'' and that the car-importing scandal would not affect the ''open'' designation nurturing that growth. 
In Peking and in the Special Economic Zones of Shenzhen and Xiamen, officials took a common line in saying that they despised corruption and would do everything to stop it. 
But they denounced party opponents who would use corruption as an argument for trying to reverse Deng Xioping's open-door policy and economic reforms.
Chinese officials, especially in urging foreign corporations to invest in their country, insist that there will never be a change in their openness to foreign investment and the safeguarding of foreign property and rights to repatriate capital and earnings.
Yet some American and other foreign businessmen interviewed in Shanghai insist that serious problems exist for foreign investors, mainly involving the fact that the Chinese Government sometimes breaks a contract it doesn't like. 
The foreign businessmen call for stricter enforcement of Chinese laws protecting foreign investors, and improvement of the laws themselves.
The Chinese are sensitive to the complaints and say ''issues not covered by present laws and regulations may be incorporated into economic contracts stipulating in explicit terms the rights and obligations of both parties.''
The contracts, they insist, once approved by the Chinese Government, ''have full legal effect.''
But bureaucratic snarls or other tie-ups, say the foreign businessmen, sometimes prevent what they thought was a valid contract from getting the approval of the Chinese Government.
The legal situation, according to diplomatic sources in China, is getting better. 
Cyrus Vance, the former United States Secretary of State and now a lawyer in private practice, said at meetings in Shanghai and Dalian that China's legal system was improving, facilitating economic and technical exchanges. 
And Phillipe de Smedt of the Brussels Bar Association told a law seminar in Peking, ''European investors have become more eager to investigate opportunities in China as the Chinese framework of legal and tax regulations has developed more fully.''
But Chinese officials acknowledge that there is still room for improvement.
With an improving legal environment, a growing number of American businesses see enormous market opportunities in China. 
As one cigar-smoking businessman said to another in a recent New Yorker cartoon: ''There's a billion people in China. 
At some point, some of them are going to need agents.''",1,billion,REAGAN,Reagan (1981-1988),CATEGORY_1,"billion, company, trade"
China in Loan to Soviets.txt,"ï»¿
The state-run Bank of China has joined in a syndicated $50 million loan to a Soviet bank, marking the first time China has provided such credit to the Soviet Union, the official China Daily said today.
The daily said the bank was participating in a loan repayable over seven years to the Soviet Vneshekonom Bank. 
Other participants include two banks each from Finland and Denmark and a bank from the Netherlands. 
The report did not say how much the Bank of China was contributing to the loan package.",1,billion,REAGAN,Reagan (1981-1988),CATEGORY_1,"billion, company, trade"
CHINA LAGS ON BUYING U.S. GRAIN.txt,"ï»¿
China appears likely to default for a second year running on its commitment to buy at least six million tons of American grain under a 1980 agreement, according to Western diplomats here.
As it did last year, China is blaming United States textile policies that it contends are discriminatory, though the 1980 treaty contains no linkage between grain and other products.
This time, the Chinese Government is angry about new United States regulations that textile imports must come under the quota of the country where they originate and not an intermediate country where the imports are processed. 
It has demanded compensation for losses incurred by not being able to have Chinese-made apparel finished in Hong Kong.
The United States Government has agreed to consult with China on its complaint after the November elections, according to the Western diplomats, who declined to be further identified. 
The new rules, which were sought by United States manufacturers, have drawn protests from other exporters besides China, as well as American retailers.
(In Washington, an Administration trade official confirmed that discussions with the Chinese were planned.)
Â 
No Sanctions in Treaty
So far this year, China has bought only half as much United States grain as it promised to purchase and has shipped even less. 
The Chinese-American agreement, which was signed in October 1980, commits the United States to sell, and China to buy, six to eight million tons of wheat and corn annually through 1984. 
It does not, however, provide for sanctions in case of violations.
China bought only 3.8 million tons of grain last year, but promised to make up the shortfall this year. 
This adds up to an obligation to buy and ship more than eight million tons of grain in 1984.
According to United States Department of Agriculture statistics, China had bought 4,196,700 tons of wheat as of Sept. 
20 and shipped only 3.16 million tons. 
To meet its pledge, the Chinese Government would have to ship nearly five million tons more within the next three months.
It has shown no sign of doing so and economic analysts here believe such a task would now be impossible.
Â 
Different Motives Seen
Some diplomats in Peking are skeptical about China's declarations that its purchases of United States grain are being reduced to retaliate against the textile import policies.
They believe that China has cut down its purchases at least in part because recent bumper harvests, caused by rural reforms that reward peasant productivity, are meeting more of its domestic needs.
''It has nothing to do with textiles,'' one Western diplomat insisted. 
''The Chinese don't shoot themselves in the foot if they can help it.''
A front page article in the People's Daily newspaper today reported that the harvest of summer grain, mainly wheat, would rise by four million tons in 1984 because of good conditions.
This tallies with Western estimates that China's wheat production would increase from 81.4 million tons last year to about 85 million this year.
China has also diversified its imports by buying cheaper grain from Australia, Argentina and Canada. 
Western diplomats say that the Chinese have ignored a provision of the Chinese-American grain treaty obligating them to scale down purchases proportionately from other countries if they buy less American grain.
A Host of ComplaintsChina has regularly faulted United States trade restrictions for its failure to buy all the grain that it promised. 
Last year, it held back until the two had reached a new treaty on textile quotas more favorable to Peking.
Earlier this year, Chinese officials attributed the slow rate of grain purchases to the lack of a new maritime agreement giving Chinese ships greater access to American ports. 
In fact, vessels under third-country flags have carried much of the grain.
The Chinese also complained about reports that United States grain was tainted with harmful pesticides. 
American officials visited Peking to assure the Government that none of the grain being sent was infected.
Most recently, China protested about the country-of-origin regulations, which went into effect earlier this month. 
They would prevent Chinese factories from sending half-finished apparel to Hong Kong for completion so that it could enter the United States under Hong Kong's textile quotas.
Â 
No New Negotiations
The United States is not in a position to retaliate against the Chinese shortfall in purchases because the grain agreement contains no sanctions to punish violations by either side. 
Nor can Washington threaten to hold back future deliveries, because there is a glut of grain on the world market.
(Grain trade analysts in Washington said that the drop in China's purchases of American grain would probably be offset somewhat by an increase in grain sales to the Soviet Union, which has maintained an unusually strong buying pace in the last three months. 
But with large supplies of wheat already in storage in this country and another large corn crop expected, any decline in foreign purchases will be felt in this country's grain markets, they said.)
The Western diplomats said that no efforts had been made to negotiate another Chinese-American grain pact after the current one expires at the end of December.
China has canceled orders for 675,000 tons of United States grain in the last four months, according to the Agriculture Department figures. 
It has further canceled orders for 150,000 tons of American grain to be shipped in 1985, after the current four-year treaty expires.
Prime Minister Zhao Ziyang told American correspondents here before he visited the United States last January that China was willing to buy six million tons of grain this year if no other problems arose in the future. 
Chen Muhua, China's Minister for Foreign Trade and Economic Relations, reportedly gave similar assurances when she went to Washington in May.
As a result of China's failure to buy American grain, estimates of the trade turnover this year between the two nations may be revised downward from $5.5 billion to $5 billion. 
In 1983, such trade amounted to $4.4 billion.
U.S. Agrees to Talks
WASHINGTON, Sept. 
28 - The Reagan Administration has agreed to sit down with the Chinese and listen to their complaints about American restrictions on imports of textiles sometime after the elections, a trade official said today.",1,billion,REAGAN,Reagan (1981-1988),CATEGORY_1,"billion, company, trade"
China Leader To Disclose 5-Year Plan.txt,"ï»¿
Prime Minister Zhao Ziyang will disclose a new five-year economic plan Tuesday that is intended to increase efficiency in China's outmoded industries at least partly by increasing management initiative.
China's sixth five-year plan, whichshould have been completed last year but was delayed by policy changes, is expected to detail the nation's development priorities up to 1985.
PEKING, Nov. 
29 (Reuters) -Prime Minister Zhao Ziyang will disclose a new five-year economic plan Tuesday that is intended to increase efficiency in China's outmoded industries at least partly by increasing management initiative.
Mr. Zhao will describe the plan, aimed at quadrupling China's output by the turn of the century, in an oral report to the National People's Congress, China's parliament, which began its current annual session last Friday.
Prof. Xiang Qiyuan, deputy chief of a Government economic group, said most of China's enterprises were not run properly, largely because the management system had been borrowed wholesale from the Soviet Union.
''We are now discovering more and more that this kind of management system is not suited in many ways to our country's special conditions,'' he said in an interview. 
''This shows most clearly in the biggest sickness of our enterprises - they have no managerial initiative.''
Professor Xiang said that under the old system, successful enterprises turned all profits over to the state, receiving no direct benefit. 
This stifled management efforts to improve performance.
More than 6,000 state-run companies are now allowed to keep some profits for their own development. 
The official New China News Agency said about 3,100 delegates to the congress continued group discussions today on a new draft constitution, expected to be adopted Saturday.
The new draft reinstates clauses of a constitution promulgated in 1954 but later scrapped, saying all citizens are equal before the law. 
It guarantees religious freedom and the right to criticize Government officials or organizations.",1,billion,REAGAN,Reagan (1981-1988),CATEGORY_1,"billion, company, trade"
CHINA NEARING OIL GOAL.txt,"ï»¿
China's oil industry is expected to surpass its production quotas of 130 million tons of crude oil and 13 billion cubic meters of natural gas this year, the official China Daily said today.",1,billion,REAGAN,Reagan (1981-1988),CATEGORY_1,"billion, company, trade"
China Oilfield Sees Big Loss.txt,"ï»¿
This year may be the first in which China's biggest oilfield reports an operating loss, the official New China News Agency said today.
It said the state-run Daqing oilfield in the northeast province of Heilongjiang, which contributed 2.39 billion yuan to the Government last year, would suffer from low domestic prices for oil and high development and operating costs.
It quoted officials at the oilfield, which produced 55.5 million tons of crude oil last year, as saying that they will receive 110 yuan per ton of oil this year, up from 100 yuan last year. 
But that will not be enough to cover costs, the agency said.",1,billion,REAGAN,Reagan (1981-1988),CATEGORY_1,"billion, company, trade"
China Opens PPG Plant.txt,"ï»¿
Chinese officials have formally opened a $100 million glass factory here, praising the American-Chinese project as an example of their nation's success in opening its doors.
The Guangdong Float Glass Company, featuring technology by Pittsburgh-based PPG Industries, is one of the largest and most sophisticated foreign projects that China has attracted since it began to modernize its economy in 1979.
PPG Industries owns 35 percent of the factory.
The general manager, Robert Niederberger, said, ''The investment has gone generally very well, much better than we expected.''
He added that the enterprise could be profitable as early as next year.
The factory's 350 Chinese employees work under American managers and advisers, but Mr. Niederberger said that management eventually would be entirely Chinese.",1,billion,REAGAN,Reagan (1981-1988),CATEGORY_1,"billion, company, trade"
China Plans Major.txt,"ï»¿
China has decided to link production and possibly prices of a wide range of goods to market demand in a major capitalistic reform that will partially dismantle its system of centralized planning, reports said today.
The state-run China Daily said state production quotas will be removed next year for more than half of the nation's agricultural and industrial goods, and instead production would be determined wholly or partially by market demand.
''Industrial products under centralized state planning will be reduced from 120 to 60 and agricultural and sideline products from 29 to 10,'' the English-language newspaper said.
''The freed enterprises will set production according to general guidelines or market demand instead of state quotas as at present,'' the article said. 
China Daily said the measures were announced during the weekend.
It said those products which remained under centralized state control would be sold at prices fixed by the Government.
Chinese officials have hinted that this month's Communist Party Central Committee plenum is likely to approve a major overhaul of the pricing system to ease the heavy burden of state subsidies.
Western diplomats said the announcement represented a major capitalistic shift.
''When they start talking about relying on market forces, they're talking about price reform,'' one Western diplomat said. 
''But what we don't know is how much they will allow prices to rise. 
I don't think they would allow more than a 10 percent hike.''
He said allowing individual enterprises to set production totals was something of a gamble in a country where all such policy decisions have been made by the state.
''Most of these factories haven't got a clue about what the market will bear,'' he said. 
''Maybe five percent of the people in this country have even a rudimentary knowledge of market research. 
It's going to be hit and miss for awhile, that's for sure.''
China Daily said the state would continue to set production quotas for several industrial items, including coal, oil, rolled steel, non-ferrous metals, timber, cement, chemical fertilizers, synthetic fibers and cigarettes. 
In agriculture, the state would continue to set quotas for cereals, cotton, edible oils, tobacco, jute, pigs and some aquatic products.",1,billion,REAGAN,Reagan (1981-1988),CATEGORY_1,"billion, company, trade"
China Plans to Revise Wage-Price System.txt,"ï»¿
Communist Party leaders have agreed on a five-year draft plan to revise China's system of prices and wages, the official New China News Agency said today.
In a report, the agency said the three-day meeting of the party Politburo, chaired by the party leader, Zhao Ziyang, ended in the coastal town of Beidaihe on Wednesday.
Details of the plan, spanning 1989 to 1993, were not disclosed but the press agency said that ''the price and wage reforms mean an all-around deepening of China's reforms.''
The agency said that inflation, which hit an annual rate of 13 percent in the first half of 1988, would be brought under control by ''effective, comprehensive measures,'' including cutting back on construction projects.
The state would continue to control prices of a few major commodities while allowing market forces to set the rest.
Changes in state enterprises would be speeded up so that company managers would begin to take full responsibility for profits and losses, the agency said.
Diplomats said they doubted this would mean layoffs in the near future although 30 million urban workers are officially said to have jobs in which they do nothing.
Politburo members noted ''the immense significance of such reforms to the endeavor to establish a new, socialist economic order in China.''
Diplomats said China was anxious to dismiss speculation that the country's 10-year-old reform program had ground to a halt because of widespread discontent with record inflation.
The party's Central Committee will meet next month to discuss the draft five-year plan, the agency added.",1,billion,REAGAN,Reagan (1981-1988),CATEGORY_1,"billion, company, trade"
China Quality Bureau.txt,"ï»¿
China has set up a new state bureau to oversee efforts to reduce the number of shoddy, substandard goods on the market and make Chinese products more competitive on world markets, an official daily said today.
In announcing creation of the State Bureau of Technical Supervision, the state councilor, Song Jian, said substandard products remain a serious problem, The China Daily said. 
It said a spot-check of industrial products earlier this year found that only 20 percent fully satisfied national standards. 
The paper said the new bureau would strengthen supervision over technology and establish an authoritative system of standardization and measurement.",1,billion,REAGAN,Reagan (1981-1988),CATEGORY_1,"billion, company, trade"
China Raising Crude Oil Price.txt,"ï»¿
China has notified Japanese clients that it wants to raise the price of its crude oil by just over $3, to $37 a barrel, oil importers said today.
The increase would be from the current $33.975 per 42-gallon barrel.
China raises price of its crude oil to $37 a barrelChina's move was in the form of a request, but United States oil industry sources said the move effectively raised the price of the country's Daiqing crude, its principal export grade.
China exports about 600,000 barrels of oil daily, with one-third of the total going to Japan, United States and Japanese sources said. 
Spokesmen for the Importers Conference of Chinese Petroleum in Japan and the International Oil Trading Company, the two major Japanese companies importing Chinese crude, said they had protested the Chinese increase and planned negotiations with China on the move. 
Following talks with the Japanese importers, China last November cut oil prices $1.50 a barrel.
Most major oil exporters have raised crude oil prices by between $2 and $6 a barrel since mid-December.",1,billion,REAGAN,Reagan (1981-1988),CATEGORY_1,"billion, company, trade"
China Reports Its Oil Reserves.txt,"ï»¿
The official New China News Agency said today that China had the world's largest oil reserves, between 210 billion and 420 billion barrels. 
Saudi Arabia has the largest proven oil reserves, more than 160 billion barrels.
Estimated oil reserves in eastern China alone are enough to maintain the current production rate of about 700 million barrels a year, the agency said. 
It noted that China's biggest oil field, Daqing, in northeast China, still produced 350 million
The official New China News Agency said today that China had the world's largest oil reserves, between 210 billion and 420 billion barrels.",1,billion,REAGAN,Reagan (1981-1988),CATEGORY_1,"billion, company, trade"
China Says Wages Rise.txt,"ï»¿
Average wages for China's 121 million urban workers will rise 19 percent this year to the equivalent of $394 a year, from $331, the Government said today.
Chinese Government reports that average wages for nation's 121 million urban workers will rise 19 percent this year to equivalent of $394 per year (S)",1,billion,REAGAN,Reagan (1981-1988),CATEGORY_1,"billion, company, trade"
CHINA SEES NO ADDED GRAIN NEED.txt,"ï»¿
With a good harvest in sight, China does not expect to buy any more American grain this year beyond the six million to nine million metric tons already agreed upon for the year, Agriculture Secretary John R. Block said today.
Encouraging the Chinese to purchase more of this year's American crop had been one of the aims of Mr. Block when he arrived Friday for a visit that included talks with China's Agricultural Minister, Lin Hujia, and the Minister of Light Industry, Song Jiwen.
Speaking with reporters before his departure today, Mr. Block said that, ''at each of the meetings with each of the officials that we talked to, I did bring up that we have a large crop in the United States of very high quality at very attractive prices and would encourage the Chinese to look toward additional purchases if they have any needs.''
But he added that the Chinese had said that there was no indication that they would need more than the agreed-upon amount.
Agriculture Secretary John Block reports China is unlikely to make additional grain purchases from US in 1981Four-Year Pact Signed in 1980
China signed a four-year agreement with the United States in 1980 in which it agreed to buy a minimum of six million to eight million metric tons of wheat and corn annually through 1984. 
A metric ton is about 2,205 pounds and is equal to 36.7 bushels of wheat or 39.4 bushels of corn.
With the improvement in relations between the two countries, China has already become the fourth-largest foreign market for American agricultural products, and the largest purchaser of American wheat and cotton. 
American farm sales to China grew fourfold, to $2.2 billion last year from $573 million in 1978, according to Department of Agriculture figures.
To insure satisfactory grain quality, Mr. Block said, the Federal Grain Inspection Service will send a team here to investigate complaints that some grain deliveries have had insects and other foreign matter. 
The Secretary insisted that the problem was not serious. 
''It's just that this is such an important market to us that we're going to service it, as we would with any other important market,'' Mr. Block said.
Â 
Private Groups Plan Offices
To further develop the Chinese market, negotiations are under way for private organizations representing American growers of wheat, soybeans and feed grains to open their own offices in Peking.
The United States Feed Grains Council expects to have an office open here next January. 
United States Wheat Associates, the foreignmarket promotion arm of the American wheat industry, and the American Soybean Association also want to open China offices next year.
Robert M. Book of the United States Food Grain Council, who was traveling with Mr. Block's party, said that ''we would probably like to co-locate with agricultural trade offices; this is what we have done in other places.''
Â 
New $1.5 Million Bakery
This morning in Peking, Secretary Block visited a new $1.5 million bakery that has been built to use United States mechanized bakery equipment and American flour. 
Because Chinese traditionally have eaten rice rather than bread, it is one of the few major bakeries in China.
After it opens later this year, the bakery will be used to train Chinese bakers and as a model for baking technology. 
Its production capacity of 1,500 pounds of bread an hour will be sufficient to provide bread for a population of 50,000.
United States Wheat Associates bought the machinery for the bakery and is also working to help set up a similar model 150-ton flour mill in Peking and a plant making instant noodles in Shanghai.
''China already is our biggest wheat customer in the world so I think they will be using a lot of our wheat,'' Mr. Block said.
Â 
Scientific and Technical Program
The Secretary added that he had also encountered strong interest among the Chinese in more scientific and technical exchanges. 
Under the scientific and technical program begun in 1979, he said, 53 teams will have been exchanged by the end of 1981 and another 75 or 80 are planned.
Mr. Block said that the Chinese had also shown an interest in buying American forestry products and would be discussing this later. 
During the current visit, it was agreed to have teams examine quarantine policies so that some American swine could be sent to China for breeding purposes.
The Secretary had initially planned to stay in China until Wednesday, but dropped the Shanghai part of his visit and left today to assist with the Reagan Administration's new farm bill, which is now being considered by Congress. 
The other members of the trade mission are continuing to Hong Kong, Indonesia, Singapore and India.",1,billion,REAGAN,Reagan (1981-1988),CATEGORY_1,"billion, company, trade"
CHINA SHARPLY WARNS U.S. ON TEXTILE CURBS.txt,"ï»¿
China today made its strongest threat yet of retaliation against American farmers if the United States imposes new restrictions on textile imports announced on Aug. 
3.
''Americans will be forced to swallow their own bitter pill,'' said the authoritative Chinese-language People's Daily in a commentary in today's issue.
A State Department official, analyzing the commentary, called it a ''clear indication that the Chinese are establishing a rationale for retaliation.''
An Agriculture Department official speculated that China, which has had bumper grain crops for two years, was looking for an excuse to curb its purchases of American grain.
China, through commentary in authoritative People's Daily, makes its strongest threat yet of retaliation if US imposes new restrictions on textile imports announced Aug 3, saying 'Americans will be forced to swallow their own bitter pill'; State Department official says commentary indicates that Chinese are establishing rationale for retaliation (M)
A senior trade official said the situation was ''disturbingly reminiscent of what happened last year when we froze imports of Chinese textiles,'' adding, ''U.S. trade to China fell by $1 billion.''
Both the American officials spoke on condition they not be identified.
Â 
Could Embarrass Reagan
A new suspension of wheat purchases could embarrass President Reagan in the farm belt, where he has been attacking former Vice President Walter F. Mondale, the Democratic contender, for supporting the curtailment of grain shipments to the Soviet Union in 1980 after the Soviet intervention in Afghanistan.
The Peking newspaper charged that the United States ''doesn't care about violating bilateral agreements with other countries,'' and said that many legislators, retailers, importers and farmers are concerned about the consequences of the new regulations for United States trade.
These concerns are well founded, the commentary said, because ''there is no reason to believe that only the U.S. can take unilateral action to violate international agreements and to restrict and harm others, and that others will not adopt corresponding measures.''
''Any attempt to impose one's own will on others can only harm trade between countries,'' it warned.
The executive order tightening so- called rules of origin governing imports of apparel goes into effect today for goods ordered after Aug. 
3, the date the order was published in the Federal Register. 
For goods ordered before that date, the old rules apply for shipments through Oct. 
31, That exemption, affecting about $500 million of merchandise that had been ordered for store shelves this Christmas, came in response to protests from retailers, farmers, third world countries and others.
The new rules are intended to prevent what Customs officials say is widespread ''circumvention'' of American textile import quotas. 
This occurs when goods are cut in one country and sewn in another, then enter the United States under the second country's usually more liberal quota.
Industry sources in Hong Kong have estimated that more than $100 million in semifinished Chinese textile products are shipped to Hong Kong alone each year for finishing and re-export to the United States.
Under the new rules, fabric made in China and turned into clothing elsewhere will be counted against China's quotas for shipment to the United States. 
China's quotas are not as liberal as Hong Kong's.
Â 
Outlook for Wheat Purchases
During an altercation over textiles last year China suspended purchases of American wheat.
Agriculture Department officials said that China may not renew a four- year wheat purchase agreement that expires at year-end, and that Peking furthermore may not meet its commitments in the current agreement.
But one Agricultural official noted that because of bumper crops in China ''it was very unlikely that China would fill its commitments in any case.''
China last year produced a record 387 million tons of grain, against 354 million in 1982 and 325 million in 1981. 
This year is expected to produce another record.
The current agreement calls for China to purchase 6 million metric tons of American grain a year over four years. 
Last year China bought 3.8 million tons - 2.2 million short of its purchase commitment. 
It stopped buying United States wheat during the earlier textile dispute.
So far this year China has bought 4.5 million tons - just over half of what it needs to purchase by the end of the year to meet its annual commitment plus last year's shortfall.",1,billion,REAGAN,Reagan (1981-1988),CATEGORY_1,"billion, company, trade"
China Spending Curb.txt,"ï»¿
China said today that two or three more years of measures to curb excessive investment were needed to bring capital spending under control. 
The China Daily quoted Zhou Daojiong, president of the People's Construction Bank of China, as saying unauthorized spending by local governments or enterprises of more than 20 billion yuan, $5.4 billion at current exchange rates, was partly responsible for an overheated rate of investment.",1,billion,REAGAN,Reagan (1981-1988),CATEGORY_1,"billion, company, trade"
China Technology Unit.txt,"ï»¿
A group of scientists has recommended that China establish a body to oversee technology imports and control the approval of key state projects involving imports, the official New China News Agency reported.
The scientists made the proposal today to the science and technology section of the Chinese People's Political Consultative Conference, an advisory body. 
Sometimes the same type of equipment has been imported by several plants simultaneously, the report said. 
It said the problems had occurred because of lack of overall state control and neglect of experts' opinions.",1,billion,REAGAN,Reagan (1981-1988),CATEGORY_1,"billion, company, trade"
CHINA TEXTILE WARNING.txt,"ï»¿
Senator Ernest F. Hollings, a South Carolina Democrat, warned Chinese leaders Friday that China's soaring textile exports to the United States might provoke protectionist legislation from the new Democratic-controlled Congress. 
South Carolina, a major textile-producing state, has been hard hit by imports.",1,billion,REAGAN,Reagan (1981-1988),CATEGORY_1,"billion, company, trade"
CHINA TO GET AID OF GEORGIA TECH.txt,"ï»¿
The Georgia Institute of Technology will become the first American university to enter into joint ventures to help develop industries in China for the manufacture of advanced-technology products.
The agreement was signed in Peking last weekend by officials of Georgia Tech and the China Association for Science and Technology, an umbrella organization representing hundreds of Chinese professional scientific and engineering groups. 
It will cover products ranging from ultralight aircraft to optical fibers.
According to the terms of the agreement, Georgia Tech will enter into collaborative efforts with the Chinese in the development of small to medium- size technology-based industries in Shenzhen City, near Hong Kong; Tianjin, which is about 70 miles southeast of Peking, and Nantong, about 65 miles northwest of Shanghai.
Georgia Institute of Technology and China Association for Science and Technology sign agreement under which Georgia Tech will help develop small to medium-size technology-based industries in Shenzhen City, Tianjin and Nantong; Chinese are initially expected to put up $500,000 in seed money toward agreement; Reagan Administration backs agreement (M)
As part of the agreement, Georgia Tech is studying the possibility of opening an office in China to coordinate its work. 
In addition, representatives of Chinese industries may be based in Atlanta at the university's Advanced Technology Development Center, a nonprofit organization set up by state and university officials to assist in the development of high technology industries.
Â 
$500,000 From China
A spokesman for Georgia Tech said the Chinese were expected to initially put up about $500,000 in seed money toward the agreement.
By participating in joint venture contracts that could eventually lead to the development, licensing and exporting of specific industrial applications, Georgia Tech has gone well beyond previous arrangements that American universities have had in China.
For the most part, these have been confined to scholarly exchanges that involve representatives of Chinese scientific or academic institutions.
Officials at Georgia Tech said their agreement had the backing of the Reagan Administration, which has relaxed trade restrictions with China. 
Among the members of the Georgia delegation who went to China to sign the agreement was George Busbee, a former Governor of Georgia who is a member of President Reagan's Export Council.
The products identified by the Chinese that could be covered by specific contracts include a variety of technical and consumer items, such as solar energy cells, hearing aids, air-conditioners, high speed elevators, radiophones, electrical circuit boards, woven fabrics, polyester filament and telephone equipment.
Â 
Potential Military Uses
According to the Commerce Department, most of the products on the Chinese list include components or technology that are subject to Government export controls because they have potential military applications. 
As a result, an export license will be required before the products or particular technology can be transferred overseas.
Henry Bourne, vice president for academic affairs at Georgia Tech, said the agreement marked part of what he called a larger trend, in which Chinese scientists will continue to reach out to research laboratories at American universities for help in developing science and engineering technology.
''I don't think we'll occupy a unique position for very long,'' said Dr. Bourne, adding that Georgia Tech ''has very little to lose and a lot to gain for the country as a whole by building these kinds of bridges with the China.''
But a variety of experts on trade and technology with China said they could not say for certain that this agreement would lead to similar relationships with research facilities at other American universities.
''I would be surprised to see a large number of such agreements,'' said Pierre Perrolle, an official with the National Science Foundation in Washington. 
He said what was significant about the agreement was that it reflected ''the loosening that has been going on in the Chinese system that allows a section of industry or a group of academics to experiment with such an approach.''
Â 
Accord With Japanese
The agreement not only reflects the growing Chinese appetite for American technology, but increasing aggressiveness on the part of American universities in seeking research support abroad. 
Last year, for example, Georgia Tech entered into an agreement with Nissho Iwai, a Japanese trading company, to market its technology and inventions in Japan.
In the last five years, financing of university research in this country by Japanese industry has increased dramatically.
Over all, Georgia Tech ranks third in the nation in the amount of public and private support it receives for engineering research and development.
According to A. Ray Moore, a spokesman for Georgia Tech, a representative of the Chinese Association for Science and Technology visited several research sites earlier this year, including the Massachusetts Institute of Technology and the Research Triangle complex in North Carolina.
He said the Chinese settled on Georgia Tech, in part, because of the university's new Advanced Technology Development Center. 
The Chinese have since established their own New Technology Development Center, using Georgia Tech as its model.",1,billion,REAGAN,Reagan (1981-1988),CATEGORY_1,"billion, company, trade"
CHINA TO ISSUE FIRST BONDS SINCE 50_S.txt,"ï»¿
The Government announced plans today for the sale of up to $3.3 billion in treasury bonds this year, the first such bonds issued in China since the 1950's.
Purchases of the bonds will be dictated by Peking authorities and will be compulsory for selected state-owned factories, local governments, army units and wealthy communes and production brigades, according to the Ministry of Finance.
Government of China will issue up to $3.3 billion in treasury bonds, first issue since 1950
Mandatory bond purchases will sharply curtail the amount of fiscal freedom given to various factories and regional administrations in the last two years to develop and invest as they saw fit. 
With their profits siphoned off by the central Government bonds, some production units will undoubtedly have to curtail expansion plans, as well as profit-sharing and other incentives to workers.
The New China News Agency said that the Finance Ministry had authorized bonds with face values ranging from 10 yuan, equal to about $6.67, to 1 million yuan, or about $667,000, carrying an annual interest rate of 4 percent and repayable in installments beginning in 1987 and to be completed by 1990.
Â 
Inflation at Double-Digit Rate
The Finance Ministry said that some local governments had more money than they could usefully spend. 
Rather than let them spend it, the authorities intend, through the bond sales, to funnel the excess money into the central coffers in Peking.
With inflation running into double digits - the official estimate is 5.8 percent a year but officials concede that rates are three times that high in some urban areas - the 4 percent bonds are no bargain. 
That is why the Government made their purchase voluntary only for individual citizens and overseas Chinese and for foreigners living and working in China.",1,billion,REAGAN,Reagan (1981-1988),CATEGORY_1,"billion, company, trade"
China to Pay Mitsubishi.txt,"ï»¿
China has agreed to compensate Japan's Mitsubishi industrial group for scrapping a $369 million contract to build a steel rolling mill at Baoshan, near Shanghai, Mitsubishi said today.
China will compensate Japan's Mitsubishi industrial group for scrapping $369 million contract to build steel rolling mill at Baoshan
Mitsubishi would not specify the amount of compensation but trade sources said it would be about $39 million, around half of what the company had sought. 
The compensation was agreed to after seven months of talks between Mitsubishi and Chinese officials.
China initially proposed canceling the order as part of its policy of curtailing foreign industrial contracts while it adjusted its economy. 
It later sought a five-year suspension but Mitsubishi insisted on the cancellation.
Several other claims, from West German and Japanese companies, remain outstanding.",1,billion,REAGAN,Reagan (1981-1988),CATEGORY_1,"billion, company, trade"
China to Sit In at GATT.txt,"ï»¿
China will send a team to a meeting of the General Agreement on Tariffs and Trade in Montreal next month as part of its effort to join the world trade body. 
The China Daily said on Sunday that the team would attend the ministerial meeting beginning Dec. 
5 to review trade issues. 
China applied for admission to GATT in 1986 and it is under discussion.",1,billion,REAGAN,Reagan (1981-1988),CATEGORY_1,"billion, company, trade"
China Trade Rules Eased.txt,"ï»¿
The Reagan Administration said today that it was relaxing restrictions on many goods exported to China.
Commerce Secretary Malcolm Baldrige said licensing changes would expand to 27, from seven, the number of categories of products that may be shipped to China without special review. 
Up to 75 percent of all products now awaiting Commerce Department approval for shipment to China will benefit, he said. 
Items eligible for the speeded-up processing include computers, machine tools, semiconductors, robotics and electronic instruments.
The ban on exporting materials to China that could have military use will continue, Mr. Baldrige said.",1,billion,REAGAN,Reagan (1981-1988),CATEGORY_1,"billion, company, trade"
China Trade Rules Near.txt,"ï»¿
Commerce Secretary Malcolm Baldrige said today that a new policy on China trade was nearly complete and could sharply increase technology exports to China.
Mr. Baldrige said that Government committees had nearly completed the so-called technological transfer guidelines and that the details would be made available after obtaining clearance from United States allies.
US Commerce Secretary Baldrige says new policy on China trade is nearly complete and could sharply increase technology exports to China, House subcommittee hearing (S)
He outlined the new guidelines at a hearing by a special House subcommittee on trade with China.
The difficulties in obtaining clearances for exports of technology that could be used for military purposes has been ''the single most important impediment'' to developing trade with China, said the subcommittee chairman, Al Swift, a Washington Democrat.
Mr. Baldrige said the new guidelines would be divided into ''green, intermediate and red zones,'' with green representing products that would receive routine clearances. 
''Almost 75 percent of People's Republic of China applications will fall within the green zone,'' he said.",1,billion,REAGAN,Reagan (1981-1988),CATEGORY_1,"billion, company, trade"
China Trade Surge Seen.txt,"ï»¿
United States trade with China could rise 25 percent this year, to $6 billion, in the wake of President Reagan's trip to China and China's decision to import more industrial technology, according to Government estimates.
US trade with China could rise 25 percent in 1984, to $6 billion, in wake of Pres Reagan's trip to China and China's decision to import more industry technology, according to Government estimates; Christopher Phillips, president of National Council for US-China Trade, puts figure closer to $5.5 billion (S)But Christopher Phillips, president of the National Council for U.S.-China Trade, predicts a slightly more conservative $5.5 billion. 
Even that would equal the record, reached in 1981 before political tensions cut trade. 
''In 10 years of dealing with the matter, I have never been more encouraged,'' he said.
Â",1,billion,REAGAN,Reagan (1981-1988),CATEGORY_1,"billion, company, trade"
China Venture In South Korea.txt,"ï»¿
In the first known investment by a Communist country in South Korea, a Chinese electronics company has agreed to form a joint venture here to make color television parts.
Officials at Orion Electric said today that they had agreed to a deal earlier this month with the Zhejiang Province Electric Company to set up a plant with an annual capacity of 1.2 million sets of television tubes by the end of May.
Orion Electric is a sister company of Daewoo Group, one of South Korea's biggest exporters. 
All products from the plant, in the southern city of Kumi, would be exported to China.
South Korea does not have diplomatic relations with any Communist country, but trade is expanding quickly, spurred by economic revisions in the Communist world and South Korea's search for markets.",1,billion,REAGAN,Reagan (1981-1988),CATEGORY_1,"billion, company, trade"
"China, Occidental Open Coal Mine.txt","ï»¿
China, the world's second-largest coal producer, after the United States, has officially opened a new coal mine developed in a $650 million joint venture with the Occidental Petroleum Corporation of Los Angeles. 
The oil company, which contributed $200 million to the venture, said it planned to begin talks on tripling the mine's production capacity.
Occidental, which has drilled unsuccessfully for offshore oil near China, is expected to earn about $40 million on the coal venture, analysts said. 
The deal may be more significant for positioning Occidental for future natural resource ventures, they added. 
The mine, southwest of Beijing, is expected to produce 12 million tons of coal annually, with two-thirds of it being exported for use in electric generating plants in Japan and other Southeast Asian countries.",1,billion,REAGAN,Reagan (1981-1988),CATEGORY_1,"billion, company, trade"
"CHINA, TO RELIEVE UNEMPLOYMENT, GIVES PRIVATE SECTOR MORE LEEWAY.txt","ï»¿
China today moved closer to becoming a mixed economy by formally acknowledging a need for more private enterprise to alleviate its chronic unemployment problem.
The country's two top policy-making bodies, the Communist Party Central Committee and the Government, proposed in a joint decision that new jobs be created increasingly by private businesses as well as by collective, or cooperative, enterprises.
The decision, reached Oct. 
17 but made public only today, signaled a change in the Communist Chinese position of the last three decades that the state owes every able-bodied adult a job.
''Under the state's overall planning and guidance,'' the joint decision said, ''people get jobs arranged by labor departments or get organized on a voluntary basis or find jobs themselves.''
China's Communist Party Central Committee and Government acknowledges need for more private enterprise to relieve nation's unemployment problemsDetails of New Program
In the decision, China's leadership asserted that the state-run and cooperative sectors would still constitute the basic form of economic activity in the nation but said they needed to be supplemented by self-employment ''within a certain limit.''
To encourage private enterprise, every self-employed person in China will now be permitted to have two helpers and five apprentices, according to today's announcement.
Originally, upon the Communists' takeover of China in 1949, private enterprise was permitted on a very small scale. 
An entrepreneur was allowed to employ only members of his family. 
About a year and a half ago, an entrepreneur was permitted to add two apprentices and later five apprentices in certain trades. 
The new decision, by allowing a total of seven employees, will help Chinese to set up larger retail businesses.
''Private business has resumed and expanded, but it still does not meet the needs of the country's national economy,'' said the decision, which was circulated today by The People's Daily and the New China News Agency.
Â 
Extent of Unemployment
Although the precise extent of urban unemployment is unclear, previous articles in the ideological journal Red Flag and elsewhere have suggested that about 10 million Chinese were unemployed at the end of last year, out of an urban work force of approximately 115 million.
The Chinese authorities had hoped to find 10 million new jobs this year, which would still leave about 4 million unemployed because that many people are expected to finish school and seek jobs. 
But indications are that there will be no more than 7 million new jobs.
Only 10 of China's 29 provinces, municipalities and autonomous regions have managed to find jobs for all those who left high school before 1979. 
Of the remaining 19, there are 14 that hope to reach that target by the end of the year, according to a report last month.
Facing a wait of several years for jobs, some young people have started devising their own work, initially by repairing bicycles, tailoring, taking photographs and other relatively simple neighborhood trades.
Â 
Preference for State Jobs
At the end of last March, more than 1.26 million Chinese had registered as self-employed, according to the General Administration for Industry and Commerce. 
Just over half of these were in the major cities. 
Canton, for example, has reported having 14,000 self-employed persons, 48 percent of them youths.
But more young Chinese seem to prefer jobs in the state sector, where they are guaranteed a job for life without having to work very hard. 
Recognizing this preference for what is nicknamed the ''iron rice bowl,'' the decision that was announced today urged that the new approval of private enterprise be widely publicized ''to allay people's misgivings.''
Private businesses have proved useful for China's leaders because they not only reduce the pool of unemployed but also provide services that state-owned businesses have been too inept or unwilling to provide.
The new decision also envisions a ''significant expansion'' in the number of cooperatives, in which workers form an enterprise and split the profits. 
These function much like cooperatives in freeenterprise countries. 
But young Chinese have sometimes been wary of joining cooperatives because their job tenure and pension benefits are not assured.
Â 
Helping People Find Work
According to the State Bureau of Labor, there are now 2,300 labor service companies helping young people in China to find temporary jobs in state factories or to set up their own cooperative enterprises. 
The new decision today proposes that more of these offices be encouraged.
A Chinese labor specialist, Kang Yonghe, reported last month that the labor service companies had found jobs for 2.35 million Chinese in more than 32,000 cooperatives.
In the joint decision, the Government and Communist Party leadership said that restrictions on private and cooperative enterprise should be changed and that self-employed people should be treated with as much political respect as workers in state enterprises.
But the decision added that self-employed and cooperative workers should accept state supervision and abide by the state's policies and laws. 
There was no mention of whether such workers would be included in the social welfare benefits that state-employed workers enjoy.
Â 
Peasants' Separate Status
The announcement does not appear to affect China's 800 million peasants, who live on communes and state farms, although Peking has also encouraged them to take more responsibility in the last few years.
China's leadership has attributed the unemployment problem to the radical leftist rule of the Cultural Revolution. 
During this period, from 1966 to 1976, schools were closed and millions of young people were sent off to work in rural areas. 
This created a tremendous labor surplus when they later returned home to the cities, and some have been sent back to the countryside.
In the last three years, Peking says it has found jobs for 20 million people.",1,billion,REAGAN,Reagan (1981-1988),CATEGORY_1,"billion, company, trade"
China-Australia Accord.txt,"ï»¿
China and Australia widened their relationship in iron and steelmaking today under an agreement signed by ministers of both countries. 
Lionel Bowen, Australia's Deputy Prime Minister, and Chen Muhua, China's Minister for Foreign Economic Relations and Trade, signed an agreement to bring Australian experts to China next month to survey older mills and report on refurbishing the plants.",1,billion,REAGAN,Reagan (1981-1988),CATEGORY_1,"billion, company, trade"
China-Australia Project.txt,"ï»¿
Australia and China signed a joint-venture agreement today to mine iron ore in Western Australia. 
The project at Mount Channar, worth $250 million (Australian), or about $170 million (United States), is China's biggest overseas investment, Prime Minister Bob Hawke said after the signing ceremony here. 
The venture between Channar Mining and the China Metallurgical Import and Export Corporation is designed to produce high-grade iron ore for export by 1990.",1,billion,REAGAN,Reagan (1981-1988),CATEGORY_1,"billion, company, trade"
China-Canada Grain Accord.txt,"ï»¿
China has agreed to buy $1.8 billion (Canadian) worth of wheat from Canada over the next three years, the Government announced today.
The agreement is the sixth between the two nations since 1961 and calls for annual shipments of between 3.5 million and 4.2 million metric tons starting on Aug. 
1, an increase of 700,000 tons over an agreement expiring this year.
OTTAWA, May 5 (Reuters) - China has agreed to buy $1.8 billion (Canadian) worth of wheat from Canada over the next three years, the Government announced today.
Grain industry experts attributed the deal, the second largest in Canadian history, to China's efforts to improve the diet of its vast population and the effects of a recent drought on domestic harvests. 
Last year, Canada agreed to ship the Soviet Union 25 million metric tons of wheat over a five-year period.
United States Agriculture Department officials in Washington have estimated that China will need to import up to 15 million metric tons annually through 1985. 
China currently buys between 6 million tons and 9 million tons annually from the United States.",1,billion,REAGAN,Reagan (1981-1988),CATEGORY_1,"billion, company, trade"
China-Japan Oil Project.txt,"ï»¿
a Chinese-Japanese joint venture is close to starting commercial development of an offshore oilfield, the New China News Agency said today.
Chinese-Japanese joint venture is close to starting commercial development of offshore oilfield; joint venture, known as Japan-China Oil Development Corp, is operating in Bohai Gulf, just off northeast China; China holds 51% interest in corporation, and 48 Japanese companies have balance (S)
''Oil flows of commercial value have been reported from eight wells in five oil-bearing formations,'' the agency said. 
''The Chinese and Japanese have agreed that development should begin as soon as possible.''
The joint venture, known as the Japan-China Oil Development Corporation, is operating in the Bohai Gulf, just off northeast China.
China holds a 51 percent interest in the corporation, and 48 Japanese companies have the balance.",1,billion,REAGAN,Reagan (1981-1988),CATEGORY_1,"billion, company, trade"
China-U.S. Accord.txt,"ï»¿
The United States and China, formally ending a trade dispute, signed an agreement today that limits the growth of Chinese textile shipments to the American market to 3.5 percent annually over five years.",1,billion,REAGAN,Reagan (1981-1988),CATEGORY_1,"billion, company, trade"
CHINA_S BIRTH GOALS MEET REGIONAL RESISTANCE.txt,"ï»¿
A Communist Party official in Guangdong Province was dismissed from his job at a petroleum plant and expelled from the party recently for ''feudal thinking'' after he and his wife - they already had six daughters -tried once more to produce a son.
Elsewhere in this coastal province, two women were locked up for 15 days as ''sorceresses'' for inciting pregnant women at their farm commune to flee from family-planning workers. 
All but 9 of the 325 women with unauthorized pregnancies were later given abortions and intrauterine devices.
Those incidents, reported by the Canton radio, are but two skirmishes in a desperate battle that the provincial authorities have been waging over birth control. 
Harsher reports reaching Hong Kong last summer charged that thousands of pregnant women in eastern Guangdong were rounded up and forced to have abortions.
China's birth control goals are meeting stubborn regional resistance
Family planning officials deny that such Draconian tactics are being used. 
But they acknowledge that there is stubborn resistance among Guangdong's 58.8 million inhabitants to the national goal of a one-child family.
An expanding population is the biggest obstacle that China confronts in its push to modernize itself. 
With close to one billion people, China accounts for 23 percent of the world's population but has only 7 percent of its arable land. 
It is estimated that 30 percent of China's national income has been spent raising those born since the Communist takeover in 1949. 
China has adopted a stringent birth control policy. 
Yet a baby is born in China every two seconds.
With half of the population still under 21 years old, a worrisome new baby boom looms as more Chinese approach marriageable age. 
China hopes to hold its population to 1.2 billion by the year 2000, but national family planning officials like Chen Muhua have expressed apprehension over whether this target can be met.
Graced with a lush terrain and warm climate, Guangdong Province is one of China's three most densely populated provinces. 
Its population exceeds that of France, though it is little more than a third as large.
After Mao Zedong's assurance that a large population was ''a good thing,'' Guangdong reached a staggering 4.4 percent annual growth in 1962. 
This has since been brought down, but it still failed to hold to last year's goal of 1.3 percent, instead exceeding 1.5 percent.
Compared with a growth of 1.4 percent in all of China last year, the population of the United States rose by less than 1 percent and that of the Soviet Union by eight-tenths of 1 percent. 
The populations of all three countries have roughly doubled over the last 60 years, but only in China, because of the large number of people involved, has birth control been adopted as an official policy.
The population of China grew from an estimated 476 million in 1920 to 971 million in 1980, in an area of 3.8 million square miles. 
In comparison, the United States, with an area of 3.02 million square miles, had a population of 227 million in 1980. 
The Soviet Union, with an area of 8.6 million square miles, had a population of 265 million that year.
Â 
Incentives and Penalties
Discussing the continuing increase in population in China, Li Hanbo, the deputy director of Guangdong's family planning program, said:
''One of the reasons for a high growth rate is that we have too many families having three or more children.''
Last year, he said, only 27 percent of families took the pledge to have just one child, while 24 percent already had three children or more.
Local legislation augmenting the national family planning directives has given Guangdong some of the strongest incentives and penalties in China. 
Late marriages are encouraged, for example, and students who marry face expulsion from school.
Counties and municipalities set annual quotas for the number of babies who may be born. 
A couple wanting a child must apply for an allotment, with women who marry late getting first priority.
Couples taking the pledge to have just one child are issued pocket-size plastic-bound certificates entitling them to priority for housing and medical care and their child to free kindergarten, schooling and health care. 
If they have a second child, they must reimburse the Government for all the benefits and bonuses.
The system works best in the overcrowded city of Canton, where, Mr. Li said, ''90 percent of families have just one child and very few have three children.''
Â 
Mobilizing the Whole Family
In Canton's downtown district of Yuexiu, Huang Pei, the local family planning director, said that nearly 94 percent of the women of childbearing age were limiting themselves to one child. 
Consulting her small blue notebook, she noted that her district recorded 951 abortions last year, of which at least 80 were beyond the fourth month of pregnancy. 
Asked whether abortions were allowed even in the final month of pregnancy, she said, ''It happens.''
Miss Huang said her teams ''conduct painstaking and careful ideological work 10 or even 20 times on a person'' to dissuade a mother from having another child. 
''We mobilize everyone in the family, not just mothers and fathers but also brothers, sisters and so forth,'' the district director said.
Zhang Zhi, director of the Wuyang Electric Fan Factory, said his 263 employees of childbearing age had been allocated the right to have 18 babies this year. 
''We've had two so far, and five more women are pregnant,'' Mr. Zhang said. 
Among its other incentives, he said, the factory rewarded single children of employees with cash presents on holidays.
''In the countryside, the situation is just the other way around,'' sighed Mr. Li. Peasants have clung to a tradition of having large families to help them in the fields and to support them in old age. 
''The biggest problem is the old habits and customs of 7,000 years,'' explained Miss Huang. 
''They put too much emphasis on having sons.''
Â 
Undercut by Recent Policies
Mr. Li conceded that family planning had been undercut by recent changes in agricultural policy that paid farmers more if they produced more. 
In Guangdong, as elsewhere in China, this has made having children profitable again. 
Without the former policy of work points, Mr. Li said, ''production brigades and teams have no way to punish them if they have more children.''
He added, ''Farmers feel that the land belongs to them and children belong to them too, so they can have as many as they want.''
Peasants are tacitly allowed to have two children but not three. 
''Many families in the countryside want a second child if the first is a girl,'' Mr. Li explained. 
''Our provincial office shows great sympathy because they do have a practical problem. 
It is difficult for the family to manage if there is only one girl. 
We have not proclaimed this as a policy, but if it happens in the grass roots, we would not object. 
But if the second child is also a girl, they have to accept it.''
Mr. Li said family planning workers commonly spent three or four months persuading a couple not to have more children. 
''On the average, each person takes 10 times to be persuaded,'' Mr. Li said. 
''The most difficult person can take up to 100 times.''
On their visits, he said, some workers were cursed or even beaten up by peasants.
The authorities have been accused of playing rough in return. 
Last July, Zhengming, a Hong Kong publication sympathetic to the Peking Government, gave what it said were details of a ''ruthless struggle'' under way in Guangdong's Huiyang prefecture to cut the number of expected babies by 47,000.
Â 
Zeal of Local Officials
A reporter from Zhengming who visited eastern Guangdong reported how vigilantes abducted pregnant women on the streets and hauled them off, sometimes handcuffed or trussed, to abortion clinics. 
Other women, he said, were locked in detention cells or hauled before mass rallies and harangued into consenting to abortions. 
The reporter referred to ''aborted babies which were actually crying when they were born.''
Zhengming attributed such coercion to the zeal of local officials pushing to meet their quotas rather than to explicit directives from above. 
It noted that the ''desired results'' of achieving 47,000 fewer births went conspicuously unreported by Southern Daily, Canton's party newspaper.
Mr. Li said enemies of family planning had exaggerated or distorted the facts. 
He cited a case in Enping county in which two policemen hitched a ride with a truck carrying women off to a clinic to get contraceptives and this was ''misunderstood'' by spectators. 
In Dongguan county, he said, a young man, seeing pregnant women going off for abortions, had tugged at the arm of a plump friend, though she wasn't pregnant, and this joke started ''rumors.''
''There is no question of forcing pregnant women to have an abortion,'' Mr. Li said. 
''We first persuade them to take contraceptive measures so they will not produce more children. 
If they have just one child after marriage, it's reasonable. 
We deal mostly with couples having two children. 
After three children, we demand that they take sterilization measures. 
If they refuse, we must devote more time and more people to come to them.''
Â 
'A Few Stubborn People'
Mr. Li referred to ''a few stubborn people refusing to do what should be done, adding, ''If we don't take harsh measures, the majority would not be happy about it.''
Those with one or two children can have their wages cut 10 percent or more if they keep having children. 
There have been reports of recalcitrant couples having their electricity and water cut off. 
The authorities are even empowered to seize the family television set, bicycle or sewing machine.
''We set a time limit,'' Mr. Li said. 
''If they fail, the punishment will be upgraded. 
If some families can't afford cash, we will take away their property, because if we are not severe on these people, the majority will not be satisfied.''
Even so, he said, some peasants feel that the potential earning power of sons could offset any financial penalties.
Of some 7 million women of childbearing age in Guangdong, 600,000 had reported abortions last year. 
Unofficial estimates indicate that abortions exceeded the number of live births. 
A Canton physician told a foreigner of abortions being performed on the delivery table.
But a single or double intrauterine coil of stainless steel wire is the most prevalent birth control device. 
After being fitted at local clinics, some women have tried to take the coils out. 
In Longchuan county, Mr. Li said, one woman's husband tried to remove the device, and she began hemorrhaging so badly that she had to be rushed to the hospital. 
''We deliberately publicized the incident to warn other people,'' he said.
Â 
Sterilization Is Promoted
Attempts to promote sterilization have been more successful with women than with men. 
At the Daxin Handicrafts Factory in Canton, Zhang Yunfang, head of the local women's organization, said the factory director and the party secretary, both women, ''set a very fine example'' for the employees by undergoing sterilization. 
They were followed by 29 other women and one man.
''In the feudal system of imperial China, they had eunuchs in the courts,'' Mr. Li said. 
''So some men feel that sterilization will affect their sex life. 
The women also worry that their man's physical health will be affected.''
This year, the growth target for Guangdong is again 1.3 percent, slightly higher than the 1.2 percent national rate, and officials will feel even more pressure to meet it by whatever means. 
The alternative, officials like Li Hanbo point out, is a runaway population subsisting on resources insufficient to maintain, let alone improve, the living standard.
Mr. Li observed that it cost more to prevent a birth in Guangdong than to raise a rural child to the age of 15, an expense reckoned at about $865. 
The hope in the countryside, he said, is to get half of the families to have only one child and the rest not to have three or more.
''Though that's the case, the ideological work is still hard,'' Mr. Li said. 
''There are still cases of some families having four, five, six children and even more.''
Some party workers, he reported, ''say that we have had many difficult things since liberation, but this is the most difficult.''",1,billion,REAGAN,Reagan (1981-1988),CATEGORY_1,"billion, company, trade"
China_s Bond Complaint.txt,"ï»¿
China criticized the Reagan Administration today because of a United States District Court ruling that Peking owes $41.3 million to nine Americans for defaulting on railway bonds issued by the imperial Chinese regime in 1911. 
China argued that it has immunity from foreign courts and that it is not obligated to repay debts of previous governments.
PEKING, Feb. 
9 (UPI) - China criticized the Reagan Administration today because of a United States District Court ruling that Peking owes $41.3 million to nine Americans for defaulting on railway bonds issued by the imperial Chinese regime in 1911.",1,billion,REAGAN,Reagan (1981-1988),CATEGORY_1,"billion, company, trade"
China_s Centenarians Get Some Recognition.txt,"ï»¿
There are at least nine people over 100 living in Peking, seven of them women, but the exact number must await the results of China's current census, the New China News Agency said today.
PEKING, July 23 (Reuters) -There are at least nine people over 100 living in Peking, seven of them women, but the exact number must await the results of China's current census, the New China News Agency said today.
The oldest is known as Mrs. Zhang. She will be 105 next November and still has good eyesight. 
Last year, the agency said, after her great-great grandson was born she taught her great granddaughter-in-law to sew a cotton quilt for the baby and could thread the needle without glasses.
Shanghai, China's biggest city, has 23 centenarians, all but one of whom are women, according to a recent report from the municipal census bureau.",1,billion,REAGAN,Reagan (1981-1988),CATEGORY_1,"billion, company, trade"
China_s Coastal Plans.txt,"ï»¿
The Chinese leader Zhao Ziyang said his country is planning to concentrate on developing the economies of its coastal areas, strengthening their links with international markets, according to a Japanese newspaper. 
He said economic reform and open-door policies have led to considerable progress and that the economy of the areas would gradually be transformed to look outward.",1,billion,REAGAN,Reagan (1981-1988),CATEGORY_1,"billion, company, trade"
China_s Deficit Reduced.txt,"ï»¿
Soaring textile exports and rising prices for Chinese oil and gold have improved the country's foreign-trade performance this year.
The China Daily said today that textile exports were worth $3 billion in the first five months of 1987, up 40 percent from the corresponding period last year. 
It attributed the boom to expanding world demand and the improved quality and prices of Chinese textiles, with domestic producers using designs and brands provided by foreign partners. 
China posted a trade deficit of $1.7 billion in the first four months of 1987, down from a $4.5 billion deficit in the corresponding period last year. 
In 1985 and 1986, the country's combined deficit totaled nearly $26 billion.",1,billion,REAGAN,Reagan (1981-1988),CATEGORY_1,"billion, company, trade"
China_s Economy Takes Small Leap Backward.txt,"ï»¿
China's Communist Party Central Committee meets Monday to deal with economic problems that have grown increasingly serious since the country embarked on an ambitious program of restructuring its economy nearly a decade ago.
In the last year, as China has moved farther away from the Soviet model of socialism, the country has been racked by soaring inflation, bank runs by panicky depositors, corruption within the bureaucracy and a rising tide of worker unrest.
China's financial system is in disarray with an uncontrolled growth of the money supply, its currency is sinking rapidly in value against the dollar and a patchwork of free and controlled prices has created gluts in some areas and shortages in others for everything from industrial raw materials to daily consumer goods.
Salt, the most basic seasoning in Chinese food, is now being rationed in Beijing. 
Pork, sugar, eggs and cooking oil have been rationed for six months now and people in the capital are beginning to voice doubts about the benefits of the country's economic direction.
'There Are Problems'
''Of course there are problems,'' a Chinese economist said recently. 
''But to change from the old way to the new way has never been done. 
We are exploring a direction that nobody else has.''
These problems, however, have severely shaken China's leaders, according to Chinese academics who are familiar with policyy discussions, and the Communist Party chief, Zhao Ziyang, has lost some of his authority. 
Already, hints that the leadership will dramatically scale back various forms of economic experimentation and restructuring have appeared in China's press. 
The 175 members of the Central Committee who will meet Monday are to ratify this slowdown in reordering the country's economy.
Deng Xiaoping, the country's senior leader, told a group of Japanese economists this weekend that China's policies would be modified to cope with these concerns. 
''The difficulties we are facing now concern development and are different from those we had before,'' Mr. Deng was quoted by the official New China News Agency as saying. 
''The readjustment we are going through now is not a change of policy. 
Neither is it a change of development strategy. 
We are working out methods and measures for future progress after summing up our experiences and we are capable of overcoming the present difficulties, including combating inflation. 
The rate of development is now too fast.''
Â 
'The New Economic Order'
''The transition from the old economic order to a new economic order is now generally blamed to be responsible for most of the irregularities of Chinese society,'' China Economic News, a weekly review of economic and financial issues, said recently.
This new economic order, what China's newspapers are calling ''the new order of socialist commodity economy,'' has achieved much, particularly in recent years. 
The country's farmers, almost all of whom till their own land, are thriving. 
For the first time in Chinese history, farmers are benefiting from substantial economic growth. 
They are building new homes, buying consumer goods common in urban areas and are educating their children.
In urban areas, department stores are jammed with consumer goods, from televisions to refrigerators to cosmetics. 
Vegetables are available in the winter in the north and fish are sold at many inland markets.
What has invigorated agriculture is now being tried in other segments of the economy. 
But transforming the industrial, power, housing and service sectors of the economy into a system propelled not by planners but the efficiencies of the market has proved far more difficult than most Chinese economists had envisioned.
For the first time since China began this process, the difficulties of erecting a new structure while slowly dismantling the old are becoming manifest.
Â 
Industrial Growth Put at 17%
Industrial growth is continuing to roar along, with the rate of increase for the first six months of this year at about 17 percent, according to the State Statistical Bureau. 
But this growth, a level many Chinese economists believe is excessive, has fueled inflation and unhinged efforts by the central bank, the People's Bank of China, to impose discipline on the financial system.
Thirty-six percent more money was put in circulation in the first six months of this year than during the same period last year, a trend the bank hopes to end.
''With more currency in circulation, bank loans increased rapidly,'' the press agency reported. 
And, as inflation picked up, it said, ''people panicked.''
Much of the panic stemmed from the widespread belief that prices would, and indeed did, begin a steep climb for most consumer goods. 
Accustomed to relatively stable prices, China's urban consumers for the first time faced official inflation rates of 24 percent and widely acknowledged, but unofficial, rates closer to 50 percent.
Retail sales in many cities jumped 50 percent over those of a year ago. 
''As a result, the supply chain of goods began to falter and the amount of goods in stock became 'weak,' according to the statistics bureau,'' China Daily reported over the weekend.
Many economists, both Chinese and foreign, argue that a major element in any structural reform of the country's economy is the freeing of prices from centralized control so that goods and services are distributed by market forces. 
Mr. Zhao, the party leader, has pushed aggressively for what he calls ''price reform,'' regardless of the short-term pain it would bring.
But other members of the leadership have decided that uncontrolled inflation and the potential for urban discontent are problems too severe to continue with price reform at the moment.
Â 
Putting Off Price Reform
In a meeting this weekend with Valentin L. Pavlov, the chairman of the Soviet Union's State Committee for Prices, Yao Yilin, one of the five members of the Standing Committee of the Politburo said that any further freeing of prices would be put off for two years.
The prices of half of the raw materials, industrial and consumer goods and food - including grains, cotton and edible oils - are still subject to control, Mr. Yao said, according to the New China News Agency.
''China is not prepared to free the prices of these commodities, nor is it ready to restore the prices of those commodities that have already been freed from Government controls, because this is conducive to production and consumption,'' the agency quoted Mr. Yao as saying.
At the same time, China's currency, the yuan, has begun sinking in value on the black market. 
Last year, one dollar fetched about five yuan. 
Today, the same dollar is worth between eight and nine yuan.
Although the official rate of exchange, 3.7 yuan to the dollar, is fixed, the growing disparity between the official and black market rates has raised the concern of foreign investors, who are burdened with the artifical rate in computing their transactions with the Government. 
Effectively, foreign investors and traders who are bound to the official rates are paying double for Chinese goods.
Of growing concern to China's leaders as well is the mounting level of industrial unrest. 
Chen Ji, a senior official of the All China Federation of Trade Unions, said that there have been 49 strikes reported throughout the country in the first six months of this year with many more strikes probably going unreported.
''Since we have begun reforms,'' he said in an interview, ''we have new contradictions between prices and wages. 
Now factory directors earn more than workers, and some workers earn more than other workers. 
There are new problems we never met in the past.''",1,billion,REAGAN,Reagan (1981-1988),CATEGORY_1,"billion, company, trade"
China_s G.N.P. Up 9_.txt,"ï»¿
China's gross national product will exceed $270 billion this year, up 9 percent from 1986, the official New China News Agency said. 
Zheng Jiaheng, deputy director of the State Statistical Bureau, said in an interview earlier this week that industrial output increased 14.5 percent while agricultural output was up 4 percent. 
China's G.N.P. 
- a broad measure of the value of all goods and services produced in the country - is the eighth largest in the world, although the country remains one of the world's poorest nations because of its population of more than one billion people.",1,billion,REAGAN,Reagan (1981-1988),CATEGORY_1,"billion, company, trade"
China_s Growing Debt.txt,"ï»¿
China said today that it did not face a debt crisis but admitted that its debt had grown too fast and needed better management. 
The magazine Beijing Review said foreign debt had climbed more than 30 percent a year in the last few years and would reach $40 billion by the mid-1990's, with a repayment burden of $13 billion a year. 
The magazine said China's debt-service ratio, measuring repayments as a proportion of export earnings, would hit a peak of 19 percent in the mid-1990's.",1,billion,REAGAN,Reagan (1981-1988),CATEGORY_1,"billion, company, trade"
China_s Trade Surplus Reaches a Record High.txt,"ï»¿
China registered a record $4.6 billion trade surplus last year, according to preliminary official figures released today.
The figure was more than three times the $1.4 billion surplus announced in October for 1981, and with China's considerable invisible earnings from services should mean an even bigger balance of payments surplus, according to foreign economists.
PEKING, Jan. 
29 (Reuters) - China registered a record $4.6 billion trade surplus last year, according to preliminary official figures released today.
The Government-run Economic Daily, quoting preliminary working statistics from the Ministry of Foreign Trade, said imports fell by 12.8 percent in 1982 to $17 billion, while exports rose by 3.5 percent to $21.6 billion.
The big surplus was in line with forecasts by foreign economists, who were expecting a drop in imports as a delayed effect of China's economic retrenchment program launched in 1979.
This policy change prompted cancellation or renegotiation of several major foreign contracts for heavy industrial equipment. 
The trade surplus has already led to rapid growth in China's foreign exchange reserves, which more than doubled in the 12 months ending last September to $9.23 billion.
China announced late last year that it planned to increase imports by one quarter in 1983 and Prime Minister Zhao Ziyang recently unveiled the long-overdue 1981-85 economic plan that provides for imports to grow faster than exports and for a $2.5 billion trade deficit in 1985.
But the sharp fall in imports last year meant China's total foreign trade decreased by $1.8 billion to $38.6 billion in 1982, a fall of 4.4 percent after an annual growth rate of nearly 30 percent in the previous three years.",1,billion,REAGAN,Reagan (1981-1988),CATEGORY_1,"billion, company, trade"
Chinese Calculators.txt,"ï»¿
The Beijing Computer Industry Corporation has started production of compact electronic calculators with Japanese technical assistance, Sanyo Electric Company Ltd. said today.
TOKYO, Sept. 
20 (Reuters) - The Beijing Computer Industry Corporation has started production of compact electronic calculators with Japanese technical assistance, Sanyo Electric Company Ltd. said today.",1,billion,REAGAN,Reagan (1981-1988),CATEGORY_1,"billion, company, trade"
CHINESE FARMER FINDS HIS PROFIT IS A PROBLEM.txt,"ï»¿
Yang Xiaoyun, an industrious young peasant in Hubei Province, turned a sizable profit last summer by selling more than five tons of grain to the state. 
But when he set out to treat himself to a new bicycle, he could not find one.
The 25-year-old farmer received some front-page sympathy in the official party newspaper, People's Daily, which noted that he was typical of peasants who have begun to prosper under the agricultural policies of Deng Xiaoping, the Chinese leader.
Such tales do not appear in the Chinese press by accident. 
With a good autumn harvest expected, the newspaper was warning both factories and local officials to do more to meet rising consumer demand from farms.
Chinese farmers begin profiting from agricultural policies of Deng Ziaoping but find spending the money difficult due to shortage of goods
The agricultural policies begun nearly three years ago have made it worthwhile for the Chinese peasant to work harder. 
Instead of earning work points for time on the job, most peasants are now being paid for what they produce.
Â 
Other New Rules
About four-fifths of China's 800 million peasants are said to be tilling the land of their communes under the latest system of greater responsibility. 
More than a fourth of the country's farmers, generally in the poorer regions, have returned to working like tenant farmers under a system in which they are allowed to keep whatever they earn above their quota.
Other measures have included increasing private plots to a maximum of 15 percent of a farm's cultivated land and encouraging individual farmers' markets, which now account for a quarter of the poultry, eggs and fish bought in the cities. 
As a consequence, by one official reckoning, incomes rose 81 percent in rural areas from 1977 to 1980 as against 38.5 percent in urban areas. 
The Government has had problems filling the demand for consumer goods that the rise in incomes has created.
Two years ago, the new policies were adopted at the Yanghe commune in Yingcheng County, where Mr. Yang was a production team leader. 
His family of six set to work raising grain, rice, pigs, chicken and fish. 
The five tons of grain he sold to the Government last summer provided enough to feed 50 people for a year, People's Daily said.
The family received 4,600 yuan, about $2,800, which made their per-capita income more than four times the national average.
Â 
No Bicycles Found
But a bicycle was not to be found at the local stores. 
The newspaper said that at least 110 bicycles were to be sent from Shanghai to Yingcheng County every year but in fact most if not all were sold before ever reaching the county.
In response, local authorities in Yingcheng County have promised that any peasant who exceeds a quota for produce - for example, twoand-a-half tons of grain or four pigs - will be entitled to buy a rationed item, such as a Shanghai bicycle or a sewing machine or building lumber and tiles. 
The press is encouraging other local governments to make similar offers.
In the meantime, many farmers will have to be content with saving their money. 
The Agricultural Bank of China disclosed in June that total savings on communes had risen to 14.4 billion yuan, about $8.6 billion.
Â 
A Shift in Emphasis
The shortage of goods seems unlikely to be resolved soon. 
Red Flag, the Peking party journal, reported last spring: ''There is such a great demand among the 800 million peasants for light industrial products that it is far from being satisfied. 
It is obvious that the development of light industry is not good enough; what is more, it is far from being good.''
Peking has tried to emphasize the production of consumer and light industrial goods over heavy industrial products such as steel. 
As a result, production in heavy industry this year is running behind last year's rate, while light industrial production has increased 12 percent in the first eight months over the same period in 1980.
In the end, Mr. Yang got a bicycle. 
A factory in Shanghai was alerted to the problem and sent him one.",1,billion,REAGAN,Reagan (1981-1988),CATEGORY_1,"billion, company, trade"
CHINESE FARMS AND FACTORIES THRIVE ON INCENTIVES.txt,"ï»¿
With what appears to be a sense of discovery, officials and industrial and farming-commune managers here laud the virtues of a market-oriented economy and of private agriculture. 
At the same time, they denounce the restrictiveness of the highly centralized and planned economy that prevailed in China through the first three decades of Communism.
The officials interviewed in and around this capital of Sichuan Province defend central planning when asked to do so. 
But they preferred to concentrate in long discussions on what they described as the important place being given to individual initiative and the need to expand it.
Chinese authorities use incentives to spur production of factory and farm workers
In 1979, this province, then led by the present Prime Minister, Zhao Ziyang, as chief of the provincial Communist Party, sought to revitalize its sluggish agriculture and industry by giving enterprises a measure of autonomy in production and marketing, increasing the scope of private plots on collective farms and providing material incentives to workers and communal farmers.
Many Chinese provinces have been undertaking experimental programs since the party's Central Committee called for such moves in December 1978. 
But Sichuan, the native province of the principal Communist leader, Deng Xiaoping, began earlier and made the boldest advances under Mr. Zhao's leadership. 
These advances are continuing.
As a result of the changes, said Deputy Governor Mou Haixiu in an interview, agricultural production and farmers' income have risen dramatically, and industrial output has doubled since 1977.
At the Tian Yuan People's Commune, an hour's drive from here, the first secretary of the party organization, Dai Suihua, said the collective of 21,200 members, growing mainly rice and wheat, had raised its grain output from 8,500 tons in 1977 to 9,800 tons last year. 
This has raised each member's ration from 448 pounds a year to 616 and his money income from 110 yuan ($68) to 142 ($88).
But, the party official said, this is only from the grain derived from the collective enterprise; it does not include the sizable profits from the increase in private plots, first authorized in 1976, to 7 percent of the commune's total area of almost 3,000 acres.
Not only are private plots bigger, Mr. Dai said, but members are free to grow what they want and market it freely. 
''In the slack season, when state stores often run out of fresh vegetables, the private market supplies them,'' said Mr. Dai. Officials interviewed often remarked that present policies represent a rejection of the Soviet model China adopted at the outset. 
They appear unaware that Soviet agriculture many years ago adopted similar changes and greatly increased the availability of produce.
''Before, there were no private plots; that was considered capitalism,'' said the party leader. 
''This was wrong. 
There should be private plots. 
There are two different economies in China, state and private. 
The private is supplementary. 
It is better to have two.''
The change in collective farming is based on setting production quotas not for the commune as a whole but for separate work brigades and sub-units and allowing the commune to retain a significant share of the value of production above the quota. 
Since the shift, Mr. Dai said, every house on the commune has received electric power. 
The number of bicycles, sewing machines, radios and even television sets has increased and the commune now has 11 trucks, where it had none before.
The changes in the industrial sphere have given enterprises autonomy to produce, beyond the centrally set quota, goods of their choice and market them where they can find a market.",1,billion,REAGAN,Reagan (1981-1988),CATEGORY_1,"billion, company, trade"
Chinese Find Large Diamond.txt,"ï»¿
Miners in Shandong Province have discovered the second largest diamond ever found in China, a 124.27-carat stone, the New China News Agency said. 
The report did not say when the latest find was made or what would happen to the diamond.
Miners in Shandong Province of discover second largest diamond ever found in China",1,billion,REAGAN,Reagan (1981-1988),CATEGORY_1,"billion, company, trade"
Chinese Get Credit Cards.txt,"ï»¿
China entered the plastic money age today when two leading bankers became the first Chinese citizens to own credit cards. 
The chairman of the Bank of China, Bu Ming, and its president, Wang Deyan, were presented with two Mastercards bearing a picture of the Great Wall.
Bank of China chairman Bu Ming and its president Wang Deyan become first two Chinese citizens to own credit cards; they are presented with two Mastercards (S)
They will able to use the cards at 300 establishments in more than 70 Chinese cities. 
The cards, to be billed in Hong Kong dollars, can also be used worldwide, according to Lam Siubiu, assistant general manager of the Nanyang Credit Card Company. 
Mr. Lam said the bank planned to issue the cards to Chinese companies whose employees go abroad on business.
''This is just a first step,'' he added. 
''It is hard to predict the size of the future market.''",1,billion,REAGAN,Reagan (1981-1988),CATEGORY_1,"billion, company, trade"
Chinese Loan Funds Sought.txt,"ï»¿
The World Bank needs a significant increase in its funds to meet any loan requests from China, the bank's president, A.W. 
Clausen, said at a news conference today.
China, a member of the World Bank since 1980, will be entitled next year to ask for virtually interest-free loans from the bank's International Development Association, which helps to finance projects in the world's poor countries.
TOKYO, May 23 (Reuters) -The World Bank needs a significant increase in its funds to meet any loan requests from China, the bank's president, A.W. 
Clausen, said at a news conference today.",1,billion,REAGAN,Reagan (1981-1988),CATEGORY_1,"billion, company, trade"
Chinese Mastercard.txt,"ï»¿
The Bank of China plans to merge its Great Wall credit card operations with Mastercard International, the official New China News Agency said today.",1,billion,REAGAN,Reagan (1981-1988),CATEGORY_1,"billion, company, trade"
Chinese Oil Exports.txt,"ï»¿
A senior Chinese official was quoted today as saying Peking would freeze oil exports to support the efforts of the Organization of Oil Exporting Countries to stabilize the world oil market.",1,billion,REAGAN,Reagan (1981-1988),CATEGORY_1,"billion, company, trade"
CHINESE STUDENTS LEARN WESTERN-STYLE MANAGEMENT IN BUFFALO.txt,"ï»¿
About 100 Chinese students at the State University campus here are learning accounting, organizational behavior and the intricacies of the free market system in a new experiment in the compatibility of Marxist economics and Western-style management.
The performers in this delicate balancing act are participants in a program that last December graduated China's first 39 American-accredited M.B.A.'s. 
The intent, its founders say, is not to preach capitalist ideology, but to improve Chinese management skills and, in the process, make China more productive.
''We are not teaching capitalism,'' said Frank C. Jen, a management professor at Buffalo who was born in China and is a founder of the program, part of the science and technology exchange that began in 1980. 
''We are teaching them a series of management techniques that will help them raise their standard of living.''
The idea for the Buffalo program, with courses in English and similar to most M.B.A. programs, grew out of shorter courses offered by a joint United States-China project, the National Center for Industrial Science and Technology Management in Dalian, a major seaport on the Bay of Korea.
Â 
Conflict in China Noted
Previously the Chinese had offered their students short courses in the Western style of management. 
But under the new program - three semesters in China and an intensive final semester of study here - the students return to their homeland with the equivalent of two years of Western training and extensive knowledge of the free market system. 
Awaiting them is an industrial system that is largely state-owned and that, despite some reforms, remains closely tied to the Communist Party.
University officials acknowledge the push and pull between reformists and hard-liners in China. 
Last year's pro-democracy demonstrations there and the Government's ensuing campaign against capitalism were ample evidence of the political conflicts.
''We want to allow the students to function as China exists today,'' said Joseph A. Alutto, dean of the university's School of Management. 
''We also want them to be able to adjust as China changes.''
Mr. Alutto said the Chinese Government had given every indication that it was happy with the M.B.A. program and that it intended to renew its contract with the university. 
Two more classes of students are expected to graduate before the current contract expires in 1989.
Â 
Western Techniques in China
From the outset, the primary concern among program supporters has been the sharing of power. 
They question the willingness of Chinese leaders to institute Western management techniques, even when they proved effective.
But Mr. Alutto, citing the advancement of earlier Dalian graduates, expects success from the M.B.A. program. 
In the short term, he said, graduates should advance rapidly as managers. 
The long-term outcome, he said, should be an increase in Chinese-American joint business ventures and greater interest in trade between the two countries.
Eager to capitalize on the potential for additional trade, the university has established a China Trade Center. 
Raymond G. Hunt, director of the center and associate director of the China M.B.A. program, said the center relied on the growing trust between the university and China and served as a conduit for companies that want to trade with China, and Chinese enterprises anxious to enter the United States market.
Â 
Obstacles and Frustration
''By providing China with proper management, we will help them to re-industrialize and in the long run promote bilateral trade,'' said Richard W. H. Lee, the United States Commerce Department's director of science and technology for East Asia and the Pacific.
The program has not been without obstacles and frustration. 
In addition to the loss of a student who chose to remain in the United States, there has been political resistance in China.
Mr. Alutto said the economic reforms adopted by the Chinese leader Deng Xiaoping had been supported by top managers and younger workers. 
The resistance has come from middle managers, the sector of management most heavily infiltrated with untrained people, many of whom are rewarded for service to the Communist Party.
Mr. Jen said he had told the Chinese at the program's outset: ''You can run a very good economic system. 
But if you want to reward Communist Party members who fought the long war, send them to management school.''
Mr. Jen and Mr. Alutto both agree that Marxism and Western management are not totally incompatible.
''China has to find her own destiny,'' Mr. Alutto said. 
''All we can do is provide the technology.''",1,billion,REAGAN,Reagan (1981-1988),CATEGORY_1,"billion, company, trade"
CHINESE THREATEN TRADE REPRISALS IF U.S. CURBS IMPORTS OF TEXTILES.txt,"ï»¿
China said today that it would retaliate economically against the United States if the Reagan Administration carried out a threat to curb imports of Chinese textiles unilaterally later this month.
The Administration announced last Tuesday that it would act to curb Chinese textile imports on Jan. 
15 if the two sides could not resolve the dispute in negotiations that are expected to resume here later this week.
The New China News Agency today quoted an official of the Ministry of Foreign Economic Relations and Trade as saying that China ''cannot but respond strongly in order to safeguard our own interests'' if the Reagan Administration carried out its threat.
Should the trade skirmish escalate, the unidentified official added, ''the U.S. side would bear all the consequences.''
PEKING, Jan. 
2 - China said today that it would retaliate economically against the United States if the Reagan Administration carried out a threat to curb imports of Chinese textiles unilaterally later this month.Talks Under Way Since August
At issue is a new agreement, under negotiation since August, to limit the quantity of clothing and other textiles that China may export to the United States. 
The current agreement expired on New Year's Eve, but the United States allowed that deadline to pass in hopes of giving negotiators a last chance to solve the dispute before Secretary of State George Shultz's scheduled visit to China on Feb. 
2.
The official did not say how China would respond to any curbs, but the Chinese have hinted in past talks with some businessmen that they might cut back on imports of American corn and wood products. 
American cotton sales to China have already dropped sharply, partly because of three successive record crops in China.
According to United States figures, China bought $2.57 billion worth of American goods in the first 10 months of 1982 and sold about $1.92 billion worth in the United States. 
The resulting trade deficit of $655.6 million is about half the imbalance that China incurred in the same period of 1981.
Textiles, however, accounted for $750.5 million, or 39 percent, of total Chinese sales to the United States in the 10-month period, up from $590 million in all of 1981. 
Overall, textile exports account for a reported 25 percent of China's foreign-exchange earnings.
The person quoted by the official news agency was not identified, but China's chief negotiator on the textile question, Li Dengshan, is a prominent official of that ministry. 
The American side has been led by Peter Murphy, an assistant United States Trade Representative. 
He is expected to return here for new talks that begin Thursday.
The previous three-year textile agreement expired last Thursday after the two sides failed to get closer to an agreement in three rounds of talks last year. 
The American side then extended the accord for 15 days to permit a new round of negotiations to begin.
The Chinese news agency quoted the unnamed official as saying that the Reagan Administration had ignored a Chinese offer to reach an interim arrangement through consultations and had set its own terms.
''This is an evident violation of the principle of negotiation on the basis of equality,'' the official was quoted as saying. 
''We are resolutely against it.''
In 1979, the Carter Administration also imposed textile quotas unilaterally after failing to reach an agreement. 
The Chinese side then returned to the negotiating table and worked out the treaty that is expiring.
Â 
Biggest Textiles Producer
Although China is the world's biggest textiles producer, it now accounts for just 10 percent of United States imports, which ranks it behind Taiwan, Hong Kong and South Korea, the three largest suppliers.
But the trade figures for the first 10 months of 1982 show that Chinese textile sales to the United States increased by 32 percent from a year earlier, with clothing and accessories jumping by 53 percent over the similar period in 1981.
The United States, meanwhile, has already negotiated new agreements with the three largest suppliers that allows them to increase exports at a rate of less than 1 percent a year from the year-earlier total. 
American producers want President Reagan to peg overall imports to the growth of the domestic market, which now runs about 1.5 percent annually.
Â 
Seeking 6% Growth Rate
China, however, does not want to accept the growth rate imposed on other Asian producers and argues that its share should be larger to compensate for the overall trade deficit that it runs with the United States. 
Its target is thought to be closer to the 6 percent growth rate allowed for secondary foreign shippers.
The differences between the two sides encompass more than the growth rate, however. 
They also include the basic quotas that would apply when a new agreement goes into effect, the categories of textiles to be controlled and the methods of future consultation.
The current consultation mechanisms give the United States the right to call for talks with China when it feels that too much of a given type of textile is being imported. 
It is one of the touchiest points for the Chinese, who want a more flexible system.
The previous agreement regulated 14 categories of textiles out of a possible 110, but the United States added another 14 categories to the regulated list last year. 
The American side reportedly wants about 30 categories included in the new agreement, while China wants only about 20.
Â 
----
Â 
Hopes for Accord
Â 
Special to the New York Times
WASHINGTON, Jan. 
2 - An American trade official said here today that the United States still hoped to reach an agreement on textile imports with China. 
''We've been down this road with the Chinese before,'' he added, when informed of China's threat. 
He did not comment further.",1,billion,REAGAN,Reagan (1981-1988),CATEGORY_1,"billion, company, trade"
Chinese _Silicon Valleys_(2).txt,"ï»¿
China is planning to develop high-technology industries by setting up six ''silicon valleys,'' the official New China News Agency said today. 
The zones will be in Beijing, Shanghai, Canton, Tienjin, Wuhan and the Shenzhen Special Economic Zone, near Hong Kong.",1,billion,REAGAN,Reagan (1981-1988),CATEGORY_1,"billion, company, trade"
Chinese _Silicon Valleys_.txt,"ï»¿
China is planning to develop high-technology industries by setting up six ''silicon valleys,'' the official New China News Agency said Friday. 
The zones will be in Beijing, Shanghai, Canton, Tienjin, Wuhan and the Shenzhen Special Economic Zone, near Hong Kong. 
They will concentrate on such businesses as computers, robots, microelectronics, optical-fiber communications and lasers.",1,billion,REAGAN,Reagan (1981-1988),CATEGORY_1,"billion, company, trade"
Ciba-Geigy Plans Venture in China.txt,"ï»¿
Ciba-Geigy A.G., Switzerland's biggest chemical and pharmaceuticals company, said it plans to begin production in China in 1989 with a large local manufacturer, the Beijing General Pharmaceuticals Corporation.
The initial capital investment for the venture will be the equivalent of $12 million at current exchange rates, according to a Ciba-Geigy statement.
A company spokesman, Jan Krieger, said Ciba-Geigy would supply the equipment and the new company's president would be Chinese. 
The plant, which will be near Beijing, will supply the domestic market and will be able to produce the full range of Ciba-Geigy drugs, the company said. 
These include cardiovascular, infection-fighting and anti-rheumatism products.",1,billion,REAGAN,Reagan (1981-1988),CATEGORY_1,"billion, company, trade"
Clausen to See China Officials.txt,"ï»¿
A.W. Clausen, president of the World Bank, arrived today in Peking for talks that could lead to an increase in lending to China, if the bank can raise the money.
''We expect another substantial increase above the $600 million level,'' Caio Koch-Weser, head of the bank's China division said in an interview.
But in Tokyo Monday, Mr. Clausen said the bank needed a significant increase in its funds to accommodate any loan requests from China.
PEKING, May 24 (Reuters) - A.W. 
Clausen, president of the World Bank, arrived today in Peking for talks that could lead to an increase in lending to China, if the bank can raise the money.",1,billion,REAGAN,Reagan (1981-1988),CATEGORY_1,"billion, company, trade"
Companies Find Profits In China.txt,"ï»¿
THE president of the Farmstead Telephone Group might be based in Glastonbury, but he is doing a lot of business in Beijing.
The Farmstead president, David M. Jastrembski, is overseeing the fulfillment of a telecommunications contract that is expected to bring his company $100 million. 
No one is more surprised by all this than Mr. Jastrembski, who a few years ago did not expect to be doing business in China at all.
Mr. Jastrembski is one of a growing number of Connecticut business executives who find that their overseas itineraries include China.
For years, major Connecticut companies like the United Technologies Corporation have had their own business dealings with China, but over the last few years, smaller companies have been getting involved, many through the efforts of the State Economic Development Department, which has made trade with China a priority.
There are about 200 Connecticut companies doing business with China, and about 20 of those in Shandong Province, with which Connecticut has a sister-city relationship. 
It is estimated that business with China represents about $150 million of the $6 billion that Connecticut does in export business annually, said the director of marketing for the State Department of Economic Development, David C. Driver.
The state's role in fostering such relationships dates back to 1980, after the normalization of trade relationships between the United States and China. 
State Economic Development Commissioner John J. Carson was the deputy commissioner then, and he recalls being skeptical when his boss, Edward J. Stockton, went to China and returned brimming with enthuasiasm. 
Since then, Mr. Carson has become a believer.
''The China relationship nicely combines two strategic market segments that Governor O'Neill has encouraged us to be involved with: small business and exporting,'' Commissioner Carson said. 
''That's one of the fundamental reasons why we are both excited about it and fairly active in the China trade business right now.''
He acknowledged that not all Connecticut businesses could benefit. 
The Chinese know precisely what they are looking for, he said, and are most keenly interested in companies that combine high techology with such industries as transportation equipment, including aviation; electronics; machine tooling, and instrumentation.
Until recently, the Economic Development Department functioned as a matchmaker, providing Connecticut companies with free consulting services to help them find the right market for their goods. 
But in the last legislative session, the General Assembly passed the Financial Capital Act, which will provide companies doing business overseas with low-interest loans, said Mr. Driver.
China is not the only country with which Connecticut deals. 
The Economic Development Department also oversees offices in Japan to aid Connecticut companies doing business in the Far East, as well as in West Germany, for European trade. 
The legislature has also passed a bill to establish the Connecticut Israel Exchange Commission, to encourage more commercial and cultural exchange with that country, he said.
In doing business with China, personal contact is key. 
To this end, the department has organized several trips to China, including an important mission last September led by Governor O'Neill. 
This was the first official visit by a Connecticut governor to the Far East, and in a country like China where government is all important, Mr. Driver said, his presence lent an invaluable stamp of prestige.
But, even when businesses cannot visit China directly, state officials take along brochures from Connecticut companies. 
This led to the $100 million contract for the Farmstead Telephone Group.
Mr. Jastrembski laughed when he recalled rebuffing repeated assertions by state economic development officials that the Chinese were very interested in buying the refurbished telecommunications equipment his company specializes in. 
In fact, it was not until he learned that the Chinese were ready to sign a contract that he became interested at all. 
Now, he plans to spend about 11 months a year in China.
Farmstead will be in charge of modernizing China's telephone system, a system that ''is about what ours was like in the 1930's and 40's,'' Mr. Jastrembski said. 
The agreement with China is expected to bring Farmstead, a company with fewer than 50 employees, about $100 million over the next decade. 
Also, through a joint corporation set up with China, Farmstead expects to do business with other countries as well, such as Australia and India.
''If it all comes to fruition, this will overshadow our operation here,'' said Mr. Jastrembski, conservatively enough, Farmstead had about $3.5 million in sales last year.
When he thinks about it all, Mr. Jastrembski still marvels.
''I think we've moved so fast not because of any brilliance on our part but because we happen to deal with a product China is interested in,'' he said. 
''China is trying to develop its infrastructure and a key element is telecommunications, so they are buying it now. 
We have the right product at the right price. 
That's the key to our success.''
Usually, Connecticut businesses dealing in China have to be prepared for delays that drag on for months, or even years.
The president of Bauer Aerospace Inc. in Farmington, Louis J. Auletta Sr., is optimistic that his current negotiations with the Chinese will lead to some lucrative contracts, but he expects it to take a while, he said.
His company, which has about $5 million in sales annually, manufactures test and ground-support equipment for the aircraft industry, and exports account for about 60 percent of its business.
Mr. Auletta is working with members of China's Civil Aviation Authority, which, he said, has a very modern fleet of aircraft, and is now seeking to begin servicing them independently, which is where his company would come in.
''As a result of my trip in September, we've had communications back and forth,'' he said. 
''I do foresee visiting China again in 1989 and '90. 
It is absolutely a long process. 
You have to establish trust and credibility early on. 
Visiting the country, your presence there is important. 
You also need to do good planning, and have patience and persistance to go along with it.''
But doing business with the Chinese is not for everyone. 
Just ask Anne Evans, owner of JAR Trading in Hebron, a tire business.
Ms. Evans, whose company expects to export about $39 million worth of tires this year to Europe, Africa, South America and the Far East, also went along on the Economic Development Department's trip. 
She discovered, though, that adding China to her export business would probably be impractical for a business her size, which has two full-time employees.
A potential for business with China exists if Mrs. Evans wants to become involved in having rubber companies manufacture tires to Chinese specifications. 
That, she said, ''could be enormously profitable if I can be very patient and want to spend an enormous amount of money to make it work.''
''The Chinese, who are so used to working with big companies, think it's easy for you to spend $10,000 to get on a plane and go there,'' she said, ''but I'd have to hire interpreters, technical people. 
And when I look at my time and resources, even though I could do a lot in China in two years, do I stop what I'm doing here?''
Personal preferences play a role too. 
While Mr. Jastrembski found the Chinese people warm and friendly, Ms. Evans said she ''never felt so alone,'' as during some of the time she spent there.
Still, China represents a huge market, and Ms. Evans is trying to see if someone she knows in the tire business, and who is interested in living in China, wants to join her company. 
That, she said, appears to be the only way doing business in China would work for her.",1,billion,REAGAN,Reagan (1981-1988),CATEGORY_1,"billion, company, trade"
COMPANY NEWS_China-Fiat Pact.txt,"ï»¿
The Iveco Company of the Italian Fiat Group and China's Nanking Automobile Plant have signed a contract to produce 60,000 light trucks in China using technology from Iveco, the official New China News Agency said.
The engines and all the other parts of the trucks will be manufactured in China, the agency said. 
The Italian Government has provided $7 million as a donation to the joint project, $110 million in soft-loan terms and $100 million in export credits, the agency said. 
The trucks may be marketed both domestically and abroad, according to the agency. 
Their carrying capacities will range from one to three tons.",1,billion,REAGAN,Reagan (1981-1988),CATEGORY_1,"billion, company, trade"
COMPANY NEWS_Chrysler Seeks Growth in China.txt,"ï»¿
The Chrysler Corporation hopes to add passenger cars to the line of Jeeps that it produces in China, a top official of the auto maker said. 
Gerald Greenwald, head of the Chrysler Motors division of the Chrysler Corporation, said his company had been negotiating with First Automotive Works of Changchun, in northeast China, to produce higher-priced autos for use as official cars and taxis.
First Automotive hopes to begin construction by the end of the year on a plant that would initially produce 30,000 cars a year, with potential capacity of 150,000, Mr. Greenwald said. 
China produced about 400,000 motor vehicles last year, almost all trucks and buses. 
Only about 20,000 passenger cars were built. 
Chrysler inherited a stake in China last year when it acquired the American Motors Corporation, which has been producing Cherokee Jeeps as part of a joint venture known as the Beijing Jeep Company.",1,billion,REAGAN,Reagan (1981-1988),CATEGORY_1,"billion, company, trade"
COMPANY NEWS_G.M. and China In Auto Deal.txt,"ï»¿
The General Motors Corporation announced today that it had reached an agreement to sell a used engine assembly line to the China National Automotive Industry Corporation and to cooperate with various Chinese agencies in developing an auto industry in that country.
Ultimately, G.M. hopes to be part of a joint venture to produce light trucks and cars for domestic consumption in China, which G.M. expects will lead to the broadest involvement of any foreign company in China, company officials said.
The initial agreement calls for the sale of the assembly line in Flint, Mich., for $16.5 million, the New China News Agency said. 
G.M. is also negotiating to form a foundry joint venture and is discussing projects to produce other equipment in China.
A second phase of G.M.'s involvement in China would involve manufacturing other components locally and is expected to lead to the production of complete G.M.-designed vehicles, like the Chevrolet S-10 compact pickup truck.
The Chrysler Corporation, through its acquisition of the American Motors Corporation last year, is producing four-wheel-drive vehicles in China.",1,billion,REAGAN,Reagan (1981-1988),CATEGORY_1,"billion, company, trade"
COMPANY NEWS_MEETING WITH CHINA SET ON CAR VENTURE.txt,"ï»¿
Officials of the Big Three automobile companies will meet with a delegation from China next month to discuss establishing a large joint venture to produce cars in that country.
Auto company executives cautioned that there had been contacts with China for years and no large-scale deals had emerged.
According to news reports from Beijing, Zhu Rongji, a top official of the State Economic Commission, said that China was interested in finding an American partner for a plant that would produce 300,000 cars a year.
Officials of the three companies confirmed they were preparing to meet with Mr. Zhu and other Chinese officials.
A factory that could produce 300,000 cars a year would be larger than most assembly plants in the United States, where annual capacity is usually in the range of 200,000 to 240,000 vehicles. 
A new assembly plant in this country typically represents an investment of about $750 million.
The only Big Three company with significant operations in China is the Chrysler Corporation, which inherited a joint-venture Jeep factory in Beijing when it merged with the American Motors Corporation this summer and which had earlier sold engine-making machinery to a Chinese company.
A spokesman for the Ford Motor Company said that Chinese officials appeared interested last year in a joint venture to build a small, multipurpose van similar to one Ford builds in Europe but that nothing had come of the idea.
Although the Chinese market is potentially vast, foreign businesses have often found operations there difficult, because of the underdeveloped industrial base and intricate bureaucracy.
The Jeep operation would be dwarfed by a 300,000-a-year car plant. 
Chrysler officials said Beijing Jeep was expected to produce 3,000 Cherokee models this year, along with 23,000 units of an old, Russian-designed off-road vehicle.",1,billion,REAGAN,Reagan (1981-1988),CATEGORY_1,"billion, company, trade"
COMPANY NEWS_U.S. Maker to Sell Engines to China.txt,"ï»¿
The United Technologies Corporation will supply China with 37 industrial gas turbine engines adapted from the workhorse JT8D commercial jet engine in a 10-year deal worth $150 million, the company said.
The company's Pratt & Whitney Group, maker of the JT8D, will work with Turbo Power and Marine Systems Inc. to develop and produce the 30,000-horsepower FT8 gas turbines. 
The power plants will be used for 25 megawatts of electrical generation, mechanical drive for the petroleum and natural gas industries, and marine applications. 
The FT8 runs at nearly 40 percent efficience - more fuel-efficient than current industrial power plants, Frank Bruno, general manager of Turbo Power, said in a statement.",1,billion,REAGAN,Reagan (1981-1988),CATEGORY_1,"billion, company, trade"
Cummins to China.txt,"ï»¿
The Cummins Engine Company said it had signed an agreement to establish a distribution and technical service center in Peking. 
It said it signed the three-year, non-exclusive agreement in July with the China National Technical Import Corporation, which produced Cummins diesel engines last year under license, and with the China National Automotive Industry Corporation, which will operate and manage the center.
Cummins Engine signs agreement to establish distribution and technical service, Peking (S)",1,billion,REAGAN,Reagan (1981-1988),CATEGORY_1,"billion, company, trade"
Diaper Import Quotas Under Fire.txt,"ï»¿
Thousands of parents are likely to pay more for diaper services as a result of import quotas the United States has quietly imposed on plain cotton diapers from China.
The quotas, which were fixed after a textile trade pact signed with Beijing on Dec. 
20, illustrate the complexity of trade issues and the trade-off involved in using protection as an instrument to preserve jobs.
The action was taken to placate the domestic textile industry, which has long complained about the job-destroying effects of imports. 
The industry is pushing legislation to set quotas on all textile and apparel products entering the United States.
Â 
Only 60 Jobs Involved
Only 60 jobs at diaper plants in South Carolina are involved. 
But the action seems likely to raise prices charged by diaper services around the country, as they face higher prices for diapers. 
It has also prompted criticism on environmental grounds because it may encourage more use of disposable diapers.
If use of disposable diapers increases, layoffs at diaper services may outstrip the number of jobs the cloth-diaper quotas are meant to preserve. 
At the same time, of course, the number of jobs at companies that make disposable diapers would presumably increase.
Environmental, consumer and free-trade advocates are the leading critics of the curbs. 
''They will mean higher prices, a switch to disposables and more environmental problems,'' said Mark Silbergeld, director of the Consumers Union's Washington office. 
''I'm not sure how much they can really help the domestic industry.''
Â 
'Destroys Their Credibility'
Representative Ron Wyden, Democrat of Oregon, criticized the Administration's trade policy as inconsistent. 
''For guys like me, fighting in the trenches for free trade,'' he said, ''this sort of protectionist action to help a grand total of one company destroys their credibility.''
The Reagan Administration says the curbs are necessary. 
Gary Holmes, a spokesman at the Office of the United States Trade Representative, said the domestic industry ''told us they were being killed by imports.''
Only one company in this country makes the thick-ply diapers that compete with Chinese diapers as the mainstay for hundreds of services. 
The Gerber Products Company of Fremont, Mich., a $1 billion-a-year baby-products concern with a small plant in Pelzer, S.C., makes Curity brand diapers as part of its Soft Care Apparel division.
Sixty of the 400 jobs at the plant are related to production of the heavy Curity diapers used by diaper services, said a company spokeswoman.
About a year ago the Government imposed temporary quotas, following a surge in imports in 1986. 
Meanwhile, Gerber raised prices twice -12 percent effective Oct. 
15 and 15 percent May 1 - increasing prices to around $9 a dozen. 
Diapers from China now cost roughly the same.
For many diaper services, the cost of diapers is about one-fifth the cost of doing business.
With Chinese diapers limited and prices higher for domestic diapers, some services now plan to increase their rates. 
''Within two months we will raise prices 6 percent, our first increase in two and one-half years,'' said Brian Smithson, president of Baby Diaper Service of Seattle, which calls itself the largest service in the country. 
That increase would work out to 50 cents on top of the $9 it now costs to provide the 80 diapers an average baby uses in a week.
Paul J. Anderson, president of Babyland Diaper Service of Portland, Ore., said that over the next two years diaper prices could go up by an additional 25 percent. 
''When you have only one supplier, you're at their mercy,'' he said.
Although shipments of diapers are normally measured in dozens, the quotas are fixed by weight. 
China this year is barred from sending the United States more than 1.27 million pounds of diapers, of which 270,000 pounds will go to Pro Diaper. 
A dozen diapers weigh approximately three and a half pounds.
Â 
Many More Jobs at Stake
Mr. Anderson maintained that many more American jobs are at stake than the 60 in South Carolina to be protected under the quota policy.
At least 40,000 people are employed by diaper services, including drivers, office and sales personnel and people who launder and package diapers for customers.
According to importers, the Chinese diapers, made in Nanjing, Shanghai and Beijing, are thicker, more durable and more absorbent than the South Carolina diapers.
A Gerber official who asked not to be identified acknowledged that the Chinese diapers were thicker, but added that Gerber was working on a comparable product. 
90% Come From China Diapers are also imported from South Korea and Mexico, but far more come from China. 
In 1986 diapers from China totaled 894,000 dozen, up from 45,000 dozen in 1985, according to Knox H. White, an associate of the Greenville, S.C., law firm of Haynsworth, Marion, McKay & Guerard, who sought the quotas in representations before the Office of the United States Trade Representative and the Commerce Department. 
The Chinese sales accounted for 90 percent of the one million dozen diapers taken by diaper services in 1986.
''This was a classic case of an import surge,'' said Mr. White, who represents a number of textile companies. 
Mr. White has some powerful allies in Washington, including Senator Strom Thurmond, the ranking Republican on the Judiciary Committee, and Representative Butler Derrick, a Democrat on the Rules Committee. 
Both are South Carolinians. 
The quotas have become all the more controversial because of the timing. 
Only recently have analysts begun to see at least a tentative consumer shift away from disposable diapers back to cloth diapers.
Â 
'Worst of All Worlds'
So trade policy, as public policy experts note, appears to be undercutting environmental policy. 
''We try to solve our trade problems only on a political basis,'' said Clyde V. Prestowitz Jr., a former counselor to the Commerce Secretary. 
''The result is that we get the worst of all possible worlds. 
We pay the cost of protection and get no benefits from it.''
Establishment of the first new diaper services in years - Diaper Fresh in Las Vegas, Nev., and KC Diaper Service in Baton Rouge, La. 
- is cited as one illustration of the revival of cloth diapers.
Because Beijing was a party to the restraints, it has not protested. 
Chen Ming Hui, commercial attache at the Chinese Embassy here, said, ''We will abide by the agreement, but of course we are opposed to any more restrictions.''
Â 
Visions of 'Mount Diaper'
Long before the Chinese came to the scene, the domestic industry had been hurt because of the popularity of the disposables, made chiefly by Procter & Gamble, Kimberly-Clark and Weyerhaeuser. 
Today this product, made of plastic, bleached paper and chemicals, accounts for about 85 percent of the country's diaper changes and racks up annual sales of $3.5 billion.
Nearly 18 billion disposable diapers were dumped into trash cans last year, accounting for 3 percent to 4 percent of all the waste going into the nation's landfills, according to Carl Lehrburger, manager of recycling programs for the Energy Answers Corporation, an Albany resource recovery concern.
A Washington State legislator, Georgette Valle, who has introduced a bill that would require that disposable diapers be biodegradable by 1990, said, ''Someday I will look out my window at Mount Rainier and there will be another mountain - of disposable diapers.''",1,billion,REAGAN,Reagan (1981-1988),CATEGORY_1,"billion, company, trade"
Economic Scene_Complexity And Control.txt,"ï»¿
THE decision of the Central Committee of the
Communist Party of China to give greater
freedom to capitalist-style market forces and independence to a million state-owned enterprises may be the most damning indictment thus far of the failures of central planning and rigid controls of Communist states.
The Chinese, under Deng Xiaoping, are moving further along the capitalist road, without calling it that. 
The announcement said China would continue to adhere to Communist principles. 
Deng, unlike his predecessor, Mao Zedong, does not believe in great leaps forward or cultural revolutions; even after the reforms, some central planning will remain for key industries, such as steel, coal, cement and fertilizers, and there will be a mixture of collectively and privately controlled enterprises.
Leonard Silk (Economic Scene) column on move by China to give greater freedom to capitalist-style market forces and independence to many state-owned enterprises; says action may be most damning indictment thus far of failures of central planning and rigid controls of Communist states; sketch (M)
Yet a genuine overhaul of the centrally controlled system seems to be in the works. 
Strikingly, the Chinese declaration said the most crucial change would be in the price system, switching from fixed to flexible prices, responsive to changes in supply and demand. 
And the Chinese stress their determination to promote competition and provide greater economic incentives to producers to meet the needs of consumers, to increase productivity and to innovate.
The changes in China's economic system could have a far more powerful effect on the Soviet Union than earlier experiments in Hungary, Yugoslavia and other Communist countries because of China's huge population and the strategic threat Peking represents to Moscow.
For what the proposed changes in the Chinese system imply is acceptance by a group of top Communist leaders that the complexity of developing and operating a modern economy is incompatible with the methods of central planning and control practiced in the Soviet Union, and still preached as orthodoxy through much of the Communist world.
A new book, ''The Idea of Economic Complexity,'' by David Warsh, a reporter on The Boston Globe, serves to demonstrate that economic development involves not just greater wealth or new technology but a higher degree of complexity, with economies consisting of a greater and greater number of ''separable, analyzable parts.''
Growing complexity, in economic terms, means an increasing number of different jobs, different businesses, different machinery, different goods and services; it also means, with greater and greater division of labor, greater interdependence, nationally and internationally.
On the surface, it might seem that greater complexity would require greater control for an economy to work efficiently. 
But the reverse is true, as the experience of capitalist and Communist countries demonstrates. 
The gap between living standards in Western and Communist economies, as Mr. Warsh notes, grows greater every day. 
There are 26 centrally planned economies that, with nearly 40 percent of the world's population, produce slightly less than 20 percent of the world's goods.
But the Communist countries account for nearly 40 percent of the world's military spending. 
This huge outlay on arms helps to retard the Communists' economic development and exacerbates tensions among themselves and with the West.
''The prospect for the knitting together of these two blocs through extensive foreign trade is not bright,'' Mr. Warsh says. 
He doubts that two such different systems can really coexist peacefully when the gap between them - material and technical - keeps widening. 
''Given the exceedingly precarious balance of the arms race,'' he says, ''it seems to me that all the questions really worth worrying about grow out of this great inequality.''
China's decision to try a new route to narrow the gap in income and living standards is thus important not only for its own development, and possibly that of the entire Eastern and world economy, but also for international peace. 
That would be particularly important if China should succeed in moving forward in industry, as it has in agriculture, and establish a model for the Soviet Union.
But resistance to capitalist-style economic change is strong in the upper reaches of the Soviet political ruling class, the bureaucracy and the military. 
Partly. this resistance seems rooted in the habits of the oldest Communist regime in the world, partly in fear of the political consequences of the lifting of repression. 
Yet the Soviet system may be mired in endless stagnation if its leaders continue to resist the lessons that the Chinese - and many Soviet economists - have been learning about the complexities of modern economic systems and how to deal with them.
''The chief advantage of time,'' said Henri Bergson, the French philosopher, ''is that it prevents everything from happening at once.''
To this, the economist Jagdish Bhagwati of Columbia University adds, ''The chief advantage of economic theory is that it prevents us from considering everything at the same time.''
There's a second corollary, which Mr. Warsh's book inspires: Growing complexity requires greater simplicity, independence of decision-making, and interdependence within and among nations. 
There remain problems, including air and water pollution, congestion, crime, disease and the arms race, which require cooperation and control. 
Capitalists as well as Communists still have things to learn.",1,billion,REAGAN,Reagan (1981-1988),CATEGORY_1,"billion, company, trade"
EXPORTS TO CHINA BY U.S OFF.txt,"ï»¿
A Chinese boycott of American agricultural products last year cut American exports to China by more than a third, according to preliminary Government figures released today.
Huang Wenjun, a spokesman for the Ministry of Foreign Economics and Trade, also said at a news conference that China's total foreign trade reached $40.14 billion in 1983, up 2.2 percent from 1982, despite what he called a sluggishness in demand.
China's exports last year were $22 billion and its imports $18.14 billion, leaving a trade surplus of $3.86 billion. 
This is less than the $4.7 billion surplus in 1982.
China says its total foreign trade reached $40.14 billion in '83, up 2.2% from '82 despite sluggishness in demand; puts exports in '83 at $22 billion, imports at $18.14 billion, leaving trade surplus of $3.86 billion; says boycott of American agricultural products last year cut American exports to China by more than third (M)
Mr. Huang said China's exports to the United States had remained at the 1982 level, while its imports from the United States dropped 38.3 percent. 
He gave no specific statistics, but there have been estimates that total Chinese-American trade dropped to less than $4.3 billion last year, from nearly $5.2 billion in 1982.
Â 
Curbs on Farm Products
The sharp drop in China's imports came after China refused to purchase United States grain and other agricultural commodities in retaliation for American quotas placed on the purchase of Chinese textiles. 
A new textile agreement was reached last August, but China failed to meet its commitment to buy a minimum of 6 million tons of grain annually under a long-term purchasing agreement extending through 1984.
Last month, the Chinese Embassy in Washington told the United States Government that China would make up its obligation by buying the remaining 2 million tons of grain for delivery in 1984. 
It bought only 4 million tons last year.
The United States Embassy here said Friday that China imported $1.8 billion worth of American goods in the first 11 months of 1983, while exporting $2.1 billion in Chinese products. 
If this trend continues, it would give China its first trade surplus with the United States since relations were normalized between the two countries.
Â 
Textile Exports to U.S. 
Climb
Despite Washington's imposition of controls on Chinese textiles, sales of Chinese clothing and accessories to the American market climbed 25 percent in the first 11 months of last year, to $713.9 million.
Chinese-American trade has declined from its high point of $5.5 billion in 1981. 
The Washington-based National Council for United States- China Trade predicted earlier this month that commerce between the two countries could bounce back to a record $5.5 billion to $6 billion this year, because of the Reagan Administration's move to loosen restrictions on the sale of advanced technology to China.
Mr. Huang told reporters today that Hong Kong remained the leading market for China's exports. 
Hong Kong bought $5.3 billion worth of Chinese goods last year, a 6.6 percent increase over 1982.",1,billion,REAGAN,Reagan (1981-1988),CATEGORY_1,"billion, company, trade"
Exxon Unit Quits Oil Well Off China.txt,"ï»¿
The Exxon Corporation said that a subsidiary had abandoned the first exploratory oil well it had drilled in the South China Sea as part of a joint venture with units of the Royal Dutch/Shell Group and the China National Offshore Oil Corporation. 
Exxon said the well, about 165 miles southeast of Zhanjiang in the western part of the Pearl River Mouth Basin, was about 12,690 feet deep.
Exxon Corp unit abandons first exploratory well it drilled in South China Sea as part of joint venture with Royal Dutch/Shell Group and China National Offshore Oil Corp (S)
While a small volume of oil was discovered, Exxon said, it was unlikely that the well could be developed economically. 
While Exxon said it would return to the area for exploration, it said it was moving a drilling rig to a second well, about 215 miles southeast of Guangzhou in the eastern part of the Pearl River Mouth Basin.",1,billion,REAGAN,Reagan (1981-1988),CATEGORY_1,"billion, company, trade"
Factory Control in China.txt,"ï»¿
China has begun an experiment to free factories in 16 small cities from state or Communist Party control, The People's Daily said today.",1,billion,REAGAN,Reagan (1981-1988),CATEGORY_1,"billion, company, trade"
Fiat Tractor and China.txt,"ï»¿
Fiat Trattori, the tractor manufacturing unit of Italy's largest private industrial group, Fiat S.p.A., said it had signed a letter of intent to renovate two tractor plants in China. 
Fiat Trattori said Friday that it would renovate plants at Shanghai and at Luoyang under the agreement with China's Ministry of Machine Manufacture. 
The plants will produce Fiat tractors under license, it said.
Fiat Trattori, tractor manufacturing unit of Fiat SpA, signs letter of intent to renovate two tractor plans in China, one in Shanghai and one in Luoyang; plans will produce Fiat tractors under license (S)",1,billion,REAGAN,Reagan (1981-1988),CATEGORY_1,"billion, company, trade"
FINANCE_NEW ISSUES_Beijing Criticizes Rating by Moody_s.txt,"ï»¿
China complained yesterday that Moody's Investors Service assigned too low a rating when the nation issued its first international bonds last October.
Moody's rated the 300-million-mark issue A-3, or lower than the Aa rating that Chinese officials said it deserved. 
The newspaper China Daily quoted a Finance Ministry spokesman in Beijing as saying it was ''unbelievable'' that China's bonds were rated lower than those of India and South Korea. 
Chinese officials said Moody's analysts were in their country only eight days.
Stephen Taran, a senior analyst at Moody's, said, ''It is our policy not to comment on the reaction of issuers to our ratings.''",1,billion,REAGAN,Reagan (1981-1988),CATEGORY_1,"billion, company, trade"
FINANCE_NEW ISSUES_China Given Loan By World Bank.txt,"ï»¿
The World Bank announced today that it had approved a $231.9 million interest-free loan to China for road-improvement and tree-harvesting projects.
Road-improvement projects in Sichuan and Shaanxi provinces will be aided by a $175 million loan, the bank said.
It said A $56.9 million loan would be used for a tree-harvesting project that hopes to salvage about two million acres of trees damaged by a forest fire in May 1987.
The loan, made through the International Development Association, the bank's concessionary lending arm, is for 35 years, including a 10-year grace period.",1,billion,REAGAN,Reagan (1981-1988),CATEGORY_1,"billion, company, trade"
Financing Oil Hunt by China.txt,"ï»¿
China will need $20 billion to finance offshore oil exploration and production by 1990, a prominent Hong Kong banker said here today.
Michael Sandberg, chairman of the Hongkong and Shanghai Banking Corporation, told delegates to an oil conference here that ''if drilling is initiated early in 1982, at least $10 billion will be required to fund exploration and production by 1985, followed by another $10 billion by 1990.''
Michael Sandberg, chairman of Hong Kong and Shanghai Banking Corp, predicts that China will need $20 billion for oil exploration by 1990
China is expected to call for bids from foreign oil companies early next year to exploit its offshore oil resources in the South China Sea and the southern Yellow Sea.
The chairman of Hong Kong's largest bank said that the Pacific Basin banking community could manage financing packages or loan syndications for the venture.
China must develop its offshore oil to finance its modernization programs, Mr. Sandberg said. 
It is also in the strategic interests of the Pacific Basin nations to see China expand its oil production to lessen dependence on Middle Eastern sources, he added.
The Middle East provides 70 percent of the area's oil consumption of 25 million barrels a day.",1,billion,REAGAN,Reagan (1981-1988),CATEGORY_1,"billion, company, trade"
FINDING SUCCESS IN THE CHINESE MARKET.txt,"ï»¿
BY the end of its first year in business, Sun Associates Inc. in Elmsford, an international trading and consultant company, had one customer but nevertheless managed to gross $7.5 million. 
Four years later, Sun Associates, still with the same single customer, has quadrupled sales to post figures of $28 million gross this year.
''It helps when your customer is the People's Republic of China, with one-quarter of the world's population,'' said Robert C. Sun, the company's founder and president. 
Mr. Sun, an electrical engineer, spent 16 years in International Business Machine's development laboratory in Poughkeepsie as a computer designer and engineer of future systems before starting Sun Associates in 1982.
''The development lab was an exciting place to work,'' he recalled. 
''We started working on the design of the I.B.M. model 3081, the big computer, in 1970 and it was not until 1980 that the first one was shipped. 
All our projects were 5 or 10 years down the road. 
I liked my job very much but when I saw that a new era was beginning for China, I felt strongly that I was in exactly the right spot to take advantage of it. 
China wanted modernization, I knew they would need high-tech computers, my specialty, so I decided to start a business directed to the China market.''
Mr. Sun, who is 51, was born in Zhejiang, China, but moved to Taiwan with his family in 1949 when the Communists came into power in China. 
Two years after he graduated from Chengkung University in Taiwan, he won a scholarship for graduate study at the Steven's Institute of Technoloy in Hoboken and set out for New Jersey.
''My father, who is also an engineer, encouraged me to come to the United States,'' he said. 
''I found the teaching here very different from Taiwan. 
The atmosphere was much more stimulating. 
Professors encouraged creative, original thinking.''
Before being recruited by I.B.M., Mr. Sun worked for Western Union, and later for CDS Communications. 
''My wife and I liked it so much here that we became American citizens as soon as we could,'' he said.
However, when Mr. Sun was invited to visit China in 1972 by Premier Zhou Enlai, he accepted with alacrity.
''I was part of a group of 28 overseas Chinese who made the first return into Communist China,'' he said. 
''I was very anxious to see my former home and my grandmothers, who were still living there. 
We were all also very anxious to see what was going on in China first-hand.''
Soon after he returned to the United States, he took part in a seminar at the State University of New York at New Paltz, on trade with China. 
''I was very impressed with the predictions made concerning the increase of trade with China,'' he said. 
''Here is a brand new opportunity, I thought. 
It is my time to try it. 
I have been very lucky in choosing the right field and the right time.''
Capitalizing the company start-up himself, Mr. Sun, drawing on his knowledge of computer technology for the power industry, put together a sophisticated package including hardware, software, training and maintenance of equipment for Chinese power stations. 
He won his first contract for 11 systems from the Ministry of Water Resources and Electric Power in the People's Republic of China.
''Vast problems occur in China when the power fails,'' he said. 
''If electicity is kept constant, productivity is increased; on the other hand, when it is disrupted, productivity dips considerably. 
The Chinese Government's emerging power industry is anxious to expand its power networks throughout the country.''
Mr. Sun strengthened the capabilities of his company with the addition of Robert S. Lin. Mr. Lin, who is 47 and Sun Associates vice president, comes from a background similar to Mr. Sun's.
''I was born in Fujian, in the south of China,'' he said. 
''My father was a businessman. 
When I was 9 years old, the Communists took over. 
We went to live in Taiwan, where I went to school and eventually studied engineering. 
I had a scholarship for graduate work at McGill University in Canada and stayed there for one year before transferring to the University of West Virginia, where I finished my master's degree. 
I became involved with nuclear power and it became my specialty.''
For a decade, Mr. Lin worked on the design of the Clinch River nuclear power plant in Tennessee, only to see the project terminated by Congress.
''One billion dollars and 10 years' work went down the drain,'' he recalled. 
''It was very frustrating. 
When friends introduced me to Mr. Sun and he described his company to me, I joined the company happily. 
I wanted to have some control over my own destiny.''
Using first-hand knowledge of current technology in the power industry, Sun Associates delivered 11 of what is known in the industry as SCADA/AGC systems based on a DEC Super-Mini processor to ten regional power stations in China in the fall of 1985.
''We had to develop a special Chinese character set for the display-generation equipment,'' said Mr. Lin. ''It was an expensive project that we financed ourselves. 
The Chinese character terminals and printers were integrated into the system to meet the requirements of the Chinese end-user. 
It was a complex task.''
The contract that sent the special VAX computer system to China also brought 50 Chinese engineers to the United States for training by Sun Associates.
''Training the engineers in the use of the VAX computer system was part of the package deal we made with our customer, the Chinese Government,'' said Mr. Sun. ''In China, computers are installed in various regional power bureaus and will be operated by the people we train here. 
We built classrooms and a computer laboratory here in Elmsford to give the engineers hands-on experience. 
The courses are conducted in Mandarin by our in-house engineers, who are Mandarin-speaking specialists in communications, hardware maintenance, software programming and other areas of computer science. 
It is not a simple business staffing such a school.''
Sun's training program must also prepare students to perform substantial portions of the maintenance and troubleshootings on their machines in China; students must also have the ability to diagnose problems that demand the attention of Sun's maintenance staff.
''We keep a maintenance staff and a huge inventory of spare parts in China,'' said Mr. Sun. ''As part of our agreement, we supply free maintenance service for all the systems for a full year.''
Two groups of students have already completed the 12-week training course in Elmsford. 
A third group has just begun the same intensive course.
''The training program has received high praise from the top officials of the Ministry of Water Resources and Power,'' said Mr. Sun. ''I believe it is what gives us the edge over our competitors - training engineers on the spot. 
We are competing with the Japanese, the French and the English for a share of the huge China market.''
Sun also serves as China representative to Westinghouse Systems Ltd. of the United Kingdom. 
''We helped Westinghouse win one of China's largest contractor awards for 1986-1987,'' said Mr. Sun. ''It calls for Westinghouse to supply energy management systems to four power centers and development systems to two energy research institutes in China. 
We provided Westinghouse with a formal introduction to the Ministry of Water Resources and Electric Power and we negotiated on their behalf at numerous liaison meetings in Beijing, the United States and the United Kingdom.''
Sun is supplying equipment, training and maintenance for the project and as the sub-contractor will supply a large portion of the hardware and integration for Westinghouse Energy Management Systems. 
Wen Xinguang, one of the engineers now being trained for the Westinghouse project, will go to England for additional training before going back to China.
''I find this course very interesting and very challenging,'' he said. 
''In two or three years, China will be very different. 
Since the People's Republic was founded, the Government has placed great importance on developing its power industry in the entire country.''
Mr. Wen and his group are billeted at the Elmsford Motel, where arrangements have been made to allow them to cook their own meals. 
Weekends are spent sightseeing. 
''We work them very hard from Monday to Friday,'' said Mr. Sun. ''On the weekend, they need a change of pace. 
We show them whatever we can of the United States. 
We have been on numerous trips to places like Niagara Falls, to museums, to Washington, and we have even had a tour of a supermarket. 
Local people have been very generous in inviting our students to dinner in American homes. 
Cultural exchanges, we feel, are very important.''
Mr. Sun, a charter member of President Reagan's Republican Presidential Task Force, has served as host to many official Chinese delegations visiting the United States.
''I am very happy to be an American citizen,'' he said. 
''But I have a very personal interest in the modernization of the land of my birth.''",1,billion,REAGAN,Reagan (1981-1988),CATEGORY_1,"billion, company, trade"
FIRST CHINA EUROBOND OFFERING.txt,"ï»¿
A syndicate of 10 Western banks, led by Deutsche Bank, West Germany's largest commercial bank, has initiated the first Eurobond issue ever guaranteed by the Bank of China, even though nearly $100 million of pre-revolution Chinese government-backed bonds are still in default.
German bank officials said the banks were seeking to improve their position in the emerging market for bank services in China. 
Several large German banks, including Deutsche Bank and Dresdner Bank, the second largest, have expanded their activities in China in recent months.
Syndicate of 10 Western bank, led by West Germany's Deutsche Bank, has initiated first Eurobond issue ever guaranteed by Bank of China even though nearly $100 million of pre-revolution Chinese government-backed bonds are still in default (S)
Investment bankers say the lack of a settlement of old defaults still prevents the Chinese from raising money in dollars or pound sterling. 
But the Bank of China, which handles the country's foreign exchange dealings and overseas banking, has issued more than $150 million of Government-backed, yen-denominated bonds in the Japanese domestic market in the last year.
Deutsche Bank said Merrill Lynch International was the only United States-affiliated partner in the syndicate, which includes banks from West Germany, Britain, France, Japan and Switzerland.
The bond issue is the latest indication of China's apparent willingness to resurrect capitalist cash-raising practices under its new economic policies to help finance development.
Â 
Stock Offerings
Over the last year, several stock offerings, including a recent $385 million issue for the construction of a rail line in northern China, have backed up repeated reports in Chinese newspapers that the Government is considering reviving the nation's stock markets, which were closed after the Communists came to power in 1949.
The United States Foreign Bondholders Protective Council, a New York-based group set up in the 1930's to guard the interests of foreign securities holders, has records showing that more than $30 million of Chinese debt, including government bonds, is owed to American investors.
But John Petty, chairman of the Marine Midland Bank and the council's president, said the council did not oppose the Deutsche Bank bonds.
Â 
'Outstanding Problem'
Mr. Petty said the ''outstanding problem'' relating to American investors involved a 1919 issue of $5.5 million of dollar-denominated Chinese government treasury notes that were sold in the United States but never honored.
A Deutsche Bank official in Frankfurt said the prospectus for the 150 million German mark offering of seven-year, 7 percent bonds, worth about $50 million at the current exchange rate, contained a passage stating that the present Chinese Government refused to recognize external debt incurred before the Communists came to power in 1949.
But Michael Gough, director of the Council of Foreign Bondholders, in London, which keeps track of Chinese bonds in default with a face value of Â£61 million, or about $75 million, said, ''We would have hoped for something saying the bonds are in default, followed by a statement of the Chinese position, if they insisted.''
Mr. Gough said the council had never received a direct reply from Deutsche Bank to a request by the council earlier this month that similar wording be used.",1,billion,REAGAN,Reagan (1981-1988),CATEGORY_1,"billion, company, trade"
Fluor-China Unit.txt,"ï»¿
The Fluor Corporation, the giant engineering company, said it had begun a joint operating venture with China that calls for the building of three large petrochemical plants in the Shanghai area as its first project. 
The venture agreement, Fluor's first such contract in China, was formalized in a signing ceremony in China this week. 
The new company will employ from 250 to 300 Chinese on the Shanghai projects, and up to 40 Fluor engineers, according to Thomas A. Howell, a senior vice president for Fluor.
Fluor Corp begins joint operating venture with China that calls for building of three large petrochemical plants in Shanghai area as its first project (S)",1,billion,REAGAN,Reagan (1981-1988),CATEGORY_1,"billion, company, trade"
Fuxin Journal_MAYOR ALMOST SELLS HIS CITY ON THE PROFIT MOTIVE.txt,"ï»¿
Put simply, the city was broke.
Year after year for decades, the bulk of Fuxin's 1,300 businesses and factories, all ponderously run by the city government, lost money, lots of money. 
Food was short in the winter. 
The water works managed to pump water only three hours a day.
Like the rest of China, the city just shuffled along, subsidizing and absorbing losses and tolerating inconveniences in the spirit of socialism. 
Wang Yachen has changed all that. 
''Like a seriously sick patient, Fuxin is at a critical state,'' Mr. Wang told the official New China News Agency shortly after becoming the city's mayor last year. 
''If we don't perform major surgery, it will never recover.''
Mr. Wang's brand of surgery amounted to putting the city on the auction block - leasing out virtually every grocery store, department store, movie house and factory in town in what is still a radical step in this country where government is only reluctantly extracting itself from control of economic life.
Â 
City of 700,000
Like much of China's northeast, especially here where the vast plains that stretch into Mongolia begin, life is hard and the people are poor. 
Single-story dun-colored houses, their barreled roofs rolling through the city like furrows in a newly plowed field, crowd together as if afraid of getting lost in the wilds beyond.
At the heart of this city of 700,000, a soaring stone statue of Mao, an increasingly rare sight in this country, points his hand down the nearly deserted main shopping street. 
The broad boulevards that dissect Fuxin, unlike the gridlocked streets of southern cities, are often deserted even in midday, emptying into dirt roads that wind off into the suburbs where coal miners labor in the huge mines that circle the city.
''Compared with other cities in this province, people's income is among the lowest,'' said Dai Mingxun, the Deputy Mayor of Fuxin. 
''We have even a wider income gap with the cities in southern parts of China and in coastal areas.''
''Many, many enterprises were losing money,'' Mr. Dai said.
Typical was the state of Fuxin's No. 2 Knitting Factory. 
Perenially in debt since it was founded in 1966, the factory, which primarily makes nylon socks, lost $118,000 in the two years before Chen Zhiqin, a factory employee, decided she could make money if she could run it. 
The city agreed to lease the plant to her for a deposit of $3,000, which she paid from savings.
Â 
Reward Hard Workers
''Before I leased this factory,'' the 43-year-old Mrs. Chen said, ''it was on the verge of bankruptcy.''
But Mrs. Chen turned the place upside down. 
''I gave 2,000 pairs of socks to each worker to sell,'' she said. 
''If they sold them they got paid. 
If they didn't, then they got nothing. 
We began to reward those who worked hard and punished those who were lazy.''
''Last year,'' she said, flashing a grin of success, ''we turned those losses into profits.''
There is no rent as such to be paid beyond the deposit, but she is responsible for paying taxes on the profits. 
Last year the taxes came to about $28,000.
While in much of China things tend to happen at molasses speed, here Mayor Wang, whose previous management experience consisted only in running a machine-tools factory, bulldozed his way through the sclerotic city administrative apparatus.
''I am for the saying 'a new broom sweeps clean,' '' the Mayor said. 
''The citizens will judge whether you are an effective and competent broom by how you sweep.''
In little more than nine months, Mayor Wang had nearly everything auctioned off.
Â 
City Agencies Not Immune
Even city agencies were not immune. 
Mayor Wang stormed into the city water department shortly after taking office and announced that if water was not running 24 hours a day they would all be out on the streets looking for work. 
Twenty days later the water was flowing.
City officials admit that opposition to the Mayor was substantial.
''Some cadres,'' said the Deputy Mayor, using the Chinese lexicon for a government functionary, ''doubted whether leasing out factories was socialist or not. 
Some of the workers and staff felt that leasing would give directors much higher wages. 
And many department heads felt that leasing would mean that they would lose control of enterprises.''
''Well, the fact is that it is all right for directors to have higher wages,'' Mr. Dai said. 
''The directors have to work harder and have greater responsibilities. 
They're the ones running the risks.''
Â 
Halved Administrative Staff
At the sock factory Mrs. Chen is acutely aware of the risks. 
''The city has set a profit quota for me of 100,000 yuan,'' or $27,000, she said. 
''Even if I make that, I still get nothing. 
Only over that figure do I begin to make money. 
And if I don't make it, I lose my leasing deposit.''
Where once a city agency had approved every minuscule decision about how the factory was run, Mrs. Chen became solely responsible for management. 
By halving the size of the company's administrative staff, reorganizing the shop floor and paying attention to her market, Mrs. Chen turned a profit of about $220,000 last year, eight times what she was required to make.
''We've been successful so far,'' said Li Jiaoyi, the head of the city's economic restructuring agency. 
''Production and profits are up. 
The city is booming.''
Last year, because of the leasing alone, profits jumped 50 percent for the town's enterprises, making Fuxin the most rapidly developing urban economy in the country.",1,billion,REAGAN,Reagan (1981-1988),CATEGORY_1,"billion, company, trade"
G.E. China Unit.txt,"ï»¿
The General Electric Company said it had established a new affiliate to serve as the focal point of its business with China. 
To be called the General Electric (USA) China Company, the unit will be based in Hong Kong. 
G.E.'s recent business with China has included the sale of 220 diesel-electric locomotives and orders for commercial aircraft and helicopter engines, medical diagnostic equipment, plastics, motors and drive systems.",1,billion,REAGAN,Reagan (1981-1988),CATEGORY_1,"billion, company, trade"
Greening of Peking_ Chinese Grow Grass.txt,"ï»¿
The grass is beginning to grow in Peking, city authorities said today.
In a dusty city of broad thoroughfares and narrow sidestreets, hardly a blade of grass could be seen in the Chinese capital a few years ago.
City officials in Peking have planted grass on streets of city to offset sandstorms that come each spring (S)
But to offset the spring sandstorms that come howling down from the Gobi Desert, about 400 miles to the northwest in Mongolia, city officials are planting patches of grass along sidewalks, around factories and schools and some residential areas.
Peking has 4.47 million square yards of grass, about 11 times as much as in 1978, the official New China News Agency quoted city authorities as saying.
The rugged grass - Peking gets little rain most of the year - comes from Gansu Province and Inner Mongolia in northwest China.",1,billion,REAGAN,Reagan (1981-1988),CATEGORY_1,"billion, company, trade"
"IN CHINA, MILLIONS USE FUEL PRODUCED FROM WASTES.txt","ï»¿
PEKING CHINA, a land where almost no natural resource goes overlooked, has mounted the world's largest and most determined effort to generate substantial quantities of methane gas for rural household use by fermenting human and animal wastes.
The program has advanced well beyond the experimental stage, and millions of backyard fermentation tanks on communes and farms are supplying up to 35 million peasants with fuel for cooking, lighting and heating that would be otherwise difficult to obtain.
China's experience in producing ''zhaoqi,'' or marsh gas, was described by Zhang Jigao, a prominent agricultural engineer, at a recent seminar in Peking entitled ''The Changing Rural Habitat.''
The seminar, sponsored by the Aga Khan Foundation, brought experts from nine countries together to share locally developed technologies.
Christopher Wren describes program in China which uses human and animal wastes to generate methane gas for fuel
''We now have built seven million tanks, which we call digesters. 
Their main use is for living - cooking three meals a day and heating hot water,'' explained Mr. Zhang, who is affiliated with the Chinese Academy of Agricultural Sciences.
The notion of extracting energy from human and animal wastes may strike Americans and Europeans as bizarre, but the Chinese cannot afford to overlook any potential fuel source. 
A recent survey on the use of energy in rural China, where more than 800 million peasants live, found that about 70 percent of the households lack enough fuel.
The gleaning of firewood, straw and weeds, which account for threequarters of the energy consumed in the countryside, is not only a time-consuming chore but has also contributed to soil erosion in many regions.
Recognizing that China does not have sufficient conventional fuel for its needs, Yu Qiuli, a Deputy Prime Minister, told a session of the State Energy Commission in Peking last month that the energy shortage in rural areas should be met by building more methaneproducing digesters, as well as by reforestation.
Chinese studies on producing methane gas from wastes contend that the fermentation system also improves rural sanitation and produces an organic fertilizer rich in nitrogen, potassium and phosphates. 
The New China News Agency reported last week that the digesters were providing 40 million tons of fertilizer matter as a byproduct.
Nightsoil, as human wastes used to fertilize crops are euphemistically called, has often been used in poorer countries, but it also poses a health hazard for both farmers and consumers. 
In an interview, a Chinese public health specialist here said that with proper fermentation in the digesters, bacteria and parasites were killed, making nightsoil safe.
The conversion idea is not new in China. 
In 1936 Zhou Peiyuan, a well-known Chinese scientist, constructed an underground hydraulic pressure tank in Jiangsu Province for cooking and lighting. 
An indoor tank in Hebei Province, built a year later, is still reportedly in operation. 
Similar digesters have been tried in other countries, notably India, with less success.
The technology has been widely introduced in China only within the last decade and has been kept intentionally simple. 
The peasants dig a pit in the backyard and construct a fermentation well of concrete blocks or rocks and cement. 
The tank is then buried, except for a removable concrete cap tightly fitted on top.
A feedstock pipe slants down into the tank from the nearby latrine and pigsty. 
On the opposite side is a storage chamber into which fertilizer is pushed under gas pressure. 
Mr. Zhang said that the feedstock often consisted entirely of human wastes, though straw and other crop stalks might be added.
Once the cap is closed, the contents are left to ferment under pressure for a month to 40 days. 
Because gas pressure building within the fermentation tank could be unstable, the process requires careful tending, though Mr. Zhang insisted that ''acidity and temperature control has been well mastered in China.''
Â 
Temperature Is Important
The methane gas produced by the fermentation is later drawn through a hose into the farm kitchen for cooking with stove rings adapted to function at low pressure. 
After the gas is spent, the remaining waste is pumped out and carted to the fields for fertilizer. 
Then the process is started again.
The system's efficiency depends heavily on the climate because fermentation will not take place in the tank below 50 degrees Fahrenheit. 
Not surprisingly, most of the digesters -about five million - have been built in Sichuan, a southern province with a generally mild winter.
Mr. Zhang also said that digesters were operating nearly year-round in Guangdong, another southern province. 
The current cost of building a medium-size digester of eight cubic meters, to provide fuel for a family of four or five, is about $56, with communes and farm households generally sharing the cost.
Â 
Zhaoqi Is 'Easier to Manage'
The New China News Agency estimated that 68.3 billion cubic meters of methane gas could be generated annually if just half of the human and animal waste in rural China were put to use. 
Larger digesters have been tried in some urban areas, particularly Shanghai. 
But Mr. Zhang noted, ''The main purpose of zhaoqi is for the farmer. 
It is easier to manage there and we save on pipes and accessories.''
As energy costs rise, the digester has become more attractive to the third world as an alternate fuel source. 
A Western economist familiar with process estimated that China's digesters were already supplying the energy equivalent of 4 million tons of oil.
The Chinese experience has caught the attention of some officials in the United Nations Development Program. 
And Roger Carmignani, an energy specialist from the World Bank who attended the seminar in Peking, remarked, ''It is apparent that developing methane production is one of the most efficient ways of solving the problem of rural energy resources.''",1,billion,REAGAN,Reagan (1981-1988),CATEGORY_1,"billion, company, trade"
"IN THE VILLAGES OF CHINA, BUSINESS RIVALRY BLOOMS.txt","ï»¿
A hand-cranked telephone still stands between Ma Tianying and his hopes of becoming the richest peasant in his village in Sichuan Province.
Mr. Ma runs his own small sawmill, repairs trucks and tractors and makes prefabricated housing slabs. 
Last year he and his family earned the equivalent of about $6,000, making him the second wealthiest resident of the village of Chengbei.
But Mr. Ma, a stocky man whose business attire is a T-shirt and baggy blue trousers held up by an old army belt, has yet to catch up with Zhang Daishen. 
She got a head start in turning out the prefabricated concrete that is in demand because of the housing boom touched off by recent changes in agricultural policy.
Agricultural specialist in China has estimated that as many as 70% of China's peasants are economically superfluous and Chinese Government, hoping to better utilize peasants, is encouraging them to stop tilling soil and set up small workshops, service trades and specialized occupations that will keep them gainfully employed; photos; map (M)
Miss Zhang earned about $6,800 last year and installed the village's first and only private telephone.
Â 
Rivalry Is Encouraged
Miss Zhang and Mr. Ma personify the kind of rivalry that the Chinese Government likes to encourage. 
The country's agricultural output has soared since 1979, when a new policy let farmers keep whatever they could grow beyond a quota set by the state. 
But the new productivity has revealed the extent of underemployment that long existed among China's 800 million peasants.
Because China has too many farmers and too little arable land for them to cultivate, the Government wants more peasants to stop tilling the soil and set up small workshops, service trades and specialized occupations like raising livestock that will keep them gainfully employed in the countryside.
Du Runsheng, a leading agricultural specialist, estimated three months ago that as many as 70 percent of China's peasants were economically superfluous. 
The cities could not afford to absorb them, he said, so new jobs must be created for them in rural areas.
Mr. Du, who heads the Rural Policy Research Center of the Communist Party's Central Committee, said at a news conference that he envisioned a strategy of shifting 30 to 40 percent of China's rural labor force out of traditional farm work and into sideline occupations and small industries.
Â 
A Policy for Development
''In a situation of surplus rural labor,'' Mr. Du said, ''this may be a proper way to increase employment and people's incomes, to raise their cultural level and to speed up rural development. 
In short, this is a policy for comprehensive development of the countryside.''
A directive since issued by the Cabinet-level State Council and the party's Central Committee has made clear that Mr. Du's views are more than academic. 
It urged that by the end of the century 40 percent of the rural labor force, or about 200 million peasants, should be performing jobs not in the fields.
The directive noted that 31 million peasants already worked in commune- run enterprises and that two million others had set up their own businesses.
Chengbei village, set in the rolling hills and bright green rice paddies of Ziyang County in Sichuan, has benefited from the changes. 
The village head, Zhang Chenming, said that his community had 395 households with 1,584 people, but only 61 acres of farmland, which is a fraction of the meager national average of a quarter acre per person.
Â 
No More Handouts
Before the 1979 changes, Mr. Zhang said, the village was crippled by leftist egalitarianism and so poor that it relied on annual state subsidies of grain and money. 
After the land was contracted out to individual households, the peasants began working harder and the handouts stopped. 
Last year Chengbei's annual per capita income reached about $230, which is nearly three times the income in 1979.
''The responsibility system is like an elixir for the people,'' Mr. Zhang said. 
''In the past, we all ate from the same big pot. 
Now we have broken the iron rice bowl.''
Mr. Ma, who is 45 years old, earned 55 cents a day under the old commune system. 
When the new policies let him stop, he set to work for himself repairing tractors and machinery, then took up making concrete housing slabs. 
He borrowed about $3,000 from the state bank and later invested $4,000 that he had saved. 
Recently, he built a large new three-story house with his workshops on the ground floor and two rooms for each family member on the upper floors.
Â 
Success Is Not Resented
Now that peasants are allowed to go into long-distance hauling, Mr. Ma bought a secondhand truck and plans to buy a couple more so that he can compete with the state-run transportation companies.
Asked if the neighbors resented his success, Mr. Ma said, ''No, because all of us are trying to become well-off.''
Mr. Ma said he also wanted to get a telephone, to let him compete better with Miss Zhang. 
She insisted her rival was actually her brother-in-law, Liu Zifu, who broke away from her business to set up a workshop of his own.
''At the beginning, our family was the only one making building materials here,'' she said. 
''Later on, some people learned from our example. 
Now more than 20 households are doing the same job.''
Miss Zhang, who is 36, started out as a fieldhand, earning only work points from the commune. 
She also pulled a handcart carrying charcoal and coal. 
Now, she said, she employs 10 other villagers in her enterprise, which makes asbestos tiles as well as concrete slabs, and raises poultry on the side. 
She has not hired her husband, Lu Ziling, who works as a purchasing agent for the local marketing cooperative and earns far less than she does.
Â 
Phone a Status Symbol
''We have very serious competition now,'' said Miss Zhang. 
''I try to offer lower prices and better quality.''
To solicit orders from the provincial capital of Chengdu, 50 miles away, Miss Zhang bought a black telephone with a hand crank. 
The installation cost about $140, nearly as much as an average Chinese peasant earns in a year.
The telephone is a status symbol in Chengbei, where there is no one else to call. 
But Miss Zhang explained that ''it does provide a lot of convenience for business.''",1,billion,REAGAN,Reagan (1981-1988),CATEGORY_1,"billion, company, trade"
INCREASE IN U.S.-CHINA TRADE IS SEEN.txt,"ï»¿
An organization of more than 400 American companies forecast today that trade with China would increase by $1 billion next year from the $6 billion estimated for 1984.
The National Council for U.S.-China Trade also said that American companies formed 31 ventures with Chinese partners in the first nine months of 1984 - more than the total of the preceding four years.
''We're quite upbeat,'' Christopher H. Phillips, president of the council, commented in an interview.
''Having lived with this thing for the last 12 years, we've learned to avoid extremes of euphoria and pessimism,'' he said. 
''But because of what the Chinese themselves are doing, the situation now is more encouraging than it's ever been.''
National Council for US-China Trade forecasts that trade with China will increase by $1 billion in 1985 from $6 billion this year; says American companies formed 31 ventures with Chinese partners in first nine months of 1984--more than total of preceding four years (M)
The council, formed after the Nixon Administration's opening to China in 1972 to promote commercial links, today has a membership of 430 companies. 
Its president, Mr. Phillips, is a former diplomat and banker.
Â 
Direct Investment
The group placed at $700 million the value of direct American investment in China. 
Much of this - $588 million - is committed to offshore oil exploration. 
But, Mr. Phillips said, ''the tempo is picking up'' in direct investment outside the oil sector.
In recent months Peking has taken these steps:
- Promulgated a law to protect patents, which takes effect next April 1.
- Opened 14 coastal cities to foreign investment, in addition to the four originally designated Special Economic Zones.
- Decentralized government control over local enterprises to encourage more efficient management.
- Shortened the approval process for foreign investment.
- Allowed foreigners greater access to the domestic Chinese market.
Â 
New on the Scene
Among companies that are starting new ventures are the McDonnell Douglas Corporation, the Foxboro Company, Admiral International, the AVX Corporation, the Fedders Corporation and the Midland-Ross Corporation.
McDonnell Douglas plans to assemble passenger planes in Shanghai. 
On the outskirts of Shanghai, Foxboro will make instruments to control industrial processes. 
The R.J. 
Reynolds Tobacco Company has just entered its second joint venture to produce cigarettes, at a plant in Xiamen in Fujian Province.
The American Motors Corporation is already producing four-wheel-drive vehicles in Shanghai. 
The Minnesota Mining and Manufacturing Company makes Scotch tape and other products in Shanghai. 
And the Gillette Company makes razor blades in southern Manchuria.
Â 
Trade Surplus for China
American exports to China should top $3 billion next year and grow faster than China's exports to the United States, according to council projections. 
China had a surplus of about $400 million in trade with the United States this year but that is expected to be wiped out in 1985.
Most of the rise in American exports will come in manufactured goods and high-technology products, Mr. Phillips said.
Machinery sales to China, for example, have been rising steadily. 
This year they will approach $1 billion, accounting for about 30 percent of total American exports to China.
Next year, the council notes, a number of large contracts will raise the figure further. 
It cited equipment orders for the Eastman Kodak Company's $100 million color film factory in Fujian Province, orders for machinery for the huge open-pit coal mining project under way in north China, and orders for oil well pumps, drill bits and other oil equipment to support offshore exploration.
Also likely to swell the export totals next year are sales of passenger aircraft and helicopters.
Â 
Commodity Figures
American commodity exports, while remaining significant, are expected to shrink as a proportion of total exports. 
Grain sales should be somewhere between $500 million and $1 billion, even in the absence of a long-term agreement.
Under a 1980 grain agreement which expires at the end of this year, Peking was committed to purchasing 6 million metric tons of wheat or corn annually. 
As of late November, China had purchased only 4.4 million tons for 1984. 
It had been short 2.2 million tons of its commitment for 1983.
The council foresees continued growth of Chinese exports here. 
Textile sales, which accounted for nearly one-third of Chinese exports in 1984, will continue rising, especially as the Chinese shift toward higher value- added textile products, the council forecast.
The two-way trade with China of nearly $6 billion this year was almost three times the value of goods the United States and the Soviet Union exchanged in 1984.",1,billion,REAGAN,Reagan (1981-1988),CATEGORY_1,"billion, company, trade"
Inflation Peril In China Seen.txt,"ï»¿
The American economist Milton Friedman warned China today that soaring inflation could cripple its economy unless steps were taken to speed the conversion of state-run enterprises to private ownership.
He also said China's economy was being flooded with unchecked borrowing by state concerns.
''There is nothing which will do more to undermine the great experiment on which China has embarked than a continued rise in the rate of inflation,'' he told a conference of more than 100 scholars from China, the United States and Europe. 
The three-day meeting is sponsored by Shanghai's Fudan University and the Cato Institute, a Washington-based research and study group.
''The only solution,'' he said, ''is to find some way to limit effectively the credit that is granted. 
The best way would be to privatize industries involved and force them to compete on the free market.''",1,billion,REAGAN,Reagan (1981-1988),CATEGORY_1,"billion, company, trade"
INQUIRY SET ON CHINESE TEXTILES.txt,"ï»¿
The Commerce Department said today that it is investigating whether Chinese textiles and apparel exported to the United States are being illegally subsidized.
The department said it started the countervailing duty investigation Monday. 
It was set off by complaints filed last month by several domestic textile and apparel groups that the Chinese textiles are subsidized through dual exchange rates and therefore can be sold in this country below their real production costs.
US Commerce Department probes whether Chinese textiles and apparel exported to US are being illegally subsidized through dual exchange rates; investigation poses novel legal issue because it is first brought by department against a non-market economy, one in which prices are set by government order and not by market forces (M)
An example of a dual exchange rate, variations of which are used by a number of countries, is one in which a nation employs one exchange rate for trade payments and another for tourism. 
If a trade rate artificially undervalues the dollar, the price of goods might not reflect their actual cost.
The investigation poses novel legal issues because it is the first brought by the department against a non-market economy, Commerce Secretary Malcolm Baldrige said. 
The department considers a non-market economy one in which prices are set by government order and not by market forces, often the case in Communist- bloc countries.
The Commerce Department said in a release that the law requires it to investigate ''where the U.S. industry alleges subsidies and provides information to support its allegations, as in these cases.''
The complaints come at a time when Reagan Administration is engaged in an effort to expand trade between the two countries.
The Commerce Department said that a Nov. 
3 hearing will consider the issues of whether the countervailing duty law covers non-market economy countries and whether dual exchange rates can in fact be considered a subsidy in cases where the exchange - in this case Chinese currency - is not freely convertible into dollars and the exchange rate for payment of exports and imports is set arbitrarily by government order.
The department said it will decide by Dec. 
6 whether, and to what extent, textile products from China are subsidized. 
If the textiles are found to be subsidized, importers will have to post bonds in the amount of estimated duties for all goods named in the case that enter the United States on or after the date the preliminary decisions are published.
Â 
1,000 Categories of Imports
The Commerce Department's investigation covers the bulk of the Chinese textile exports to the United States. 
Last year, the United States imported about $870 million worth of textiles that are the subject of the current investigation. 
More than 1,000 separate import categories, as the department classifies them, are being studied.
The complaints were filed by the American Textile Manufacturers Institute, the American Apparel Manufacturers Association, the Amalgamated Clothing and Textile Workers Union and the International Ladies Garment Workers Union.",1,billion,REAGAN,Reagan (1981-1988),CATEGORY_1,"billion, company, trade"
Japan Loans To China.txt,"ï»¿
Japan has made $1 billion in loans to China under a five-year agreement signed in 1979, the New China News Agency said today.
It quoted a senior Chinese Foreign Trade Ministry official as saying China had already used up $432 million of the loans by the end of March.
PEKING, May 23 (Reuters) -Japan has made $1 billion in loans to China under a five-year agreement signed in 1979, the New China News Agency said today.
The funds are being used partly to extend China's biggest coal port at Qinhuangdao and to build the first phase of a steel mill near Shanghai.
The first round of loans - expected to total about $1.5 billion by the end of the five years - will expire at the end of this year. 
The two countries have begun negotiations on the second round, which Yao Yilin, a Deputy Prime Minister, said last month would provide about $2 billion more.",1,billion,REAGAN,Reagan (1981-1988),CATEGORY_1,"billion, company, trade"
Japan-China Nuclear Talks.txt,"ï»¿
Japan and China opened the way today for the first sale of a Japanese-built nuclear power plant component to China, a Foreign Ministry official said.
After four days of talks on an overall nuclear cooperation agreement, the two nations reached partial agreement on terms for the sale of a pressure vessel component to China's first commercial nuclear power plant, said the official, who declined to be quoted by name.
Japan and China open way for first sale of Japanese-built nuclear power plant component to China; nations reach partial agreement on terms for sale after four days of talks on overall nuclear cooperation agreement; Mitsubishi Heavy Industries is competing with West German company to provide pressure vessel component for China's first commercial nuclear power plant (S)The nuclear power plant is under construction in central China, the official said.
He said Mitsubishi Heavy Industries was competing with a West German company for a contract to build and export the component, worth about $4.3 million, to China.
If Mitsubishi wins the contract, it will be the first Japanese export of a nuclear power plant component to China, a market that one equipment maker described as having ''great potential'' for Japanese makers.
The official said further talks were necessary before a long-term overall agreement could become final.
He said China and Japan reached agreement on the sale after ''China committed itself to a peaceful utilization of nuclear energy'' and agreed to allow Japan to send scientists and technicians to the power plant upon request.",1,billion,REAGAN,Reagan (1981-1988),CATEGORY_1,"billion, company, trade"
JAPAN_S OIL FIND IN CHINA COULD STIMULATE TRADE.txt,"ï»¿
An oil discovery off China this year by a Japanese drilling company, part of the first major foreign oil exploration in Chinese territorial waters since the Communist revolution, appears likely to galvanize trade between the two nations, trade officials said here.
The discovery, announced by the state-owned Japan National Oil Corporation, which has been drilling under a joint-production agreement with China, offers the prospect of the first significant Japanese production of Chinese oil since World War II.
The oil strike comes at a critical time for China, which is beset by inflation for the first time since the Communist revolution in 1949. 
China, under the leadership of Deng Xiaoping, is also troubled by shortfalls in onshore oil production that threaten to undermine plans for industrial expansion and are also causing a serious lack of foreign exchange.
Japan's discovery of oil off coast of China may stimulate trade between two countriesTrade Tripled in Three Years
Oil is the key to Chinese-Japanese trade, which has nearly tripled to more than $9 billion a year in the three years since China and Japan concluded a long-term, $20 billion trade agreement in early 1978.
China exports its oil primarily to Japan; it shipped eight million tons here last year. 
These exports help pay for imports of vital Japanese industrial plant and equipment. 
China's long-term development plans appear to hinge on oil production, which totaled 106 million tons last year.
''Oil and the foreign exchange that China obtains abroad, mostly from Japan, are the keys to Deng's plans,'' said a trading house executive. 
''Without these to help him, Deng's plans to open the economy at least halfway to Western enterprise could crumble.''
Â 
Also Crucial to Japanese
Industry executives here say that the oil is also crucial to Japan in the long run. 
The oil, found under Pohai Bay at Japan National Oil's No.1 well, where drilling began last year, is light, low in wax content and ideal for Japanese refineries that are designed to process Arabian light grades, not the heavy, waxy oil supplied to Japan from such Chinese onshore fields as Daqing.
Japanese planners have sought for 20 years to diversify supply sources away from the Middle East, which still supplies threequarters of all oil consumed by Japan. 
Japan has virtually no domestic oil, and nearby Pohai offers a secure source of the type that Japan has so far lacked.
The Japanese Government, which finances the national oil company, and about four dozen Japanese concerns that are minority partners with the state company in the Pohai Bay exploration stress security of supply, not profit, and are offering China attractive terms.
Â 
Seismic Surveys Completed
The discovery came just after dozens of Western companies had completed seismic surveys in the South China Sea at their own expense. 
They are expected to tender bids for the first joint production opportunities that China will offer in that part of its 2,800-mile coastline, and the Atlantic Richfield Company and the Philips Petroleum Corporation have already reported such an agreement.
Japanese and French concerns, led by the Compagnie Fran,caise de Petroles, went ahead with China faster in Pohai Bay than private Western companies elsewhere along the coast. 
Their rapid success in finding oil suggests that Western estimates in the 1970's of offshore Chinese reserves of close to four billion tons may be conservative.
Oil is not expected to flow from Pohai Bay until about 1984. 
But Japan National Oil is scheduled to sink five wells in Pohai Bay this year, and some unofficial Japanese estimates put reserves there as high as 10 billion tons.
Â 
Hopes May Be Too High
Press reports here have put the likely yield from the field found by the Japanese at 300,000 to 400,000 barrels a day, or between 15 million and 20 million tons a year, with Japan to pay all costs and receive 42.5 percent of the oil. 
But one Japanese executive described the forecasts as ''perhaps wishful thinking - it's just too early to tell.''
American geologists in Peking believe that Pohai Bay's oil is scattered in rich but small pockets and that the oil-bearing strata have been disrupted -and made hard to tap - by earthquakes in the region. 
If the warnings are justified, then Japanese hopes may be pitched too high.
Reports from Peking say that Deputy Prime Minister Gu Mu has forecast that China's onshore production may drop by 10 million to 20 million tons a year by the mid-1980's. 
Tokyo executives said that the new finds offshore were timely, to make up for this possible decline, and because of the tentative shelving by China of $1.5 billion worth of contracts for industrial plants from Japan.",1,billion,REAGAN,Reagan (1981-1988),CATEGORY_1,"billion, company, trade"
JEEP MAKER PLANS FACTORY IN PEKING.txt,"ï»¿
The American Motors Corporation expects to sign an agreement later this week with China to jointly produce Jeeps in Peking and export some of them to other nations in the Far East.
The four-wheel-drive vehicles are to be produced by the Peking Jeep Company, a joint venture of Peking Auto Works and A.M.C., which is the smallest of the American automobile companies and the only manufacturer of Jeeps. 
Production is expected to reach 40,000 vehicles a year, which are to be sold in China and other Asian countries.
''This is probably the largest individual joint venture in China,'' said A.M.C.'s chairman, W. Paul Tippett, at a briefing last week before he left for China for the scheduled signing. 
He added that negotiations for the project had been in progress for more than four years and had been initiated by A.M.C., which sought access to the potentially huge Chinese market. 
It also wanted a low-wage area to manufacture vehicles to compete with Japanese companies in overseas markets.
SOUTHFIELD, Mich., May 2 - The American Motors Corporation expects to sign an agreement later this week with China to jointly produce Jeeps in Peking and export some of them to other nations in the Far East.
A.M.C. executives had hoped to withhold public announcement of the agreement until the actual signing, they said, to avoid angering Chinese officials and possibly endangering the accord. 
They declined, in fact, to comment today on reports appearing in Ward's Auto World, a trade publication, that said the formal announcement of the agreement was due shortly. 
However, last week, company officials, in advance briefings for reporters, said the signing was planned for Thursday in Peking.
The Chinese-made vehicles are not intended to be sold in the United States, Mr. Tippett said. 
The A.M.C. agreement, if it is signed, will be the first joint production agreement in China by an American auto manufacturer, an agreement that could result in the start of actual production this year or next.
Nevertheless, Volkswagen of West Germany has a preliminary contract to start making a new-model car in 1988 in a joint venture at a plant in Shanghai, where Chinese auto production is centered. 
The Ford Motor Company has been attempting to set up a joint venture to produce trucks and tractors.
A number of other American companies have established themselves in China, including the R.J. 
Reynolds Tobacco Company, which has been producing cigarettes there, and Avon Products Inc., which is marketing cosmetics. 
The largest single-project agreement apparently is a $230 million coal-mining development to be undertaken by the Occidential Petroleum Corporation.
Peking Jeep will be in a factory owned by Peking Auto Works, which now produces about 20,000 units a year of an older-design, fourwheel-drive vehicle based on a 1954 Soviet design for a Soviet Army jeep. 
A.M.C. will invest $8 million in cash and $8 million in technology for a 31.4 percent share of the $51 million joint venture. 
A.M.C.'s share could rise to as high as 49 percent under the terms of the agreement.
The initial plan for the joint venture, Mr. Tippett said, is for A.M.C. to update the existing Chinese 212 model with A.M.C.'s new four-cylinder engine and other engineering improvements intended to make the vehicles more fuel-efficient and to increase their carrying capacity. 
The engine is to be manufactured largely in China.
Within a few years, Mr. Tippett said, the objective is to develop a new vehicle, based in large part on A.M.C.'s CJ7 Jeep, the company's basic model.
''This is important to the Chinese and to us,'' Mr. Tippett said. 
He noted that, in China, autos are largely confined to urban areas while four-wheel-drive vehicles are necessary for the primitive rural road system. 
''The Chinese view transportation as one of their top five priorities in terms of economic development,'' Mr. Tippett added.
For A.M.C., he said, the venture gives the company an inside position in what could develop into a vast market for utility vehicles for all types of use in rural areas. 
It also gives the company a pool of 4,000 factory workers at the Peking plant whose pay averages 60 cents an hour, compared with about $12 an hour in labor costs in Japan and more than $20 an hour in the United States.
The average-equipped Jeep manufactured by American Motors in the United States sells for $11,500. 
Mr. Tippett did not indicate what the price of the vehicle built in China will be.
Â 
President to Be From A.M.C.
The president and chief operating officer of Peking Jeep will be an A.M.C. executive, although the chairman will be Chinese. 
''Basically, we plan to run it,'' said Mr. Tippett, who added that 8 to 10 A.M.C. executives would be permanently assigned to Peking with others visiting as needed. 
None of the American executives of the venture have yet been named, he added.
Mr. Tippett also said that officials of Renault, the French auto company that controls 46.4 percent of A.M.C.'s stock, had not been involved in the Chinese negotiations, other than to approve the transaction at the board level.
The agreement was initialed about a month ago, while a delegation from China was visiting here, he said. 
The formal signing was put off so that it could be done in the Great Hall of the People in Peking and publicized from there, Mr. Tippett said.
(In Peking, reports had circulated that a deal with American Motors was near for the venture, but there had been no official comment.)
Â 
Long-Term Strategic Move
The joint venture, Mr. Tippett said, will permit competition with Japanese companies that now sell 97 percent of all the 100,000 fourwheel-drive vehicles purchased in Pacific basin countries each year. 
A.M.C. now sells 2,000 to 3,000 of its Jeeps in the Pacific area, out of a total of 91,000 jeep-type vehicles sold in this country and abroad last year. 
''This is a long-term strategic move by A.M.C.,'' he said. 
''It will be a long time before there is much in the way of profit, but the opportunities seem very great to us in the long run.''
Mr. Tippett said Chinese officials would handle distribution and sales within the country while A.M.C. would use its own marketing channels for export.
Mr. Tippett said the only restriction on bringing profits back to the United States was that they not represent a drain of hard currency on China. 
Sufficient export sales of the vehicles should satisfy that requirement, he added.",1,billion,REAGAN,Reagan (1981-1988),CATEGORY_1,"billion, company, trade"
Kodak and China In Joint Venture.txt,"ï»¿
The Eastman Kodak Company said it had entered into a cooperative agreement with China to assemble slide projectors at a plant in Shanghai.
The Eastman Kodak Company said it had entered into a cooperative agreement with China to assemble slide projectors at a plant in Shanghai.The plant, scheduled to begin production late this year, will assemble carousel projectors similar to the company's Carousel 4400.
A Kodak spokesman said the projectors would be sold exclusively in China, mostly to educational institutions, and that Kodak was making no capital investment in the venture.
''We see it as an opportunity to enter a promising market and expand our knowledge of its workings,'' said Henry J. Kaska, public information director. 
Kodak already sells amateur photographic film in China, as well as developing paper and other products.",1,billion,REAGAN,Reagan (1981-1988),CATEGORY_1,"billion, company, trade"
Loan From World Bank To China Reported Near.txt,"ï»¿
The World Bank has completed negotiations with China on a $200 million loan application to improve science and engineering teaching at universities, bank sources say.
Loan from World Bank to China reported near
If approved by the executive board, which is expected to consider the loan next month, it would be the first extended to China since it replaced Taiwan in the bank's ''China seat'' a year ago.
China's entry into the borrowing field poses a potential demand, according to bank experts, of loan applications of up to $2 billion a year.
The present loan is supposed to provide 26 universities with funds to build and equip facilities, improve teaching methods and develop international relations in science and engineering.",1,billion,REAGAN,Reagan (1981-1988),CATEGORY_1,"billion, company, trade"
Loss for China On Industries.txt,"ï»¿
China has 13,000 industrial enterprises operating at a yearly loss of $2.8 billion because of waste, poor planning and incompetent management, China's Finance Minister said in a report that was released today.
If these and other problems in production, construction and the movement of commodities were solved, China would gain $6.7 billion or more annually, the minister, Wang Bingqian, reported to the National Peoples Congress on Dec. 
1.
China's Finance Minister reports 13,000 of nation's industrial enterprises are operating at yearly loss of $2.8 billion
Mr. Wang said that the equivalent of $67 invested in capital construction yielded only $7.33 in state revenue, a 50 percent drop compared with $14.67 in the period of the first five-year plan, 1953-57.
''What warrants our attention is that quite a few units, to varying extents, throw lavish dinner parties at public expense or squander funds in other ways,'' he added. 
''Some units have gone so far as to divide up products illicitly and engage in smuggling, bribery, speculation, profiteering, graft and embezzlement.''
Explaining China's economic status, Mr. Wang said that debt service on foreign loans was adding to the country's budget deficits. 
In 1980, he added, foreign loans accounted for $2.9 billion, or 3.9 percent, of total Government revenue of $72.3 billion. 
In 1981, foreign loans increased to $5.3 billion, or 7.5 percent, of total revenue of $70.6 billion, he said.
The 1981 budget was cut sharply after deficits of $11.3 billion in 1979 and $8.5 billion in 1980. 
The 1981 deficit would be $1.8 billion, Mr. Wang said.",1,billion,REAGAN,Reagan (1981-1988),CATEGORY_1,"billion, company, trade"
LSB Unit_s Chinese Pumps.txt,"ï»¿
LSB Industries Inc. said yesterday that the Hercules Energy Corporation, its newly established oilfield service division, had started marketing in the United States a full line of pumps manufactured in China. 
LSB, which makes air-conditioning and heating equipment and markets machine tool products, said it had been involved in the machine tool business with China for about seven years.
LSB Industries Inc's oilfield service division, Hercules Energy Corporation, starts marketing in US pumps made in China",1,billion,REAGAN,Reagan (1981-1988),CATEGORY_1,"billion, company, trade"
"MATCHMAKER, MAKE A MATCH, DISABLED CHINESE ASK.txt","ï»¿
A year ago Feng Lanxiu seemed a discouraging prospect for marriage. 
She was totally deaf and unable to speak even in sign language, and she was still being cared for by her parents.
Now Miss Feng, who is 34 years old, has a doting husband who kids her gently about not yet producing their first child. 
Her husband, Liu Jinli, 32, also cannot hear or speak. 
He met Miss Feng and married her last July through an unusual matchmaking service.
Profile of matchmaking of handicapped people in China
In this Manchurian city, an agency run by amateur marriage brokers tries to find spouses for physically handicapped people who in traditional Chinese society were long considered unmarriageable.
Hong Zhiguo, director of the city's Society for the Disabled, said regular employment had been found for 92 percent of Harbin's 6,000 handicapped adults. 
Their disabilities have been turned to advantage sometimes. 
Many of those who are deaf work in a local truck assembly plant where the noise does not disturb them.
Â 
46 Have Registered
This reduces the burden on their families, Mr. Hong said, but does not guarantee the disabled an independent life. 
So early last year his society set up its marriage service.
About 100 people have visited the bureau so far and 46 have registered. 
Two couples got married last July, and a third couple is preparing for marriage. 
Three other couples are courting and expect to wed, Mr. Hong said, ''so basically we have a success rate of 25 percent.''
The introductions are arranged by Li Shuqing, a staff member, every Monday and Wednesday morning in her small office, which is over a bottlecap factory. 
''The job of matchmaking is new to us; we have no experience at all,'' Miss Li acknowledged.
With the decline of traditional family-arranged marriages, Chinese cities have enjoyed a boom in matchmaking centers. 
But Miss Li said her responsibilities went well beyond the simpler task of bringing ordinary people together.
Â 
'This Job Is Delicate'
''Because marriage is a major event in the life of young people, it is concerned with their happiness or bitterness,'' she said. 
''So I know that this job is delicate. 
They are disabled physically but not mentally, and they have this desire for marriage and happiness.''
Miss Li said her handicapped clients made good marriage partners because ''they may be more considerate and careful than normal people.''
But because they are self-conscious about asking for a spouse, the first tense visit to the matchmaking office often includes anxious relatives and even translators for sign language.
''They fear that it will be difficult to find a partner or that they won't find someone, so they come together with their parents,'' Miss Li said. 
''We tell them that is it normal and natural for young people to marry and there should be no problems.''
''They are very shy at the first meeting,'' she said. 
''They don't talk much. 
They may arrange the next meeting by themselves, at a park or movie theater, and then report back to us.''
Â 
Handicaps Are Also Paired
In addition to trying to match hobbies, interests and family backgrounds, Miss Li said she also usually paired physical handicaps, reasoning that those sharing the same problems would be more sympathetic to a partner's needs.
But sometimes weeks of effort by Miss Li end in failure. 
She recalled introducing a 25-year-old man, ''crippled in both arms but good-looking,'' to a 25-year-old woman who could not walk and got about with a hand-cranked tricycle. 
Both were working hard to become foreign language translators, he in Japanese and she in English, so Miss Li decided that ''in my opinion, they were a very good match.''
But she could not negotiate the stairs to his second-floor apartment, and she worried that he would not be able to carry a child. 
''So they didn't make it,'' Miss Li said with a sigh.
On another occasion Miss Li introduced two deaf people who were each married before and had a child. 
''At their first meeting they got along very well, but then it broke down,'' Miss Li said. 
The two people worried that if their children quarreled, they could not hear it and family harmony would be upset.
Â 
Problems After Marriage
''Sometimes we feel discouraged, but the difficulties of the disabled are bigger than ours,'' Miss Li said. 
''So we try to persuade ourselves to be patient and to keep working.''
While the office is also prepared to mediate problems that may develop after marriage, the couples so far seem to have made their own adjustment. 
Shao Kuihe, a husky 30-year-old, is proud of saving $750 in preparation for his marriage to Sheng Lijuan, who is 28. 
Neither can hear nor speak. 
Mr. Shao explained in sign language through an interpreter that he and Miss Sheng communicated by writing messages and watching the shape of each other's mouth.
Once a couple decides to marry, the office refers them to specialists at a Harbin medical college to determine whether they should have a child. 
Mr. Hong said heredity was not involved in the disabilities of the couples matched so far.
The matchmaking service is open to those who are blind as well as to those who are deaf and mute or handicapped in some other way. 
It has not turned down anyone for being too disabled.
''We do have some severe physical cases, but if the problem lies within the bounds of the marriage law, we will try our best to make it possible,'' Mr. Hong said. 
''For some people, we have to tell them in advance that their case will be difficult, so they must be patient.''",1,billion,REAGAN,Reagan (1981-1988),CATEGORY_1,"billion, company, trade"
NEW TEXTILE IMPORT RULE PROTESTED.txt,"ï»¿
Critics are seeking to delay a regulation that the Reagan Administration says would improve its ability to monitor imports of textiles and apparel.
The critics claim that the regulation - which the Government issued Aug. 
3 and is to take effect Sept. 
7 - would strand $500 million worth of foreign-made textiles and apparel that American companies have already ordered.
They say that would cause substantial financial difficulties for retailers and other businesses, as well as apparel shortages and price increases of up to 20 percent for consumers. 
It also could cause China to take retaliatory trade measures, they say.
US textile and apparel importers seek delay in Federal regulation--announced on Aug 3 to take effect Sept 7--changing Customs Service's country-of-origin rule as it applies to textile import quotas established through bilateral agreements; say it would strand $500 million worth of foreign-made textiles and apparel that American companies have already ordered and cause substantial financial difficulties for retailers and other businesses, as well as apparel shortage and price increases of up to 20 percent; say China might also retaliate (M)
The proposed measure would change the Customs Service's country-of-origin rule. 
It applies to textile import quotas established through bilateral agreements.
Under current regulations, if parts of a garment are made in one country and shipped to another for assembling and then shipped to the United States, they are counted against the import quotas of the second country.
For example, if sleeves or other parts of sweaters are made in China, but sewn together in Hong Kong, they have been counted against the textile import quotas of Hong Kong rather than China.
The Administration proposal would apply the country-of-origin designation to the country where the fabric originated - in the example above, China rather than Hong Kong. 
That could reduce the amount of Chinese textiles that ultimately find their way into this country, since China has a smaller quota than Hong Kong, which has been trading longer with the United States.
Â 
Varied Group of Opponents
The measure's opponents include retail industry groups, textile importers, agricultural interests and members of Congress who contend that the proposal is ill-conceived and motivated largely by the re-election concerns of the President and two of his Senate allies, Senator Jesse Helms, Republican of North Carolina, and Senator Strom Thurmond, Republican of South Carolina.
But Federal officials, along with some members of Congress and domestic textile manufacturers, offer two reasons for the regulation. 
One is to prevent fraud and evasion of textile quotas established by bilateral trade agreements. 
The other is to protect American textile manufacturers and workers against a burgeoning volume of less-expensive imports.
Although the proposed change would apply to each of the 36 nations with which the United States has bilateral textile trade agreements. it would most sharply affect those in the Far East.
According to Government and industry figures, four countries - Taiwan, Korea, Japan and China - and the colony of Hong Kong together supply nearly 60 percent of the textiles and apparel imported by the United States. 
The proposed regulation would also require inspection of shipments of textile imports at their United States port of entry rather than at their destination.
Rules now allow textile shipments that enter the country through one port but are bound for another location to be sealed, bonded and shipped to their destination before the Customs Service makes its inspection.
Walter C. Lenahan, Deputy Assistant Secretary of Commerce, who directed the Government group that drafted the rule, said Government statistics show that in 1983 the Customs Service seized about $5 million worth of textiles that were imported fraudulently.
By contrast, the estimated value of illegal goods seized so far this year is close to $28 million. 
This year, special textile squads were assigned to the ports of New York and Los Angeles, where 75 percent of the imported textiles enter the country.
The proposed rule was praised by James H. Martin Jr., president of the American Textile Manufacturers Institute. 
Mr. Martin is also vice chairman of Ti-Caro Inc., a Gastonia, N.C., company that manufactures yarn and industrial sewing thread.
''It clarifies the fact that the intent of the bilaterals have been stretched, even to the point of fraud in some instances,'' he said. 
''We're not against imports, but we feel that trade should be orderly, above-board, and fair.''
Â 
Called 'Administrative Overkill'
However, critics such as Sim Gluckson, chairman of the textile and apparel group of the American Association of Exporters and Importers, contend that as a fraud-fighting device, the new policy ''amounts to administrative overkill.''
He said: ''It's a very bad regulation that will be extremely disruptive to the fall and winter retail season.''
Mr. Gluckson, president of a New York-based knitwear company, said that because textiles and apparel are bought six to nine months in advance, the proposed rule would likely mean that shipments already ordered by companies would not arrive in time. 
''Contracts have been signed. 
Letters of credit have gone out, dates of shipment have been arranged,'' he said. 
''And now this. 
It's thrown the whole industry into confusion.''
At least a score of senators and representatives have complained in letters to President Reagan that the regulation ''would suddenly make illegal widespread methods of textile and apparel production which are absolutely legal under present U.S. law and which have been legal for many decades.''
Â 
Concern About China
Others, including Senator Bob Dole, Republican of Kansas, expressed concern that the measure would sour the United States-China trade relationship. 
About 11 percent of the textiles imported by the United States last year came from China.
The official New China News Agency has said that the proposed regulation would ''adversely affect the textile exports of the Chinese mainland for Hong Kong.''
The comments by the news agency have raised concern among agricultural interests that China might limit or ban imports of American grain or other commodities in retaliation.
Last year, China banned purchases of several United States exports, including wheat and cotton, when the two countries could not agree on ceilings for textile and apparel imports.
Finally, several critics assert that the rule change was pushed primarily to help the re-election chances of the Carolinas' Senators and the President's own re-election campaign.
The charges of political motivation were denied by Mr. Lenahan and by Senators Helms and Thurmond.
The textile industry nationwide employs about 2.4 million people, according to the industry, with North Carolina, New York and South Carolina, respectively, the top three states in textile-related employment.",1,billion,REAGAN,Reagan (1981-1988),CATEGORY_1,"billion, company, trade"
Nippon Sales to China.txt,"ï»¿
The Nippon Electric Company said it had won an order from China for several hundred personal computer units. 
The company declined to disclose details because it is awaiting approval from the Coordinating Committee for Export Control for the Communist Area through Japan's Ministry of International Trade and Industry.
TOKYO, Sept. 
30 (Reuters) - The Nippon Electric Company said it had won an order from China for several hundred personal computer units.",1,billion,REAGAN,Reagan (1981-1988),CATEGORY_1,"billion, company, trade"
Occidental in Coal Talks with China.txt,"ï»¿
Armand Hammer, chairman of the Occidental Petroleum Corporation, conferred with Chinese officials today on cooperating in exploiting a Chinese coal mine, the official New China News Agency reported.
The news agency said that Occidental and the China Coal Development Corporation will sign a feasibility study agreement in a few days. 
Mr. Hammer conferred with the Chinese company's chairman on exploiting an open cut coal mine in Shanghi Province, one of the world's biggest, which has an annual output of 15 million tons, the agency added.
Armand Hammer, chairman of the Occidental Petroleum Corporation, conferred with Chinese officials today on cooperating in exploiting a Chinese coal mine, the official New China News Agency reported.
The delegation, including A. Robert Abboud, Occidental's president, and Albert Gore, chairman of the Island Creek Coal Company, arrived in Peking Sunday for a week-long visit, it said.
China is working to expand its coal production, now about 600 million tons a year, both for domestic fuel and for export, to earn more foreign exchange.",1,billion,REAGAN,Reagan (1981-1988),CATEGORY_1,"billion, company, trade"
OCCIDENTAL IN PACT WITH CHINA ON COAL.txt,"ï»¿
China and the Occidental Petroleum Corporation signed an interim agreement today to develop a huge coal mine that could become China's largest joint venture with an American company.
PEKING, March 8 (Reuters) -China and the Occidental Petroleum Corporation signed an interim agreement today to develop a huge coal mine that could become China's largest joint venture with an American company.The signing of the agreement followed completion of a feasibility study begun last year.
The project involves the Pingshuo mine in Shanxi province, China's major coal-producing region. 
Construction of the open-pit mine would begin July 1 and production would start in July 1985, according to officials from Occidental. 
The project, to include a $230 million investment by Occidental, is to produce 15 million metric tons of coal annually by 1986, the officials said. 
It will be developed by Occidental's Island Creek subsidiary.
China's coal output last year totaled 644 million tons.",1,billion,REAGAN,Reagan (1981-1988),CATEGORY_1,"billion, company, trade"
Occidental Mine in China.txt,"ï»¿
The chairman of the Occidental Petroleum Corporation, Dr. Armand Hammer, will preside Monday at dedication ceremonies at the beginning of development of an open-cut coal mine in central China designed to produce 15.33 million tons of raw coal annually.
On Saturday, Occidental signed a $650 million contract with China for the mine's development.
Dr Armand Hammer, chairman of Occidental Petroleum Corp, will preside at July 1 dedication ceremonies for Pingshuo open-cut coal mine to be developed in Shanxi province, China, joint venture of Occidental, Bank of China Trust and Consultancy Co and China National Coal Development Corp (S)
The Pingshuo mine project is a joint venture owned 25 percent by Occidental; 25 percent by the Bank of China Trust and Consultancy Company, a wholly owned Bank of China subsidiary, and 50 percent by the China National Coal Development Corporation.
The mine in Shanxi province is expected to ship its first coal in September 1987. 
Production will be two-thirds for export.
The $650 million figure does not include infrastructure being built at the site by the Chinese Government, including a town to accommodate 17,000 workers, roads and railway lines. 
Occidental will provide $175 million, increasing to about $200 million with interest, Dr. Hammer said.",1,billion,REAGAN,Reagan (1981-1988),CATEGORY_1,"billion, company, trade"
Occidental to Drill For Oil Off China.txt,"ï»¿
The Occidental Petroleum Company said that it expected to announce contracts over the weekend with China's National Offshore Oil Corporation for oil exporation in two large offshore tracts in the South China Sea.
Occidental, which has been negotiating the contracts as lead partner for a consortium of oil companies, declined to say when it expects to begin drilling operations on the tracts, which cover 1,600 square miles off the China coast.
Occidental Petroleum Co says that it expects to announce contracts over weekend with China's National Offshore Oil Corp for oil exploration in two large offshore tracts in South China Sea (S)The other oil companies in the consortium include Societe Nationale Elf Aquitaine, a French company, Hispanica de Petroleos S.A., a Spanish company, and Tricentrol Ltd., a British concern.
Several other major international oil companies, including the Atlantic Richfield Company and British Petroleum Ltd., have signed contracts to explore for oil in the South China Sea since the Chinese government began offering oil concessions in the area last year.",1,billion,REAGAN,Reagan (1981-1988),CATEGORY_1,"billion, company, trade"
PEKING APPROVES DEAL WITH SQUIBB.txt,"ï»¿
The Squibb Corporation said yesterday that it had received final approval for a joint venture with China to make and market pharmaceutical products in that country.
Michael W. Percopo, president of Squibb International, who said that he spent two and a half years negotiating the deal and made at least 10 trips to China, stated:
''We will share the profits equally and sell under the Squibb label.''
He added that each of the partners, Squibb and a Chinese Government organization called the Shanghai Pharmaceutical Industrial Corporation, will provide the equivalent of $1 million in capital. 
To this will be added another $6 million borrowed by the partners. 
The money will be used to build a plant outside Shanghai in an area called the Ming Hong district. 
Some will also be spent to import machinery from the United States.
The Squibb Corporation said yesterday that it had received final approval for a joint venture with China to make and market pharmaceutical products in that country.
The Japanese already have announced a joint venture involving hospital medications, and several American companies, including Avon Products Inc. and the Coca-Cola Company, also have pacts with the Chinese.
Â 
'A Great Potential'
''We view the Chinese market as offering a great potential, and the Chinese definitely have a great need for our products,'' Mr. Percopo said.
Products that will initially be manufactured in Shanghai include Cephradine, an antibiotic; Corguard, used in cases of angina and hypertension, and Capoten, used for hypertension. 
Vitamins also will be manufactured in the plant, he said, along with, eventually, a full range of Squibb products.
The new venture, which will have five Chinese directors and five directors named by Squibb, will be called Sino-American Shanghai Squibb Pharmaceuticals Ltd. 
The board will name a Chinese director as chairman, and Mr. Percopo will serve as vice chairman and president, along with continuing his presidency of Squibb International.
Mr. Percopo added that the agreement consists of a 15-year contract that can be renewed by the partners.",1,billion,REAGAN,Reagan (1981-1988),CATEGORY_1,"billion, company, trade"
PEKING FOOD PRICES TO RISE SHARPLY.txt,"ï»¿
Lines formed in Peking today as the city's 9.5 million people stocked up on meat, fish and poultry a day before the steepest food price increases here since the Communists took power in 1949 were to take effect.
At every work unit, announcements from the city authorities were read out during the week detailing the increases, which will add an average of 50 percent to the prices of 1,800 ''nonstaple'' food items.
The price increases are up to 70 percent for pork, 130 percent for beef, 18 percent for eggs and 340 percent for yellow croaker, a popular fish.
At the same time, residents were promised a monthly per capita grant of 7.50 yuan - the equivalent of $2.62 - to help meet the higher costs.
Peking's 9.5 million residents stock up on meat, fish and poultry on day before steepest food price increases since Communists took control in 1949 are to take effect; increases, part of Goverment effort to introduce market mechanisms into economy, will add average of 50 percent to such 'non-staple' food items as pork, beef, eggs and some fish; residents are promised small monthly per capita grant to help meet higher costs, but increases are still expected to force shift in diets; photo (M)
With the average annual income among urban Chinese last year falling at 608 yuan ($207), and beef rising to the equivalent of 2 yuan a pound, it seemed plain that the increases would force a shift in diets, at least in the short run. 
Economists here have argued that over the longer term the increased returns to producers from the higher prices will stimulate higher output and lower prices in the marketplace. 
But for those worrying about the immediate future, this was scant consolation.
One young man with a wife and child said he would have to choose between shifting a much higher proportion of his monthly pay into buying food, or cutting down sharply on his family's consumption of meat and chicken. 
''Until now, people have been very happy with Deng Xiaoping,'' the man said, speaking of changes instituted by China's supreme leader. 
''But now we can see there is another side to the changes. 
It is going to be hard.''
Â 
Following a Set Pattern
The pattern in Peking has been the same as one followed earlier in 22 other cities, including Canton, Shanghai and Wuhan. 
And as in those cities, consumers flooded stores and markets to stock up on the affected items.
By the last days of the week, places like the Chongwenmen Market in central Peking had little left but fatty scraps of pork and low-grade samples of dried fish. 
A rush on canned foods left shelves similarly bare.
The move is part of a drive by the Government to introduce market mechanisms into the economy. 
After years of prices that remained the same or rose hardly at all, millions of people across urban China are encountering steep increases in food costs.
How fraught with difficulties the process will be can be gauged from the care that party leaders have taken to prepare the public. 
For months before the current round of increases officials were putting consumers on notice that strains lay ahead.
Usually, the warnings were accompanied by pledges that the Government would do everything it could to ease the transition, but there have been periodic bouts of ''panic buying'' as shoppers sought to protect themselves.
Â 
Calculated Political Risks
When Chiang Kai-shek was in power before 1949 few things eroded confidence as fast as the spiraling inflation that gave rise to banknotes denominated in millions of yuan. 
Now, the Communists who supplanted the Chiang Government and virtually abolished inflation are deliberately pushing up prices on a wide range of consumer goods, food in particular.
The increases involve calculated political and economic risks. 
From the outset of the program in 1979, officials putting into effect Mr. Deng's policies have been determined to replace what they refer to as the irrational pricing system established under Mao Zedong with something much closer to the Western model, with the market place replacing the bureaucracy as the chief arbiter of value.
Men like Tian Jiyun, the Deputy Prime Minister who has principal responsibility for price changes, believe that unleashing the power of supply and demand is the key to the entire modernization program set forth by Mr. Deng.
It is an article of faith among those involved in the program that only by allowing prices to rise and fall in response to market conditions can the country free itself from the burdens of scarcity and oversupply, shoddy quality and the other problems that beset the typical Communist economy.
Â 
Market Principle Referees
No other nation that is formally wedded to the doctrines of Karl Marx, not even Hungary, the most economically adventurous member of the Soviet bloc, has attempted anything so far-reaching.
Although Mr. Deng and his associates insist that the state will be on hand as a referee, they are convinced that prosperity will come only through the fullest possible application of market principles that most Communist countries, China included, have spent decades suppressing.
The problem lies in the transition from an economy in which the Government has manipulated prices to keep some items - not only food, but also rent, electricity, children's toys and tens of thousands of other goods - unrealistically cheap. 
At both ends of the economic chain, producers and consumers must be weaned from a system of large state subsidies that has entrenched inefficiencies and drained at least 20 percent of all revenues - some Western economists say the real figure may be closer to 40 percent - from the Government treasury.
The Government has so far excluded food grains, edible oils and basic vegetables like cabbage from the price changes.",1,billion,REAGAN,Reagan (1981-1988),CATEGORY_1,"billion, company, trade"
PEKING SHOWS RENEWED CONCERN OVER INCREASE IN BIRTH RATE.txt,"ï»¿
The Peking leadership, showing concern that the country's birth rate is beginning to rise again, has formally warned Chinese to adhere to the strict family planning measures that it has laid down.
A new directive issued jointly by the Central Committee of the Communist Party and the policy-making State Council urged that steps be taken to halt what the New China News Agency today called ''the current tendency of rising population growth rate.''
The family planning directive was given front-page prominence today by People's Daily, which published a supporting editorial entitled, ''Persist in a Scientific, Correct Population Policy.''
The party newspaper said that younger generations should ''grow up with a better cultivated mind and physique.''
The Peking leadership, showing concern that the country's birth rate is beginning to rise again, has formally warned Chinese to adhere to the strict family planning measures that it has laid down.
The directive followed new guidelines laid down last week in which couples living in cities were ordered to have no more than one child. 
The guidelines, which appeared last Thursday in the Guangming Daily, were only part of the new effort to keep the population from getting out of hand.
Â 
Could Soon Reach 1.3 Billion
The editorial in People's Daily today cautioned that if the present growth went unchecked, China's population could exceed 1.3 billion people by the year 2000, which is 100 million more than the Government's target. 
The population is already thought to have reached one billion people, though the exact number will be determined by a national census scheduled for July.
At a United Nations-sponsored Asian population conference held here last autumn, China reported an annual growth rate of only 1.17 percent, which is well below Asia's overall population growth rate. 
The Asian parliamentarians at the conference endorsed a proposal to reduce Asia's population to a 1 percent growth rate by the year 2000.
Several years ago, the policy was introduced of encouraging couples to have only one child, because the population was continuing to outstrip its agricultural and other resources. 
The policy has combined financial and social incentives and penalties to discourage couples from having more children.
Chen Muhua, who headed the State Family Planning Commission, reported last October that 10 percent of the couples of child-bearing age had pledged to have only one child.
The weekly Beijing Review in January called the one-child limit per family ''not our permanent population policy but an emergency measure, a social paycheck for the unplanned population reproduction from the 50's to the 70's.''
Judging by recent statements and articles, the Chinese leadership has at least two reasons for renewed concern, apart from current statistics.
Â 
300 Million Near Marriage Age
One is that 300 million Chinese born during the chaos of the Cultural Revolution between 1966 and 1976 will be approaching marriagable age and are likely to contribute to a baby boom.
Another is that the new agricultural policies, which have given China's 800 million peasants more responsibility for what they produce, have made it once again profitable for farmers to have large families, and particularly sons, to help increase their crop yields.
There have been indications in the Chinese press that this has undermined family planning programs in the countryside. 
The rural suspicion of birth control may be one reason why only urban dwellers have been officially limited to a single child. 
The New China News Agency today quoted the new directive as emphasizing that ''family planning must go hand in hand with the practice of the responsibility system in production. 
One-child families should have encouragement.''
Today's editorial in People's Daily alluded to the problems that China already had feeding itself and said that if it kept eating up the available food, ''our country has no hope.''
A population research group of scientists here has estimated that China's most suitable population size in 100 years should be only 650 million to 700 million, which is a third below the current population and could only be achieved by maintaining a one-child family for the next 75 years.",1,billion,REAGAN,Reagan (1981-1988),CATEGORY_1,"billion, company, trade"
Pepsi_s 2d China Plant.txt,"ï»¿
Pepsi-Cola International, the beverage unit of Pepsico Inc., will set up a second plant in China at a cost of $4 million, a company spokesman said today. 
The plant, to be built in Canton, is expected to open in late 1985.
Pepsi-Cola International will set up second plant in China at cost of $4 million; plant, to be built in Canton, is expected to open in late 1985 (S)",1,billion,REAGAN,Reagan (1981-1988),CATEGORY_1,"billion, company, trade"
Peugeot_s China Project.txt,"ï»¿
Peugeot, the French auto maker, said today that it had agreed to manufacture 15,000 vehicles a year in China as part of a $60 million joint venture.
Peugoet, French auto maker, to manufacture 15,000 vehicles a year in China as part of $60 million joint venture (S)",1,billion,REAGAN,Reagan (1981-1988),CATEGORY_1,"billion, company, trade"
"Phillips, Pecten in China.txt","ï»¿
The Phillips Petroleum International Corporation and the Pecten Orient Company have signed a contract with China for offshore oil exploration rights in the South China Sea.",1,billion,REAGAN,Reagan (1981-1988),CATEGORY_1,"billion, company, trade"
Phone Plan Objections.txt,"ï»¿
The United States has raised objections to a Belgian project for manufacturing telephone equipment in China because of the transfer of technology involved, a Belgian Foreign Ministry spokesman said today. 
The project calls for the Bell Telephone Manufacturing Company, a Belgian affiliate of the American I.T.T. 
Corporation, to sell China 100,000 digital telephone lines and later to set up a joint venture with the Chinese post office to build a factory in Shanghai to produce 300,000 lines a year.
BRUSSELS, May 18 (Reuters) -The United States has raised objections to a Belgian project for manufacturing telephone equipment in China because of the transfer of technology involved, a Belgian Foreign Ministry spokesman said today.",1,billion,REAGAN,Reagan (1981-1988),CATEGORY_1,"billion, company, trade"
PLUMBING CHINA OIL RESERVE.txt,"ï»¿
Years of arduous negotiations with China are finally starting to pay off for some of the largest oil companies, yielding contracts to explore and drill in areas off the Chinese coast that may hold the largest untapped reserves in the world.
Already, the Atlantic Richfield Company, the British Petroleum Company and the Occidental Petroleum Company have been granted rights to drill there, and the Exxon Corporation said yesterday that it expected to have a contract soon.
''This is the longest virgin coastline in the world, and we think it holds tremendous potential,'' said Paul Ravesies, the president of the Arco International Oil and Gas Company, the division of Atlantic Richfield that is at work in the Chinese waters.
Although it had long been thought to hold large reserves, the continental shelf off China was not evaluated by geologists from outside China until 1981. 
It was then that Atlantic Richfield, B.P., Exxon and a handful of other companies were invited by Peking to perform seismic and geological studies of the area; the companies spent more than $200 million on the research.
Western oil companies, after years of negotiations with China, are beginning to win contracts to explore and drill in country's offshore waters, which may hold largest untapped reserves in world; Atlantic Richfield, British Petroleum and Occidental Petroleum have contracts, and Exxon expects to have one soon; production could begin in '88, although large-scale production is probably at leat 10 years off; China's energy shortage, which is handicapping its industrial development, is said to be incentive to quick development; map (M)Estimates on Reserves
The size of the reserves is still undetermined. 
But Russ Hill, a spokesman for British Petroleum in London, said yesterday that the best estimates were that the offshore area in China could yield 30 billion to 100 billion barrels of oil.
Even at the low end of that range, the Chinese reserves would surpass the proven onshore and offshore reserves in the United States, which last year totaled 29.8 billion barrels.
''Our thinking is that offshore Chinese reserves represent at least another North Sea, and perhaps more,'' Mr. Hill said. 
The North Sea, which has some of the world's richest offshore oilfields, is currently estimated to have 10 billion to 30 billion barrels of reserves. 
''What we're looking at in China has very, very attractive potential,'' he added.
Mr. Hill and other oil industry executives said the companies currently holding contracts to drill in Chinese waters might begin producing oil as early as 1988. 
But they added that large-scale production was probably at least 10 years away.
Last August, 33 oil producers from the United States, Canada, Britain, Japan and other countries bid for rights to drill off the Chinese coast. 
British Petroleum, the first company to win drilling rights on the basis of the bidding, announced its contract in May. 
Occidental said last week that it had also received a contract.
Atlantic Richfield, which conducted its negotiations with the Chinese before the other companies submitted bids, was awarded a drilling contract last September. 
Arco has drilled two exploratory wells in the South China Sea, and has reported finding large volumes of natural gas in one of them.
Exxon, the world's largest oil company, said yesterday that it expected to be awarded drilling rights soon. 
It declined to confirm a report that a contract would be signed on Aug. 
23, but a company spokesman, Chet Bushnell, said Exxon was ''optimistic'' that a contract ''will be finalized in the near future.''
Western experts maintain that China, which is finding its industrial development handicapped by an energy shortage, has a vital need to develop its offshore oil reserves quickly. 
China is now the world's sixth-largest oil producer, pumping about two million barrels daily from onshore wells. 
But the productivity of those wells has begun to decline.
''Even if their reserves are as big as the optimists suggest, China won't be another Saudi Arabia,'' said Selig Harrison, a senior associate with the Carnegie Endowment for Peace and a specialist in Chinese energy development. 
''Because of their enormous population, their energy needs are going to cover most of the production.''
Nevertheless, Mr. Ravasies, of Atlantic Richfield, said he expected the Chinese to ''export as much oil as they can.''
Mr. Harrison also said offshore oil production could benefit China's economic development by giving it a sorely needed commodity that could earn foreign exchange.
United States oilmen have been attempting to persuade Peking to open up its coast for exploration and drilling since the late 1970's.
The negotiations, only now yielding drilling contracts and joint ventures, have involved a variety of oilfield equipment and services concerns, as well as the major production companies. 
Officials of these companies say that in all cases, China has insisted that its own geologists, construction companies and field personnel be taught offshore techniques so that a foreign presence in Chinese waters would be only temporary. 
At the same time, American oilmen say dealing with Chinese officials has often been a slow, bureaucratic process. 
That stands in stark contrast to the free-wheeling business environment of an industry where transactions are often closed on the basis of a single phone call or a handshake.
For example, the Hughes Tool Company, a major United States manufacturer of drill bits for oil wells, said it began discussions with Chinese officials in 1978. 
These discussions led to the opening two months ago of a drill-bit factory in China in which Chinese workers, using parts provided by Hughes, will assemble finished bits.
But Hughes said its agreement provided that beginning next year, the Chinese would begin manufacturing some of the parts themselves, and that by 1985, the Chinese would be making the entire bits.
Â 
Focus on Technology
''Their main interest is in the technology,'' said Robert Lockhart, president of the Hughes Trading division of the company. 
''They want to do it themselves.''
Another American concern, the Baker Marine Company, a Texas concern that makes drilling platforms, said it had been holding disucussions with China since 1980. 
Although these discussions have not brought Baker any new orders, the company did build a rig for an American oil production company with the help of the Chinese in 1981.
Steven Griffin, a Baker spokesman, said the company was offered the use of a Chinese shipyard in exchange for employing Chinese engineers and construction workers. 
''It was an exchange that allowed the Chinese to look over our shoulders and get some hands-on experience,'' he said.",1,billion,REAGAN,Reagan (1981-1988),CATEGORY_1,"billion, company, trade"
REAGAN TO PRESS CHINA ON TRADE.txt,"ï»¿
STEVEN R. WEISMAN
TACOMA, Wash., April 19 - President Reagan told a group of lumber industry executives today that he would seek to ease trade barriers to American exports when he travels to China next week.
''You know, as I do, that occasionally the interests of diplomacy and the interests of American industry sometimes seem to collide,'' Mr. Reagan added. 
''I see it as our job to reconcile the two.''
Pres Reagan, without offering specific examples of trade difficulties with China, says he will seek to ease trade barriers to American exports when he visits China next week, speech to group of lumber industry experts, Tacoma, Washington (M)
The President offered no specific examples of the trade difficulties with China. 
But Administration officials have been upset that China has failed to meet its commitment on grain imports. 
China, on the other hand, has run into American roadblocks in increasing high-technology imports and also exporting textiles to the United States.
Mr. Reagan said ''we were in a kind of period of strain'' over textile and high-technology products, but that the strain had eased. 
He said further that China had promised to meet its full quota of grain purchases this year and make up for the shortfall it incurred last year. 
The President made his comments during a visit to the log export facility operated by the Weyerhaeuser Company.
For the second consecutive week, Mr. Reagan found himself on the defensive with a public audience about high interest rates. 
Asked by a dock worker why the rates were so high, he said that in part it was because of the heavy demand for borrowing that resulted from the economic boom, and in part because money markets were being ''unnecessarily pessimistic'' that there would be a resurgence of inflation.
The President said ''I have a hunch'' that if the Congress joined his Administration in ''whittling away at the deficit,'' interest rates would go back down.
Mr. Reagan flew here from Washington this morning, and afterward flew to Santa Barbara for a brief weekend at his ranch. 
On Easter Sunday Mr. Reagan is to leave for overnight stops in Honolulu and Guam before arriving in Peking on Thursday. 
He will be in China for six days before returning via Fairbanks, Alaska.
At the Weyerhaeuser headquarters in a lush campus-like setting, Mr. Reagan heard from local business leaders that trade with China and other nations in the Pacific was absolutely essential to the local economy. 
In response, he promised to press the need for trade in traveling to China, adding that he would do everything up to putting a ''Buy America'' sticker on his suitcase.",1,billion,REAGAN,Reagan (1981-1988),CATEGORY_1,"billion, company, trade"
Revisionism in China_ Maids Are in Demand.txt,"ï»¿
Domestic service, once reviled as exploitation, is making a comeback in Peking as living standards rise and family life styles change.
It is also promoted as a partial answer to rising unemployment, even though Peking newspapers do not exactly say so because unemployment officially does not exist in China.
Domestic service, once reviled as exploitation, is making comeback in Peking as living standards rise and family life styles change (S)
Officials say they do not know how many people are employed as maids, but Peking's first contract maid service alone has found jobs for 145 women since it was established Dec. 
21. The newspaper Economic Daily said the number of maids in Peking had tripled since 1966 and the demand for domestic help had exceeded the supply since the Housework Service Company was established.
Economic Daily said 28.6 percent of the families with maids were ''ordinary workers, a big change from the old phenomenon whereby only senior officials and intellectuals employed maids.''",1,billion,REAGAN,Reagan (1981-1988),CATEGORY_1,"billion, company, trade"
Salt Rationing in China.txt,"ï»¿
Panic buying has forced 19 provinces and cities to impose rationing on salt, the manager of the China National Salt Company was quoted today as saying. 
The official China Daily quoted Zhang Tiecheng as saying the company stopped sending wholesale salt supplies to enterprises and individuals this week, limiting supplies to retail outlets in an effort to stop hoarding and panic buying. 
He was quoted as saying the shortage resulted from a rapid increase in salt consumption by the chemical industry and panic buying in 26 cities and regions.",1,billion,REAGAN,Reagan (1981-1988),CATEGORY_1,"billion, company, trade"
Seiko and China In Watch Pact.txt,"ï»¿
The Seiko Group, Japan's largest watchmaker, announced it had reached agreement with China to establish a joint venture company in Hong Kong to assemble watches for worldwide export.
Japanese watchmaker, Seiko Group, reaches agreement with China to establish joint venture company in Hong Kong to assemble watches for worldwide export
A spokesman for K. Hattori & Company, Seiko's marketing arm, said the agreement was reached recently with the China National Light Industry Products Export and Import Corporation. 
Negotiations for the establishment of the joint venture started in the spring of 1981 at China's request, the spokesman said.
The spokesman said the new company, which will employ about 80 workers initially, will begin in April by making movements and cases for about a million timepieces a year.",1,billion,REAGAN,Reagan (1981-1988),CATEGORY_1,"billion, company, trade"
Shell-Exxon-China Pact.txt,"ï»¿
Royal Dutch/Shell said it and the Exxon Corporation of the United States signed a contract with the state-owned China National Offshore Oil Corporation to explore for oil in the Pearl River in south China.
A Shell spokesman said Friday that the two companies would bear 50 percent of the exploration cost. 
''We have not been encouraged by our earlier exploration, also in the Pearl River basin,'' she said, ''but we will continue drilling.''
This is the second contract to be awarded in the second round of bidding for offshore exploration rights that started last November.",1,billion,REAGAN,Reagan (1981-1988),CATEGORY_1,"billion, company, trade"
Study Is Cautious on China_s Growth.txt,"ï»¿
China is fast developing into one of the world's leading exporters, chiefly to finance its growing demand for food imports, the Central Intelligence Agency reported today.
An intelligence study, prepared for the Joint Economic Committee of Congress, found that 10 years after the start of widespread political and economic changes, China is continuing to enjoy impressive growth with rising labor productivity and a declining trade deficit.
But the report warned that although China's economy grew 9.4 percent last year, there still were signs of deep-rooted economic difficulties that could put the brakes on further development.
The list of problems is long but among the chief concerns is lagging grain production caused by inadequate returns to farmers; high inflation; raw material shortages; ''bloated'' work forces; heavy subsidies; ''irrational'' pricing, and slow growth in urban incomes.
''That Chinese workers on the whole have benefited from reform is indisputable,'' said the report, citing, for example, improvements in workers' diets and an increase in ownership of durable goods such as bicycles and refrigerators.
Â 
Possibilities of Bankruptcies
Despite these improvements, the C.I.A. report said, ''urban residents complain about housing shortages, pollution, and inadequate services such as an overcrowded transportation system.''
In addition, the new system allows enterprises to go bankrupt, a prospect that has ''increased workers' concerns.''
The C.I.A. periodically assesses the economies of both China and the Soviet Union. 
In recent years the Joint Economic Committee has asked the agency to prepare special unclassified reports for wider circulation.
China's exports soared 25 percent last year to $40 billion, according to the intelligence estimates. 
The most striking gains were in exports of textiles and apparel, 40 percent of which came to the United States.
China's role as the No. 1 textile supplier of the United States - surpassing Hong Kong, South Korea and Taiwan - is one of the forces behind the push in the American industry for import quotas.
Â 
Trade Measures Advance
A bill that would limit annual import growth in textiles to 1 percent passed the House last September and heads for almost certain Senate passage in about four weeks. 
But its future is uncertain because of a promised Presidential veto.
This is separate from broader trade legislation that passed the Senate last week and the House two weeks ago. 
The President has vowed to veto that measure, also.
The study did not discuss China's arms sales, but according to another American Government agency, the Arms Control and Disarmament Agency, Beijing was the world's sixth-largest arms supplier between 1982 and 1986.
Its arms sales in 1986 were estimated by the agency at $1.04 billion. 
Some nongovernmental experts say that China's weapons sales doubled in 1987.
Â 
Concerns About Currency
Officials and analysts here, including Senator William Proxmire, Democrat of Wisconsin, suggest that concerns over hard-currency shortages are pushing the Chinese to export more of both textiles and arms.
The arms sales pose problems for the United States, which has protested China's sales of Silkworm missiles to Iran. 
China has also sold missiles to Iraq and Saudi Arabia.
Some of China's export earnings finance grain imports from the United States. 
Still, China's exports to this country are rising faster than imports - 33 percent versus 12 percent. 
In 1986 China's trade surplus with the United States widened 60 percent, to $3.4 billion.
Â 
Trade With Russians Off
Meanwhile, China's trade with the Soviet Union has dipped, reflecting in part what the C.I.A. said was ''Chinese dissatisfaction with the quality and technical level of Soviet industrial equipment.''
The report also found a growing private sector in China, which includes 300,000 enterprises and an additional 20 million ''individual enterprises'' - mostly one-person or family-run operations.
''Although the private sector generally leads the country in growth in productivity and output, it employs less than 3 percent of China's industrial labor force and produces less than 1 percent of the country's industrial output,'' the C.I.A. report said.",1,billion,REAGAN,Reagan (1981-1988),CATEGORY_1,"billion, company, trade"
Technology Exports to China.txt,"ï»¿
The Western allies and Japan have agreed to a major relaxation of the rules under which they export high-technology products to China. 
Such sales totaled $6 billion in the year ended Sept. 
30, up from $1 billion in the fiscal year 1984.
The move to expand and expedite exports will add new categories of goods eligible for transfer to the Chinese, who have long chafed under rules that have been applied without distinction to Eastern Europe, the Soviet Union and China.
The regulations are those of the 15-member Coordinating Committee, consisting of the NATO allies and Japan but excluding Iceland, that screens exports to prevent the transfer of technology with military applications.
Â 
Categories Not Specified
The decision was announced today in China in a brief statement by Vice President Bush, just before he left Peking for Chengdu. 
Mr. Bush did not say what categories of goods are newly authorized for shipment to China and a Commerce Department official here said the department could ''not get into specifics.''
It was understood, however, that the decision permits the export of 27 categories of computers and medical equipment, but no military hardware. 
It was unclear today whether the decision would permit the export of minicomputers and semiconductor manufacturing equipment.
''We feel it is an improvement,'' a spokesman for the International Business Machines Corporation said in a statement. 
''We don't know the details yet, but we are confident that it will improve our ability to market to China.''
I.B.M. has the largest presence of any American computer maker in China and stands to be the biggest beneficiary of relaxed guidelines. 
It already has a Chinese subsidiary.
Mr. Bush said that about 80 percent of the committee's work involves China and that about half the high-technology items requiring the group's licenses would be affected by the relaxation.
Â 
Easing a Trade Backlog
He said the move would ease a major backlog in United States-China trade, a source of increasing frustration among the Chinese. 
China has complained repeatedly about its inability to buy American and other Western technology for its modernization program.
The Vice President said the decision, made a month ago in Paris, where the Coordinating Committee is based, required a 30-day waiting period that has just ended. 
The multinational liberalization takes effect immediately.
The United States has also taken its own steps to speed up the processing of licensing applications for China, including the formation in July of a China Team Center.
The Acting Assistant Secretary of Commerce for Trade Administration, William T. Archey, told Congress last week that by the end of September the department had reduced processing times for Chinese sales to 1983 levels even though the caseload had risen by 162 percent.
In 1983, 2,800 export licenses were approved for China with the total rising to more than 8,000 in the 12 months ended Sept. 
30.",1,billion,REAGAN,Reagan (1981-1988),CATEGORY_1,"billion, company, trade"
Technology to China.txt,"ï»¿
The Pentagon says that it is reviewing its regulations on the transfer of technology in line with President Reagan's directive calling for a more liberal approach to trade with China.
A Pentagon spokesman, Benjamin Welles, said Thursday that the Pentagon's review was in line with similar studies being made by other Federal agencies concerned with controlling movements of American technology to other countries.
WASHINGTON, June 3 (AP) - The Pentagon says that it is reviewing its regulations on the transfer of technology in line with President Reagan's directive calling for a more liberal approach to trade with China.
Asked whether the thrust of the Reagan directive called for more liberal trade with China, Mr. Welles replied, ''That is my understanding.''
Defense Secretary Caspar W. Weinberger and other senior Pentagon officials of this and previous administrations have generally favored a tight curb on the sale or provision of military-related technology to China or any other Communist country. 
Commerce Secretary Malcolm Baldrige visited Peking last month and said there that the Reagan Administration would prepare new guidelines within 60 days for speeding decisions on sales of high technology to China, including equipment with possible military applications.",1,billion,REAGAN,Reagan (1981-1988),CATEGORY_1,"billion, company, trade"
Textile Talks With Chinese.txt,"ï»¿
The United States and China resumed negotiations in Geneva today on a textile agreement, trade sources said, with both sides optimistic that a pact could be reached to replace the one that expired last December.
GENEVA, July 25 (Reuters) - The United States and China resumed negotiations in Geneva today on a textile agreement, trade sources said, with both sides optimistic that a pact could be reached to replace the one that expired last December.
When earlier talks failed to produce a new accord, Washington unilaterally imposed textile import restrictions and Peking threatened to reduce its purchases of United States farm products. 
Near-record harvests in China are expected this year.
American farming interests hope the textile dispute ends soon, but American textile manufacturers are seeking tighter restrictions.",1,billion,REAGAN,Reagan (1981-1988),CATEGORY_1,"billion, company, trade"
THE COLD GIVES A LIFT TO DOWN PRODUCTS.txt,"ï»¿
The down business is up. 
Thanks to the bitter Canadian winter weather blowing south to the United States, Canada's makers of down winterwear, major suppliers for the American market, are reporting surprisingly good sales despite the recession and record high world prices for the little puffs of feathers.
''Given inflation, people are looking for real value at today's high prices,'' said Russill H. Morin, president of the Canadian Down and Feather Products Association. 
''And they are finding it in down.''
Andrew Malcolm comment discusses how cold weather conditions have helped sales of down products
They are also finding a radically different, more fashionable and costlier product than consumers knew not so many years back when down was something worn only by geese, ducks and a few hunters in reversible red and green vests.
Now it has become a $100 million-a-year industry in Canada alone, has started a lucrative surge in international sales and has seen several Asian countries begin their own down industries to serve the exploding market in North America and Japan.
Â 
2 Million to the Ounce
Down, whose tiny resilient filaments number 2 million to the ounce, has long been popular as a pillow-filler and, in Europe, for bed comforters. 
It was warm and lightweight. 
But its bulk and perceived image as masculine, ''outdoorsy'' and unfashionable confined sales to the sporting goods sections of most North American stores.
There is considerable dispute about which one of Canada's many private clothing companies first combined new colors, better design and a stylish stitching pattern to make the first women's down coat. 
But there is no dispute that it happened about five years ago here in Winnipeg, the old prairie riverboat town that has the lowest mean temperature of any Canadian city.
''You don't care what you look like in Winnipeg in the winter,'' said Mr. Morin, who lives in Toronto, ''you just want to be warm.''
Consumers can now buy a complete line of down-filled products, from coats, mittens and parkas to comforters, sleeping bags, lounging slippers and the high-priced down skiwear made by Mr. Morin's company, Russill H. Morin Ltd.
Winnipeg's down manufacturers, such as Victoria Squire and Miami Fashions, cite many reasons for down's sudden success without largescale advertising. 
They include inflation, changing tastes toward more outdoor activities, acceptance of more pragmatic clothing, down's impressive insulation power and the strength of a fad that first introduced many to the comfort, practicality, light weight and warmth of some slightly used feathers.
Â 
'It Lasts a Lifetime'
''You use down one time,'' Mr. Morin said, ''you'll never go back to anything else. 
And it lasts a lifetime, too.''
The basic quality of down, however, owes nothing to man. 
Its many water-resistant filaments, naturally arrayed in clusters like a ripe dandelion pod, trap warm air next to the body yet allow the garments to ''breathe.''
The best down comes from the breasts of geese. 
One mature, 10-pound goose might produce eight ounces of feathers. 
But that includes only two ounces of down. 
The down, however, costs $54 a pound in December, which is a lot more than the entire rest of the bird is worth.
The problem is that feathers and down are a byproduct of the meat industry and there has never been that overwhelming a demand for goose and ducks in North America. 
So, according to Mr. Morin, a number of Canadian farmers are raising geese, selling the meat frozen to European outlets at little more than cost, and making money off the byproduct.
Still, the farmers are far from meeting the market's demands. 
For many years, the world's major feather supplier has been the Orient, primarily China, whose birds produce half the world's supply. 
Last year Canada imported some 2 million pounds of feathers, or 80 percent of its needs.
Â 
Prices Have Soared
But three years ago, China realized that it could create some domestic jobs and reap more foreign exchange benefits by founding its own down clothing industry. 
So it slashed down exports by half, sending down's price up. 
In 1970 down cost $4.25 a pound. 
In 1975 it cost $7.10. 
In 1978 the price tripled to $24, and it has doubled again since.
The feathers arrive at Canadian processors in burlap-wrapped bales in 40,000-pound container loads. 
They are washed, blown dry and blown sorted for shipment to Canad ian clothiers, who have been scrambling to provide th e best designed, most fashionable fabrics to wrap aroundthe feathers.
''There is a wider array of colors now than ever before,'' said Jeff Black, vice president of merchandising for Victoria Squire Inc., where 250 workers are already sewing next winter's down jackets. 
''The U.S. demand is growing all the time. 
''We've been increasing our production 25 percent a year since 1977.''
''We're pushing the more tailored look,'' said Murray Waldman of Miami Fashions Ltd., known in New York as the Canadian Garments Company. 
''Down is becoming more fashionable all the time.''
'People Will Remember the Cold'
''We've had two mild winters,'' Mr. Waldman noted, ''and people forget about the cold. 
Then, wham, comes this winter and our sales are way up. 
The boost will carry over to next year, too. 
People will remember the cold.''
The problem for Canadian and American down clothiers is competition from Asia, primarily Korea and China, where wages are but a fraction of North America's.
''I just came back from China,'' Mr. Waldman said. 
''They make a coat for half our costs. 
They're paying about 25 cents an hour. 
We pay $5.''
Thus, a domestic down coat might cost $250 to $300 at retail today, while Chinese coats, he said, might sell for $150 to $180 and cost the stores only $75 wholesale.
''Our challenge is to make our coats look that much more expensive than the imports,'' he said.",1,billion,REAGAN,Reagan (1981-1988),CATEGORY_1,"billion, company, trade"
"THE GOOD WOMAN OF BENXI, A SUCCESS.txt","ï»¿
Guan Guangmei, former peasant and former meat counter clerk, is a ''phenomenon'' to her fellow Chinese.
The determined 37-year-old woman has captivated the imagination of theorists of economic reform, infuriated defenders of Communist orthodoxy and become one of the most talked-about people in China - all because she succeeded in an enterprise where many had failed.
Over the last two years, Miss Guan, a member of the Communist Party, has leased eight bankrupt or financially shaky grocery stores from the city government here and transformed them into flourishing, profitable operations. 
Her markets now account for one-third of the non-staple food sales and one-half of all profits produced by food stores in this city of 1.4 million people in northeastern China.
Â 
'This Is Reform'
On the ground floor of the Dongming Shangchang, or Eastern Brightness Store, Miss Guan, efficient and brusque in a sober gray polyester pantsuit, drew the tips of her fingers along a gleaming white tile counter. 
Her barely perceptible nod of approval stirred smiles from the white-hatted women behind the counter, which was stacked with pyramids of cellophane-wrapped candies and jars of preserved apples and apricots.
''This is reform,'' Miss Guan said flatly. 
''I have the power to run this enterprise.''
For several weeks, newspapers around the country have broadcast the exploits of Miss Guan almost in storybook fashion. 
''Inside the Guan Guangmei phenomenon,'' promised a headline on page 1 of a national newspaper. 
Boasted another, ''Benxi produces Guan Guangmei!''
In the prestigious and influential Economic Daily, a two-week debate of sorts has raged over whether her success and methods are truly ''socialist'' or are, in fact, blatantly ''capitalist.''
Â 
A Rare Debate on Issues
And although anonymous commentators, editorialists and letter writers who support Miss Guan heavily outnumber her detractors, the extended discussion of the ''Guan Guangmei phenomenon'' is a rare instance of public exchange over issues that are at the very core of China's modernization effort. 
To be sure, the degree of official and public support for Miss Guan suggests strongly that her example is being used not only to champion the need for economic reform but also as a way of smoking out the ideological opposition.
Benxi's Communist Party branch has held a series of meetings over the last year to assess Miss Guan's endeavors. 
Her critics within the party, according to The Economic Daily, have attacked her for a variety of sins.
One party member who has worked for a quarter of a century in one of the stores now leased by Miss Guan accused her of ''disliking the supervision of the party and for being good at dancing.''
Another party member contended that Miss Guan ''plays down the role of political education,'' while a third charged: ''The leasing system of Guan Guangmei takes advantage of the situation to benefit herself. 
It has the character of exploitation.''
Â 
China's Current Dilemma
These criticisms, even the denigration of her ballroom talents, are fundamental to China's current dilemma: how to invigorate an economy that is resisting virtually all stimuli under a blanket of bureaucratic incompetence and corruption, while preserving a necessary patina of socialist ideology. 
That Miss Guan dances well raises the question of whether she is polluted with bourgeois values just as much as her high salary may imply she is a capitalist.
''They're not used to these things, so they oppose us,'' said Miss Guan of her critics. 
''Some workers are used to administration from above and the iron rice bowl. 
They think socialism means everyone should have rice to eat, whether they work or not. 
This kind of thinking is a real problem.''
Miss Guan, whose short black hair is beginning to show the first strands of gray, grew up in a rural area near this grimy town driven by steel mills. 
After graduating from high school in 1968 in the midst of the political hysteria of the Cultural Revolution, she worked on a commune near her home where she was eventually chosen as a production team leader in charge of 340 people. 
In 1971, she was transferred to Benxi, where she sold pork at the Xiaofang grocery store. 
Two and a half years later she was named head of the foodstuffs department and, shortly thereafter, became assistant manager of the entire store.
Â 
Seeks Better Standard of Living
''When we worked in the fields, life was very difficult,'' Miss Guan said, the words tumbling out at a speed rivaling the patter of a disk jockey. 
''So I thought, once we got enterprises going, we could make the country rich. 
I wanted to make it more successful but couldn't. 
Back then, I wanted to make the countryside rich.''
Her biggest disillusionment came, she said, when she was trying to turn the Xiaofang store around. 
''Even if you had talent you couldn't do well because the country didn't give you power,'' she said. 
''As assistant manger, I couldn't do anything because they wouldn't listen to me. 
We had no power.''
In 1984, the city of Benxi announced that private individuals could lease enterprises and run them as they wished. 
That decision, Miss Guan said, changed her life.
''I thought, by using this leasing method I could improve other enterprises,'' she explained. 
''I started looking at losing enterprises. 
I looked at the Guangming food store in 1986, which had consistently lost money for six years.''
Â 
Using Wage Incentives
''It lost money for lots of reasons,'' she said, ''Primarily because the managment was no good.''
In April of that year, Miss Guan leased the Guangming store. 
''The leaders were no good, so I demoted them,'' she said. 
''By the end of the year, the workers had bonuses.''
Her strategy at the Guangming store, she said, was typical of her management techniques at other stores. 
''There was a tremendous amount of waste,'' she said. 
''Internal management was terrible. 
Goods sat around. 
Nobody cared if they were sold or not. 
I set targets for every worker. 
If they didn't meet the target, their wages were cut.''
The combination of rising wages and tough discipline worked wonders on the work force. 
Jiang Xiu-e, a young clerk who confessed she had once had a notorious reputation for a quick tongue and nasty manner with customers, said that after Miss Guan leased the store, she ''told me that if I didn't change my behavior, I would be heavily penalized.''
She added, ''I didn't believe her at all.''
Â 
A Turning Point
But one day, after a raucus argument with a customer, Miss Guan cut 20 yuan, or about $5, from Miss Jiang's salary - about one-quarter of her monthly wage. 
''From that very day, I began to be more cautious with customers,'' Miss Jiang said. 
''Finally, I began to see that customers were actually reasonable. 
It's strange, isn't it?
Now I get the highest monthly bonus of the 220 workers in the store.''
The Economic Daily chronicled the transformation of one of Miss Guan's stores, as described by a frequent customer. 
''I live next to the Guangming grocery store,'' the customer was quoted as saying. 
''The store was dirty and disorderly. 
When you asked for something, no one would answer, and if they did you'd get a very cold response. 
One day, I went to the grocery store and found it had been whitewashed and the floor had been cleaned. 
A salesperson who had always quarreled with me in the past greeted me with a smile, saying, 'We have a new stock of bread, would you like some?'
''
Painfully aware that her success would breed both envy and criticism, Miss Guan canvassed the entire Communist Party hierarchy of Benxi looking for allies. 
In 1985, she stumbled on Li Ming, then the 35-year-old director of the political research office of the city's party branch and a fervent proponent of economic reform and experimentation. 
With the blessing of the city's party secretary, she wooed him away and installed him as the assistant general manager of her operation.
''I was looking at leasing and thought this was the way to promote reforms,'' Mr. Li said. 
''I said, 'If we go according to the Guan Guangmei model, profits will go up dramatically.'
I was interested in going to an enterprise and experimenting in a real environment. 
This was a way for me to be closer to real life.''
Â 
Burgeoning Success
With his help and the party's support, Miss Guan steamed ahead, leasing a total of eight stores and creating a holding company to oversee the venture. 
In two years, she earned more than 44,000 yuan, a sum equivalent to about $12,000 - 50 times what China's senior leader, Deng Xiaoping, earns. 
Much of her earnings she ploughed into Government-required ''risk funds,'' a rainy-day account in case her stores fail, and into extra bonuses and awards for workers. 
Still, she said, she is probably the wealthiest person in Benxi.
Despite her wealth, Miss Guan's achievements have earned her recognition as a national model worker, as well as the ''May 1 Labor Award'' and the ''March 3 National Woman's Award,'' both accolades usually conferred on exemplary factory workers. 
And just last week, she was elected by the Benxi Communist Party as a delegate to the 13th Party Congress to be held in Beijing this October.
''There are many outsiders who object to this,'' Miss Guan said. 
''They think I make too much money. 
Lots of people didn't understand me. 
'Why do you want this trouble?' they said. 
But I said I must do this to make the country better.''",1,billion,REAGAN,Reagan (1981-1988),CATEGORY_1,"billion, company, trade"
THE REGION_Otis Signs Accord On Chinese Trade.txt,"ï»¿
HARTFORD (UPI) - The Otis Elevator Company, the world's largest manufacturer of elevators and escalators, announced yesterday that it had signed a business agreement with the largest elevator company in China.
Otis Elevator Company signs business agreement with largest elevator company in China
The announcement by Otis, a subsidiary of the United Technologies Corporation, said the memorandum of understanding was reached with the Tianjin Elevator Company of Tianjin, China.
The Tianjin company has selected Otis as its representative outside China and has been named to represent Otis in China. 
''Otis and Tianjin will vigorously pursue elevator and escalator sales opportunities in the People's Republic of China and other nations,'' said Francois Jaulin, the president of Otis.",1,billion,REAGAN,Reagan (1981-1988),CATEGORY_1,"billion, company, trade"
THE WORLD_BEIJING IS GLIDING EVER MORE WESTWARD.txt,"ï»¿
IF not capitalism, at least a capitalist ethic is seeping into the marrow of China.
Everything Western, everything from the capitalist world outside, is copied, studied and worried about. 
In those areas of Guangdong province near Hong Kong, it is impossible to find a television station tuned to Chinese broadcasts. 
The slam-bang frivolity of Hong Kong TV blares from urban homes and farmers' huts. 
In Beijing, the city seems to lurch to a halt at six o'clock on Sunday night when Mickey Mouse cartoons are shown for 30 minutes. 
''It's done in a way even adults can appreciate,'' an older Chinese man said somewhat solemnly.
Spurring this has been the Government's increasing tolerance of freer economic activity. 
Last week, Prime Minister Zhao Ziyang said that his countrymen would have to embrace even greater economic changes if China's general backwardness was to be overcome. 
Indeed, the China that Prime Minister Zhao described in his opening address to the 13th Communist Party Congress is the China that Mao Zedong loathed and sought to prevent from materializing: a China that permits private enterprise at home, on the farm and in the cities. 
And far from stifling rich peasants, closing down small private industries, suppressing individual entrepreneurs, as Mao deemed essential if China was to truly become a socialist country, Mr. Zhao said they should flourish.
In short, the Prime Minister called for the further introduction and expansion of a vast array of economic practices that smacked more of capitalism than socialism, or at least socialism along the lines practiced in the Soviet Union and Eastern Europe. 
Across China, farmers, managers of small workshops and factories, restaurant owners, even physicians who have small private practices have eagerly grabbed the chance to improve their lives by making as much money as they possibly can.
Mr. Zhao talked of stocks and bonds, of commercializing the housing market, of stimulating private industry and leasing state enterprises to individuals. 
He urged regulating China's money supply through credit policies in the manner of the Federal Reserve Bank in the United States. 
He called for a sweeping reform of tax policies, piece-rate wages, free market pricing and free competition among enterprises.
But burdened by a legacy of revolution and socialism, Mr. Zhao hastened to disavow the apparently capitalist aura of his program, instead fashioning a schema that sought to preserve ideological rectitude without stifling his policy objectives. 
His solution, widely hailed in the Chinese press, was simply to say that China was in the primary stages of socialism where just about anything in the economic realm is acceptable.
Still, Mr. Zhao's championing of Western economic practices hardly means that China is on the verge of shucking off its socialist manacles in favor of fast, freewheeling capitalism. 
Indeed, the most severe critics of the Chinese regime are inclined to view the economic reform program created by the country's senior leader, Deng Xiaoping, and pursued now by Mr. Zhao, as doomed. 
The core of the problem, these critics contend, is that the Communist Party, which intrudes into virtually every cranny of Chinese life, is unlikely to willingly relinquish its control of society and the economy.
Fang Lizhi, an astrophysicist who headed the country's prestigious University of Science and Technology in Hefei until he was summarily fired last winter for supporting college students' calls for greater democracy, explained the problem in an interview published in the West German news magazine Der Spiegel.
''In China, the party does not want to manage only politics,'' he said. 
''It wants to control everything, including the way of life and the thoughts of the people. 
Today, factories are being managed by managers, but the party cadres keep wielding the power. 
Peasants enjoy the free-market system, but the cadres tell them: 'You still need our rubber stamp, you still have to buy us off!'
There lies the root of the new corruption. 
In order to create a true economic democracy in China, one ought to abolish political controls. 
That is exactly what the party fears most.''
Yet it is far from clear how successful Mr. Zhao will be in encouraging his fellow Communists to extricate themselves from the management of day-to-day affairs in favor of technocratic managers, profit-oriented bankers and bottom-line manufacturers. 
Many western observers believe that the economic reforms of Mr. Deng and Mr. Zhao are at a critical juncture. 
They can move forward, away from socialism and toward a more Western economy, if the party gives up substantial amounts of its power. 
Or, their reforms can flounder in the hands of a party that holds power and refuses to let go.",1,billion,REAGAN,Reagan (1981-1988),CATEGORY_1,"billion, company, trade"
THE WORLD_China Closes Some Gates.txt,"ï»¿
China last week provided a taste of what all-out protectionism could be like, slapping a ban on further purchases this year of American cotton, soybeans and synthetic fibers. 
The ban, mainly affecting $60 million in soybean imports, was only a pinprick in Chinese-American trade that totaled $5.3 billion last year and is expected to go higher with Chinese oil and Boeing 737 aircraft deliveries in 1983.
China last week provided a taste of what all-out protectionism could be like, slapping a ban on further purchases this year of American cotton, soybeans and synthetic fibers.But Peking trade officials spoke ominously of more painful restrictions if Washington blocks China's demands for a bigger share of the United States textile market and continues the unilateral quotas it imposed last weekend.
Peking already has 6 to 10 percent of the American textile market, depending on who's counting, and is pushing to overtake Taiwan, Hong Kong and South Korea. 
Its Asian rivals have already accepted lowgrowth ceilings arranged at the behest of the American industries.
Administration negotiators had hoped for agreement before Secretary of State George P. Shultz arrives next month for his first official visit to China. 
Now textiles may get mixed in with other delicate issues such as the $10 million American satellite tracking station Peking has ordered.",1,billion,REAGAN,Reagan (1981-1988),CATEGORY_1,"billion, company, trade"
Tourism Up in China.txt,"ï»¿
China earned more than $800 million from foreign tourists last year, an increase of at least $20 million over 1981, the New China News Agency reported today. 
It said that the number of tourists in China increased last year despite the world economic recession, which reduced tourism in other countries. 
No figure was given for the total number of foreign visitors to China.
PEKING, Jan. 
13 (Reuters) -China earned more than $800 million from foreign tourists last year, an increase of at least $20 million over 1981, the New China News Agency reported today.",1,billion,REAGAN,Reagan (1981-1988),CATEGORY_1,"billion, company, trade"
U.N. in China Project.txt,"ï»¿
The United Nations will provide part of the financing for an oil exploration project in China's southwestern Guizhou province, a U.N. spokesman said. 
He said the U.N. would provide at least $4 million for the project, while industry sources said the full cost could be about three times that. 
The United Nations Department of Technical Cooperation for Development will control the project.
UN will provide part of financing for oil exploration project in China's southwestern Guizhou province, at least $4 million (S)",1,billion,REAGAN,Reagan (1981-1988),CATEGORY_1,"billion, company, trade"
U.S. Exports to China Rise.txt,"ï»¿
Exports of manufactured goods to China totaled $319 million in the first quarter of this year, up sharply from the $251 million sent in the first three months of 1980, the Commerce Department said today. 
Among the major exports to China, the department said, were polyester yarns, paper and paper-base stocks, phosphate, mining and drilling equipment, scientific and controlling instruments, chemical elements and compounds, kraft liner board, and iron and steel products.
Commerce Department reports rise in US exports to China",1,billion,REAGAN,Reagan (1981-1988),CATEGORY_1,"billion, company, trade"
U.S. Exports to China.txt,"ï»¿
United States exports to China, hurt by sharply declining agricultural sales, dropped 26 percent in the first quarter of 1983, and the United States trade surplus plunged 61 percent from a year ago, the United States Embassy said today. 
The embassy said exports totaled $668.6 million, compared with $905.2 million in January-March 1982, while imports from China fell from $556.6 million, to $534.3 million. 
The surplus dropped from $348.6 million, to $134.3 million, the embassy said.
PEKING, May 12 (AP) - United States exports to China, hurt by sharply declining agricultural sales, dropped 26 percent in the first quarter of 1983, and the United States trade surplus plunged 61 percent from a year ago, the United States Embassy said today.",1,billion,REAGAN,Reagan (1981-1988),CATEGORY_1,"billion, company, trade"
U.S. TO RAISE TECHNOLOGICAL LEVEL OF PRODUCTS THE CHINESE CAN BUY.txt,"ï»¿
A ranking United States trade official said today that the Reagan Administration hoped to raise the level of American technology that China was permitted to buy.
The official, Lawrence J. Brady, Assistant Secretary of Commerce for Trade Administration, said that ''we anticipate the technology levels to increase and we're willing to license in a manner that is different from the past.''
The assistant secretary added that the Administration was even willing to permit the export of some items that the Chinese could put to military use.
Â 
80 U.S. 
Companies Represented
Mr. Brady made his remarks at a news conference before he opened an exhibition of American light industry at Peking's exhibition center, where nearly 80 American companies are displaying products worth nearly $4 million.
Christopher Wren comment discusses plan by Reagan Administration to raise level of American technology that China is permitted to purchase
In contrast to the first United States trade exhibition here, which offered an assortment of agricultural and industrial commodities in November 1980, this smaller exhibit is concentrating on what American light industries can offer.
The Chinese Government, which requested the theme, is carrying out a huge restructuring of its economy to provide its nearly 1 billion citizens with more consumer goods and a higher standard of living.
Â 
Trade Could Reach $7.5 Billion
The exhibition, which covers 77,000 square feet, features textileand shoe-manufacturing machinery, cold-storage and refrigeration units, food-processing and packaging machines and printing and photographic equipment. 
But it also includes sophisticated analytical and process-control instruments, including lasers and spectrometers.
Eugene K. Lawson, the Deputy Assistant Secretary for East-West Trade, who also came here for the exhibition, said Chinese-American trade was expected to reach $6.8 billion to $7.5 billion in 1982.
This is well above the $5.5 billion achieved last year and more than six times the $1.1 billion of 1978, just before the United States and China established formal diplomatic relations. 
The United States has become China's third largest trading partner, after Japan and Hong Kong.
The American exports are predominantly agricultural, mostly grain. 
With the Chinese closing their trade gap from $2.7 billion in 1980 to $1.7 billion last year, American companies are anxious to sell more machinery and other industrial products.
There have been complaints that some exports to China have been hampered by United States export-control requirements, which set a limit on the technological sophistication of products that can be sold without Washington's permission.
Mr. Brady, who oversees the export controls, observed today that the Reagan Administration had ''dramatically shortened the time required for the processing of export licenses to China of items not on the export control list'' and had eliminated the backlog of applications.
Chinese Annoyed by Delays
Chinese officials had expressed particular annoyance at the delay they encountered in getting permission to import American computers that they said China needed to conduct its national population census this summer.
Mr. Brady also noted that the Reagan Administration had already raised the level of computer sophistication t hat could be permitted for China, which does not come under the rest rictions imposed on the Soviet bloc nations.
The assistant secretary said the United States was now willing to allow the export of computers with a data processing rate of up to 68 bits, which is more than twice the previous ceiling. 
A bit is a technical standard for measuring a computer's capacity.
Â 
Some Exhibitors Still Concerned
Mr. Brady said Peking's desire to have Washington raise the ceiling on its export controls ''indicates that the Chinese want higher technology from the United States, and if we're prepared to license it, they'll b uy, and that is precisely why this Administration has undertaken th e policy that it has.''
Nonetheless, some of the current American exhibitors expressed concern that the Department of Commerce might not issue licenses in time if the Chinese offered to buy their display models. 
The need has developed because of the widespread utilization of microprocessors, which require export licenses.
Ron Reggev, export sales manager for E.G. and G. Applied Research in Princeton, N.J., said many of his company's analytical instruments for physics and chemistry needed licenses because of technological advances. 
''Several years ago,'' Mr. Reggev said, ''only 5 percent of our products needed export licenses. 
Now it is 50 percent.''
Â 
Holding Seminars for Chinese
In addition to the exhibits, 32 seminars, each lasting a day and a half, are being presented for the Chinese by the representatives of some products being displayed. 
While United States officials concede that the seminars could be used to secure sensitive technical data, Nancy A. Rinehart, the director of China exhibitions for the Department of Commerce, said that ''We've gotten it down to where we can give away sufficient information without giving away the store.''
Not all of the exhibit's participants deal in high technology. 
Paul G. Durmeyer said that his company, Gilson Brothers Company, in Plymouth, Wis., hoped to interest the Chinese in co-producing its lawn tillers and small garden tractors for farm use.
''Our visit here is purely exploratory,'' Mr. Durmeyer said. 
''We don't know if we will be able to sell our equipment here, but we think we can develop contacts for the future.''
Admission to the exhibition is by invitation only, with the China Council for Promotion of International Trade determining which Chinese officials, managers and engineers will be allowed to attend. 
About 80,000 tickets are being given out for the 10-day exhibition.
To alleviate the heavy dose of industrial wares, the United States International Communications Agency has contributed a bright display of telephones, bicycles and even a new Dodge sedan.",1,billion,REAGAN,Reagan (1981-1988),CATEGORY_1,"billion, company, trade"
U.S.-CHINA TRADE DOWN 5.5_.txt,"ï»¿
Trade between the United States and China in 1982 fell slightly, for the first time in six years, to $5.2 billion, according to figures issued today by the United States Embassy here. 
The total was down 5.5 percent from the record high of $5.5 billion in 1981.
The value of American exports to China declined 19 percent last year, to $2.9 billion. 
By contrast, Chinese exports to the United States rose 20.5 percent, to $2.3 billion, with the most significant gains being in petroleum products and clothing.
PEKING, Feb. 
2 - Trade between the United States and China in 1982 fell slightly, for the first time in six years, to $5.2 billion, according to figures issued today by the United States Embassy here.
China continued to run a deficit in trade with the United States. 
The gap was $628.4 million last year, but this was 63 percent less than 1981's $1.7 billion deficit. 
The last time China had a modest surplus in trade with America was in 1977.
China's Ministry of Foreign Economic Relations and Trade reported last Saturday that China achieved a record surplus of $4.6 billion last year in overall foreign trade. 
Chinese exports rose to $21.6 billion while imports remained virtually constant at $17 billion.
Â 
Statistics May Help Shultz
The United States, China's third-largest trading partner after Hong Kong and Japan, accounted for 13 percent of Chinese trade volume last year.
The trade figures, which the American Embassy released shortly before the arrival in Peking today of Secretary of State George P. Shultz, seemed likely to help him in his meetings with Chinese officials this week. 
China has complained about Washington's restrictions on the transfer of American technology and on the importing of Chinese textiles by the United States.
Following the failure of the two countries to reach a new agreement on Chinese textiles last month, Washington imposed unilateral curbs freezing the imports at previous levels. 
Peking had been holding out for a larger share of the American market.
The latest statistics show that Chinese exports of clothing and accessories jumped 49 percent last year, to $619.9 million, accounting for more than a quarter of total Chinese sales to the United States. 
Textile fibers and yarns and fabrics declined slightly. 
But China evidently expanded its textile exports far more than the previous agreement had envisioned.
Â 
Some U.S. 
Products Banned
China retaliated against the curbs by announcing last month that it would ban future imports of American cotton, soybeans and synthetic fibers. 
But these categories of American exports had already fallen sharply, according to the 1982 trade figures, because the Chinese no longer needed them after several record harvests. 
Thus Peking's ban was mainly a symbolic gesture.
The latest American statistics indicated some shifts in the pattern of China's commerce with the United States, which has climbed sixfold from the $97.5 million level of a decade ago, when the two countries resumed normal trade relations.
With its record harvests, China has cut back on buying some American farm products. 
But China has bought more of the technology that is wanted for its current modernization drive, as well as lumber and fertilizer, which are in limited supply in China.
Agricultural exports to China from the United States declined last year in all categories except corn, which tripled in value, reaching $189.4 million.
Â 
Wheat Value Shows Decline
Wheat sales to China, because of depressed prices, dropped by $222.3 million, although the tonnage of shipments increased. 
Wheat remains the largest American commodity sold to the Chinese, with a value last year of $1.05 billion.
China has agreed to buy at least 6 million tons of grain annually from the United States. 
In the fiscal year 1982, China purchased 9.2 million tons, up from 8.4 million tons the year before. 
Western agricultural experts expect China to buy 9 million more tons during the present fiscal year.
Last year, China earned $198 million by selling crude oil to the United States, compared with virtually nothing in 1981. 
China's sales of other petroleum products rose 36 percent, to nearly $400 million.
Chinese purchases of American coal-cutting, mining and welldrilling machinery jumped more than 53 percent, to $45 million. 
Office machines and computers rose even more sharply, by nearly 64 percent, to account for $36.2 million of China's imports. 
Scientific instruments from the United States also grew 18 percent, reaching $65 million.",1,billion,REAGAN,Reagan (1981-1988),CATEGORY_1,"billion, company, trade"
U.S.-China Trade Up.txt,"ï»¿
Trade between the United States and China in 1985 rose to at least $7.5 billion from 1984's $6.1 billion, according to American economists. 
Forecasters at the United States Embassy here projected a total of $7.5 billion, while the National Council of U.S.-China Trade in New York estimated $7.7 billion.",1,billion,REAGAN,Reagan (1981-1988),CATEGORY_1,"billion, company, trade"
Visa Meets in China.txt,"ï»¿
Visa International Inc.'s board met today in China, where capitalist conveniences like credit cards were unheard of until a few years ago. 
The official New China News Agency quoted Bu Ming, director of the Bank of China, as saying the Peking meeting would promote business cooperation between the state-run bank and Visa, which is one of the world's largest credit card systems, with about 104 million card holders. 
Visa cards have been used in China since 1981, and now 70 branches and sub-branches of the Bank of China and 300 hotels and businesses honor the credit cards.",1,billion,REAGAN,Reagan (1981-1988),CATEGORY_1,"billion, company, trade"
"Washington WatchClyde H. Farnsworth China, Soviet Trade Cases.txt","ï»¿
WASHINGTON THE Commerce Department and the United
States International Trade Commission are
gearing up for major decisions on low-priced imports from China and the Soviet Union that could set a pattern in trade with centrally planned economies.
The textile industry's politically explosive case against China says that Peking's textile monopoly receives subsidies of more than 40 percent on exports to the United States because of a dual exchange rate benefiting exporters.
The domestic industry, still smarting from recently negotiated import quotas on Chinese textiles that it regards as too liberal, wants countervailing duties imposed by the Commerce Department that would practically halt the imports. 
China is the fourth-largest textile supplier to this country after Hong Kong, South Korea and Taiwan.
The State Department and other agencies fret about the broader political consequences. 
Washington and Peking have taken a number of steps since the late 1970's to improve relations. 
The cutting off of its textile trade would hardly be seen by Peking as a friendly act.
Experts believe that the case, which was prepared for the industry by a former Commerce Department official, John D. Greenwald, now with the Washington law firm of Verner, Liipfert, Bernhard & McPherson, will reach the decisive stage next April at about the time President Reagan is scheduled to visit China. 
That will also be in the heat of a political campaign that promises heavy involvement of the textile lobby, one of the most potent because of the large labor force it represents. 
Employers as well as unions filed the complaint.
Some in the Administration are urging the Commerce Department to dismiss the case, arguing that quotas are the only equitable way of dealing with centrally planned economies.
The ferroalloy industry's case against the Soviet Union involves two sizable shipments into New Orleans this year of a product known as 50 percent ferrosilicon, used in the deoxidation of steel.
The argument is that the 11,000 tons have suddenly raised imports of this sparsely traded product from 5 to 13 percent of the domestic market and are therefore causing ''market disruption.''
The Russians went from zero to 8 percent of the United States market within a three-month period.
At the urging of the National Security Council, the United States trade representative, Bill Brock, asked the trade commission to make a finding on whether the shipments constitute disruption. 
The commission's preliminary ruling may come before the end of the year.
Here, too, the penalty could be higher duties. 
The Russians already pay a 13 percent tariff on the 50 percent ferrosilicon. 
No duty is currently levied on the product if it comes from countries with whom the United States has normal trading relationships.
Competing With Exhibits
''Retaliate,'' came the order from the United States command at the Geneva-based International Labor Organization, and soon officials were wheeling into the assembly models of geothermal power plants, tractors and earth-moving equipment. 
A lightweight firefighter's suit drew cheers. 
It was made of the same material as the spacesuits of astronauts. 
Washington's decision was in response to a propaganda offensive undertaken by the Russians to try to convince third-world delegates of Moscow's industrial leadership.
''The Soviets would usually give them a couple of glasses of vodka, then show them movies of Soviet industries that were 20 years behind the American industries,'' said Barbara Dunkak, a Labor Department international affairs officer. 
Added her boss, Robert Searby, Deputy Assistant Secretary of Labor for International Labor Affairs, ''We're in a competition.''
Trucking Immunity Battle
The chairman of the Senate Commerce Committee, Bob Packwood, Republican of Oregon, took the unusual step of walking across to the House to personally urge Representative James J. Howard, Democrat of New Jersey, to withdraw an amendment that would upset the delicately balanced trucking deregulation package. 
The amendment would extend antitrust immunity for single-line freight rates two years, to July 1986. 
Mr. Howard said he could not oblige.
Senator Packwood decided he could play rough as well. 
He returned to the Senate and introduced a bill that would totally deregulate trucking by 1987. 
But it would abolish all collective rate-making antitrust immunity as of July 1, 1984.
Briefcases
- Edmund T. Pratt Jr., chairman of Pfizer Inc. and of the Emergency Committee for American Trade, representing large American multinationals, warns in a letter to Senator Howard H. Baker Jr., the majority leader, that the President's authority to impose export controls may now be open to a ''disruptive legal challenge.''
- The White House nomination of Terry Calvani, a Vanderbilt law professor, for a seat on the Federal Trade Commission may face some major obstacles in the Senate, according to Congressional sources.
- J. Peter Grace's recommendations to cut $340 billion from Government spending over three years are expected to be attached to the debt ceiling bill in the Senate this week. 
Mr. Grace headed the President's budget-cutting task force.",1,billion,REAGAN,Reagan (1981-1988),CATEGORY_1,"billion, company, trade"
WASHINGTON WATCH_Doing Business in China.txt,"ï»¿
Senator John Heinz, Republican of Pennsylvania, who recently led a Senate delegation to China, found that, in business relations, the Chinese appear to have a strong preference for dealing with Americans over the Japanese. 
The reason, he wrote in his report on the visit, is that even though the Japanese invest much time, effort and manpower in their Chinese sales efforts, they do not set up joint ventures or share technology.
''It may well be that the willingness of American firms to stay the course of building a joint venture will give the United States a firmer footing in China than all of Japan's massive sales effort,'' he commented.
But the problems of doing business in China are ''daunting,'' he found, noting that the profitability of American businesses there was ''marginal'' and that business was ''creating some problems for itself'' by failing to understand the Chinese decision-making process.",1,billion,REAGAN,Reagan (1981-1988),CATEGORY_1,"billion, company, trade"
WHY INVESTORS ARE SOUR ON CHINA.txt,"ï»¿
TO many people, the opening of China to foreign investors at the outset of the 1980's seemed like one of the most promising political and economic developments since World War II. 
But now, fresh on the heels of the American Motors Corporation's well-publicized problems with its jeep-making venture here, there is a growing sense among Americans and Chinese alike that the lure of investing in China has dimmed.
In public, at least, the Chinese continue to stress their successes. 
According to Chinese Government statistics, 2,300 joint ventures between foreign companies and Chinese state enterprises had been approved by the end of 1985, drawing $6 billion in foreign equity investment to China. 
Of this, about $1.4 billion was American, including investments by such Fortune 500 corporations as McDonnell-Douglas, A.M.C., Pepsi-Cola, Coca-Cola, Atlantic Richfield and Occidental Petroleum.
But now - despite the Chinese decision to meet A.M.C.'s threat of a pullout with concessions that at least temporarily resolve the problems -there is widespread doubt among foreign investors whether their efforts to establish a foothold here are worthwhile. 
Many are increasingly doubtful that their dream of gaining access to the vast Chinese market will ever materialize. 
All but a handful of them remain plagued with the same foreign exchange problems, disputes over contract interpretation, inflexible bureaucracy and high costs that have shadowed A.M.C.
Currency remains the major sticking point. 
Only a few investors -mainly owners of luxury hotels built to accommodate foreign tourists and business executives, which have guaranteed hard currency earnings - are untouched by the problem. 
The 1,000-room Holiday Inn-Lido Hotel in Peking enjoyed a profit rate of more than 50 percent on revenues last year of nearly $38 million. 
Robert Lo, the Singapore millionaire who is the majority owner, is said to be confident that he can pay off his investment in three and a half years, faster than hotels in Hong Kong. 
BUT most joint ventures have yet to show a profit in anything other than the inconvertible Chinese currency, the renminbi. 
To some executives the compromise with A.M.C., which involved a pledge to resume payments to that company in dollars, represented the first hope that the Chinese, after years of promising investors at least a ''reasonable'' hard-currency profit, might be preparing for more than the half-measures adopted hitherto. 
But to others the deal looked like an exceptional fix, made to avoid the ripple effect of a pullout by A.M.C. 
''A happy ending?
Don't bet on it,'' said one American executive.
The Chinese, clearly worried, have intensified their efforts to reassure investors, particularly Americans. 
Prime Minister Zhao Ziyang, meeting last week with an American business group headed by Robert Strauss, the United States special trade representative in the Carter Administration, acknowledged that there were ''inconveniences'' because of shortcomings in China's legal system, its limited foreign exchange and low industrial efficiency. 
But he said ''the problems will surely be resolved.''
Still, skepticism persists, partly because of a growing awareness that China and its foreign partners are seeking contradictory ends. 
Ever mindful of foreign depradations in the century before Communist power, Chinese leaders have always said that foreign investment is a tool to be used for the shortest time necessary to effect a transfer of technology and managerial skills. 
Their declared purpose is to help China modernize in a manner that ultimately will make it possible to manage without a major foreign investment presence in China.
Until recently, executives making investment decisions, usually far away, have tended to minimize this stated concern for sovereignty and to assume that China - in the manner of many of the non-Communist nations in Asia - is embarking on a path that will make it progressively more receptive to multinational corporations. 
But recent events are forcing a reassessment.
There is concern as well about the future of the ''open door'' policy after Deng Xiaoping, the 81-year-old head of the Communist Party, passes from the scene. 
The past two years have shown more clearly than before that forces are at work inside the party that are a good deal less friendly to foreign influences - and to investments - than Mr. Deng.
For some companies, which cannot afford to take the long view, the question of whether China's markets will open to foreigners is academic. 
Among them, there is growing fractiousness over day-to-day treatment. 
In matters involving labor, taxes, customs duties, and living costs, among others, there is a sense that foreigners have been marked for discriminatory treatment.
Some executives who have had difficulty holding Chinese partners to negotiated terms have concluded that the Western notion of contract, implying a pact between equals, is alien to traditional Chinese concepts of the role of foreigners on Chinese soil, in which the foreigner has no rights, only the privileges the Chinese confer.
This dovetails with another view, which sees the free enterprise ideas of Westerners as the natural enemy of the monopolistic attitude ingrained in a state-owned economy. 
Winston Lord, the United States Ambassador, who is optimistic that investment conditions will improve, puts it politely. 
''The Chinese,'' Mr. Lord said recently, ''are having some difficulty mating Communism and capitalism.''
A West German executive is more blunt: ''Here, you see every evil of textbook monopoly. 
Dealing with a Chinese state enterprise is like bargaining with a pistol at your head.''
Not everyone believes the blame can be easily apportioned. 
Lois Dougan Tretiak, a senior China analyst with Business International Ltd. in Hong Kong who wrote a study of joint ventures, said many problems resulted from poorly negotiated contracts. 
''People come here and they get over-awed,'' she said. 
It is virtually a truism among foreigners who have lived here for some time that an initial acquaintance with China - its lavish banquets, elaborate courtesies, physical beauty and lingering sense of mystery - can cause normally hard-headed people to suspend or relax their judgment.
The A.M.C. experience demonstrated the pitfalls. 
The jeep maker made a deal with the Chinese in 1984 to import kits of the company's Cherokee model for assembly at the Beijing Jeep Corporation. 
But by October 1985, when Vice President Bush drove the first model off the assembly line, the country was in a foreign exchange crisis. 
Abuse of new, decentralized economic powers had drained state reserves, which sank to barely $10 billion, a drop of more than 30 percent in six months. 
All foreign exchange payments to A.M.C. stopped.
The freeze left the company with millions of dollars in uncollected bills for the $12,000 kits, as well as millions of renminbi from its share in the profits from the production of a standard Chinese jeep. 
When the Chinese refused to compromise, the American company halted shipment of Cherokee kits. 
It took months of acrimony and an appeal to Prime Minister Zhao Ziyang to produce the recent pledge to resume dollar payments.
It is a concession that is unlikely to be granted to others. 
Under a recent Chinese directive, most new joint ventures will be expected to export 51 percent of their production and to draw their earnings from the hard- currency receipts. 
But most enterprises face price and quality problems that make exports of that scale an illusion. 
A.M.C., for example, has exported none of the 800 Cherokees it has assembled, and does not expect to until it has sharply reduced production costs, which are higher than in its main Cherokee plant in Toledo, Ohio. 
FOR many, the best that can be expected is an accumulating surplus of renminbi, whose value is questionable. 
At one point last year, for example, Pepsi-Cola Inc.'s bottling plant in the Shenzhen special economic zone near Hong Kong had a surplus of 8 million renminbi, $2.5 million officially. 
The company used several million renminbi in the construction of a second plant, in Canton. 
But Pepsi's efforts to spend the rest faltered when it was unable to buy even simple chemicals in the local market.
On the principle that China will not allow itself to be exploited for ''cheap'' resources, and to help rebuild foreign currency reserves, Western businesses are being subjected to very high costs. 
Mats Engstrom, president of Tsar Nicoulai, a San Francisco-based fine foods company, had to parry Chinese demands that he pay a daily rental of $100 each for two $19,000 Cherokee jeeps that he had bought for his caviar operation here this spring. 
''I told them, 'They're my jeeps,''' Mr. Engstrom recalled. 
''After a while, they got the message.''
One United States company was asked to pay $9,000 a month for a Chinese-trained high-technology specialist, more than 10 times the specialist's take-home pay for a year. 
Many are paying rents of $90,000 a year for three-bedroom apartments, and proportionate amounts for offices. 
And new import duties of up to 275 percent have pushed the cost of a medium-sized Japanese car close to $40,000.
Problems with workers have been another bugbear. 
Peking's Sheraton Great Wall Hotel, dogged by financial troubles for most of its first two years of operation, recently won the right to fire incompetents among its 1,200 Chinese employees. 
But the concession was rare. 
Generally, the work force is supervised by the Chinese partners. 
In many cases, the result has been dismal productivity rates that make it more expensive to produce products here than in Western Europe and the United States.
Confronted with a chronicle of such problems, Chinese officials are inclined to point out that few joint ventures have collapsed, indicating at least minimal satisfaction. 
But many foreign executives say that this is a false standard, since their head offices have made a strategic decision to stick with their investments here for the time being, regardless of cost. 
It is a demoralizing situation, and the turnover among expatriates -A.M.C. had three chief executives in a year - is high.
One source of comfort for American investors is that their complaints have been taken seriously by a succession of senior United States officials visiting here. 
The most recent was the Treasury Secretary, James A. Baker 3d, who raised some of the most pressing problems with senior Chinese officials last month. 
A briefing paper prepared by the American Embassy for the visit put the situation starkly: ''In every case, U.S. partners are paying a very high price to be in China now because their parent corporations have made a strategic decision to enter the China market for the long term. 
They have taken a great commercial and potential political risk, and, for most, the potential payoff is still years away.''
Â 
Largest Sino-American Joint Ventures
Projects ranked by estimated investment by United States company
U.S. Company
U.S. Company's
Investment
Equity Stake
U.S. Company
($ millions)
in Project
Nature of Project
Occidental Petroleum
$175
25%
Develop the Antaibao open
pit coal mine
Atlantic Richfleld
170
35%
Develop offshore gas field in
South China Sea
John Portman
170
n.a.
Manage a hotel and foreign
Associates
trade complex
Mutual Petroleum
100
n.a
Construct deep-water berths
for container ships
Beatrice Companies
60
60%
Develop food-processing and
light industrial products
Eastman Kodak
50
n.a
Build prductin line for color
photographic materials
E-S Pacific
35
49%
Construct and initially
Development
manage the Great Wall Hotel
Sheraton Corporation
35
n.a
Manage Hua Ting hotel
(under construction)
Empire Trading
30
n.a
Build hotel and commercial
Company
complex
American Motors
16
31%
Manufacture 4-wheel drive
vehicles
n.a. not available
Source: National Council for U.S.-China Trade",1,billion,REAGAN,Reagan (1981-1988),CATEGORY_1,"billion, company, trade"
WORLD BANK AIDE SEES CHINA AS BIG BORROWER.txt,"ï»¿
China may eventually rank with India as the World Bank's two largest borrowers, according to a top bank official who has completed talks with the Government here.
''We are still far from reaching our cruising altitude with regard to China,'' said Munir P. Benjenk, the World Bank's vice president of external relations. 
He estimated that China might approach India's level some time in 1985.
PEKING, Oct. 
6 - China may eventually rank with India as the World Bank's two largest borrowers, according to a top bank official who has completed talks with the Government here.
India borrows close to $2 billion a year, Mr. Benjenk said; China has drawn only $260 million so far. 
There have been reports here that the Government is unhappy with the amount of aid that it has got since it joined the World Bank in May 1980. 
China wants foreign capital to help finance its ambitious modernization program.
Â 
Current Talks on Project Loans
But Mr. Benjenk said he saw ''no sign at all'' of such unhappiness. 
He noted that the World Bank was now negotiating four other project loans and working on another 20 potential projects that would qualify for financial assistance in China.
When China joined the bank, a round of loans for the previous members had already been worked out, and special arrangements had to be made to find money for China.
But China will be a party when the seventh replenishment, or allocated capital, is negotiated next month. 
And Mr. Benjenk told Chinese and foreign journalists at a news conference today that China would get more substantial aid then. 
The World Bank arranges its replenishments every three years.
The World Bank offers two kinds of loan to developing countries. 
The first is at near market rates, using a formula of the cost of borrowing for the previous three to six months plus a service charge of one-half of 1 percent; the current interest is 11.43 percent.
The other, more desirable, kind of loan is made through the bank's affiliate, the International Development Association. 
It bears no interest, only a service charge of three-quarters of 1 percent, and is repayable over 50 years, with a 10-year grace period.
Â 
Loans Are Usually 'Blended'
Because funds are insufficient to give every developing country interest-free loans, the World Bank often offers a blend of loans, based on a country's per-capita income and other economic resources.
China's negotiations with the World Bank recently have centered on what share of the development association loans China will get. 
Its gross domestic product was estimated at only $279 per capita last year. 
However, it also ran a foreign trade surplus of $3.8 billion and is now preparing to tap what are thought to be considerable reserves of oil offshore.
Mr. Benjenk said the World Bank, in giving loans, took into account not only a country's income level but also its creditworthiness and potential for repayment. 
''China, as the largest developing country in the world, will have to have a share of I.D.A. funds,'' he said.
He insisted that China's participation in the World Bank would not reduce the money available to poorer countries, including the 31 nations the bank calls the least developed. 
These are mostly in Africa, and qualify for exclusively interest-free loans.
''Everybody would like to borrow more from the I.D.A. than from the World Bank - it's natural,'' Mr. Benjenk said. 
''But there is a scarcity of resources of the I.D.A. 
The rationing process is based on the greatest need, and the greatest need is in Africa.''",1,billion,REAGAN,Reagan (1981-1988),CATEGORY_1,"billion, company, trade"
_Ethics Month_ in China.txt,"ï»¿
Senior Chinese leaders took up shovels and spades and dug holes for trees today as China undertook its third annual ''Socialist Ethics Month'' campaign. 
Nearly one million people took part in cleaning and tree-planting ceremonies in Peking, the official New China News Agency said.
China undertakes third annual 'Socialist Ethics Month' campaign with cleaning and tree-planting ceremonies (S)",1,billion,REAGAN,Reagan (1981-1988),CATEGORY_1,"billion, company, trade"
